[2026-09-23T00:21:07.076+0000] {processor.py:186} INFO - Started process (PID=314) to work on /home/airflow/.local/lib/python3.12/site-packages/airflow/example_dags/tutorial_dag.py
[2026-09-23T00:21:07.077+0000] {processor.py:914} INFO - Processing file /home/airflow/.local/lib/python3.12/site-packages/airflow/example_dags/tutorial_dag.py for tasks to queue
[2026-09-23T00:21:07.082+0000] {logging_mixin.py:190} INFO - [2026-09-23T00:21:07.081+0000] {dagbag.py:588} INFO - Filling up the DagBag from /home/airflow/.local/lib/python3.12/site-packages/airflow/example_dags/tutorial_dag.py
[2026-09-23T00:21:07.104+0000] {processor.py:925} INFO - DAG(s) 'tutorial_dag' retrieved from /home/airflow/.local/lib/python3.12/site-packages/airflow/example_dags/tutorial_dag.py
[2026-09-23T00:21:07.916+0000] {logging_mixin.py:190} INFO - [2026-09-23T00:21:07.913+0000] {dag.py:3239} INFO - Sync 1 DAGs
[2026-09-23T00:21:07.966+0000] {logging_mixin.py:190} INFO - [2026-09-23T00:21:07.965+0000] {dag.py:4180} INFO - Setting next_dagrun for tutorial_dag to None, run_after=None
[2026-09-23T00:21:08.047+0000] {processor.py:208} INFO - Processing /home/airflow/.local/lib/python3.12/site-packages/airflow/example_dags/tutorial_dag.py took 0.985 seconds
[2026-09-23T00:21:42.179+0000] {processor.py:186} INFO - Started process (PID=393) to work on /home/airflow/.local/lib/python3.12/site-packages/airflow/example_dags/tutorial_dag.py
[2026-09-23T00:21:42.180+0000] {processor.py:914} INFO - Processing file /home/airflow/.local/lib/python3.12/site-packages/airflow/example_dags/tutorial_dag.py for tasks to queue
[2026-09-23T00:21:42.183+0000] {logging_mixin.py:190} INFO - [2026-09-23T00:21:42.182+0000] {dagbag.py:588} INFO - Filling up the DagBag from /home/airflow/.local/lib/python3.12/site-packages/airflow/example_dags/tutorial_dag.py
[2026-09-23T00:21:42.193+0000] {processor.py:925} INFO - DAG(s) 'tutorial_dag' retrieved from /home/airflow/.local/lib/python3.12/site-packages/airflow/example_dags/tutorial_dag.py
[2026-09-23T00:21:42.219+0000] {logging_mixin.py:190} INFO - [2026-09-23T00:21:42.219+0000] {dag.py:3239} INFO - Sync 1 DAGs
[2026-09-23T00:21:42.241+0000] {logging_mixin.py:190} INFO - [2026-09-23T00:21:42.241+0000] {dag.py:4180} INFO - Setting next_dagrun for tutorial_dag to None, run_after=None
[2026-09-23T00:21:42.263+0000] {processor.py:208} INFO - Processing /home/airflow/.local/lib/python3.12/site-packages/airflow/example_dags/tutorial_dag.py took 0.093 seconds
[2026-09-23T00:22:12.589+0000] {processor.py:186} INFO - Started process (PID=464) to work on /home/airflow/.local/lib/python3.12/site-packages/airflow/example_dags/tutorial_dag.py
[2026-09-23T00:22:12.590+0000] {processor.py:914} INFO - Processing file /home/airflow/.local/lib/python3.12/site-packages/airflow/example_dags/tutorial_dag.py for tasks to queue
[2026-09-23T00:22:12.594+0000] {logging_mixin.py:190} INFO - [2026-09-23T00:22:12.594+0000] {dagbag.py:588} INFO - Filling up the DagBag from /home/airflow/.local/lib/python3.12/site-packages/airflow/example_dags/tutorial_dag.py
[2026-09-23T00:22:12.609+0000] {processor.py:925} INFO - DAG(s) 'tutorial_dag' retrieved from /home/airflow/.local/lib/python3.12/site-packages/airflow/example_dags/tutorial_dag.py
[2026-09-23T00:22:12.638+0000] {logging_mixin.py:190} INFO - [2026-09-23T00:22:12.638+0000] {dag.py:3239} INFO - Sync 1 DAGs
[2026-09-23T00:22:12.658+0000] {logging_mixin.py:190} INFO - [2026-09-23T00:22:12.658+0000] {dag.py:4180} INFO - Setting next_dagrun for tutorial_dag to None, run_after=None
[2026-09-23T00:22:12.685+0000] {processor.py:208} INFO - Processing /home/airflow/.local/lib/python3.12/site-packages/airflow/example_dags/tutorial_dag.py took 0.106 seconds
[2026-09-23T00:22:43.321+0000] {processor.py:186} INFO - Started process (PID=540) to work on /home/airflow/.local/lib/python3.12/site-packages/airflow/example_dags/tutorial_dag.py
[2026-09-23T00:22:43.322+0000] {processor.py:914} INFO - Processing file /home/airflow/.local/lib/python3.12/site-packages/airflow/example_dags/tutorial_dag.py for tasks to queue
[2026-09-23T00:22:43.326+0000] {logging_mixin.py:190} INFO - [2026-09-23T00:22:43.325+0000] {dagbag.py:588} INFO - Filling up the DagBag from /home/airflow/.local/lib/python3.12/site-packages/airflow/example_dags/tutorial_dag.py
[2026-09-23T00:22:43.335+0000] {processor.py:925} INFO - DAG(s) 'tutorial_dag' retrieved from /home/airflow/.local/lib/python3.12/site-packages/airflow/example_dags/tutorial_dag.py
[2026-09-23T00:22:43.361+0000] {logging_mixin.py:190} INFO - [2026-09-23T00:22:43.360+0000] {dag.py:3239} INFO - Sync 1 DAGs
[2026-09-23T00:22:43.382+0000] {logging_mixin.py:190} INFO - [2026-09-23T00:22:43.382+0000] {dag.py:4180} INFO - Setting next_dagrun for tutorial_dag to None, run_after=None
[2026-09-23T00:22:43.405+0000] {processor.py:208} INFO - Processing /home/airflow/.local/lib/python3.12/site-packages/airflow/example_dags/tutorial_dag.py took 0.092 seconds
[2026-09-23T00:23:13.482+0000] {processor.py:186} INFO - Started process (PID=613) to work on /home/airflow/.local/lib/python3.12/site-packages/airflow/example_dags/tutorial_dag.py
[2026-09-23T00:23:13.484+0000] {processor.py:914} INFO - Processing file /home/airflow/.local/lib/python3.12/site-packages/airflow/example_dags/tutorial_dag.py for tasks to queue
[2026-09-23T00:23:13.488+0000] {logging_mixin.py:190} INFO - [2026-09-23T00:23:13.487+0000] {dagbag.py:588} INFO - Filling up the DagBag from /home/airflow/.local/lib/python3.12/site-packages/airflow/example_dags/tutorial_dag.py
[2026-09-23T00:23:13.500+0000] {processor.py:925} INFO - DAG(s) 'tutorial_dag' retrieved from /home/airflow/.local/lib/python3.12/site-packages/airflow/example_dags/tutorial_dag.py
[2026-09-23T00:23:13.536+0000] {logging_mixin.py:190} INFO - [2026-09-23T00:23:13.536+0000] {dag.py:3239} INFO - Sync 1 DAGs
[2026-09-23T00:23:13.559+0000] {logging_mixin.py:190} INFO - [2026-09-23T00:23:13.559+0000] {dag.py:4180} INFO - Setting next_dagrun for tutorial_dag to None, run_after=None
[2026-09-23T00:23:13.585+0000] {processor.py:208} INFO - Processing /home/airflow/.local/lib/python3.12/site-packages/airflow/example_dags/tutorial_dag.py took 0.112 seconds
[2026-09-23T00:23:44.217+0000] {processor.py:186} INFO - Started process (PID=689) to work on /home/airflow/.local/lib/python3.12/site-packages/airflow/example_dags/tutorial_dag.py
[2026-09-23T00:23:44.218+0000] {processor.py:914} INFO - Processing file /home/airflow/.local/lib/python3.12/site-packages/airflow/example_dags/tutorial_dag.py for tasks to queue
[2026-09-23T00:23:44.221+0000] {logging_mixin.py:190} INFO - [2026-09-23T00:23:44.221+0000] {dagbag.py:588} INFO - Filling up the DagBag from /home/airflow/.local/lib/python3.12/site-packages/airflow/example_dags/tutorial_dag.py
[2026-09-23T00:23:44.230+0000] {processor.py:925} INFO - DAG(s) 'tutorial_dag' retrieved from /home/airflow/.local/lib/python3.12/site-packages/airflow/example_dags/tutorial_dag.py
[2026-09-23T00:23:44.254+0000] {logging_mixin.py:190} INFO - [2026-09-23T00:23:44.253+0000] {dag.py:3239} INFO - Sync 1 DAGs
[2026-09-23T00:23:44.273+0000] {logging_mixin.py:190} INFO - [2026-09-23T00:23:44.273+0000] {dag.py:4180} INFO - Setting next_dagrun for tutorial_dag to None, run_after=None
[2026-09-23T00:23:44.294+0000] {processor.py:208} INFO - Processing /home/airflow/.local/lib/python3.12/site-packages/airflow/example_dags/tutorial_dag.py took 0.085 seconds
[2026-09-23T00:24:14.622+0000] {processor.py:186} INFO - Started process (PID=768) to work on /home/airflow/.local/lib/python3.12/site-packages/airflow/example_dags/tutorial_dag.py
[2026-09-23T00:24:14.623+0000] {processor.py:914} INFO - Processing file /home/airflow/.local/lib/python3.12/site-packages/airflow/example_dags/tutorial_dag.py for tasks to queue
[2026-09-23T00:24:14.626+0000] {logging_mixin.py:190} INFO - [2026-09-23T00:24:14.626+0000] {dagbag.py:588} INFO - Filling up the DagBag from /home/airflow/.local/lib/python3.12/site-packages/airflow/example_dags/tutorial_dag.py
[2026-09-23T00:24:14.637+0000] {processor.py:925} INFO - DAG(s) 'tutorial_dag' retrieved from /home/airflow/.local/lib/python3.12/site-packages/airflow/example_dags/tutorial_dag.py
[2026-09-23T00:24:14.662+0000] {logging_mixin.py:190} INFO - [2026-09-23T00:24:14.661+0000] {dag.py:3239} INFO - Sync 1 DAGs
[2026-09-23T00:24:14.684+0000] {logging_mixin.py:190} INFO - [2026-09-23T00:24:14.683+0000] {dag.py:4180} INFO - Setting next_dagrun for tutorial_dag to None, run_after=None
[2026-09-23T00:24:14.707+0000] {processor.py:208} INFO - Processing /home/airflow/.local/lib/python3.12/site-packages/airflow/example_dags/tutorial_dag.py took 0.094 seconds
[2026-09-23T00:24:45.613+0000] {processor.py:186} INFO - Started process (PID=847) to work on /home/airflow/.local/lib/python3.12/site-packages/airflow/example_dags/tutorial_dag.py
[2026-09-23T00:24:45.615+0000] {processor.py:914} INFO - Processing file /home/airflow/.local/lib/python3.12/site-packages/airflow/example_dags/tutorial_dag.py for tasks to queue
[2026-09-23T00:24:45.618+0000] {logging_mixin.py:190} INFO - [2026-09-23T00:24:45.618+0000] {dagbag.py:588} INFO - Filling up the DagBag from /home/airflow/.local/lib/python3.12/site-packages/airflow/example_dags/tutorial_dag.py
[2026-09-23T00:24:45.628+0000] {processor.py:925} INFO - DAG(s) 'tutorial_dag' retrieved from /home/airflow/.local/lib/python3.12/site-packages/airflow/example_dags/tutorial_dag.py
[2026-09-23T00:24:45.651+0000] {logging_mixin.py:190} INFO - [2026-09-23T00:24:45.651+0000] {dag.py:3239} INFO - Sync 1 DAGs
[2026-09-23T00:24:45.672+0000] {logging_mixin.py:190} INFO - [2026-09-23T00:24:45.672+0000] {dag.py:4180} INFO - Setting next_dagrun for tutorial_dag to None, run_after=None
[2026-09-23T00:24:45.694+0000] {processor.py:208} INFO - Processing /home/airflow/.local/lib/python3.12/site-packages/airflow/example_dags/tutorial_dag.py took 0.088 seconds
[2026-09-23T00:25:15.881+0000] {processor.py:186} INFO - Started process (PID=926) to work on /home/airflow/.local/lib/python3.12/site-packages/airflow/example_dags/tutorial_dag.py
[2026-09-23T00:25:15.882+0000] {processor.py:914} INFO - Processing file /home/airflow/.local/lib/python3.12/site-packages/airflow/example_dags/tutorial_dag.py for tasks to queue
[2026-09-23T00:25:15.885+0000] {logging_mixin.py:190} INFO - [2026-09-23T00:25:15.884+0000] {dagbag.py:588} INFO - Filling up the DagBag from /home/airflow/.local/lib/python3.12/site-packages/airflow/example_dags/tutorial_dag.py
[2026-09-23T00:25:15.895+0000] {processor.py:925} INFO - DAG(s) 'tutorial_dag' retrieved from /home/airflow/.local/lib/python3.12/site-packages/airflow/example_dags/tutorial_dag.py
[2026-09-23T00:25:15.919+0000] {logging_mixin.py:190} INFO - [2026-09-23T00:25:15.919+0000] {dag.py:3239} INFO - Sync 1 DAGs
[2026-09-23T00:25:15.939+0000] {logging_mixin.py:190} INFO - [2026-09-23T00:25:15.939+0000] {dag.py:4180} INFO - Setting next_dagrun for tutorial_dag to None, run_after=None
[2026-09-23T00:25:15.962+0000] {processor.py:208} INFO - Processing /home/airflow/.local/lib/python3.12/site-packages/airflow/example_dags/tutorial_dag.py took 0.089 seconds
[2026-09-23T00:25:46.366+0000] {processor.py:186} INFO - Started process (PID=1005) to work on /home/airflow/.local/lib/python3.12/site-packages/airflow/example_dags/tutorial_dag.py
[2026-09-23T00:25:46.371+0000] {processor.py:914} INFO - Processing file /home/airflow/.local/lib/python3.12/site-packages/airflow/example_dags/tutorial_dag.py for tasks to queue
[2026-09-23T00:25:46.376+0000] {logging_mixin.py:190} INFO - [2026-09-23T00:25:46.376+0000] {dagbag.py:588} INFO - Filling up the DagBag from /home/airflow/.local/lib/python3.12/site-packages/airflow/example_dags/tutorial_dag.py
[2026-09-23T00:25:46.419+0000] {processor.py:925} INFO - DAG(s) 'tutorial_dag' retrieved from /home/airflow/.local/lib/python3.12/site-packages/airflow/example_dags/tutorial_dag.py
[2026-09-23T00:25:46.452+0000] {logging_mixin.py:190} INFO - [2026-09-23T00:25:46.451+0000] {dag.py:3239} INFO - Sync 1 DAGs
[2026-09-23T00:25:46.474+0000] {logging_mixin.py:190} INFO - [2026-09-23T00:25:46.473+0000] {dag.py:4180} INFO - Setting next_dagrun for tutorial_dag to None, run_after=None
[2026-09-23T00:25:46.505+0000] {processor.py:208} INFO - Processing /home/airflow/.local/lib/python3.12/site-packages/airflow/example_dags/tutorial_dag.py took 0.153 seconds
[2026-09-23T00:26:17.158+0000] {processor.py:186} INFO - Started process (PID=1077) to work on /home/airflow/.local/lib/python3.12/site-packages/airflow/example_dags/tutorial_dag.py
[2026-09-23T00:26:17.162+0000] {processor.py:914} INFO - Processing file /home/airflow/.local/lib/python3.12/site-packages/airflow/example_dags/tutorial_dag.py for tasks to queue
[2026-09-23T00:26:17.171+0000] {logging_mixin.py:190} INFO - [2026-09-23T00:26:17.170+0000] {dagbag.py:588} INFO - Filling up the DagBag from /home/airflow/.local/lib/python3.12/site-packages/airflow/example_dags/tutorial_dag.py
[2026-09-23T00:26:17.189+0000] {processor.py:925} INFO - DAG(s) 'tutorial_dag' retrieved from /home/airflow/.local/lib/python3.12/site-packages/airflow/example_dags/tutorial_dag.py
[2026-09-23T00:26:17.230+0000] {logging_mixin.py:190} INFO - [2026-09-23T00:26:17.230+0000] {dag.py:3239} INFO - Sync 1 DAGs
[2026-09-23T00:26:17.266+0000] {logging_mixin.py:190} INFO - [2026-09-23T00:26:17.266+0000] {dag.py:4180} INFO - Setting next_dagrun for tutorial_dag to None, run_after=None
[2026-09-23T00:26:17.320+0000] {processor.py:208} INFO - Processing /home/airflow/.local/lib/python3.12/site-packages/airflow/example_dags/tutorial_dag.py took 0.178 seconds
[2026-09-23T00:26:47.466+0000] {processor.py:186} INFO - Started process (PID=1155) to work on /home/airflow/.local/lib/python3.12/site-packages/airflow/example_dags/tutorial_dag.py
[2026-09-23T00:26:47.471+0000] {processor.py:914} INFO - Processing file /home/airflow/.local/lib/python3.12/site-packages/airflow/example_dags/tutorial_dag.py for tasks to queue
[2026-09-23T00:26:47.480+0000] {logging_mixin.py:190} INFO - [2026-09-23T00:26:47.480+0000] {dagbag.py:588} INFO - Filling up the DagBag from /home/airflow/.local/lib/python3.12/site-packages/airflow/example_dags/tutorial_dag.py
[2026-09-23T00:26:47.507+0000] {processor.py:925} INFO - DAG(s) 'tutorial_dag' retrieved from /home/airflow/.local/lib/python3.12/site-packages/airflow/example_dags/tutorial_dag.py
[2026-09-23T00:26:47.550+0000] {logging_mixin.py:190} INFO - [2026-09-23T00:26:47.550+0000] {dag.py:3239} INFO - Sync 1 DAGs
[2026-09-23T00:26:47.583+0000] {logging_mixin.py:190} INFO - [2026-09-23T00:26:47.583+0000] {dag.py:4180} INFO - Setting next_dagrun for tutorial_dag to None, run_after=None
[2026-09-23T00:26:47.611+0000] {processor.py:208} INFO - Processing /home/airflow/.local/lib/python3.12/site-packages/airflow/example_dags/tutorial_dag.py took 0.179 seconds
[2026-09-23T00:27:18.246+0000] {processor.py:186} INFO - Started process (PID=1225) to work on /home/airflow/.local/lib/python3.12/site-packages/airflow/example_dags/tutorial_dag.py
[2026-09-23T00:27:18.248+0000] {processor.py:914} INFO - Processing file /home/airflow/.local/lib/python3.12/site-packages/airflow/example_dags/tutorial_dag.py for tasks to queue
[2026-09-23T00:27:18.251+0000] {logging_mixin.py:190} INFO - [2026-09-23T00:27:18.251+0000] {dagbag.py:588} INFO - Filling up the DagBag from /home/airflow/.local/lib/python3.12/site-packages/airflow/example_dags/tutorial_dag.py
[2026-09-23T00:27:18.260+0000] {processor.py:925} INFO - DAG(s) 'tutorial_dag' retrieved from /home/airflow/.local/lib/python3.12/site-packages/airflow/example_dags/tutorial_dag.py
[2026-09-23T00:27:18.284+0000] {logging_mixin.py:190} INFO - [2026-09-23T00:27:18.283+0000] {dag.py:3239} INFO - Sync 1 DAGs
[2026-09-23T00:27:18.304+0000] {logging_mixin.py:190} INFO - [2026-09-23T00:27:18.304+0000] {dag.py:4180} INFO - Setting next_dagrun for tutorial_dag to None, run_after=None
[2026-09-23T00:27:18.326+0000] {processor.py:208} INFO - Processing /home/airflow/.local/lib/python3.12/site-packages/airflow/example_dags/tutorial_dag.py took 0.088 seconds
[2026-09-23T00:27:48.638+0000] {processor.py:186} INFO - Started process (PID=1303) to work on /home/airflow/.local/lib/python3.12/site-packages/airflow/example_dags/tutorial_dag.py
[2026-09-23T00:27:48.642+0000] {processor.py:914} INFO - Processing file /home/airflow/.local/lib/python3.12/site-packages/airflow/example_dags/tutorial_dag.py for tasks to queue
[2026-09-23T00:27:48.646+0000] {logging_mixin.py:190} INFO - [2026-09-23T00:27:48.645+0000] {dagbag.py:588} INFO - Filling up the DagBag from /home/airflow/.local/lib/python3.12/site-packages/airflow/example_dags/tutorial_dag.py
[2026-09-23T00:27:48.658+0000] {processor.py:925} INFO - DAG(s) 'tutorial_dag' retrieved from /home/airflow/.local/lib/python3.12/site-packages/airflow/example_dags/tutorial_dag.py
[2026-09-23T00:27:48.691+0000] {logging_mixin.py:190} INFO - [2026-09-23T00:27:48.690+0000] {dag.py:3239} INFO - Sync 1 DAGs
[2026-09-23T00:27:48.715+0000] {logging_mixin.py:190} INFO - [2026-09-23T00:27:48.715+0000] {dag.py:4180} INFO - Setting next_dagrun for tutorial_dag to None, run_after=None
[2026-09-23T00:27:48.741+0000] {processor.py:208} INFO - Processing /home/airflow/.local/lib/python3.12/site-packages/airflow/example_dags/tutorial_dag.py took 0.113 seconds
[2026-09-23T00:28:19.262+0000] {processor.py:186} INFO - Started process (PID=1382) to work on /home/airflow/.local/lib/python3.12/site-packages/airflow/example_dags/tutorial_dag.py
[2026-09-23T00:28:19.265+0000] {processor.py:914} INFO - Processing file /home/airflow/.local/lib/python3.12/site-packages/airflow/example_dags/tutorial_dag.py for tasks to queue
[2026-09-23T00:28:19.273+0000] {logging_mixin.py:190} INFO - [2026-09-23T00:28:19.272+0000] {dagbag.py:588} INFO - Filling up the DagBag from /home/airflow/.local/lib/python3.12/site-packages/airflow/example_dags/tutorial_dag.py
[2026-09-23T00:28:19.290+0000] {processor.py:925} INFO - DAG(s) 'tutorial_dag' retrieved from /home/airflow/.local/lib/python3.12/site-packages/airflow/example_dags/tutorial_dag.py
[2026-09-23T00:28:19.375+0000] {logging_mixin.py:190} INFO - [2026-09-23T00:28:19.374+0000] {dag.py:3239} INFO - Sync 1 DAGs
[2026-09-23T00:28:19.459+0000] {logging_mixin.py:190} INFO - [2026-09-23T00:28:19.458+0000] {dag.py:4180} INFO - Setting next_dagrun for tutorial_dag to None, run_after=None
[2026-09-23T00:28:19.559+0000] {processor.py:208} INFO - Processing /home/airflow/.local/lib/python3.12/site-packages/airflow/example_dags/tutorial_dag.py took 0.312 seconds
[2026-09-23T00:28:49.915+0000] {processor.py:186} INFO - Started process (PID=1455) to work on /home/airflow/.local/lib/python3.12/site-packages/airflow/example_dags/tutorial_dag.py
[2026-09-23T00:28:49.916+0000] {processor.py:914} INFO - Processing file /home/airflow/.local/lib/python3.12/site-packages/airflow/example_dags/tutorial_dag.py for tasks to queue
[2026-09-23T00:28:49.919+0000] {logging_mixin.py:190} INFO - [2026-09-23T00:28:49.918+0000] {dagbag.py:588} INFO - Filling up the DagBag from /home/airflow/.local/lib/python3.12/site-packages/airflow/example_dags/tutorial_dag.py
[2026-09-23T00:28:49.929+0000] {processor.py:925} INFO - DAG(s) 'tutorial_dag' retrieved from /home/airflow/.local/lib/python3.12/site-packages/airflow/example_dags/tutorial_dag.py
[2026-09-23T00:28:49.956+0000] {logging_mixin.py:190} INFO - [2026-09-23T00:28:49.956+0000] {dag.py:3239} INFO - Sync 1 DAGs
[2026-09-23T00:28:49.977+0000] {logging_mixin.py:190} INFO - [2026-09-23T00:28:49.977+0000] {dag.py:4180} INFO - Setting next_dagrun for tutorial_dag to None, run_after=None
[2026-09-23T00:28:49.999+0000] {processor.py:208} INFO - Processing /home/airflow/.local/lib/python3.12/site-packages/airflow/example_dags/tutorial_dag.py took 0.093 seconds
[2026-09-23T00:29:20.779+0000] {processor.py:186} INFO - Started process (PID=1534) to work on /home/airflow/.local/lib/python3.12/site-packages/airflow/example_dags/tutorial_dag.py
[2026-09-23T00:29:20.781+0000] {processor.py:914} INFO - Processing file /home/airflow/.local/lib/python3.12/site-packages/airflow/example_dags/tutorial_dag.py for tasks to queue
[2026-09-23T00:29:20.784+0000] {logging_mixin.py:190} INFO - [2026-09-23T00:29:20.783+0000] {dagbag.py:588} INFO - Filling up the DagBag from /home/airflow/.local/lib/python3.12/site-packages/airflow/example_dags/tutorial_dag.py
[2026-09-23T00:29:20.793+0000] {processor.py:925} INFO - DAG(s) 'tutorial_dag' retrieved from /home/airflow/.local/lib/python3.12/site-packages/airflow/example_dags/tutorial_dag.py
[2026-09-23T00:29:20.815+0000] {logging_mixin.py:190} INFO - [2026-09-23T00:29:20.815+0000] {dag.py:3239} INFO - Sync 1 DAGs
[2026-09-23T00:29:20.841+0000] {logging_mixin.py:190} INFO - [2026-09-23T00:29:20.841+0000] {dag.py:4180} INFO - Setting next_dagrun for tutorial_dag to None, run_after=None
[2026-09-23T00:29:20.864+0000] {processor.py:208} INFO - Processing /home/airflow/.local/lib/python3.12/site-packages/airflow/example_dags/tutorial_dag.py took 0.093 seconds
[2026-09-23T00:29:51.933+0000] {processor.py:186} INFO - Started process (PID=1612) to work on /home/airflow/.local/lib/python3.12/site-packages/airflow/example_dags/tutorial_dag.py
[2026-09-23T00:29:51.935+0000] {processor.py:914} INFO - Processing file /home/airflow/.local/lib/python3.12/site-packages/airflow/example_dags/tutorial_dag.py for tasks to queue
[2026-09-23T00:29:51.940+0000] {logging_mixin.py:190} INFO - [2026-09-23T00:29:51.939+0000] {dagbag.py:588} INFO - Filling up the DagBag from /home/airflow/.local/lib/python3.12/site-packages/airflow/example_dags/tutorial_dag.py
[2026-09-23T00:29:51.954+0000] {processor.py:925} INFO - DAG(s) 'tutorial_dag' retrieved from /home/airflow/.local/lib/python3.12/site-packages/airflow/example_dags/tutorial_dag.py
[2026-09-23T00:29:52.008+0000] {logging_mixin.py:190} INFO - [2026-09-23T00:29:52.008+0000] {dag.py:3239} INFO - Sync 1 DAGs
[2026-09-23T00:29:52.042+0000] {logging_mixin.py:190} INFO - [2026-09-23T00:29:52.042+0000] {dag.py:4180} INFO - Setting next_dagrun for tutorial_dag to None, run_after=None
[2026-09-23T00:29:52.088+0000] {processor.py:208} INFO - Processing /home/airflow/.local/lib/python3.12/site-packages/airflow/example_dags/tutorial_dag.py took 0.168 seconds
[2026-09-23T00:41:09.466+0000] {processor.py:186} INFO - Started process (PID=64) to work on /home/airflow/.local/lib/python3.12/site-packages/airflow/example_dags/tutorial_dag.py
[2026-09-23T00:41:09.470+0000] {processor.py:914} INFO - Processing file /home/airflow/.local/lib/python3.12/site-packages/airflow/example_dags/tutorial_dag.py for tasks to queue
[2026-09-23T00:41:09.472+0000] {logging_mixin.py:190} INFO - [2026-09-23T00:41:09.471+0000] {dagbag.py:588} INFO - Filling up the DagBag from /home/airflow/.local/lib/python3.12/site-packages/airflow/example_dags/tutorial_dag.py
[2026-09-23T00:41:09.513+0000] {processor.py:925} INFO - DAG(s) 'tutorial_dag' retrieved from /home/airflow/.local/lib/python3.12/site-packages/airflow/example_dags/tutorial_dag.py
[2026-09-23T00:41:10.254+0000] {logging_mixin.py:190} INFO - [2026-09-23T00:41:10.254+0000] {dag.py:3239} INFO - Sync 1 DAGs
[2026-09-23T00:41:10.466+0000] {logging_mixin.py:190} INFO - [2026-09-23T00:41:10.466+0000] {dag.py:4180} INFO - Setting next_dagrun for tutorial_dag to None, run_after=None
[2026-09-23T00:41:10.561+0000] {processor.py:208} INFO - Processing /home/airflow/.local/lib/python3.12/site-packages/airflow/example_dags/tutorial_dag.py took 1.135 seconds
[2026-09-23T00:41:40.806+0000] {processor.py:186} INFO - Started process (PID=131) to work on /home/airflow/.local/lib/python3.12/site-packages/airflow/example_dags/tutorial_dag.py
[2026-09-23T00:41:40.807+0000] {processor.py:914} INFO - Processing file /home/airflow/.local/lib/python3.12/site-packages/airflow/example_dags/tutorial_dag.py for tasks to queue
[2026-09-23T00:41:40.808+0000] {logging_mixin.py:190} INFO - [2026-09-23T00:41:40.808+0000] {dagbag.py:588} INFO - Filling up the DagBag from /home/airflow/.local/lib/python3.12/site-packages/airflow/example_dags/tutorial_dag.py
[2026-09-23T00:41:40.818+0000] {processor.py:925} INFO - DAG(s) 'tutorial_dag' retrieved from /home/airflow/.local/lib/python3.12/site-packages/airflow/example_dags/tutorial_dag.py
[2026-09-23T00:41:40.841+0000] {logging_mixin.py:190} INFO - [2026-09-23T00:41:40.840+0000] {dag.py:3239} INFO - Sync 1 DAGs
[2026-09-23T00:41:40.862+0000] {logging_mixin.py:190} INFO - [2026-09-23T00:41:40.862+0000] {dag.py:4180} INFO - Setting next_dagrun for tutorial_dag to None, run_after=None
[2026-09-23T00:41:40.887+0000] {processor.py:208} INFO - Processing /home/airflow/.local/lib/python3.12/site-packages/airflow/example_dags/tutorial_dag.py took 0.089 seconds
[2026-09-23T00:42:11.194+0000] {processor.py:186} INFO - Started process (PID=206) to work on /home/airflow/.local/lib/python3.12/site-packages/airflow/example_dags/tutorial_dag.py
[2026-09-23T00:42:11.195+0000] {processor.py:914} INFO - Processing file /home/airflow/.local/lib/python3.12/site-packages/airflow/example_dags/tutorial_dag.py for tasks to queue
[2026-09-23T00:42:11.196+0000] {logging_mixin.py:190} INFO - [2026-09-23T00:42:11.196+0000] {dagbag.py:588} INFO - Filling up the DagBag from /home/airflow/.local/lib/python3.12/site-packages/airflow/example_dags/tutorial_dag.py
[2026-09-23T00:42:11.206+0000] {processor.py:925} INFO - DAG(s) 'tutorial_dag' retrieved from /home/airflow/.local/lib/python3.12/site-packages/airflow/example_dags/tutorial_dag.py
[2026-09-23T00:42:11.229+0000] {logging_mixin.py:190} INFO - [2026-09-23T00:42:11.228+0000] {dag.py:3239} INFO - Sync 1 DAGs
[2026-09-23T00:42:11.249+0000] {logging_mixin.py:190} INFO - [2026-09-23T00:42:11.249+0000] {dag.py:4180} INFO - Setting next_dagrun for tutorial_dag to None, run_after=None
[2026-09-23T00:42:11.271+0000] {processor.py:208} INFO - Processing /home/airflow/.local/lib/python3.12/site-packages/airflow/example_dags/tutorial_dag.py took 0.086 seconds
[2026-09-23T00:42:41.352+0000] {processor.py:186} INFO - Started process (PID=280) to work on /home/airflow/.local/lib/python3.12/site-packages/airflow/example_dags/tutorial_dag.py
[2026-09-23T00:42:41.353+0000] {processor.py:914} INFO - Processing file /home/airflow/.local/lib/python3.12/site-packages/airflow/example_dags/tutorial_dag.py for tasks to queue
[2026-09-23T00:42:41.354+0000] {logging_mixin.py:190} INFO - [2026-09-23T00:42:41.354+0000] {dagbag.py:588} INFO - Filling up the DagBag from /home/airflow/.local/lib/python3.12/site-packages/airflow/example_dags/tutorial_dag.py
[2026-09-23T00:42:41.364+0000] {processor.py:925} INFO - DAG(s) 'tutorial_dag' retrieved from /home/airflow/.local/lib/python3.12/site-packages/airflow/example_dags/tutorial_dag.py
[2026-09-23T00:42:41.389+0000] {logging_mixin.py:190} INFO - [2026-09-23T00:42:41.388+0000] {dag.py:3239} INFO - Sync 1 DAGs
[2026-09-23T00:42:41.411+0000] {logging_mixin.py:190} INFO - [2026-09-23T00:42:41.411+0000] {dag.py:4180} INFO - Setting next_dagrun for tutorial_dag to None, run_after=None
[2026-09-23T00:42:41.432+0000] {processor.py:208} INFO - Processing /home/airflow/.local/lib/python3.12/site-packages/airflow/example_dags/tutorial_dag.py took 0.089 seconds
[2026-09-23T00:43:11.857+0000] {processor.py:186} INFO - Started process (PID=354) to work on /home/airflow/.local/lib/python3.12/site-packages/airflow/example_dags/tutorial_dag.py
[2026-09-23T00:43:11.858+0000] {processor.py:914} INFO - Processing file /home/airflow/.local/lib/python3.12/site-packages/airflow/example_dags/tutorial_dag.py for tasks to queue
[2026-09-23T00:43:11.860+0000] {logging_mixin.py:190} INFO - [2026-09-23T00:43:11.859+0000] {dagbag.py:588} INFO - Filling up the DagBag from /home/airflow/.local/lib/python3.12/site-packages/airflow/example_dags/tutorial_dag.py
[2026-09-23T00:43:11.869+0000] {processor.py:925} INFO - DAG(s) 'tutorial_dag' retrieved from /home/airflow/.local/lib/python3.12/site-packages/airflow/example_dags/tutorial_dag.py
[2026-09-23T00:43:11.892+0000] {logging_mixin.py:190} INFO - [2026-09-23T00:43:11.891+0000] {dag.py:3239} INFO - Sync 1 DAGs
[2026-09-23T00:43:11.913+0000] {logging_mixin.py:190} INFO - [2026-09-23T00:43:11.912+0000] {dag.py:4180} INFO - Setting next_dagrun for tutorial_dag to None, run_after=None
[2026-09-23T00:43:11.935+0000] {processor.py:208} INFO - Processing /home/airflow/.local/lib/python3.12/site-packages/airflow/example_dags/tutorial_dag.py took 0.086 seconds
[2026-09-23T00:43:42.565+0000] {processor.py:186} INFO - Started process (PID=428) to work on /home/airflow/.local/lib/python3.12/site-packages/airflow/example_dags/tutorial_dag.py
[2026-09-23T00:43:42.565+0000] {processor.py:914} INFO - Processing file /home/airflow/.local/lib/python3.12/site-packages/airflow/example_dags/tutorial_dag.py for tasks to queue
[2026-09-23T00:43:42.567+0000] {logging_mixin.py:190} INFO - [2026-09-23T00:43:42.566+0000] {dagbag.py:588} INFO - Filling up the DagBag from /home/airflow/.local/lib/python3.12/site-packages/airflow/example_dags/tutorial_dag.py
[2026-09-23T00:43:42.576+0000] {processor.py:925} INFO - DAG(s) 'tutorial_dag' retrieved from /home/airflow/.local/lib/python3.12/site-packages/airflow/example_dags/tutorial_dag.py
[2026-09-23T00:43:42.598+0000] {logging_mixin.py:190} INFO - [2026-09-23T00:43:42.598+0000] {dag.py:3239} INFO - Sync 1 DAGs
[2026-09-23T00:43:42.618+0000] {logging_mixin.py:190} INFO - [2026-09-23T00:43:42.618+0000] {dag.py:4180} INFO - Setting next_dagrun for tutorial_dag to None, run_after=None
[2026-09-23T00:43:42.641+0000] {processor.py:208} INFO - Processing /home/airflow/.local/lib/python3.12/site-packages/airflow/example_dags/tutorial_dag.py took 0.084 seconds
[2026-09-23T00:44:12.772+0000] {processor.py:186} INFO - Started process (PID=502) to work on /home/airflow/.local/lib/python3.12/site-packages/airflow/example_dags/tutorial_dag.py
[2026-09-23T00:44:12.773+0000] {processor.py:914} INFO - Processing file /home/airflow/.local/lib/python3.12/site-packages/airflow/example_dags/tutorial_dag.py for tasks to queue
[2026-09-23T00:44:12.775+0000] {logging_mixin.py:190} INFO - [2026-09-23T00:44:12.774+0000] {dagbag.py:588} INFO - Filling up the DagBag from /home/airflow/.local/lib/python3.12/site-packages/airflow/example_dags/tutorial_dag.py
[2026-09-23T00:44:12.785+0000] {processor.py:925} INFO - DAG(s) 'tutorial_dag' retrieved from /home/airflow/.local/lib/python3.12/site-packages/airflow/example_dags/tutorial_dag.py
[2026-09-23T00:44:12.807+0000] {logging_mixin.py:190} INFO - [2026-09-23T00:44:12.807+0000] {dag.py:3239} INFO - Sync 1 DAGs
[2026-09-23T00:44:12.828+0000] {logging_mixin.py:190} INFO - [2026-09-23T00:44:12.827+0000] {dag.py:4180} INFO - Setting next_dagrun for tutorial_dag to None, run_after=None
[2026-09-23T00:44:12.849+0000] {processor.py:208} INFO - Processing /home/airflow/.local/lib/python3.12/site-packages/airflow/example_dags/tutorial_dag.py took 0.087 seconds
[2026-09-23T00:44:43.048+0000] {processor.py:186} INFO - Started process (PID=576) to work on /home/airflow/.local/lib/python3.12/site-packages/airflow/example_dags/tutorial_dag.py
[2026-09-23T00:44:43.049+0000] {processor.py:914} INFO - Processing file /home/airflow/.local/lib/python3.12/site-packages/airflow/example_dags/tutorial_dag.py for tasks to queue
[2026-09-23T00:44:43.050+0000] {logging_mixin.py:190} INFO - [2026-09-23T00:44:43.050+0000] {dagbag.py:588} INFO - Filling up the DagBag from /home/airflow/.local/lib/python3.12/site-packages/airflow/example_dags/tutorial_dag.py
[2026-09-23T00:44:43.061+0000] {processor.py:925} INFO - DAG(s) 'tutorial_dag' retrieved from /home/airflow/.local/lib/python3.12/site-packages/airflow/example_dags/tutorial_dag.py
[2026-09-23T00:44:43.087+0000] {logging_mixin.py:190} INFO - [2026-09-23T00:44:43.086+0000] {dag.py:3239} INFO - Sync 1 DAGs
[2026-09-23T00:44:43.109+0000] {logging_mixin.py:190} INFO - [2026-09-23T00:44:43.108+0000] {dag.py:4180} INFO - Setting next_dagrun for tutorial_dag to None, run_after=None
[2026-09-23T00:44:43.133+0000] {processor.py:208} INFO - Processing /home/airflow/.local/lib/python3.12/site-packages/airflow/example_dags/tutorial_dag.py took 0.093 seconds
[2026-09-23T00:45:14.113+0000] {processor.py:186} INFO - Started process (PID=651) to work on /home/airflow/.local/lib/python3.12/site-packages/airflow/example_dags/tutorial_dag.py
[2026-09-23T00:45:14.114+0000] {processor.py:914} INFO - Processing file /home/airflow/.local/lib/python3.12/site-packages/airflow/example_dags/tutorial_dag.py for tasks to queue
[2026-09-23T00:45:14.115+0000] {logging_mixin.py:190} INFO - [2026-09-23T00:45:14.115+0000] {dagbag.py:588} INFO - Filling up the DagBag from /home/airflow/.local/lib/python3.12/site-packages/airflow/example_dags/tutorial_dag.py
[2026-09-23T00:45:14.126+0000] {processor.py:925} INFO - DAG(s) 'tutorial_dag' retrieved from /home/airflow/.local/lib/python3.12/site-packages/airflow/example_dags/tutorial_dag.py
[2026-09-23T00:45:14.151+0000] {logging_mixin.py:190} INFO - [2026-09-23T00:45:14.151+0000] {dag.py:3239} INFO - Sync 1 DAGs
[2026-09-23T00:45:14.174+0000] {logging_mixin.py:190} INFO - [2026-09-23T00:45:14.173+0000] {dag.py:4180} INFO - Setting next_dagrun for tutorial_dag to None, run_after=None
[2026-09-23T00:45:14.198+0000] {processor.py:208} INFO - Processing /home/airflow/.local/lib/python3.12/site-packages/airflow/example_dags/tutorial_dag.py took 0.095 seconds
[2026-09-23T00:45:44.665+0000] {processor.py:186} INFO - Started process (PID=724) to work on /home/airflow/.local/lib/python3.12/site-packages/airflow/example_dags/tutorial_dag.py
[2026-09-23T00:45:44.666+0000] {processor.py:914} INFO - Processing file /home/airflow/.local/lib/python3.12/site-packages/airflow/example_dags/tutorial_dag.py for tasks to queue
[2026-09-23T00:45:44.667+0000] {logging_mixin.py:190} INFO - [2026-09-23T00:45:44.667+0000] {dagbag.py:588} INFO - Filling up the DagBag from /home/airflow/.local/lib/python3.12/site-packages/airflow/example_dags/tutorial_dag.py
[2026-09-23T00:45:44.677+0000] {processor.py:925} INFO - DAG(s) 'tutorial_dag' retrieved from /home/airflow/.local/lib/python3.12/site-packages/airflow/example_dags/tutorial_dag.py
[2026-09-23T00:45:44.705+0000] {logging_mixin.py:190} INFO - [2026-09-23T00:45:44.705+0000] {dag.py:3239} INFO - Sync 1 DAGs
[2026-09-23T00:45:44.731+0000] {logging_mixin.py:190} INFO - [2026-09-23T00:45:44.730+0000] {dag.py:4180} INFO - Setting next_dagrun for tutorial_dag to None, run_after=None
[2026-09-23T00:45:44.760+0000] {processor.py:208} INFO - Processing /home/airflow/.local/lib/python3.12/site-packages/airflow/example_dags/tutorial_dag.py took 0.104 seconds
[2026-09-23T00:46:15.214+0000] {processor.py:186} INFO - Started process (PID=797) to work on /home/airflow/.local/lib/python3.12/site-packages/airflow/example_dags/tutorial_dag.py
[2026-09-23T00:46:15.217+0000] {processor.py:914} INFO - Processing file /home/airflow/.local/lib/python3.12/site-packages/airflow/example_dags/tutorial_dag.py for tasks to queue
[2026-09-23T00:46:15.222+0000] {logging_mixin.py:190} INFO - [2026-09-23T00:46:15.221+0000] {dagbag.py:588} INFO - Filling up the DagBag from /home/airflow/.local/lib/python3.12/site-packages/airflow/example_dags/tutorial_dag.py
[2026-09-23T00:46:15.246+0000] {processor.py:925} INFO - DAG(s) 'tutorial_dag' retrieved from /home/airflow/.local/lib/python3.12/site-packages/airflow/example_dags/tutorial_dag.py
[2026-09-23T00:46:15.288+0000] {logging_mixin.py:190} INFO - [2026-09-23T00:46:15.288+0000] {dag.py:3239} INFO - Sync 1 DAGs
[2026-09-23T00:46:15.316+0000] {logging_mixin.py:190} INFO - [2026-09-23T00:46:15.315+0000] {dag.py:4180} INFO - Setting next_dagrun for tutorial_dag to None, run_after=None
[2026-09-23T00:46:15.345+0000] {processor.py:208} INFO - Processing /home/airflow/.local/lib/python3.12/site-packages/airflow/example_dags/tutorial_dag.py took 0.141 seconds
[2026-09-23T00:46:45.652+0000] {processor.py:186} INFO - Started process (PID=870) to work on /home/airflow/.local/lib/python3.12/site-packages/airflow/example_dags/tutorial_dag.py
[2026-09-23T00:46:45.653+0000] {processor.py:914} INFO - Processing file /home/airflow/.local/lib/python3.12/site-packages/airflow/example_dags/tutorial_dag.py for tasks to queue
[2026-09-23T00:46:45.654+0000] {logging_mixin.py:190} INFO - [2026-09-23T00:46:45.654+0000] {dagbag.py:588} INFO - Filling up the DagBag from /home/airflow/.local/lib/python3.12/site-packages/airflow/example_dags/tutorial_dag.py
[2026-09-23T00:46:45.665+0000] {processor.py:925} INFO - DAG(s) 'tutorial_dag' retrieved from /home/airflow/.local/lib/python3.12/site-packages/airflow/example_dags/tutorial_dag.py
[2026-09-23T00:46:45.724+0000] {logging_mixin.py:190} INFO - [2026-09-23T00:46:45.723+0000] {dag.py:3239} INFO - Sync 1 DAGs
[2026-09-23T00:46:45.780+0000] {logging_mixin.py:190} INFO - [2026-09-23T00:46:45.780+0000] {dag.py:4180} INFO - Setting next_dagrun for tutorial_dag to None, run_after=None
[2026-09-23T00:46:45.809+0000] {processor.py:208} INFO - Processing /home/airflow/.local/lib/python3.12/site-packages/airflow/example_dags/tutorial_dag.py took 0.167 seconds
[2026-09-23T09:40:17.931+0000] {processor.py:186} INFO - Started process (PID=47) to work on /home/airflow/.local/lib/python3.12/site-packages/airflow/example_dags/tutorial_dag.py
[2026-09-23T09:40:17.935+0000] {processor.py:914} INFO - Processing file /home/airflow/.local/lib/python3.12/site-packages/airflow/example_dags/tutorial_dag.py for tasks to queue
[2026-09-23T09:40:17.939+0000] {logging_mixin.py:190} INFO - [2026-09-23T09:40:17.939+0000] {dagbag.py:588} INFO - Filling up the DagBag from /home/airflow/.local/lib/python3.12/site-packages/airflow/example_dags/tutorial_dag.py
[2026-09-23T09:40:17.960+0000] {processor.py:925} INFO - DAG(s) 'tutorial_dag' retrieved from /home/airflow/.local/lib/python3.12/site-packages/airflow/example_dags/tutorial_dag.py
[2026-09-23T09:40:18.015+0000] {logging_mixin.py:190} INFO - [2026-09-23T09:40:18.014+0000] {dag.py:3239} INFO - Sync 1 DAGs
[2026-09-23T09:40:18.056+0000] {logging_mixin.py:190} INFO - [2026-09-23T09:40:18.056+0000] {dag.py:4180} INFO - Setting next_dagrun for tutorial_dag to None, run_after=None
[2026-09-23T09:40:18.110+0000] {processor.py:208} INFO - Processing /home/airflow/.local/lib/python3.12/site-packages/airflow/example_dags/tutorial_dag.py took 0.195 seconds
[2026-09-23T09:40:48.935+0000] {processor.py:186} INFO - Started process (PID=120) to work on /home/airflow/.local/lib/python3.12/site-packages/airflow/example_dags/tutorial_dag.py
[2026-09-23T09:40:48.939+0000] {processor.py:914} INFO - Processing file /home/airflow/.local/lib/python3.12/site-packages/airflow/example_dags/tutorial_dag.py for tasks to queue
[2026-09-23T09:40:48.946+0000] {logging_mixin.py:190} INFO - [2026-09-23T09:40:48.946+0000] {dagbag.py:588} INFO - Filling up the DagBag from /home/airflow/.local/lib/python3.12/site-packages/airflow/example_dags/tutorial_dag.py
[2026-09-23T09:40:48.977+0000] {processor.py:925} INFO - DAG(s) 'tutorial_dag' retrieved from /home/airflow/.local/lib/python3.12/site-packages/airflow/example_dags/tutorial_dag.py
[2026-09-23T09:40:49.047+0000] {logging_mixin.py:190} INFO - [2026-09-23T09:40:49.047+0000] {dag.py:3239} INFO - Sync 1 DAGs
[2026-09-23T09:40:49.124+0000] {logging_mixin.py:190} INFO - [2026-09-23T09:40:49.124+0000] {dag.py:4180} INFO - Setting next_dagrun for tutorial_dag to None, run_after=None
[2026-09-23T09:40:49.195+0000] {processor.py:208} INFO - Processing /home/airflow/.local/lib/python3.12/site-packages/airflow/example_dags/tutorial_dag.py took 0.298 seconds
[2026-09-23T09:41:19.406+0000] {processor.py:186} INFO - Started process (PID=194) to work on /home/airflow/.local/lib/python3.12/site-packages/airflow/example_dags/tutorial_dag.py
[2026-09-23T09:41:19.407+0000] {processor.py:914} INFO - Processing file /home/airflow/.local/lib/python3.12/site-packages/airflow/example_dags/tutorial_dag.py for tasks to queue
[2026-09-23T09:41:19.410+0000] {logging_mixin.py:190} INFO - [2026-09-23T09:41:19.410+0000] {dagbag.py:588} INFO - Filling up the DagBag from /home/airflow/.local/lib/python3.12/site-packages/airflow/example_dags/tutorial_dag.py
[2026-09-23T09:41:19.420+0000] {processor.py:925} INFO - DAG(s) 'tutorial_dag' retrieved from /home/airflow/.local/lib/python3.12/site-packages/airflow/example_dags/tutorial_dag.py
[2026-09-23T09:41:19.453+0000] {logging_mixin.py:190} INFO - [2026-09-23T09:41:19.452+0000] {dag.py:3239} INFO - Sync 1 DAGs
[2026-09-23T09:41:19.490+0000] {logging_mixin.py:190} INFO - [2026-09-23T09:41:19.490+0000] {dag.py:4180} INFO - Setting next_dagrun for tutorial_dag to None, run_after=None
[2026-09-23T09:41:19.543+0000] {processor.py:208} INFO - Processing /home/airflow/.local/lib/python3.12/site-packages/airflow/example_dags/tutorial_dag.py took 0.144 seconds
[2026-09-23T09:41:50.567+0000] {processor.py:186} INFO - Started process (PID=269) to work on /home/airflow/.local/lib/python3.12/site-packages/airflow/example_dags/tutorial_dag.py
[2026-09-23T09:41:50.569+0000] {processor.py:914} INFO - Processing file /home/airflow/.local/lib/python3.12/site-packages/airflow/example_dags/tutorial_dag.py for tasks to queue
[2026-09-23T09:41:50.571+0000] {logging_mixin.py:190} INFO - [2026-09-23T09:41:50.571+0000] {dagbag.py:588} INFO - Filling up the DagBag from /home/airflow/.local/lib/python3.12/site-packages/airflow/example_dags/tutorial_dag.py
[2026-09-23T09:41:50.581+0000] {processor.py:925} INFO - DAG(s) 'tutorial_dag' retrieved from /home/airflow/.local/lib/python3.12/site-packages/airflow/example_dags/tutorial_dag.py
[2026-09-23T09:41:50.607+0000] {logging_mixin.py:190} INFO - [2026-09-23T09:41:50.607+0000] {dag.py:3239} INFO - Sync 1 DAGs
[2026-09-23T09:41:50.629+0000] {logging_mixin.py:190} INFO - [2026-09-23T09:41:50.629+0000] {dag.py:4180} INFO - Setting next_dagrun for tutorial_dag to None, run_after=None
[2026-09-23T09:41:50.663+0000] {processor.py:208} INFO - Processing /home/airflow/.local/lib/python3.12/site-packages/airflow/example_dags/tutorial_dag.py took 0.103 seconds
[2026-09-23T09:42:21.673+0000] {processor.py:186} INFO - Started process (PID=344) to work on /home/airflow/.local/lib/python3.12/site-packages/airflow/example_dags/tutorial_dag.py
[2026-09-23T09:42:21.675+0000] {processor.py:914} INFO - Processing file /home/airflow/.local/lib/python3.12/site-packages/airflow/example_dags/tutorial_dag.py for tasks to queue
[2026-09-23T09:42:21.680+0000] {logging_mixin.py:190} INFO - [2026-09-23T09:42:21.680+0000] {dagbag.py:588} INFO - Filling up the DagBag from /home/airflow/.local/lib/python3.12/site-packages/airflow/example_dags/tutorial_dag.py
[2026-09-23T09:42:21.709+0000] {processor.py:925} INFO - DAG(s) 'tutorial_dag' retrieved from /home/airflow/.local/lib/python3.12/site-packages/airflow/example_dags/tutorial_dag.py
[2026-09-23T09:42:21.763+0000] {logging_mixin.py:190} INFO - [2026-09-23T09:42:21.763+0000] {dag.py:3239} INFO - Sync 1 DAGs
[2026-09-23T09:42:21.811+0000] {logging_mixin.py:190} INFO - [2026-09-23T09:42:21.810+0000] {dag.py:4180} INFO - Setting next_dagrun for tutorial_dag to None, run_after=None
[2026-09-23T09:42:21.865+0000] {processor.py:208} INFO - Processing /home/airflow/.local/lib/python3.12/site-packages/airflow/example_dags/tutorial_dag.py took 0.209 seconds
[2026-09-23T09:42:52.028+0000] {processor.py:186} INFO - Started process (PID=420) to work on /home/airflow/.local/lib/python3.12/site-packages/airflow/example_dags/tutorial_dag.py
[2026-09-23T09:42:52.029+0000] {processor.py:914} INFO - Processing file /home/airflow/.local/lib/python3.12/site-packages/airflow/example_dags/tutorial_dag.py for tasks to queue
[2026-09-23T09:42:52.032+0000] {logging_mixin.py:190} INFO - [2026-09-23T09:42:52.031+0000] {dagbag.py:588} INFO - Filling up the DagBag from /home/airflow/.local/lib/python3.12/site-packages/airflow/example_dags/tutorial_dag.py
[2026-09-23T09:42:52.042+0000] {processor.py:925} INFO - DAG(s) 'tutorial_dag' retrieved from /home/airflow/.local/lib/python3.12/site-packages/airflow/example_dags/tutorial_dag.py
[2026-09-23T09:42:52.067+0000] {logging_mixin.py:190} INFO - [2026-09-23T09:42:52.066+0000] {dag.py:3239} INFO - Sync 1 DAGs
[2026-09-23T09:42:52.087+0000] {logging_mixin.py:190} INFO - [2026-09-23T09:42:52.086+0000] {dag.py:4180} INFO - Setting next_dagrun for tutorial_dag to None, run_after=None
[2026-09-23T09:42:52.111+0000] {processor.py:208} INFO - Processing /home/airflow/.local/lib/python3.12/site-packages/airflow/example_dags/tutorial_dag.py took 0.092 seconds
[2026-09-23T09:43:22.216+0000] {processor.py:186} INFO - Started process (PID=494) to work on /home/airflow/.local/lib/python3.12/site-packages/airflow/example_dags/tutorial_dag.py
[2026-09-23T09:43:22.217+0000] {processor.py:914} INFO - Processing file /home/airflow/.local/lib/python3.12/site-packages/airflow/example_dags/tutorial_dag.py for tasks to queue
[2026-09-23T09:43:22.220+0000] {logging_mixin.py:190} INFO - [2026-09-23T09:43:22.220+0000] {dagbag.py:588} INFO - Filling up the DagBag from /home/airflow/.local/lib/python3.12/site-packages/airflow/example_dags/tutorial_dag.py
[2026-09-23T09:43:22.230+0000] {processor.py:925} INFO - DAG(s) 'tutorial_dag' retrieved from /home/airflow/.local/lib/python3.12/site-packages/airflow/example_dags/tutorial_dag.py
[2026-09-23T09:43:22.256+0000] {logging_mixin.py:190} INFO - [2026-09-23T09:43:22.255+0000] {dag.py:3239} INFO - Sync 1 DAGs
[2026-09-23T09:43:22.278+0000] {logging_mixin.py:190} INFO - [2026-09-23T09:43:22.278+0000] {dag.py:4180} INFO - Setting next_dagrun for tutorial_dag to None, run_after=None
[2026-09-23T09:43:22.304+0000] {processor.py:208} INFO - Processing /home/airflow/.local/lib/python3.12/site-packages/airflow/example_dags/tutorial_dag.py took 0.095 seconds
[2026-09-23T09:43:52.714+0000] {processor.py:186} INFO - Started process (PID=568) to work on /home/airflow/.local/lib/python3.12/site-packages/airflow/example_dags/tutorial_dag.py
[2026-09-23T09:43:52.717+0000] {processor.py:914} INFO - Processing file /home/airflow/.local/lib/python3.12/site-packages/airflow/example_dags/tutorial_dag.py for tasks to queue
[2026-09-23T09:43:52.721+0000] {logging_mixin.py:190} INFO - [2026-09-23T09:43:52.720+0000] {dagbag.py:588} INFO - Filling up the DagBag from /home/airflow/.local/lib/python3.12/site-packages/airflow/example_dags/tutorial_dag.py
[2026-09-23T09:43:52.730+0000] {processor.py:925} INFO - DAG(s) 'tutorial_dag' retrieved from /home/airflow/.local/lib/python3.12/site-packages/airflow/example_dags/tutorial_dag.py
[2026-09-23T09:43:52.757+0000] {logging_mixin.py:190} INFO - [2026-09-23T09:43:52.757+0000] {dag.py:3239} INFO - Sync 1 DAGs
[2026-09-23T09:43:52.779+0000] {logging_mixin.py:190} INFO - [2026-09-23T09:43:52.779+0000] {dag.py:4180} INFO - Setting next_dagrun for tutorial_dag to None, run_after=None
[2026-09-23T09:43:52.804+0000] {processor.py:208} INFO - Processing /home/airflow/.local/lib/python3.12/site-packages/airflow/example_dags/tutorial_dag.py took 0.098 seconds
[2026-09-23T09:44:22.958+0000] {processor.py:186} INFO - Started process (PID=642) to work on /home/airflow/.local/lib/python3.12/site-packages/airflow/example_dags/tutorial_dag.py
[2026-09-23T09:44:22.959+0000] {processor.py:914} INFO - Processing file /home/airflow/.local/lib/python3.12/site-packages/airflow/example_dags/tutorial_dag.py for tasks to queue
[2026-09-23T09:44:22.963+0000] {logging_mixin.py:190} INFO - [2026-09-23T09:44:22.962+0000] {dagbag.py:588} INFO - Filling up the DagBag from /home/airflow/.local/lib/python3.12/site-packages/airflow/example_dags/tutorial_dag.py
[2026-09-23T09:44:22.972+0000] {processor.py:925} INFO - DAG(s) 'tutorial_dag' retrieved from /home/airflow/.local/lib/python3.12/site-packages/airflow/example_dags/tutorial_dag.py
[2026-09-23T09:44:22.999+0000] {logging_mixin.py:190} INFO - [2026-09-23T09:44:22.999+0000] {dag.py:3239} INFO - Sync 1 DAGs
[2026-09-23T09:44:23.022+0000] {logging_mixin.py:190} INFO - [2026-09-23T09:44:23.021+0000] {dag.py:4180} INFO - Setting next_dagrun for tutorial_dag to None, run_after=None
[2026-09-23T09:44:23.046+0000] {processor.py:208} INFO - Processing /home/airflow/.local/lib/python3.12/site-packages/airflow/example_dags/tutorial_dag.py took 0.095 seconds
[2026-09-23T09:44:53.219+0000] {processor.py:186} INFO - Started process (PID=716) to work on /home/airflow/.local/lib/python3.12/site-packages/airflow/example_dags/tutorial_dag.py
[2026-09-23T09:44:53.221+0000] {processor.py:914} INFO - Processing file /home/airflow/.local/lib/python3.12/site-packages/airflow/example_dags/tutorial_dag.py for tasks to queue
[2026-09-23T09:44:53.228+0000] {logging_mixin.py:190} INFO - [2026-09-23T09:44:53.228+0000] {dagbag.py:588} INFO - Filling up the DagBag from /home/airflow/.local/lib/python3.12/site-packages/airflow/example_dags/tutorial_dag.py
[2026-09-23T09:44:53.244+0000] {processor.py:925} INFO - DAG(s) 'tutorial_dag' retrieved from /home/airflow/.local/lib/python3.12/site-packages/airflow/example_dags/tutorial_dag.py
[2026-09-23T09:44:53.270+0000] {logging_mixin.py:190} INFO - [2026-09-23T09:44:53.269+0000] {dag.py:3239} INFO - Sync 1 DAGs
[2026-09-23T09:44:53.291+0000] {logging_mixin.py:190} INFO - [2026-09-23T09:44:53.291+0000] {dag.py:4180} INFO - Setting next_dagrun for tutorial_dag to None, run_after=None
[2026-09-23T09:44:53.317+0000] {processor.py:208} INFO - Processing /home/airflow/.local/lib/python3.12/site-packages/airflow/example_dags/tutorial_dag.py took 0.107 seconds
[2026-09-23T09:45:23.422+0000] {processor.py:186} INFO - Started process (PID=790) to work on /home/airflow/.local/lib/python3.12/site-packages/airflow/example_dags/tutorial_dag.py
[2026-09-23T09:45:23.423+0000] {processor.py:914} INFO - Processing file /home/airflow/.local/lib/python3.12/site-packages/airflow/example_dags/tutorial_dag.py for tasks to queue
[2026-09-23T09:45:23.427+0000] {logging_mixin.py:190} INFO - [2026-09-23T09:45:23.427+0000] {dagbag.py:588} INFO - Filling up the DagBag from /home/airflow/.local/lib/python3.12/site-packages/airflow/example_dags/tutorial_dag.py
[2026-09-23T09:45:23.439+0000] {processor.py:925} INFO - DAG(s) 'tutorial_dag' retrieved from /home/airflow/.local/lib/python3.12/site-packages/airflow/example_dags/tutorial_dag.py
[2026-09-23T09:45:23.464+0000] {logging_mixin.py:190} INFO - [2026-09-23T09:45:23.463+0000] {dag.py:3239} INFO - Sync 1 DAGs
[2026-09-23T09:45:23.486+0000] {logging_mixin.py:190} INFO - [2026-09-23T09:45:23.485+0000] {dag.py:4180} INFO - Setting next_dagrun for tutorial_dag to None, run_after=None
[2026-09-23T09:45:23.511+0000] {processor.py:208} INFO - Processing /home/airflow/.local/lib/python3.12/site-packages/airflow/example_dags/tutorial_dag.py took 0.097 seconds
[2026-09-23T09:45:53.825+0000] {processor.py:186} INFO - Started process (PID=858) to work on /home/airflow/.local/lib/python3.12/site-packages/airflow/example_dags/tutorial_dag.py
[2026-09-23T09:45:53.826+0000] {processor.py:914} INFO - Processing file /home/airflow/.local/lib/python3.12/site-packages/airflow/example_dags/tutorial_dag.py for tasks to queue
[2026-09-23T09:45:53.829+0000] {logging_mixin.py:190} INFO - [2026-09-23T09:45:53.828+0000] {dagbag.py:588} INFO - Filling up the DagBag from /home/airflow/.local/lib/python3.12/site-packages/airflow/example_dags/tutorial_dag.py
[2026-09-23T09:45:53.837+0000] {processor.py:925} INFO - DAG(s) 'tutorial_dag' retrieved from /home/airflow/.local/lib/python3.12/site-packages/airflow/example_dags/tutorial_dag.py
[2026-09-23T09:45:53.860+0000] {logging_mixin.py:190} INFO - [2026-09-23T09:45:53.859+0000] {dag.py:3239} INFO - Sync 1 DAGs
[2026-09-23T09:45:53.881+0000] {logging_mixin.py:190} INFO - [2026-09-23T09:45:53.881+0000] {dag.py:4180} INFO - Setting next_dagrun for tutorial_dag to None, run_after=None
[2026-09-23T09:45:53.906+0000] {processor.py:208} INFO - Processing /home/airflow/.local/lib/python3.12/site-packages/airflow/example_dags/tutorial_dag.py took 0.089 seconds
[2026-09-23T09:46:24.149+0000] {processor.py:186} INFO - Started process (PID=932) to work on /home/airflow/.local/lib/python3.12/site-packages/airflow/example_dags/tutorial_dag.py
[2026-09-23T09:46:24.150+0000] {processor.py:914} INFO - Processing file /home/airflow/.local/lib/python3.12/site-packages/airflow/example_dags/tutorial_dag.py for tasks to queue
[2026-09-23T09:46:24.152+0000] {logging_mixin.py:190} INFO - [2026-09-23T09:46:24.152+0000] {dagbag.py:588} INFO - Filling up the DagBag from /home/airflow/.local/lib/python3.12/site-packages/airflow/example_dags/tutorial_dag.py
[2026-09-23T09:46:24.161+0000] {processor.py:925} INFO - DAG(s) 'tutorial_dag' retrieved from /home/airflow/.local/lib/python3.12/site-packages/airflow/example_dags/tutorial_dag.py
[2026-09-23T09:46:24.184+0000] {logging_mixin.py:190} INFO - [2026-09-23T09:46:24.183+0000] {dag.py:3239} INFO - Sync 1 DAGs
[2026-09-23T09:46:24.206+0000] {logging_mixin.py:190} INFO - [2026-09-23T09:46:24.206+0000] {dag.py:4180} INFO - Setting next_dagrun for tutorial_dag to None, run_after=None
[2026-09-23T09:46:24.234+0000] {processor.py:208} INFO - Processing /home/airflow/.local/lib/python3.12/site-packages/airflow/example_dags/tutorial_dag.py took 0.093 seconds
[2026-09-23T09:46:54.284+0000] {processor.py:186} INFO - Started process (PID=1007) to work on /home/airflow/.local/lib/python3.12/site-packages/airflow/example_dags/tutorial_dag.py
[2026-09-23T09:46:54.286+0000] {processor.py:914} INFO - Processing file /home/airflow/.local/lib/python3.12/site-packages/airflow/example_dags/tutorial_dag.py for tasks to queue
[2026-09-23T09:46:54.288+0000] {logging_mixin.py:190} INFO - [2026-09-23T09:46:54.288+0000] {dagbag.py:588} INFO - Filling up the DagBag from /home/airflow/.local/lib/python3.12/site-packages/airflow/example_dags/tutorial_dag.py
[2026-09-23T09:46:54.298+0000] {processor.py:925} INFO - DAG(s) 'tutorial_dag' retrieved from /home/airflow/.local/lib/python3.12/site-packages/airflow/example_dags/tutorial_dag.py
[2026-09-23T09:46:54.323+0000] {logging_mixin.py:190} INFO - [2026-09-23T09:46:54.323+0000] {dag.py:3239} INFO - Sync 1 DAGs
[2026-09-23T09:46:54.347+0000] {logging_mixin.py:190} INFO - [2026-09-23T09:46:54.346+0000] {dag.py:4180} INFO - Setting next_dagrun for tutorial_dag to None, run_after=None
[2026-09-23T09:46:54.372+0000] {processor.py:208} INFO - Processing /home/airflow/.local/lib/python3.12/site-packages/airflow/example_dags/tutorial_dag.py took 0.096 seconds
[2026-09-23T09:47:24.529+0000] {processor.py:186} INFO - Started process (PID=1081) to work on /home/airflow/.local/lib/python3.12/site-packages/airflow/example_dags/tutorial_dag.py
[2026-09-23T09:47:24.529+0000] {processor.py:914} INFO - Processing file /home/airflow/.local/lib/python3.12/site-packages/airflow/example_dags/tutorial_dag.py for tasks to queue
[2026-09-23T09:47:24.532+0000] {logging_mixin.py:190} INFO - [2026-09-23T09:47:24.532+0000] {dagbag.py:588} INFO - Filling up the DagBag from /home/airflow/.local/lib/python3.12/site-packages/airflow/example_dags/tutorial_dag.py
[2026-09-23T09:47:24.540+0000] {processor.py:925} INFO - DAG(s) 'tutorial_dag' retrieved from /home/airflow/.local/lib/python3.12/site-packages/airflow/example_dags/tutorial_dag.py
[2026-09-23T09:47:24.564+0000] {logging_mixin.py:190} INFO - [2026-09-23T09:47:24.563+0000] {dag.py:3239} INFO - Sync 1 DAGs
[2026-09-23T09:47:24.584+0000] {logging_mixin.py:190} INFO - [2026-09-23T09:47:24.583+0000] {dag.py:4180} INFO - Setting next_dagrun for tutorial_dag to None, run_after=None
[2026-09-23T09:47:24.606+0000] {processor.py:208} INFO - Processing /home/airflow/.local/lib/python3.12/site-packages/airflow/example_dags/tutorial_dag.py took 0.087 seconds
[2026-09-23T09:47:55.506+0000] {processor.py:186} INFO - Started process (PID=1155) to work on /home/airflow/.local/lib/python3.12/site-packages/airflow/example_dags/tutorial_dag.py
[2026-09-23T09:47:55.508+0000] {processor.py:914} INFO - Processing file /home/airflow/.local/lib/python3.12/site-packages/airflow/example_dags/tutorial_dag.py for tasks to queue
[2026-09-23T09:47:55.510+0000] {logging_mixin.py:190} INFO - [2026-09-23T09:47:55.510+0000] {dagbag.py:588} INFO - Filling up the DagBag from /home/airflow/.local/lib/python3.12/site-packages/airflow/example_dags/tutorial_dag.py
[2026-09-23T09:47:55.522+0000] {processor.py:925} INFO - DAG(s) 'tutorial_dag' retrieved from /home/airflow/.local/lib/python3.12/site-packages/airflow/example_dags/tutorial_dag.py
[2026-09-23T09:47:55.549+0000] {logging_mixin.py:190} INFO - [2026-09-23T09:47:55.548+0000] {dag.py:3239} INFO - Sync 1 DAGs
[2026-09-23T09:47:55.570+0000] {logging_mixin.py:190} INFO - [2026-09-23T09:47:55.570+0000] {dag.py:4180} INFO - Setting next_dagrun for tutorial_dag to None, run_after=None
[2026-09-23T09:47:55.592+0000] {processor.py:208} INFO - Processing /home/airflow/.local/lib/python3.12/site-packages/airflow/example_dags/tutorial_dag.py took 0.094 seconds
[2026-09-23T09:48:26.020+0000] {processor.py:186} INFO - Started process (PID=1228) to work on /home/airflow/.local/lib/python3.12/site-packages/airflow/example_dags/tutorial_dag.py
[2026-09-23T09:48:26.021+0000] {processor.py:914} INFO - Processing file /home/airflow/.local/lib/python3.12/site-packages/airflow/example_dags/tutorial_dag.py for tasks to queue
[2026-09-23T09:48:26.023+0000] {logging_mixin.py:190} INFO - [2026-09-23T09:48:26.023+0000] {dagbag.py:588} INFO - Filling up the DagBag from /home/airflow/.local/lib/python3.12/site-packages/airflow/example_dags/tutorial_dag.py
[2026-09-23T09:48:26.033+0000] {processor.py:925} INFO - DAG(s) 'tutorial_dag' retrieved from /home/airflow/.local/lib/python3.12/site-packages/airflow/example_dags/tutorial_dag.py
[2026-09-23T09:48:26.060+0000] {logging_mixin.py:190} INFO - [2026-09-23T09:48:26.059+0000] {dag.py:3239} INFO - Sync 1 DAGs
[2026-09-23T09:48:26.083+0000] {logging_mixin.py:190} INFO - [2026-09-23T09:48:26.083+0000] {dag.py:4180} INFO - Setting next_dagrun for tutorial_dag to None, run_after=None
[2026-09-23T09:48:26.106+0000] {processor.py:208} INFO - Processing /home/airflow/.local/lib/python3.12/site-packages/airflow/example_dags/tutorial_dag.py took 0.094 seconds
[2026-09-23T09:48:56.285+0000] {processor.py:186} INFO - Started process (PID=1303) to work on /home/airflow/.local/lib/python3.12/site-packages/airflow/example_dags/tutorial_dag.py
[2026-09-23T09:48:56.286+0000] {processor.py:914} INFO - Processing file /home/airflow/.local/lib/python3.12/site-packages/airflow/example_dags/tutorial_dag.py for tasks to queue
[2026-09-23T09:48:56.288+0000] {logging_mixin.py:190} INFO - [2026-09-23T09:48:56.288+0000] {dagbag.py:588} INFO - Filling up the DagBag from /home/airflow/.local/lib/python3.12/site-packages/airflow/example_dags/tutorial_dag.py
[2026-09-23T09:48:56.298+0000] {processor.py:925} INFO - DAG(s) 'tutorial_dag' retrieved from /home/airflow/.local/lib/python3.12/site-packages/airflow/example_dags/tutorial_dag.py
[2026-09-23T09:48:56.324+0000] {logging_mixin.py:190} INFO - [2026-09-23T09:48:56.324+0000] {dag.py:3239} INFO - Sync 1 DAGs
[2026-09-23T09:48:56.345+0000] {logging_mixin.py:190} INFO - [2026-09-23T09:48:56.345+0000] {dag.py:4180} INFO - Setting next_dagrun for tutorial_dag to None, run_after=None
[2026-09-23T09:48:56.367+0000] {processor.py:208} INFO - Processing /home/airflow/.local/lib/python3.12/site-packages/airflow/example_dags/tutorial_dag.py took 0.090 seconds
[2026-09-23T09:49:26.555+0000] {processor.py:186} INFO - Started process (PID=1377) to work on /home/airflow/.local/lib/python3.12/site-packages/airflow/example_dags/tutorial_dag.py
[2026-09-23T09:49:26.558+0000] {processor.py:914} INFO - Processing file /home/airflow/.local/lib/python3.12/site-packages/airflow/example_dags/tutorial_dag.py for tasks to queue
[2026-09-23T09:49:26.562+0000] {logging_mixin.py:190} INFO - [2026-09-23T09:49:26.562+0000] {dagbag.py:588} INFO - Filling up the DagBag from /home/airflow/.local/lib/python3.12/site-packages/airflow/example_dags/tutorial_dag.py
[2026-09-23T09:49:26.572+0000] {processor.py:925} INFO - DAG(s) 'tutorial_dag' retrieved from /home/airflow/.local/lib/python3.12/site-packages/airflow/example_dags/tutorial_dag.py
[2026-09-23T09:49:26.596+0000] {logging_mixin.py:190} INFO - [2026-09-23T09:49:26.596+0000] {dag.py:3239} INFO - Sync 1 DAGs
[2026-09-23T09:49:26.616+0000] {logging_mixin.py:190} INFO - [2026-09-23T09:49:26.616+0000] {dag.py:4180} INFO - Setting next_dagrun for tutorial_dag to None, run_after=None
[2026-09-23T09:49:26.637+0000] {processor.py:208} INFO - Processing /home/airflow/.local/lib/python3.12/site-packages/airflow/example_dags/tutorial_dag.py took 0.089 seconds
[2026-09-23T09:49:56.784+0000] {processor.py:186} INFO - Started process (PID=1451) to work on /home/airflow/.local/lib/python3.12/site-packages/airflow/example_dags/tutorial_dag.py
[2026-09-23T09:49:56.786+0000] {processor.py:914} INFO - Processing file /home/airflow/.local/lib/python3.12/site-packages/airflow/example_dags/tutorial_dag.py for tasks to queue
[2026-09-23T09:49:56.789+0000] {logging_mixin.py:190} INFO - [2026-09-23T09:49:56.789+0000] {dagbag.py:588} INFO - Filling up the DagBag from /home/airflow/.local/lib/python3.12/site-packages/airflow/example_dags/tutorial_dag.py
[2026-09-23T09:49:56.797+0000] {processor.py:925} INFO - DAG(s) 'tutorial_dag' retrieved from /home/airflow/.local/lib/python3.12/site-packages/airflow/example_dags/tutorial_dag.py
[2026-09-23T09:49:56.820+0000] {logging_mixin.py:190} INFO - [2026-09-23T09:49:56.820+0000] {dag.py:3239} INFO - Sync 1 DAGs
[2026-09-23T09:49:56.839+0000] {logging_mixin.py:190} INFO - [2026-09-23T09:49:56.839+0000] {dag.py:4180} INFO - Setting next_dagrun for tutorial_dag to None, run_after=None
[2026-09-23T09:49:56.862+0000] {processor.py:208} INFO - Processing /home/airflow/.local/lib/python3.12/site-packages/airflow/example_dags/tutorial_dag.py took 0.087 seconds
[2026-09-23T09:50:26.926+0000] {processor.py:186} INFO - Started process (PID=1525) to work on /home/airflow/.local/lib/python3.12/site-packages/airflow/example_dags/tutorial_dag.py
[2026-09-23T09:50:26.927+0000] {processor.py:914} INFO - Processing file /home/airflow/.local/lib/python3.12/site-packages/airflow/example_dags/tutorial_dag.py for tasks to queue
[2026-09-23T09:50:26.930+0000] {logging_mixin.py:190} INFO - [2026-09-23T09:50:26.929+0000] {dagbag.py:588} INFO - Filling up the DagBag from /home/airflow/.local/lib/python3.12/site-packages/airflow/example_dags/tutorial_dag.py
[2026-09-23T09:50:26.938+0000] {processor.py:925} INFO - DAG(s) 'tutorial_dag' retrieved from /home/airflow/.local/lib/python3.12/site-packages/airflow/example_dags/tutorial_dag.py
[2026-09-23T09:50:26.969+0000] {logging_mixin.py:190} INFO - [2026-09-23T09:50:26.969+0000] {dag.py:3239} INFO - Sync 1 DAGs
[2026-09-23T09:50:26.991+0000] {logging_mixin.py:190} INFO - [2026-09-23T09:50:26.990+0000] {dag.py:4180} INFO - Setting next_dagrun for tutorial_dag to None, run_after=None
[2026-09-23T09:50:27.018+0000] {processor.py:208} INFO - Processing /home/airflow/.local/lib/python3.12/site-packages/airflow/example_dags/tutorial_dag.py took 0.104 seconds
[2026-09-23T09:50:57.471+0000] {processor.py:186} INFO - Started process (PID=1599) to work on /home/airflow/.local/lib/python3.12/site-packages/airflow/example_dags/tutorial_dag.py
[2026-09-23T09:50:57.473+0000] {processor.py:914} INFO - Processing file /home/airflow/.local/lib/python3.12/site-packages/airflow/example_dags/tutorial_dag.py for tasks to queue
[2026-09-23T09:50:57.475+0000] {logging_mixin.py:190} INFO - [2026-09-23T09:50:57.475+0000] {dagbag.py:588} INFO - Filling up the DagBag from /home/airflow/.local/lib/python3.12/site-packages/airflow/example_dags/tutorial_dag.py
[2026-09-23T09:50:57.485+0000] {processor.py:925} INFO - DAG(s) 'tutorial_dag' retrieved from /home/airflow/.local/lib/python3.12/site-packages/airflow/example_dags/tutorial_dag.py
[2026-09-23T09:50:57.511+0000] {logging_mixin.py:190} INFO - [2026-09-23T09:50:57.510+0000] {dag.py:3239} INFO - Sync 1 DAGs
[2026-09-23T09:50:57.532+0000] {logging_mixin.py:190} INFO - [2026-09-23T09:50:57.532+0000] {dag.py:4180} INFO - Setting next_dagrun for tutorial_dag to None, run_after=None
[2026-09-23T09:50:57.557+0000] {processor.py:208} INFO - Processing /home/airflow/.local/lib/python3.12/site-packages/airflow/example_dags/tutorial_dag.py took 0.093 seconds
[2026-09-23T09:51:27.907+0000] {processor.py:186} INFO - Started process (PID=1674) to work on /home/airflow/.local/lib/python3.12/site-packages/airflow/example_dags/tutorial_dag.py
[2026-09-23T09:51:27.908+0000] {processor.py:914} INFO - Processing file /home/airflow/.local/lib/python3.12/site-packages/airflow/example_dags/tutorial_dag.py for tasks to queue
[2026-09-23T09:51:27.910+0000] {logging_mixin.py:190} INFO - [2026-09-23T09:51:27.910+0000] {dagbag.py:588} INFO - Filling up the DagBag from /home/airflow/.local/lib/python3.12/site-packages/airflow/example_dags/tutorial_dag.py
[2026-09-23T09:51:27.920+0000] {processor.py:925} INFO - DAG(s) 'tutorial_dag' retrieved from /home/airflow/.local/lib/python3.12/site-packages/airflow/example_dags/tutorial_dag.py
[2026-09-23T09:51:27.945+0000] {logging_mixin.py:190} INFO - [2026-09-23T09:51:27.945+0000] {dag.py:3239} INFO - Sync 1 DAGs
[2026-09-23T09:51:27.966+0000] {logging_mixin.py:190} INFO - [2026-09-23T09:51:27.966+0000] {dag.py:4180} INFO - Setting next_dagrun for tutorial_dag to None, run_after=None
[2026-09-23T09:51:27.989+0000] {processor.py:208} INFO - Processing /home/airflow/.local/lib/python3.12/site-packages/airflow/example_dags/tutorial_dag.py took 0.090 seconds
[2026-09-23T09:51:58.301+0000] {processor.py:186} INFO - Started process (PID=1748) to work on /home/airflow/.local/lib/python3.12/site-packages/airflow/example_dags/tutorial_dag.py
[2026-09-23T09:51:58.302+0000] {processor.py:914} INFO - Processing file /home/airflow/.local/lib/python3.12/site-packages/airflow/example_dags/tutorial_dag.py for tasks to queue
[2026-09-23T09:51:58.305+0000] {logging_mixin.py:190} INFO - [2026-09-23T09:51:58.305+0000] {dagbag.py:588} INFO - Filling up the DagBag from /home/airflow/.local/lib/python3.12/site-packages/airflow/example_dags/tutorial_dag.py
[2026-09-23T09:51:58.315+0000] {processor.py:925} INFO - DAG(s) 'tutorial_dag' retrieved from /home/airflow/.local/lib/python3.12/site-packages/airflow/example_dags/tutorial_dag.py
[2026-09-23T09:51:58.339+0000] {logging_mixin.py:190} INFO - [2026-09-23T09:51:58.339+0000] {dag.py:3239} INFO - Sync 1 DAGs
[2026-09-23T09:51:58.359+0000] {logging_mixin.py:190} INFO - [2026-09-23T09:51:58.359+0000] {dag.py:4180} INFO - Setting next_dagrun for tutorial_dag to None, run_after=None
[2026-09-23T09:51:58.381+0000] {processor.py:208} INFO - Processing /home/airflow/.local/lib/python3.12/site-packages/airflow/example_dags/tutorial_dag.py took 0.088 seconds
[2026-09-23T09:52:29.017+0000] {processor.py:186} INFO - Started process (PID=1822) to work on /home/airflow/.local/lib/python3.12/site-packages/airflow/example_dags/tutorial_dag.py
[2026-09-23T09:52:29.018+0000] {processor.py:914} INFO - Processing file /home/airflow/.local/lib/python3.12/site-packages/airflow/example_dags/tutorial_dag.py for tasks to queue
[2026-09-23T09:52:29.021+0000] {logging_mixin.py:190} INFO - [2026-09-23T09:52:29.020+0000] {dagbag.py:588} INFO - Filling up the DagBag from /home/airflow/.local/lib/python3.12/site-packages/airflow/example_dags/tutorial_dag.py
[2026-09-23T09:52:29.031+0000] {processor.py:925} INFO - DAG(s) 'tutorial_dag' retrieved from /home/airflow/.local/lib/python3.12/site-packages/airflow/example_dags/tutorial_dag.py
[2026-09-23T09:52:29.067+0000] {logging_mixin.py:190} INFO - [2026-09-23T09:52:29.067+0000] {dag.py:3239} INFO - Sync 1 DAGs
[2026-09-23T09:52:29.089+0000] {logging_mixin.py:190} INFO - [2026-09-23T09:52:29.088+0000] {dag.py:4180} INFO - Setting next_dagrun for tutorial_dag to None, run_after=None
[2026-09-23T09:52:29.112+0000] {processor.py:208} INFO - Processing /home/airflow/.local/lib/python3.12/site-packages/airflow/example_dags/tutorial_dag.py took 0.103 seconds
[2026-09-23T09:52:59.563+0000] {processor.py:186} INFO - Started process (PID=1903) to work on /home/airflow/.local/lib/python3.12/site-packages/airflow/example_dags/tutorial_dag.py
[2026-09-23T09:52:59.564+0000] {processor.py:914} INFO - Processing file /home/airflow/.local/lib/python3.12/site-packages/airflow/example_dags/tutorial_dag.py for tasks to queue
[2026-09-23T09:52:59.567+0000] {logging_mixin.py:190} INFO - [2026-09-23T09:52:59.566+0000] {dagbag.py:588} INFO - Filling up the DagBag from /home/airflow/.local/lib/python3.12/site-packages/airflow/example_dags/tutorial_dag.py
[2026-09-23T09:52:59.578+0000] {processor.py:925} INFO - DAG(s) 'tutorial_dag' retrieved from /home/airflow/.local/lib/python3.12/site-packages/airflow/example_dags/tutorial_dag.py
[2026-09-23T09:52:59.618+0000] {logging_mixin.py:190} INFO - [2026-09-23T09:52:59.617+0000] {dag.py:3239} INFO - Sync 1 DAGs
[2026-09-23T09:52:59.640+0000] {logging_mixin.py:190} INFO - [2026-09-23T09:52:59.640+0000] {dag.py:4180} INFO - Setting next_dagrun for tutorial_dag to None, run_after=None
[2026-09-23T09:52:59.669+0000] {processor.py:208} INFO - Processing /home/airflow/.local/lib/python3.12/site-packages/airflow/example_dags/tutorial_dag.py took 0.115 seconds
[2026-09-23T09:53:30.446+0000] {processor.py:186} INFO - Started process (PID=1975) to work on /home/airflow/.local/lib/python3.12/site-packages/airflow/example_dags/tutorial_dag.py
[2026-09-23T09:53:30.447+0000] {processor.py:914} INFO - Processing file /home/airflow/.local/lib/python3.12/site-packages/airflow/example_dags/tutorial_dag.py for tasks to queue
[2026-09-23T09:53:30.449+0000] {logging_mixin.py:190} INFO - [2026-09-23T09:53:30.449+0000] {dagbag.py:588} INFO - Filling up the DagBag from /home/airflow/.local/lib/python3.12/site-packages/airflow/example_dags/tutorial_dag.py
[2026-09-23T09:53:30.459+0000] {processor.py:925} INFO - DAG(s) 'tutorial_dag' retrieved from /home/airflow/.local/lib/python3.12/site-packages/airflow/example_dags/tutorial_dag.py
[2026-09-23T09:53:30.484+0000] {logging_mixin.py:190} INFO - [2026-09-23T09:53:30.483+0000] {dag.py:3239} INFO - Sync 1 DAGs
[2026-09-23T09:53:30.505+0000] {logging_mixin.py:190} INFO - [2026-09-23T09:53:30.505+0000] {dag.py:4180} INFO - Setting next_dagrun for tutorial_dag to None, run_after=None
[2026-09-23T09:53:30.530+0000] {processor.py:208} INFO - Processing /home/airflow/.local/lib/python3.12/site-packages/airflow/example_dags/tutorial_dag.py took 0.093 seconds
[2026-09-23T09:54:00.993+0000] {processor.py:186} INFO - Started process (PID=2045) to work on /home/airflow/.local/lib/python3.12/site-packages/airflow/example_dags/tutorial_dag.py
[2026-09-23T09:54:00.994+0000] {processor.py:914} INFO - Processing file /home/airflow/.local/lib/python3.12/site-packages/airflow/example_dags/tutorial_dag.py for tasks to queue
[2026-09-23T09:54:01.001+0000] {logging_mixin.py:190} INFO - [2026-09-23T09:54:01.001+0000] {dagbag.py:588} INFO - Filling up the DagBag from /home/airflow/.local/lib/python3.12/site-packages/airflow/example_dags/tutorial_dag.py
[2026-09-23T09:54:01.024+0000] {processor.py:925} INFO - DAG(s) 'tutorial_dag' retrieved from /home/airflow/.local/lib/python3.12/site-packages/airflow/example_dags/tutorial_dag.py
[2026-09-23T09:54:01.058+0000] {logging_mixin.py:190} INFO - [2026-09-23T09:54:01.057+0000] {dag.py:3239} INFO - Sync 1 DAGs
[2026-09-23T09:54:01.080+0000] {logging_mixin.py:190} INFO - [2026-09-23T09:54:01.079+0000] {dag.py:4180} INFO - Setting next_dagrun for tutorial_dag to None, run_after=None
[2026-09-23T09:54:01.103+0000] {processor.py:208} INFO - Processing /home/airflow/.local/lib/python3.12/site-packages/airflow/example_dags/tutorial_dag.py took 0.120 seconds
[2026-09-23T09:54:31.845+0000] {processor.py:186} INFO - Started process (PID=2118) to work on /home/airflow/.local/lib/python3.12/site-packages/airflow/example_dags/tutorial_dag.py
[2026-09-23T09:54:31.846+0000] {processor.py:914} INFO - Processing file /home/airflow/.local/lib/python3.12/site-packages/airflow/example_dags/tutorial_dag.py for tasks to queue
[2026-09-23T09:54:31.848+0000] {logging_mixin.py:190} INFO - [2026-09-23T09:54:31.848+0000] {dagbag.py:588} INFO - Filling up the DagBag from /home/airflow/.local/lib/python3.12/site-packages/airflow/example_dags/tutorial_dag.py
[2026-09-23T09:54:31.858+0000] {processor.py:925} INFO - DAG(s) 'tutorial_dag' retrieved from /home/airflow/.local/lib/python3.12/site-packages/airflow/example_dags/tutorial_dag.py
[2026-09-23T09:54:31.882+0000] {logging_mixin.py:190} INFO - [2026-09-23T09:54:31.882+0000] {dag.py:3239} INFO - Sync 1 DAGs
[2026-09-23T09:54:31.903+0000] {logging_mixin.py:190} INFO - [2026-09-23T09:54:31.903+0000] {dag.py:4180} INFO - Setting next_dagrun for tutorial_dag to None, run_after=None
[2026-09-23T09:54:31.925+0000] {processor.py:208} INFO - Processing /home/airflow/.local/lib/python3.12/site-packages/airflow/example_dags/tutorial_dag.py took 0.089 seconds
[2026-09-23T09:55:02.282+0000] {processor.py:186} INFO - Started process (PID=2192) to work on /home/airflow/.local/lib/python3.12/site-packages/airflow/example_dags/tutorial_dag.py
[2026-09-23T09:55:02.283+0000] {processor.py:914} INFO - Processing file /home/airflow/.local/lib/python3.12/site-packages/airflow/example_dags/tutorial_dag.py for tasks to queue
[2026-09-23T09:55:02.286+0000] {logging_mixin.py:190} INFO - [2026-09-23T09:55:02.285+0000] {dagbag.py:588} INFO - Filling up the DagBag from /home/airflow/.local/lib/python3.12/site-packages/airflow/example_dags/tutorial_dag.py
[2026-09-23T09:55:02.296+0000] {processor.py:925} INFO - DAG(s) 'tutorial_dag' retrieved from /home/airflow/.local/lib/python3.12/site-packages/airflow/example_dags/tutorial_dag.py
[2026-09-23T09:55:02.320+0000] {logging_mixin.py:190} INFO - [2026-09-23T09:55:02.320+0000] {dag.py:3239} INFO - Sync 1 DAGs
[2026-09-23T09:55:02.342+0000] {logging_mixin.py:190} INFO - [2026-09-23T09:55:02.341+0000] {dag.py:4180} INFO - Setting next_dagrun for tutorial_dag to None, run_after=None
[2026-09-23T09:55:02.365+0000] {processor.py:208} INFO - Processing /home/airflow/.local/lib/python3.12/site-packages/airflow/example_dags/tutorial_dag.py took 0.091 seconds
[2026-09-23T09:55:32.765+0000] {processor.py:186} INFO - Started process (PID=2266) to work on /home/airflow/.local/lib/python3.12/site-packages/airflow/example_dags/tutorial_dag.py
[2026-09-23T09:55:32.766+0000] {processor.py:914} INFO - Processing file /home/airflow/.local/lib/python3.12/site-packages/airflow/example_dags/tutorial_dag.py for tasks to queue
[2026-09-23T09:55:32.769+0000] {logging_mixin.py:190} INFO - [2026-09-23T09:55:32.769+0000] {dagbag.py:588} INFO - Filling up the DagBag from /home/airflow/.local/lib/python3.12/site-packages/airflow/example_dags/tutorial_dag.py
[2026-09-23T09:55:32.781+0000] {processor.py:925} INFO - DAG(s) 'tutorial_dag' retrieved from /home/airflow/.local/lib/python3.12/site-packages/airflow/example_dags/tutorial_dag.py
[2026-09-23T09:55:32.811+0000] {logging_mixin.py:190} INFO - [2026-09-23T09:55:32.811+0000] {dag.py:3239} INFO - Sync 1 DAGs
[2026-09-23T09:55:32.831+0000] {logging_mixin.py:190} INFO - [2026-09-23T09:55:32.831+0000] {dag.py:4180} INFO - Setting next_dagrun for tutorial_dag to None, run_after=None
[2026-09-23T09:55:32.852+0000] {processor.py:208} INFO - Processing /home/airflow/.local/lib/python3.12/site-packages/airflow/example_dags/tutorial_dag.py took 0.096 seconds
[2026-09-23T09:56:03.280+0000] {processor.py:186} INFO - Started process (PID=2339) to work on /home/airflow/.local/lib/python3.12/site-packages/airflow/example_dags/tutorial_dag.py
[2026-09-23T09:56:03.282+0000] {processor.py:914} INFO - Processing file /home/airflow/.local/lib/python3.12/site-packages/airflow/example_dags/tutorial_dag.py for tasks to queue
[2026-09-23T09:56:03.285+0000] {logging_mixin.py:190} INFO - [2026-09-23T09:56:03.284+0000] {dagbag.py:588} INFO - Filling up the DagBag from /home/airflow/.local/lib/python3.12/site-packages/airflow/example_dags/tutorial_dag.py
[2026-09-23T09:56:03.295+0000] {processor.py:925} INFO - DAG(s) 'tutorial_dag' retrieved from /home/airflow/.local/lib/python3.12/site-packages/airflow/example_dags/tutorial_dag.py
[2026-09-23T09:56:03.319+0000] {logging_mixin.py:190} INFO - [2026-09-23T09:56:03.319+0000] {dag.py:3239} INFO - Sync 1 DAGs
[2026-09-23T09:56:03.339+0000] {logging_mixin.py:190} INFO - [2026-09-23T09:56:03.338+0000] {dag.py:4180} INFO - Setting next_dagrun for tutorial_dag to None, run_after=None
[2026-09-23T09:56:03.364+0000] {processor.py:208} INFO - Processing /home/airflow/.local/lib/python3.12/site-packages/airflow/example_dags/tutorial_dag.py took 0.092 seconds
[2026-09-23T09:56:34.122+0000] {processor.py:186} INFO - Started process (PID=2413) to work on /home/airflow/.local/lib/python3.12/site-packages/airflow/example_dags/tutorial_dag.py
[2026-09-23T09:56:34.123+0000] {processor.py:914} INFO - Processing file /home/airflow/.local/lib/python3.12/site-packages/airflow/example_dags/tutorial_dag.py for tasks to queue
[2026-09-23T09:56:34.126+0000] {logging_mixin.py:190} INFO - [2026-09-23T09:56:34.126+0000] {dagbag.py:588} INFO - Filling up the DagBag from /home/airflow/.local/lib/python3.12/site-packages/airflow/example_dags/tutorial_dag.py
[2026-09-23T09:56:34.136+0000] {processor.py:925} INFO - DAG(s) 'tutorial_dag' retrieved from /home/airflow/.local/lib/python3.12/site-packages/airflow/example_dags/tutorial_dag.py
[2026-09-23T09:56:34.160+0000] {logging_mixin.py:190} INFO - [2026-09-23T09:56:34.160+0000] {dag.py:3239} INFO - Sync 1 DAGs
[2026-09-23T09:56:34.180+0000] {logging_mixin.py:190} INFO - [2026-09-23T09:56:34.180+0000] {dag.py:4180} INFO - Setting next_dagrun for tutorial_dag to None, run_after=None
[2026-09-23T09:56:34.202+0000] {processor.py:208} INFO - Processing /home/airflow/.local/lib/python3.12/site-packages/airflow/example_dags/tutorial_dag.py took 0.087 seconds
[2026-09-23T09:57:04.906+0000] {processor.py:186} INFO - Started process (PID=2488) to work on /home/airflow/.local/lib/python3.12/site-packages/airflow/example_dags/tutorial_dag.py
[2026-09-23T09:57:04.908+0000] {processor.py:914} INFO - Processing file /home/airflow/.local/lib/python3.12/site-packages/airflow/example_dags/tutorial_dag.py for tasks to queue
[2026-09-23T09:57:04.910+0000] {logging_mixin.py:190} INFO - [2026-09-23T09:57:04.910+0000] {dagbag.py:588} INFO - Filling up the DagBag from /home/airflow/.local/lib/python3.12/site-packages/airflow/example_dags/tutorial_dag.py
[2026-09-23T09:57:04.920+0000] {processor.py:925} INFO - DAG(s) 'tutorial_dag' retrieved from /home/airflow/.local/lib/python3.12/site-packages/airflow/example_dags/tutorial_dag.py
[2026-09-23T09:57:04.943+0000] {logging_mixin.py:190} INFO - [2026-09-23T09:57:04.942+0000] {dag.py:3239} INFO - Sync 1 DAGs
[2026-09-23T09:57:04.962+0000] {logging_mixin.py:190} INFO - [2026-09-23T09:57:04.962+0000] {dag.py:4180} INFO - Setting next_dagrun for tutorial_dag to None, run_after=None
[2026-09-23T09:57:04.983+0000] {processor.py:208} INFO - Processing /home/airflow/.local/lib/python3.12/site-packages/airflow/example_dags/tutorial_dag.py took 0.084 seconds
[2026-09-23T09:57:35.163+0000] {processor.py:186} INFO - Started process (PID=2562) to work on /home/airflow/.local/lib/python3.12/site-packages/airflow/example_dags/tutorial_dag.py
[2026-09-23T09:57:35.164+0000] {processor.py:914} INFO - Processing file /home/airflow/.local/lib/python3.12/site-packages/airflow/example_dags/tutorial_dag.py for tasks to queue
[2026-09-23T09:57:35.166+0000] {logging_mixin.py:190} INFO - [2026-09-23T09:57:35.166+0000] {dagbag.py:588} INFO - Filling up the DagBag from /home/airflow/.local/lib/python3.12/site-packages/airflow/example_dags/tutorial_dag.py
[2026-09-23T09:57:35.175+0000] {processor.py:925} INFO - DAG(s) 'tutorial_dag' retrieved from /home/airflow/.local/lib/python3.12/site-packages/airflow/example_dags/tutorial_dag.py
[2026-09-23T09:57:35.198+0000] {logging_mixin.py:190} INFO - [2026-09-23T09:57:35.197+0000] {dag.py:3239} INFO - Sync 1 DAGs
[2026-09-23T09:57:35.217+0000] {logging_mixin.py:190} INFO - [2026-09-23T09:57:35.217+0000] {dag.py:4180} INFO - Setting next_dagrun for tutorial_dag to None, run_after=None
[2026-09-23T09:57:35.237+0000] {processor.py:208} INFO - Processing /home/airflow/.local/lib/python3.12/site-packages/airflow/example_dags/tutorial_dag.py took 0.082 seconds
[2026-09-23T09:58:05.827+0000] {processor.py:186} INFO - Started process (PID=2636) to work on /home/airflow/.local/lib/python3.12/site-packages/airflow/example_dags/tutorial_dag.py
[2026-09-23T09:58:05.828+0000] {processor.py:914} INFO - Processing file /home/airflow/.local/lib/python3.12/site-packages/airflow/example_dags/tutorial_dag.py for tasks to queue
[2026-09-23T09:58:05.830+0000] {logging_mixin.py:190} INFO - [2026-09-23T09:58:05.830+0000] {dagbag.py:588} INFO - Filling up the DagBag from /home/airflow/.local/lib/python3.12/site-packages/airflow/example_dags/tutorial_dag.py
[2026-09-23T09:58:05.840+0000] {processor.py:925} INFO - DAG(s) 'tutorial_dag' retrieved from /home/airflow/.local/lib/python3.12/site-packages/airflow/example_dags/tutorial_dag.py
[2026-09-23T09:58:05.862+0000] {logging_mixin.py:190} INFO - [2026-09-23T09:58:05.861+0000] {dag.py:3239} INFO - Sync 1 DAGs
[2026-09-23T09:58:05.881+0000] {logging_mixin.py:190} INFO - [2026-09-23T09:58:05.881+0000] {dag.py:4180} INFO - Setting next_dagrun for tutorial_dag to None, run_after=None
[2026-09-23T09:58:05.901+0000] {processor.py:208} INFO - Processing /home/airflow/.local/lib/python3.12/site-packages/airflow/example_dags/tutorial_dag.py took 0.082 seconds
[2026-09-23T09:58:36.635+0000] {processor.py:186} INFO - Started process (PID=2710) to work on /home/airflow/.local/lib/python3.12/site-packages/airflow/example_dags/tutorial_dag.py
[2026-09-23T09:58:36.636+0000] {processor.py:914} INFO - Processing file /home/airflow/.local/lib/python3.12/site-packages/airflow/example_dags/tutorial_dag.py for tasks to queue
[2026-09-23T09:58:36.638+0000] {logging_mixin.py:190} INFO - [2026-09-23T09:58:36.638+0000] {dagbag.py:588} INFO - Filling up the DagBag from /home/airflow/.local/lib/python3.12/site-packages/airflow/example_dags/tutorial_dag.py
[2026-09-23T09:58:36.648+0000] {processor.py:925} INFO - DAG(s) 'tutorial_dag' retrieved from /home/airflow/.local/lib/python3.12/site-packages/airflow/example_dags/tutorial_dag.py
[2026-09-23T09:58:36.677+0000] {logging_mixin.py:190} INFO - [2026-09-23T09:58:36.677+0000] {dag.py:3239} INFO - Sync 1 DAGs
[2026-09-23T09:58:36.698+0000] {logging_mixin.py:190} INFO - [2026-09-23T09:58:36.697+0000] {dag.py:4180} INFO - Setting next_dagrun for tutorial_dag to None, run_after=None
[2026-09-23T09:58:36.721+0000] {processor.py:208} INFO - Processing /home/airflow/.local/lib/python3.12/site-packages/airflow/example_dags/tutorial_dag.py took 0.095 seconds
[2026-09-23T09:59:07.056+0000] {processor.py:186} INFO - Started process (PID=2784) to work on /home/airflow/.local/lib/python3.12/site-packages/airflow/example_dags/tutorial_dag.py
[2026-09-23T09:59:07.057+0000] {processor.py:914} INFO - Processing file /home/airflow/.local/lib/python3.12/site-packages/airflow/example_dags/tutorial_dag.py for tasks to queue
[2026-09-23T09:59:07.060+0000] {logging_mixin.py:190} INFO - [2026-09-23T09:59:07.060+0000] {dagbag.py:588} INFO - Filling up the DagBag from /home/airflow/.local/lib/python3.12/site-packages/airflow/example_dags/tutorial_dag.py
[2026-09-23T09:59:07.077+0000] {processor.py:925} INFO - DAG(s) 'tutorial_dag' retrieved from /home/airflow/.local/lib/python3.12/site-packages/airflow/example_dags/tutorial_dag.py
[2026-09-23T09:59:07.102+0000] {logging_mixin.py:190} INFO - [2026-09-23T09:59:07.102+0000] {dag.py:3239} INFO - Sync 1 DAGs
[2026-09-23T09:59:07.123+0000] {logging_mixin.py:190} INFO - [2026-09-23T09:59:07.123+0000] {dag.py:4180} INFO - Setting next_dagrun for tutorial_dag to None, run_after=None
[2026-09-23T09:59:07.144+0000] {processor.py:208} INFO - Processing /home/airflow/.local/lib/python3.12/site-packages/airflow/example_dags/tutorial_dag.py took 0.098 seconds
[2026-09-23T09:59:37.223+0000] {processor.py:186} INFO - Started process (PID=2858) to work on /home/airflow/.local/lib/python3.12/site-packages/airflow/example_dags/tutorial_dag.py
[2026-09-23T09:59:37.224+0000] {processor.py:914} INFO - Processing file /home/airflow/.local/lib/python3.12/site-packages/airflow/example_dags/tutorial_dag.py for tasks to queue
[2026-09-23T09:59:37.227+0000] {logging_mixin.py:190} INFO - [2026-09-23T09:59:37.227+0000] {dagbag.py:588} INFO - Filling up the DagBag from /home/airflow/.local/lib/python3.12/site-packages/airflow/example_dags/tutorial_dag.py
[2026-09-23T09:59:37.237+0000] {processor.py:925} INFO - DAG(s) 'tutorial_dag' retrieved from /home/airflow/.local/lib/python3.12/site-packages/airflow/example_dags/tutorial_dag.py
[2026-09-23T09:59:37.262+0000] {logging_mixin.py:190} INFO - [2026-09-23T09:59:37.262+0000] {dag.py:3239} INFO - Sync 1 DAGs
[2026-09-23T09:59:37.284+0000] {logging_mixin.py:190} INFO - [2026-09-23T09:59:37.284+0000] {dag.py:4180} INFO - Setting next_dagrun for tutorial_dag to None, run_after=None
[2026-09-23T09:59:37.309+0000] {processor.py:208} INFO - Processing /home/airflow/.local/lib/python3.12/site-packages/airflow/example_dags/tutorial_dag.py took 0.094 seconds
[2026-09-23T10:00:07.588+0000] {processor.py:186} INFO - Started process (PID=2931) to work on /home/airflow/.local/lib/python3.12/site-packages/airflow/example_dags/tutorial_dag.py
[2026-09-23T10:00:07.591+0000] {processor.py:914} INFO - Processing file /home/airflow/.local/lib/python3.12/site-packages/airflow/example_dags/tutorial_dag.py for tasks to queue
[2026-09-23T10:00:07.595+0000] {logging_mixin.py:190} INFO - [2026-09-23T10:00:07.595+0000] {dagbag.py:588} INFO - Filling up the DagBag from /home/airflow/.local/lib/python3.12/site-packages/airflow/example_dags/tutorial_dag.py
[2026-09-23T10:00:07.606+0000] {processor.py:925} INFO - DAG(s) 'tutorial_dag' retrieved from /home/airflow/.local/lib/python3.12/site-packages/airflow/example_dags/tutorial_dag.py
[2026-09-23T10:00:07.649+0000] {logging_mixin.py:190} INFO - [2026-09-23T10:00:07.649+0000] {dag.py:3239} INFO - Sync 1 DAGs
[2026-09-23T10:00:07.684+0000] {logging_mixin.py:190} INFO - [2026-09-23T10:00:07.683+0000] {dag.py:4180} INFO - Setting next_dagrun for tutorial_dag to None, run_after=None
[2026-09-23T10:00:07.717+0000] {processor.py:208} INFO - Processing /home/airflow/.local/lib/python3.12/site-packages/airflow/example_dags/tutorial_dag.py took 0.138 seconds
[2026-09-23T10:00:37.882+0000] {processor.py:186} INFO - Started process (PID=3004) to work on /home/airflow/.local/lib/python3.12/site-packages/airflow/example_dags/tutorial_dag.py
[2026-09-23T10:00:37.890+0000] {processor.py:914} INFO - Processing file /home/airflow/.local/lib/python3.12/site-packages/airflow/example_dags/tutorial_dag.py for tasks to queue
[2026-09-23T10:00:37.900+0000] {logging_mixin.py:190} INFO - [2026-09-23T10:00:37.899+0000] {dagbag.py:588} INFO - Filling up the DagBag from /home/airflow/.local/lib/python3.12/site-packages/airflow/example_dags/tutorial_dag.py
[2026-09-23T10:00:37.969+0000] {processor.py:925} INFO - DAG(s) 'tutorial_dag' retrieved from /home/airflow/.local/lib/python3.12/site-packages/airflow/example_dags/tutorial_dag.py
[2026-09-23T10:00:38.060+0000] {logging_mixin.py:190} INFO - [2026-09-23T10:00:38.060+0000] {dag.py:3239} INFO - Sync 1 DAGs
[2026-09-23T10:00:38.125+0000] {logging_mixin.py:190} INFO - [2026-09-23T10:00:38.125+0000] {dag.py:4180} INFO - Setting next_dagrun for tutorial_dag to None, run_after=None
[2026-09-23T10:00:38.197+0000] {processor.py:208} INFO - Processing /home/airflow/.local/lib/python3.12/site-packages/airflow/example_dags/tutorial_dag.py took 0.368 seconds
[2026-09-23T10:01:08.872+0000] {processor.py:186} INFO - Started process (PID=3071) to work on /home/airflow/.local/lib/python3.12/site-packages/airflow/example_dags/tutorial_dag.py
[2026-09-23T10:01:08.877+0000] {processor.py:914} INFO - Processing file /home/airflow/.local/lib/python3.12/site-packages/airflow/example_dags/tutorial_dag.py for tasks to queue
[2026-09-23T10:01:08.883+0000] {logging_mixin.py:190} INFO - [2026-09-23T10:01:08.883+0000] {dagbag.py:588} INFO - Filling up the DagBag from /home/airflow/.local/lib/python3.12/site-packages/airflow/example_dags/tutorial_dag.py
[2026-09-23T10:01:08.905+0000] {processor.py:925} INFO - DAG(s) 'tutorial_dag' retrieved from /home/airflow/.local/lib/python3.12/site-packages/airflow/example_dags/tutorial_dag.py
[2026-09-23T10:01:08.943+0000] {logging_mixin.py:190} INFO - [2026-09-23T10:01:08.942+0000] {dag.py:3239} INFO - Sync 1 DAGs
[2026-09-23T10:01:08.972+0000] {logging_mixin.py:190} INFO - [2026-09-23T10:01:08.972+0000] {dag.py:4180} INFO - Setting next_dagrun for tutorial_dag to None, run_after=None
[2026-09-23T10:01:09.057+0000] {processor.py:208} INFO - Processing /home/airflow/.local/lib/python3.12/site-packages/airflow/example_dags/tutorial_dag.py took 0.198 seconds
[2026-09-23T10:01:40.019+0000] {processor.py:186} INFO - Started process (PID=3145) to work on /home/airflow/.local/lib/python3.12/site-packages/airflow/example_dags/tutorial_dag.py
[2026-09-23T10:01:40.021+0000] {processor.py:914} INFO - Processing file /home/airflow/.local/lib/python3.12/site-packages/airflow/example_dags/tutorial_dag.py for tasks to queue
[2026-09-23T10:01:40.023+0000] {logging_mixin.py:190} INFO - [2026-09-23T10:01:40.023+0000] {dagbag.py:588} INFO - Filling up the DagBag from /home/airflow/.local/lib/python3.12/site-packages/airflow/example_dags/tutorial_dag.py
[2026-09-23T10:01:40.036+0000] {processor.py:925} INFO - DAG(s) 'tutorial_dag' retrieved from /home/airflow/.local/lib/python3.12/site-packages/airflow/example_dags/tutorial_dag.py
[2026-09-23T10:01:40.065+0000] {logging_mixin.py:190} INFO - [2026-09-23T10:01:40.064+0000] {dag.py:3239} INFO - Sync 1 DAGs
[2026-09-23T10:01:40.085+0000] {logging_mixin.py:190} INFO - [2026-09-23T10:01:40.085+0000] {dag.py:4180} INFO - Setting next_dagrun for tutorial_dag to None, run_after=None
[2026-09-23T10:01:40.118+0000] {processor.py:208} INFO - Processing /home/airflow/.local/lib/python3.12/site-packages/airflow/example_dags/tutorial_dag.py took 0.109 seconds
[2026-09-23T10:02:10.307+0000] {processor.py:186} INFO - Started process (PID=3218) to work on /home/airflow/.local/lib/python3.12/site-packages/airflow/example_dags/tutorial_dag.py
[2026-09-23T10:02:10.309+0000] {processor.py:914} INFO - Processing file /home/airflow/.local/lib/python3.12/site-packages/airflow/example_dags/tutorial_dag.py for tasks to queue
[2026-09-23T10:02:10.314+0000] {logging_mixin.py:190} INFO - [2026-09-23T10:02:10.312+0000] {dagbag.py:588} INFO - Filling up the DagBag from /home/airflow/.local/lib/python3.12/site-packages/airflow/example_dags/tutorial_dag.py
[2026-09-23T10:02:10.326+0000] {processor.py:925} INFO - DAG(s) 'tutorial_dag' retrieved from /home/airflow/.local/lib/python3.12/site-packages/airflow/example_dags/tutorial_dag.py
[2026-09-23T10:02:10.353+0000] {logging_mixin.py:190} INFO - [2026-09-23T10:02:10.352+0000] {dag.py:3239} INFO - Sync 1 DAGs
[2026-09-23T10:02:10.376+0000] {logging_mixin.py:190} INFO - [2026-09-23T10:02:10.376+0000] {dag.py:4180} INFO - Setting next_dagrun for tutorial_dag to None, run_after=None
[2026-09-23T10:02:10.405+0000] {processor.py:208} INFO - Processing /home/airflow/.local/lib/python3.12/site-packages/airflow/example_dags/tutorial_dag.py took 0.107 seconds
[2026-09-23T10:02:40.622+0000] {processor.py:186} INFO - Started process (PID=3291) to work on /home/airflow/.local/lib/python3.12/site-packages/airflow/example_dags/tutorial_dag.py
[2026-09-23T10:02:40.623+0000] {processor.py:914} INFO - Processing file /home/airflow/.local/lib/python3.12/site-packages/airflow/example_dags/tutorial_dag.py for tasks to queue
[2026-09-23T10:02:40.626+0000] {logging_mixin.py:190} INFO - [2026-09-23T10:02:40.625+0000] {dagbag.py:588} INFO - Filling up the DagBag from /home/airflow/.local/lib/python3.12/site-packages/airflow/example_dags/tutorial_dag.py
[2026-09-23T10:02:40.636+0000] {processor.py:925} INFO - DAG(s) 'tutorial_dag' retrieved from /home/airflow/.local/lib/python3.12/site-packages/airflow/example_dags/tutorial_dag.py
[2026-09-23T10:02:40.669+0000] {logging_mixin.py:190} INFO - [2026-09-23T10:02:40.669+0000] {dag.py:3239} INFO - Sync 1 DAGs
[2026-09-23T10:02:40.712+0000] {logging_mixin.py:190} INFO - [2026-09-23T10:02:40.712+0000] {dag.py:4180} INFO - Setting next_dagrun for tutorial_dag to None, run_after=None
[2026-09-23T10:02:40.768+0000] {processor.py:208} INFO - Processing /home/airflow/.local/lib/python3.12/site-packages/airflow/example_dags/tutorial_dag.py took 0.156 seconds
[2026-09-23T10:03:11.995+0000] {processor.py:186} INFO - Started process (PID=3365) to work on /home/airflow/.local/lib/python3.12/site-packages/airflow/example_dags/tutorial_dag.py
[2026-09-23T10:03:11.996+0000] {processor.py:914} INFO - Processing file /home/airflow/.local/lib/python3.12/site-packages/airflow/example_dags/tutorial_dag.py for tasks to queue
[2026-09-23T10:03:12.001+0000] {logging_mixin.py:190} INFO - [2026-09-23T10:03:12.000+0000] {dagbag.py:588} INFO - Filling up the DagBag from /home/airflow/.local/lib/python3.12/site-packages/airflow/example_dags/tutorial_dag.py
[2026-09-23T10:03:12.013+0000] {processor.py:925} INFO - DAG(s) 'tutorial_dag' retrieved from /home/airflow/.local/lib/python3.12/site-packages/airflow/example_dags/tutorial_dag.py
[2026-09-23T10:03:12.063+0000] {logging_mixin.py:190} INFO - [2026-09-23T10:03:12.062+0000] {dag.py:3239} INFO - Sync 1 DAGs
[2026-09-23T10:03:12.095+0000] {logging_mixin.py:190} INFO - [2026-09-23T10:03:12.095+0000] {dag.py:4180} INFO - Setting next_dagrun for tutorial_dag to None, run_after=None
[2026-09-23T10:03:12.144+0000] {processor.py:208} INFO - Processing /home/airflow/.local/lib/python3.12/site-packages/airflow/example_dags/tutorial_dag.py took 0.168 seconds
[2026-09-23T10:03:43.437+0000] {processor.py:186} INFO - Started process (PID=3439) to work on /home/airflow/.local/lib/python3.12/site-packages/airflow/example_dags/tutorial_dag.py
[2026-09-23T10:03:43.439+0000] {processor.py:914} INFO - Processing file /home/airflow/.local/lib/python3.12/site-packages/airflow/example_dags/tutorial_dag.py for tasks to queue
[2026-09-23T10:03:43.443+0000] {logging_mixin.py:190} INFO - [2026-09-23T10:03:43.442+0000] {dagbag.py:588} INFO - Filling up the DagBag from /home/airflow/.local/lib/python3.12/site-packages/airflow/example_dags/tutorial_dag.py
[2026-09-23T10:03:43.455+0000] {processor.py:925} INFO - DAG(s) 'tutorial_dag' retrieved from /home/airflow/.local/lib/python3.12/site-packages/airflow/example_dags/tutorial_dag.py
[2026-09-23T10:03:43.494+0000] {logging_mixin.py:190} INFO - [2026-09-23T10:03:43.494+0000] {dag.py:3239} INFO - Sync 1 DAGs
[2026-09-23T10:03:43.524+0000] {logging_mixin.py:190} INFO - [2026-09-23T10:03:43.524+0000] {dag.py:4180} INFO - Setting next_dagrun for tutorial_dag to None, run_after=None
[2026-09-23T10:03:43.564+0000] {processor.py:208} INFO - Processing /home/airflow/.local/lib/python3.12/site-packages/airflow/example_dags/tutorial_dag.py took 0.139 seconds
[2026-09-23T10:04:14.296+0000] {processor.py:186} INFO - Started process (PID=3504) to work on /home/airflow/.local/lib/python3.12/site-packages/airflow/example_dags/tutorial_dag.py
[2026-09-23T10:04:14.297+0000] {processor.py:914} INFO - Processing file /home/airflow/.local/lib/python3.12/site-packages/airflow/example_dags/tutorial_dag.py for tasks to queue
[2026-09-23T10:04:14.300+0000] {logging_mixin.py:190} INFO - [2026-09-23T10:04:14.299+0000] {dagbag.py:588} INFO - Filling up the DagBag from /home/airflow/.local/lib/python3.12/site-packages/airflow/example_dags/tutorial_dag.py
[2026-09-23T10:04:14.313+0000] {processor.py:925} INFO - DAG(s) 'tutorial_dag' retrieved from /home/airflow/.local/lib/python3.12/site-packages/airflow/example_dags/tutorial_dag.py
[2026-09-23T10:04:14.340+0000] {logging_mixin.py:190} INFO - [2026-09-23T10:04:14.340+0000] {dag.py:3239} INFO - Sync 1 DAGs
[2026-09-23T10:04:14.363+0000] {logging_mixin.py:190} INFO - [2026-09-23T10:04:14.363+0000] {dag.py:4180} INFO - Setting next_dagrun for tutorial_dag to None, run_after=None
[2026-09-23T10:04:14.386+0000] {processor.py:208} INFO - Processing /home/airflow/.local/lib/python3.12/site-packages/airflow/example_dags/tutorial_dag.py took 0.104 seconds
[2026-09-23T10:04:44.568+0000] {processor.py:186} INFO - Started process (PID=3578) to work on /home/airflow/.local/lib/python3.12/site-packages/airflow/example_dags/tutorial_dag.py
[2026-09-23T10:04:44.573+0000] {processor.py:914} INFO - Processing file /home/airflow/.local/lib/python3.12/site-packages/airflow/example_dags/tutorial_dag.py for tasks to queue
[2026-09-23T10:04:44.575+0000] {logging_mixin.py:190} INFO - [2026-09-23T10:04:44.575+0000] {dagbag.py:588} INFO - Filling up the DagBag from /home/airflow/.local/lib/python3.12/site-packages/airflow/example_dags/tutorial_dag.py
[2026-09-23T10:04:44.592+0000] {processor.py:925} INFO - DAG(s) 'tutorial_dag' retrieved from /home/airflow/.local/lib/python3.12/site-packages/airflow/example_dags/tutorial_dag.py
[2026-09-23T10:04:44.631+0000] {logging_mixin.py:190} INFO - [2026-09-23T10:04:44.631+0000] {dag.py:3239} INFO - Sync 1 DAGs
[2026-09-23T10:04:44.658+0000] {logging_mixin.py:190} INFO - [2026-09-23T10:04:44.658+0000] {dag.py:4180} INFO - Setting next_dagrun for tutorial_dag to None, run_after=None
[2026-09-23T10:04:44.681+0000] {processor.py:208} INFO - Processing /home/airflow/.local/lib/python3.12/site-packages/airflow/example_dags/tutorial_dag.py took 0.125 seconds
[2026-09-23T10:05:15.267+0000] {processor.py:186} INFO - Started process (PID=3651) to work on /home/airflow/.local/lib/python3.12/site-packages/airflow/example_dags/tutorial_dag.py
[2026-09-23T10:05:15.269+0000] {processor.py:914} INFO - Processing file /home/airflow/.local/lib/python3.12/site-packages/airflow/example_dags/tutorial_dag.py for tasks to queue
[2026-09-23T10:05:15.272+0000] {logging_mixin.py:190} INFO - [2026-09-23T10:05:15.271+0000] {dagbag.py:588} INFO - Filling up the DagBag from /home/airflow/.local/lib/python3.12/site-packages/airflow/example_dags/tutorial_dag.py
[2026-09-23T10:05:15.284+0000] {processor.py:925} INFO - DAG(s) 'tutorial_dag' retrieved from /home/airflow/.local/lib/python3.12/site-packages/airflow/example_dags/tutorial_dag.py
[2026-09-23T10:05:15.324+0000] {logging_mixin.py:190} INFO - [2026-09-23T10:05:15.324+0000] {dag.py:3239} INFO - Sync 1 DAGs
[2026-09-23T10:05:15.351+0000] {logging_mixin.py:190} INFO - [2026-09-23T10:05:15.351+0000] {dag.py:4180} INFO - Setting next_dagrun for tutorial_dag to None, run_after=None
[2026-09-23T10:05:15.440+0000] {processor.py:208} INFO - Processing /home/airflow/.local/lib/python3.12/site-packages/airflow/example_dags/tutorial_dag.py took 0.185 seconds
[2026-09-23T10:05:45.636+0000] {processor.py:186} INFO - Started process (PID=3725) to work on /home/airflow/.local/lib/python3.12/site-packages/airflow/example_dags/tutorial_dag.py
[2026-09-23T10:05:45.637+0000] {processor.py:914} INFO - Processing file /home/airflow/.local/lib/python3.12/site-packages/airflow/example_dags/tutorial_dag.py for tasks to queue
[2026-09-23T10:05:45.643+0000] {logging_mixin.py:190} INFO - [2026-09-23T10:05:45.642+0000] {dagbag.py:588} INFO - Filling up the DagBag from /home/airflow/.local/lib/python3.12/site-packages/airflow/example_dags/tutorial_dag.py
[2026-09-23T10:05:45.661+0000] {processor.py:925} INFO - DAG(s) 'tutorial_dag' retrieved from /home/airflow/.local/lib/python3.12/site-packages/airflow/example_dags/tutorial_dag.py
[2026-09-23T10:05:45.700+0000] {logging_mixin.py:190} INFO - [2026-09-23T10:05:45.700+0000] {dag.py:3239} INFO - Sync 1 DAGs
[2026-09-23T10:05:45.739+0000] {logging_mixin.py:190} INFO - [2026-09-23T10:05:45.738+0000] {dag.py:4180} INFO - Setting next_dagrun for tutorial_dag to None, run_after=None
[2026-09-23T10:05:45.808+0000] {processor.py:208} INFO - Processing /home/airflow/.local/lib/python3.12/site-packages/airflow/example_dags/tutorial_dag.py took 0.183 seconds
[2026-09-23T10:06:15.882+0000] {processor.py:186} INFO - Started process (PID=3799) to work on /home/airflow/.local/lib/python3.12/site-packages/airflow/example_dags/tutorial_dag.py
[2026-09-23T10:06:15.883+0000] {processor.py:914} INFO - Processing file /home/airflow/.local/lib/python3.12/site-packages/airflow/example_dags/tutorial_dag.py for tasks to queue
[2026-09-23T10:06:15.887+0000] {logging_mixin.py:190} INFO - [2026-09-23T10:06:15.886+0000] {dagbag.py:588} INFO - Filling up the DagBag from /home/airflow/.local/lib/python3.12/site-packages/airflow/example_dags/tutorial_dag.py
[2026-09-23T10:06:15.899+0000] {processor.py:925} INFO - DAG(s) 'tutorial_dag' retrieved from /home/airflow/.local/lib/python3.12/site-packages/airflow/example_dags/tutorial_dag.py
[2026-09-23T10:06:15.938+0000] {logging_mixin.py:190} INFO - [2026-09-23T10:06:15.938+0000] {dag.py:3239} INFO - Sync 1 DAGs
[2026-09-23T10:06:15.962+0000] {logging_mixin.py:190} INFO - [2026-09-23T10:06:15.961+0000] {dag.py:4180} INFO - Setting next_dagrun for tutorial_dag to None, run_after=None
[2026-09-23T10:06:15.997+0000] {processor.py:208} INFO - Processing /home/airflow/.local/lib/python3.12/site-packages/airflow/example_dags/tutorial_dag.py took 0.124 seconds
[2026-09-23T10:06:47.015+0000] {processor.py:186} INFO - Started process (PID=3873) to work on /home/airflow/.local/lib/python3.12/site-packages/airflow/example_dags/tutorial_dag.py
[2026-09-23T10:06:47.016+0000] {processor.py:914} INFO - Processing file /home/airflow/.local/lib/python3.12/site-packages/airflow/example_dags/tutorial_dag.py for tasks to queue
[2026-09-23T10:06:47.019+0000] {logging_mixin.py:190} INFO - [2026-09-23T10:06:47.019+0000] {dagbag.py:588} INFO - Filling up the DagBag from /home/airflow/.local/lib/python3.12/site-packages/airflow/example_dags/tutorial_dag.py
[2026-09-23T10:06:47.033+0000] {processor.py:925} INFO - DAG(s) 'tutorial_dag' retrieved from /home/airflow/.local/lib/python3.12/site-packages/airflow/example_dags/tutorial_dag.py
[2026-09-23T10:06:47.062+0000] {logging_mixin.py:190} INFO - [2026-09-23T10:06:47.062+0000] {dag.py:3239} INFO - Sync 1 DAGs
[2026-09-23T10:06:47.085+0000] {logging_mixin.py:190} INFO - [2026-09-23T10:06:47.085+0000] {dag.py:4180} INFO - Setting next_dagrun for tutorial_dag to None, run_after=None
[2026-09-23T10:06:47.112+0000] {processor.py:208} INFO - Processing /home/airflow/.local/lib/python3.12/site-packages/airflow/example_dags/tutorial_dag.py took 0.108 seconds
[2026-09-23T10:07:17.455+0000] {processor.py:186} INFO - Started process (PID=3947) to work on /home/airflow/.local/lib/python3.12/site-packages/airflow/example_dags/tutorial_dag.py
[2026-09-23T10:07:17.456+0000] {processor.py:914} INFO - Processing file /home/airflow/.local/lib/python3.12/site-packages/airflow/example_dags/tutorial_dag.py for tasks to queue
[2026-09-23T10:07:17.459+0000] {logging_mixin.py:190} INFO - [2026-09-23T10:07:17.458+0000] {dagbag.py:588} INFO - Filling up the DagBag from /home/airflow/.local/lib/python3.12/site-packages/airflow/example_dags/tutorial_dag.py
[2026-09-23T10:07:17.469+0000] {processor.py:925} INFO - DAG(s) 'tutorial_dag' retrieved from /home/airflow/.local/lib/python3.12/site-packages/airflow/example_dags/tutorial_dag.py
[2026-09-23T10:07:17.499+0000] {logging_mixin.py:190} INFO - [2026-09-23T10:07:17.498+0000] {dag.py:3239} INFO - Sync 1 DAGs
[2026-09-23T10:07:17.523+0000] {logging_mixin.py:190} INFO - [2026-09-23T10:07:17.523+0000] {dag.py:4180} INFO - Setting next_dagrun for tutorial_dag to None, run_after=None
[2026-09-23T10:07:17.555+0000] {processor.py:208} INFO - Processing /home/airflow/.local/lib/python3.12/site-packages/airflow/example_dags/tutorial_dag.py took 0.110 seconds
[2026-09-23T10:07:48.524+0000] {processor.py:186} INFO - Started process (PID=4021) to work on /home/airflow/.local/lib/python3.12/site-packages/airflow/example_dags/tutorial_dag.py
[2026-09-23T10:07:48.527+0000] {processor.py:914} INFO - Processing file /home/airflow/.local/lib/python3.12/site-packages/airflow/example_dags/tutorial_dag.py for tasks to queue
[2026-09-23T10:07:48.533+0000] {logging_mixin.py:190} INFO - [2026-09-23T10:07:48.532+0000] {dagbag.py:588} INFO - Filling up the DagBag from /home/airflow/.local/lib/python3.12/site-packages/airflow/example_dags/tutorial_dag.py
[2026-09-23T10:07:48.548+0000] {processor.py:925} INFO - DAG(s) 'tutorial_dag' retrieved from /home/airflow/.local/lib/python3.12/site-packages/airflow/example_dags/tutorial_dag.py
[2026-09-23T10:07:48.598+0000] {logging_mixin.py:190} INFO - [2026-09-23T10:07:48.598+0000] {dag.py:3239} INFO - Sync 1 DAGs
[2026-09-23T10:07:48.637+0000] {logging_mixin.py:190} INFO - [2026-09-23T10:07:48.636+0000] {dag.py:4180} INFO - Setting next_dagrun for tutorial_dag to None, run_after=None
[2026-09-23T10:07:48.694+0000] {processor.py:208} INFO - Processing /home/airflow/.local/lib/python3.12/site-packages/airflow/example_dags/tutorial_dag.py took 0.199 seconds
[2026-09-23T10:08:19.351+0000] {processor.py:186} INFO - Started process (PID=4095) to work on /home/airflow/.local/lib/python3.12/site-packages/airflow/example_dags/tutorial_dag.py
[2026-09-23T10:08:19.352+0000] {processor.py:914} INFO - Processing file /home/airflow/.local/lib/python3.12/site-packages/airflow/example_dags/tutorial_dag.py for tasks to queue
[2026-09-23T10:08:19.355+0000] {logging_mixin.py:190} INFO - [2026-09-23T10:08:19.355+0000] {dagbag.py:588} INFO - Filling up the DagBag from /home/airflow/.local/lib/python3.12/site-packages/airflow/example_dags/tutorial_dag.py
[2026-09-23T10:08:19.370+0000] {processor.py:925} INFO - DAG(s) 'tutorial_dag' retrieved from /home/airflow/.local/lib/python3.12/site-packages/airflow/example_dags/tutorial_dag.py
[2026-09-23T10:08:19.402+0000] {logging_mixin.py:190} INFO - [2026-09-23T10:08:19.402+0000] {dag.py:3239} INFO - Sync 1 DAGs
[2026-09-23T10:08:19.429+0000] {logging_mixin.py:190} INFO - [2026-09-23T10:08:19.428+0000] {dag.py:4180} INFO - Setting next_dagrun for tutorial_dag to None, run_after=None
[2026-09-23T10:08:19.474+0000] {processor.py:208} INFO - Processing /home/airflow/.local/lib/python3.12/site-packages/airflow/example_dags/tutorial_dag.py took 0.132 seconds
[2026-09-23T10:08:49.919+0000] {processor.py:186} INFO - Started process (PID=4162) to work on /home/airflow/.local/lib/python3.12/site-packages/airflow/example_dags/tutorial_dag.py
[2026-09-23T10:08:49.921+0000] {processor.py:914} INFO - Processing file /home/airflow/.local/lib/python3.12/site-packages/airflow/example_dags/tutorial_dag.py for tasks to queue
[2026-09-23T10:08:49.923+0000] {logging_mixin.py:190} INFO - [2026-09-23T10:08:49.923+0000] {dagbag.py:588} INFO - Filling up the DagBag from /home/airflow/.local/lib/python3.12/site-packages/airflow/example_dags/tutorial_dag.py
[2026-09-23T10:08:49.932+0000] {processor.py:925} INFO - DAG(s) 'tutorial_dag' retrieved from /home/airflow/.local/lib/python3.12/site-packages/airflow/example_dags/tutorial_dag.py
[2026-09-23T10:08:49.955+0000] {logging_mixin.py:190} INFO - [2026-09-23T10:08:49.954+0000] {dag.py:3239} INFO - Sync 1 DAGs
[2026-09-23T10:08:49.976+0000] {logging_mixin.py:190} INFO - [2026-09-23T10:08:49.976+0000] {dag.py:4180} INFO - Setting next_dagrun for tutorial_dag to None, run_after=None
[2026-09-23T10:08:49.997+0000] {processor.py:208} INFO - Processing /home/airflow/.local/lib/python3.12/site-packages/airflow/example_dags/tutorial_dag.py took 0.085 seconds
[2026-09-23T10:09:20.532+0000] {processor.py:186} INFO - Started process (PID=4234) to work on /home/airflow/.local/lib/python3.12/site-packages/airflow/example_dags/tutorial_dag.py
[2026-09-23T10:09:20.533+0000] {processor.py:914} INFO - Processing file /home/airflow/.local/lib/python3.12/site-packages/airflow/example_dags/tutorial_dag.py for tasks to queue
[2026-09-23T10:09:20.537+0000] {logging_mixin.py:190} INFO - [2026-09-23T10:09:20.536+0000] {dagbag.py:588} INFO - Filling up the DagBag from /home/airflow/.local/lib/python3.12/site-packages/airflow/example_dags/tutorial_dag.py
[2026-09-23T10:09:20.550+0000] {processor.py:925} INFO - DAG(s) 'tutorial_dag' retrieved from /home/airflow/.local/lib/python3.12/site-packages/airflow/example_dags/tutorial_dag.py
[2026-09-23T10:09:20.591+0000] {logging_mixin.py:190} INFO - [2026-09-23T10:09:20.591+0000] {dag.py:3239} INFO - Sync 1 DAGs
[2026-09-23T10:09:20.616+0000] {logging_mixin.py:190} INFO - [2026-09-23T10:09:20.615+0000] {dag.py:4180} INFO - Setting next_dagrun for tutorial_dag to None, run_after=None
[2026-09-23T10:09:20.656+0000] {processor.py:208} INFO - Processing /home/airflow/.local/lib/python3.12/site-packages/airflow/example_dags/tutorial_dag.py took 0.143 seconds
[2026-09-23T10:09:51.680+0000] {processor.py:186} INFO - Started process (PID=4307) to work on /home/airflow/.local/lib/python3.12/site-packages/airflow/example_dags/tutorial_dag.py
[2026-09-23T10:09:51.685+0000] {processor.py:914} INFO - Processing file /home/airflow/.local/lib/python3.12/site-packages/airflow/example_dags/tutorial_dag.py for tasks to queue
[2026-09-23T10:09:51.700+0000] {logging_mixin.py:190} INFO - [2026-09-23T10:09:51.700+0000] {dagbag.py:588} INFO - Filling up the DagBag from /home/airflow/.local/lib/python3.12/site-packages/airflow/example_dags/tutorial_dag.py
[2026-09-23T10:09:51.739+0000] {processor.py:925} INFO - DAG(s) 'tutorial_dag' retrieved from /home/airflow/.local/lib/python3.12/site-packages/airflow/example_dags/tutorial_dag.py
[2026-09-23T10:09:51.778+0000] {logging_mixin.py:190} INFO - [2026-09-23T10:09:51.778+0000] {dag.py:3239} INFO - Sync 1 DAGs
[2026-09-23T10:09:51.808+0000] {logging_mixin.py:190} INFO - [2026-09-23T10:09:51.808+0000] {dag.py:4180} INFO - Setting next_dagrun for tutorial_dag to None, run_after=None
[2026-09-23T10:09:51.862+0000] {processor.py:208} INFO - Processing /home/airflow/.local/lib/python3.12/site-packages/airflow/example_dags/tutorial_dag.py took 0.223 seconds
[2026-09-23T10:10:22.652+0000] {processor.py:186} INFO - Started process (PID=4379) to work on /home/airflow/.local/lib/python3.12/site-packages/airflow/example_dags/tutorial_dag.py
[2026-09-23T10:10:22.653+0000] {processor.py:914} INFO - Processing file /home/airflow/.local/lib/python3.12/site-packages/airflow/example_dags/tutorial_dag.py for tasks to queue
[2026-09-23T10:10:22.658+0000] {logging_mixin.py:190} INFO - [2026-09-23T10:10:22.657+0000] {dagbag.py:588} INFO - Filling up the DagBag from /home/airflow/.local/lib/python3.12/site-packages/airflow/example_dags/tutorial_dag.py
[2026-09-23T10:10:22.668+0000] {processor.py:925} INFO - DAG(s) 'tutorial_dag' retrieved from /home/airflow/.local/lib/python3.12/site-packages/airflow/example_dags/tutorial_dag.py
[2026-09-23T10:10:22.702+0000] {logging_mixin.py:190} INFO - [2026-09-23T10:10:22.702+0000] {dag.py:3239} INFO - Sync 1 DAGs
[2026-09-23T10:10:22.723+0000] {logging_mixin.py:190} INFO - [2026-09-23T10:10:22.722+0000] {dag.py:4180} INFO - Setting next_dagrun for tutorial_dag to None, run_after=None
[2026-09-23T10:10:22.753+0000] {processor.py:208} INFO - Processing /home/airflow/.local/lib/python3.12/site-packages/airflow/example_dags/tutorial_dag.py took 0.110 seconds
[2026-09-23T10:10:53.019+0000] {processor.py:186} INFO - Started process (PID=4452) to work on /home/airflow/.local/lib/python3.12/site-packages/airflow/example_dags/tutorial_dag.py
[2026-09-23T10:10:53.020+0000] {processor.py:914} INFO - Processing file /home/airflow/.local/lib/python3.12/site-packages/airflow/example_dags/tutorial_dag.py for tasks to queue
[2026-09-23T10:10:53.023+0000] {logging_mixin.py:190} INFO - [2026-09-23T10:10:53.023+0000] {dagbag.py:588} INFO - Filling up the DagBag from /home/airflow/.local/lib/python3.12/site-packages/airflow/example_dags/tutorial_dag.py
[2026-09-23T10:10:53.032+0000] {processor.py:925} INFO - DAG(s) 'tutorial_dag' retrieved from /home/airflow/.local/lib/python3.12/site-packages/airflow/example_dags/tutorial_dag.py
[2026-09-23T10:10:53.057+0000] {logging_mixin.py:190} INFO - [2026-09-23T10:10:53.057+0000] {dag.py:3239} INFO - Sync 1 DAGs
[2026-09-23T10:10:53.078+0000] {logging_mixin.py:190} INFO - [2026-09-23T10:10:53.078+0000] {dag.py:4180} INFO - Setting next_dagrun for tutorial_dag to None, run_after=None
[2026-09-23T10:10:53.100+0000] {processor.py:208} INFO - Processing /home/airflow/.local/lib/python3.12/site-packages/airflow/example_dags/tutorial_dag.py took 0.089 seconds
[2026-09-23T10:11:23.184+0000] {processor.py:186} INFO - Started process (PID=4526) to work on /home/airflow/.local/lib/python3.12/site-packages/airflow/example_dags/tutorial_dag.py
[2026-09-23T10:11:23.185+0000] {processor.py:914} INFO - Processing file /home/airflow/.local/lib/python3.12/site-packages/airflow/example_dags/tutorial_dag.py for tasks to queue
[2026-09-23T10:11:23.188+0000] {logging_mixin.py:190} INFO - [2026-09-23T10:11:23.187+0000] {dagbag.py:588} INFO - Filling up the DagBag from /home/airflow/.local/lib/python3.12/site-packages/airflow/example_dags/tutorial_dag.py
[2026-09-23T10:11:23.197+0000] {processor.py:925} INFO - DAG(s) 'tutorial_dag' retrieved from /home/airflow/.local/lib/python3.12/site-packages/airflow/example_dags/tutorial_dag.py
[2026-09-23T10:11:23.222+0000] {logging_mixin.py:190} INFO - [2026-09-23T10:11:23.221+0000] {dag.py:3239} INFO - Sync 1 DAGs
[2026-09-23T10:11:23.243+0000] {logging_mixin.py:190} INFO - [2026-09-23T10:11:23.243+0000] {dag.py:4180} INFO - Setting next_dagrun for tutorial_dag to None, run_after=None
[2026-09-23T10:11:23.265+0000] {processor.py:208} INFO - Processing /home/airflow/.local/lib/python3.12/site-packages/airflow/example_dags/tutorial_dag.py took 0.088 seconds
[2026-09-23T10:11:53.446+0000] {processor.py:186} INFO - Started process (PID=4599) to work on /home/airflow/.local/lib/python3.12/site-packages/airflow/example_dags/tutorial_dag.py
[2026-09-23T10:11:53.447+0000] {processor.py:914} INFO - Processing file /home/airflow/.local/lib/python3.12/site-packages/airflow/example_dags/tutorial_dag.py for tasks to queue
[2026-09-23T10:11:53.450+0000] {logging_mixin.py:190} INFO - [2026-09-23T10:11:53.449+0000] {dagbag.py:588} INFO - Filling up the DagBag from /home/airflow/.local/lib/python3.12/site-packages/airflow/example_dags/tutorial_dag.py
[2026-09-23T10:11:53.462+0000] {processor.py:925} INFO - DAG(s) 'tutorial_dag' retrieved from /home/airflow/.local/lib/python3.12/site-packages/airflow/example_dags/tutorial_dag.py
[2026-09-23T10:11:53.493+0000] {logging_mixin.py:190} INFO - [2026-09-23T10:11:53.492+0000] {dag.py:3239} INFO - Sync 1 DAGs
[2026-09-23T10:11:53.533+0000] {logging_mixin.py:190} INFO - [2026-09-23T10:11:53.533+0000] {dag.py:4180} INFO - Setting next_dagrun for tutorial_dag to None, run_after=None
[2026-09-23T10:11:53.566+0000] {processor.py:208} INFO - Processing /home/airflow/.local/lib/python3.12/site-packages/airflow/example_dags/tutorial_dag.py took 0.132 seconds
[2026-09-23T10:12:24.086+0000] {processor.py:186} INFO - Started process (PID=4673) to work on /home/airflow/.local/lib/python3.12/site-packages/airflow/example_dags/tutorial_dag.py
[2026-09-23T10:12:24.087+0000] {processor.py:914} INFO - Processing file /home/airflow/.local/lib/python3.12/site-packages/airflow/example_dags/tutorial_dag.py for tasks to queue
[2026-09-23T10:12:24.090+0000] {logging_mixin.py:190} INFO - [2026-09-23T10:12:24.089+0000] {dagbag.py:588} INFO - Filling up the DagBag from /home/airflow/.local/lib/python3.12/site-packages/airflow/example_dags/tutorial_dag.py
[2026-09-23T10:12:24.101+0000] {processor.py:925} INFO - DAG(s) 'tutorial_dag' retrieved from /home/airflow/.local/lib/python3.12/site-packages/airflow/example_dags/tutorial_dag.py
[2026-09-23T10:12:24.126+0000] {logging_mixin.py:190} INFO - [2026-09-23T10:12:24.126+0000] {dag.py:3239} INFO - Sync 1 DAGs
[2026-09-23T10:12:24.152+0000] {logging_mixin.py:190} INFO - [2026-09-23T10:12:24.152+0000] {dag.py:4180} INFO - Setting next_dagrun for tutorial_dag to None, run_after=None
[2026-09-23T10:12:24.177+0000] {processor.py:208} INFO - Processing /home/airflow/.local/lib/python3.12/site-packages/airflow/example_dags/tutorial_dag.py took 0.100 seconds
[2026-09-23T10:12:54.596+0000] {processor.py:186} INFO - Started process (PID=4747) to work on /home/airflow/.local/lib/python3.12/site-packages/airflow/example_dags/tutorial_dag.py
[2026-09-23T10:12:54.597+0000] {processor.py:914} INFO - Processing file /home/airflow/.local/lib/python3.12/site-packages/airflow/example_dags/tutorial_dag.py for tasks to queue
[2026-09-23T10:12:54.603+0000] {logging_mixin.py:190} INFO - [2026-09-23T10:12:54.602+0000] {dagbag.py:588} INFO - Filling up the DagBag from /home/airflow/.local/lib/python3.12/site-packages/airflow/example_dags/tutorial_dag.py
[2026-09-23T10:12:54.613+0000] {processor.py:925} INFO - DAG(s) 'tutorial_dag' retrieved from /home/airflow/.local/lib/python3.12/site-packages/airflow/example_dags/tutorial_dag.py
[2026-09-23T10:12:54.650+0000] {logging_mixin.py:190} INFO - [2026-09-23T10:12:54.649+0000] {dag.py:3239} INFO - Sync 1 DAGs
[2026-09-23T10:12:54.678+0000] {logging_mixin.py:190} INFO - [2026-09-23T10:12:54.678+0000] {dag.py:4180} INFO - Setting next_dagrun for tutorial_dag to None, run_after=None
[2026-09-23T10:12:54.751+0000] {processor.py:208} INFO - Processing /home/airflow/.local/lib/python3.12/site-packages/airflow/example_dags/tutorial_dag.py took 0.166 seconds
[2026-09-23T10:13:25.027+0000] {processor.py:186} INFO - Started process (PID=4820) to work on /home/airflow/.local/lib/python3.12/site-packages/airflow/example_dags/tutorial_dag.py
[2026-09-23T10:13:25.028+0000] {processor.py:914} INFO - Processing file /home/airflow/.local/lib/python3.12/site-packages/airflow/example_dags/tutorial_dag.py for tasks to queue
[2026-09-23T10:13:25.034+0000] {logging_mixin.py:190} INFO - [2026-09-23T10:13:25.033+0000] {dagbag.py:588} INFO - Filling up the DagBag from /home/airflow/.local/lib/python3.12/site-packages/airflow/example_dags/tutorial_dag.py
[2026-09-23T10:13:25.046+0000] {processor.py:925} INFO - DAG(s) 'tutorial_dag' retrieved from /home/airflow/.local/lib/python3.12/site-packages/airflow/example_dags/tutorial_dag.py
[2026-09-23T10:13:25.151+0000] {logging_mixin.py:190} INFO - [2026-09-23T10:13:25.150+0000] {dag.py:3239} INFO - Sync 1 DAGs
[2026-09-23T10:13:25.220+0000] {logging_mixin.py:190} INFO - [2026-09-23T10:13:25.219+0000] {dag.py:4180} INFO - Setting next_dagrun for tutorial_dag to None, run_after=None
[2026-09-23T10:13:25.255+0000] {processor.py:208} INFO - Processing /home/airflow/.local/lib/python3.12/site-packages/airflow/example_dags/tutorial_dag.py took 0.238 seconds
[2026-09-23T10:13:55.490+0000] {processor.py:186} INFO - Started process (PID=4887) to work on /home/airflow/.local/lib/python3.12/site-packages/airflow/example_dags/tutorial_dag.py
[2026-09-23T10:13:55.491+0000] {processor.py:914} INFO - Processing file /home/airflow/.local/lib/python3.12/site-packages/airflow/example_dags/tutorial_dag.py for tasks to queue
[2026-09-23T10:13:55.499+0000] {logging_mixin.py:190} INFO - [2026-09-23T10:13:55.499+0000] {dagbag.py:588} INFO - Filling up the DagBag from /home/airflow/.local/lib/python3.12/site-packages/airflow/example_dags/tutorial_dag.py
[2026-09-23T10:13:55.515+0000] {processor.py:925} INFO - DAG(s) 'tutorial_dag' retrieved from /home/airflow/.local/lib/python3.12/site-packages/airflow/example_dags/tutorial_dag.py
[2026-09-23T10:13:55.556+0000] {logging_mixin.py:190} INFO - [2026-09-23T10:13:55.555+0000] {dag.py:3239} INFO - Sync 1 DAGs
[2026-09-23T10:13:55.595+0000] {logging_mixin.py:190} INFO - [2026-09-23T10:13:55.594+0000] {dag.py:4180} INFO - Setting next_dagrun for tutorial_dag to None, run_after=None
[2026-09-23T10:13:55.929+0000] {processor.py:208} INFO - Processing /home/airflow/.local/lib/python3.12/site-packages/airflow/example_dags/tutorial_dag.py took 0.451 seconds
[2026-09-23T10:14:26.763+0000] {processor.py:186} INFO - Started process (PID=4961) to work on /home/airflow/.local/lib/python3.12/site-packages/airflow/example_dags/tutorial_dag.py
[2026-09-23T10:14:26.764+0000] {processor.py:914} INFO - Processing file /home/airflow/.local/lib/python3.12/site-packages/airflow/example_dags/tutorial_dag.py for tasks to queue
[2026-09-23T10:14:26.767+0000] {logging_mixin.py:190} INFO - [2026-09-23T10:14:26.766+0000] {dagbag.py:588} INFO - Filling up the DagBag from /home/airflow/.local/lib/python3.12/site-packages/airflow/example_dags/tutorial_dag.py
[2026-09-23T10:14:26.779+0000] {processor.py:925} INFO - DAG(s) 'tutorial_dag' retrieved from /home/airflow/.local/lib/python3.12/site-packages/airflow/example_dags/tutorial_dag.py
[2026-09-23T10:14:26.804+0000] {logging_mixin.py:190} INFO - [2026-09-23T10:14:26.803+0000] {dag.py:3239} INFO - Sync 1 DAGs
[2026-09-23T10:14:26.825+0000] {logging_mixin.py:190} INFO - [2026-09-23T10:14:26.824+0000] {dag.py:4180} INFO - Setting next_dagrun for tutorial_dag to None, run_after=None
[2026-09-23T10:14:26.847+0000] {processor.py:208} INFO - Processing /home/airflow/.local/lib/python3.12/site-packages/airflow/example_dags/tutorial_dag.py took 0.094 seconds
[2026-09-23T10:14:57.234+0000] {processor.py:186} INFO - Started process (PID=5036) to work on /home/airflow/.local/lib/python3.12/site-packages/airflow/example_dags/tutorial_dag.py
[2026-09-23T10:14:57.235+0000] {processor.py:914} INFO - Processing file /home/airflow/.local/lib/python3.12/site-packages/airflow/example_dags/tutorial_dag.py for tasks to queue
[2026-09-23T10:14:57.239+0000] {logging_mixin.py:190} INFO - [2026-09-23T10:14:57.239+0000] {dagbag.py:588} INFO - Filling up the DagBag from /home/airflow/.local/lib/python3.12/site-packages/airflow/example_dags/tutorial_dag.py
[2026-09-23T10:14:57.250+0000] {processor.py:925} INFO - DAG(s) 'tutorial_dag' retrieved from /home/airflow/.local/lib/python3.12/site-packages/airflow/example_dags/tutorial_dag.py
[2026-09-23T10:14:57.278+0000] {logging_mixin.py:190} INFO - [2026-09-23T10:14:57.277+0000] {dag.py:3239} INFO - Sync 1 DAGs
[2026-09-23T10:14:57.300+0000] {logging_mixin.py:190} INFO - [2026-09-23T10:14:57.299+0000] {dag.py:4180} INFO - Setting next_dagrun for tutorial_dag to None, run_after=None
[2026-09-23T10:14:57.324+0000] {processor.py:208} INFO - Processing /home/airflow/.local/lib/python3.12/site-packages/airflow/example_dags/tutorial_dag.py took 0.098 seconds
[2026-09-23T10:15:27.557+0000] {processor.py:186} INFO - Started process (PID=5109) to work on /home/airflow/.local/lib/python3.12/site-packages/airflow/example_dags/tutorial_dag.py
[2026-09-23T10:15:27.558+0000] {processor.py:914} INFO - Processing file /home/airflow/.local/lib/python3.12/site-packages/airflow/example_dags/tutorial_dag.py for tasks to queue
[2026-09-23T10:15:27.561+0000] {logging_mixin.py:190} INFO - [2026-09-23T10:15:27.560+0000] {dagbag.py:588} INFO - Filling up the DagBag from /home/airflow/.local/lib/python3.12/site-packages/airflow/example_dags/tutorial_dag.py
[2026-09-23T10:15:27.571+0000] {processor.py:925} INFO - DAG(s) 'tutorial_dag' retrieved from /home/airflow/.local/lib/python3.12/site-packages/airflow/example_dags/tutorial_dag.py
[2026-09-23T10:15:27.839+0000] {logging_mixin.py:190} INFO - [2026-09-23T10:15:27.839+0000] {dag.py:3239} INFO - Sync 1 DAGs
[2026-09-23T10:15:27.858+0000] {logging_mixin.py:190} INFO - [2026-09-23T10:15:27.857+0000] {dag.py:4180} INFO - Setting next_dagrun for tutorial_dag to None, run_after=None
[2026-09-23T10:15:27.880+0000] {processor.py:208} INFO - Processing /home/airflow/.local/lib/python3.12/site-packages/airflow/example_dags/tutorial_dag.py took 0.330 seconds
[2026-09-23T10:15:58.447+0000] {processor.py:186} INFO - Started process (PID=5183) to work on /home/airflow/.local/lib/python3.12/site-packages/airflow/example_dags/tutorial_dag.py
[2026-09-23T10:15:58.448+0000] {processor.py:914} INFO - Processing file /home/airflow/.local/lib/python3.12/site-packages/airflow/example_dags/tutorial_dag.py for tasks to queue
[2026-09-23T10:15:58.452+0000] {logging_mixin.py:190} INFO - [2026-09-23T10:15:58.451+0000] {dagbag.py:588} INFO - Filling up the DagBag from /home/airflow/.local/lib/python3.12/site-packages/airflow/example_dags/tutorial_dag.py
[2026-09-23T10:15:58.462+0000] {processor.py:925} INFO - DAG(s) 'tutorial_dag' retrieved from /home/airflow/.local/lib/python3.12/site-packages/airflow/example_dags/tutorial_dag.py
[2026-09-23T10:15:58.487+0000] {logging_mixin.py:190} INFO - [2026-09-23T10:15:58.487+0000] {dag.py:3239} INFO - Sync 1 DAGs
[2026-09-23T10:15:58.510+0000] {logging_mixin.py:190} INFO - [2026-09-23T10:15:58.509+0000] {dag.py:4180} INFO - Setting next_dagrun for tutorial_dag to None, run_after=None
[2026-09-23T10:15:58.536+0000] {processor.py:208} INFO - Processing /home/airflow/.local/lib/python3.12/site-packages/airflow/example_dags/tutorial_dag.py took 0.097 seconds
[2026-09-23T10:16:29.102+0000] {processor.py:186} INFO - Started process (PID=5257) to work on /home/airflow/.local/lib/python3.12/site-packages/airflow/example_dags/tutorial_dag.py
[2026-09-23T10:16:29.104+0000] {processor.py:914} INFO - Processing file /home/airflow/.local/lib/python3.12/site-packages/airflow/example_dags/tutorial_dag.py for tasks to queue
[2026-09-23T10:16:29.112+0000] {logging_mixin.py:190} INFO - [2026-09-23T10:16:29.110+0000] {dagbag.py:588} INFO - Filling up the DagBag from /home/airflow/.local/lib/python3.12/site-packages/airflow/example_dags/tutorial_dag.py
[2026-09-23T10:16:29.128+0000] {processor.py:925} INFO - DAG(s) 'tutorial_dag' retrieved from /home/airflow/.local/lib/python3.12/site-packages/airflow/example_dags/tutorial_dag.py
[2026-09-23T10:16:29.166+0000] {logging_mixin.py:190} INFO - [2026-09-23T10:16:29.166+0000] {dag.py:3239} INFO - Sync 1 DAGs
[2026-09-23T10:16:29.213+0000] {logging_mixin.py:190} INFO - [2026-09-23T10:16:29.210+0000] {dag.py:4180} INFO - Setting next_dagrun for tutorial_dag to None, run_after=None
[2026-09-23T10:16:29.265+0000] {processor.py:208} INFO - Processing /home/airflow/.local/lib/python3.12/site-packages/airflow/example_dags/tutorial_dag.py took 0.195 seconds
[2026-09-23T10:16:59.989+0000] {processor.py:186} INFO - Started process (PID=5331) to work on /home/airflow/.local/lib/python3.12/site-packages/airflow/example_dags/tutorial_dag.py
[2026-09-23T10:16:59.991+0000] {processor.py:914} INFO - Processing file /home/airflow/.local/lib/python3.12/site-packages/airflow/example_dags/tutorial_dag.py for tasks to queue
[2026-09-23T10:16:59.994+0000] {logging_mixin.py:190} INFO - [2026-09-23T10:16:59.993+0000] {dagbag.py:588} INFO - Filling up the DagBag from /home/airflow/.local/lib/python3.12/site-packages/airflow/example_dags/tutorial_dag.py
[2026-09-23T10:17:00.002+0000] {processor.py:925} INFO - DAG(s) 'tutorial_dag' retrieved from /home/airflow/.local/lib/python3.12/site-packages/airflow/example_dags/tutorial_dag.py
[2026-09-23T10:17:00.025+0000] {logging_mixin.py:190} INFO - [2026-09-23T10:17:00.025+0000] {dag.py:3239} INFO - Sync 1 DAGs
[2026-09-23T10:17:00.048+0000] {logging_mixin.py:190} INFO - [2026-09-23T10:17:00.048+0000] {dag.py:4180} INFO - Setting next_dagrun for tutorial_dag to None, run_after=None
[2026-09-23T10:17:00.078+0000] {processor.py:208} INFO - Processing /home/airflow/.local/lib/python3.12/site-packages/airflow/example_dags/tutorial_dag.py took 0.097 seconds
[2026-09-23T10:17:30.846+0000] {processor.py:186} INFO - Started process (PID=5403) to work on /home/airflow/.local/lib/python3.12/site-packages/airflow/example_dags/tutorial_dag.py
[2026-09-23T10:17:30.847+0000] {processor.py:914} INFO - Processing file /home/airflow/.local/lib/python3.12/site-packages/airflow/example_dags/tutorial_dag.py for tasks to queue
[2026-09-23T10:17:30.850+0000] {logging_mixin.py:190} INFO - [2026-09-23T10:17:30.850+0000] {dagbag.py:588} INFO - Filling up the DagBag from /home/airflow/.local/lib/python3.12/site-packages/airflow/example_dags/tutorial_dag.py
[2026-09-23T10:17:30.862+0000] {processor.py:925} INFO - DAG(s) 'tutorial_dag' retrieved from /home/airflow/.local/lib/python3.12/site-packages/airflow/example_dags/tutorial_dag.py
[2026-09-23T10:17:30.889+0000] {logging_mixin.py:190} INFO - [2026-09-23T10:17:30.888+0000] {dag.py:3239} INFO - Sync 1 DAGs
[2026-09-23T10:17:30.912+0000] {logging_mixin.py:190} INFO - [2026-09-23T10:17:30.912+0000] {dag.py:4180} INFO - Setting next_dagrun for tutorial_dag to None, run_after=None
[2026-09-23T10:17:30.938+0000] {processor.py:208} INFO - Processing /home/airflow/.local/lib/python3.12/site-packages/airflow/example_dags/tutorial_dag.py took 0.102 seconds
[2026-09-23T10:18:01.809+0000] {processor.py:186} INFO - Started process (PID=5477) to work on /home/airflow/.local/lib/python3.12/site-packages/airflow/example_dags/tutorial_dag.py
[2026-09-23T10:18:01.812+0000] {processor.py:914} INFO - Processing file /home/airflow/.local/lib/python3.12/site-packages/airflow/example_dags/tutorial_dag.py for tasks to queue
[2026-09-23T10:18:01.816+0000] {logging_mixin.py:190} INFO - [2026-09-23T10:18:01.815+0000] {dagbag.py:588} INFO - Filling up the DagBag from /home/airflow/.local/lib/python3.12/site-packages/airflow/example_dags/tutorial_dag.py
[2026-09-23T10:18:01.828+0000] {processor.py:925} INFO - DAG(s) 'tutorial_dag' retrieved from /home/airflow/.local/lib/python3.12/site-packages/airflow/example_dags/tutorial_dag.py
[2026-09-23T10:18:01.855+0000] {logging_mixin.py:190} INFO - [2026-09-23T10:18:01.855+0000] {dag.py:3239} INFO - Sync 1 DAGs
[2026-09-23T10:18:01.880+0000] {logging_mixin.py:190} INFO - [2026-09-23T10:18:01.880+0000] {dag.py:4180} INFO - Setting next_dagrun for tutorial_dag to None, run_after=None
[2026-09-23T10:18:01.913+0000] {processor.py:208} INFO - Processing /home/airflow/.local/lib/python3.12/site-packages/airflow/example_dags/tutorial_dag.py took 0.114 seconds
[2026-09-23T10:18:32.000+0000] {processor.py:186} INFO - Started process (PID=5550) to work on /home/airflow/.local/lib/python3.12/site-packages/airflow/example_dags/tutorial_dag.py
[2026-09-23T10:18:32.001+0000] {processor.py:914} INFO - Processing file /home/airflow/.local/lib/python3.12/site-packages/airflow/example_dags/tutorial_dag.py for tasks to queue
[2026-09-23T10:18:32.004+0000] {logging_mixin.py:190} INFO - [2026-09-23T10:18:32.004+0000] {dagbag.py:588} INFO - Filling up the DagBag from /home/airflow/.local/lib/python3.12/site-packages/airflow/example_dags/tutorial_dag.py
[2026-09-23T10:18:32.015+0000] {processor.py:925} INFO - DAG(s) 'tutorial_dag' retrieved from /home/airflow/.local/lib/python3.12/site-packages/airflow/example_dags/tutorial_dag.py
[2026-09-23T10:18:32.049+0000] {logging_mixin.py:190} INFO - [2026-09-23T10:18:32.048+0000] {dag.py:3239} INFO - Sync 1 DAGs
[2026-09-23T10:18:32.075+0000] {logging_mixin.py:190} INFO - [2026-09-23T10:18:32.075+0000] {dag.py:4180} INFO - Setting next_dagrun for tutorial_dag to None, run_after=None
[2026-09-23T10:18:32.114+0000] {processor.py:208} INFO - Processing /home/airflow/.local/lib/python3.12/site-packages/airflow/example_dags/tutorial_dag.py took 0.122 seconds
[2026-09-23T10:19:02.288+0000] {processor.py:186} INFO - Started process (PID=5625) to work on /home/airflow/.local/lib/python3.12/site-packages/airflow/example_dags/tutorial_dag.py
[2026-09-23T10:19:02.289+0000] {processor.py:914} INFO - Processing file /home/airflow/.local/lib/python3.12/site-packages/airflow/example_dags/tutorial_dag.py for tasks to queue
[2026-09-23T10:19:02.292+0000] {logging_mixin.py:190} INFO - [2026-09-23T10:19:02.292+0000] {dagbag.py:588} INFO - Filling up the DagBag from /home/airflow/.local/lib/python3.12/site-packages/airflow/example_dags/tutorial_dag.py
[2026-09-23T10:19:02.301+0000] {processor.py:925} INFO - DAG(s) 'tutorial_dag' retrieved from /home/airflow/.local/lib/python3.12/site-packages/airflow/example_dags/tutorial_dag.py
[2026-09-23T10:19:02.324+0000] {logging_mixin.py:190} INFO - [2026-09-23T10:19:02.323+0000] {dag.py:3239} INFO - Sync 1 DAGs
[2026-09-23T10:19:02.343+0000] {logging_mixin.py:190} INFO - [2026-09-23T10:19:02.343+0000] {dag.py:4180} INFO - Setting next_dagrun for tutorial_dag to None, run_after=None
[2026-09-23T10:19:02.364+0000] {processor.py:208} INFO - Processing /home/airflow/.local/lib/python3.12/site-packages/airflow/example_dags/tutorial_dag.py took 0.083 seconds
[2026-09-23T10:19:32.608+0000] {processor.py:186} INFO - Started process (PID=5699) to work on /home/airflow/.local/lib/python3.12/site-packages/airflow/example_dags/tutorial_dag.py
[2026-09-23T10:19:32.609+0000] {processor.py:914} INFO - Processing file /home/airflow/.local/lib/python3.12/site-packages/airflow/example_dags/tutorial_dag.py for tasks to queue
[2026-09-23T10:19:32.613+0000] {logging_mixin.py:190} INFO - [2026-09-23T10:19:32.613+0000] {dagbag.py:588} INFO - Filling up the DagBag from /home/airflow/.local/lib/python3.12/site-packages/airflow/example_dags/tutorial_dag.py
[2026-09-23T10:19:32.622+0000] {processor.py:925} INFO - DAG(s) 'tutorial_dag' retrieved from /home/airflow/.local/lib/python3.12/site-packages/airflow/example_dags/tutorial_dag.py
[2026-09-23T10:19:32.645+0000] {logging_mixin.py:190} INFO - [2026-09-23T10:19:32.644+0000] {dag.py:3239} INFO - Sync 1 DAGs
[2026-09-23T10:19:32.665+0000] {logging_mixin.py:190} INFO - [2026-09-23T10:19:32.665+0000] {dag.py:4180} INFO - Setting next_dagrun for tutorial_dag to None, run_after=None
[2026-09-23T10:19:32.686+0000] {processor.py:208} INFO - Processing /home/airflow/.local/lib/python3.12/site-packages/airflow/example_dags/tutorial_dag.py took 0.086 seconds
[2026-09-23T10:20:03.276+0000] {processor.py:186} INFO - Started process (PID=5773) to work on /home/airflow/.local/lib/python3.12/site-packages/airflow/example_dags/tutorial_dag.py
[2026-09-23T10:20:03.277+0000] {processor.py:914} INFO - Processing file /home/airflow/.local/lib/python3.12/site-packages/airflow/example_dags/tutorial_dag.py for tasks to queue
[2026-09-23T10:20:03.281+0000] {logging_mixin.py:190} INFO - [2026-09-23T10:20:03.280+0000] {dagbag.py:588} INFO - Filling up the DagBag from /home/airflow/.local/lib/python3.12/site-packages/airflow/example_dags/tutorial_dag.py
[2026-09-23T10:20:03.291+0000] {processor.py:925} INFO - DAG(s) 'tutorial_dag' retrieved from /home/airflow/.local/lib/python3.12/site-packages/airflow/example_dags/tutorial_dag.py
[2026-09-23T10:20:03.315+0000] {logging_mixin.py:190} INFO - [2026-09-23T10:20:03.315+0000] {dag.py:3239} INFO - Sync 1 DAGs
[2026-09-23T10:20:03.337+0000] {logging_mixin.py:190} INFO - [2026-09-23T10:20:03.337+0000] {dag.py:4180} INFO - Setting next_dagrun for tutorial_dag to None, run_after=None
[2026-09-23T10:20:03.361+0000] {processor.py:208} INFO - Processing /home/airflow/.local/lib/python3.12/site-packages/airflow/example_dags/tutorial_dag.py took 0.094 seconds
[2026-09-23T10:20:33.533+0000] {processor.py:186} INFO - Started process (PID=5847) to work on /home/airflow/.local/lib/python3.12/site-packages/airflow/example_dags/tutorial_dag.py
[2026-09-23T10:20:33.534+0000] {processor.py:914} INFO - Processing file /home/airflow/.local/lib/python3.12/site-packages/airflow/example_dags/tutorial_dag.py for tasks to queue
[2026-09-23T10:20:33.537+0000] {logging_mixin.py:190} INFO - [2026-09-23T10:20:33.537+0000] {dagbag.py:588} INFO - Filling up the DagBag from /home/airflow/.local/lib/python3.12/site-packages/airflow/example_dags/tutorial_dag.py
[2026-09-23T10:20:33.547+0000] {processor.py:925} INFO - DAG(s) 'tutorial_dag' retrieved from /home/airflow/.local/lib/python3.12/site-packages/airflow/example_dags/tutorial_dag.py
[2026-09-23T10:20:33.573+0000] {logging_mixin.py:190} INFO - [2026-09-23T10:20:33.573+0000] {dag.py:3239} INFO - Sync 1 DAGs
[2026-09-23T10:20:33.594+0000] {logging_mixin.py:190} INFO - [2026-09-23T10:20:33.594+0000] {dag.py:4180} INFO - Setting next_dagrun for tutorial_dag to None, run_after=None
[2026-09-23T10:20:33.617+0000] {processor.py:208} INFO - Processing /home/airflow/.local/lib/python3.12/site-packages/airflow/example_dags/tutorial_dag.py took 0.092 seconds
[2026-09-23T10:21:03.734+0000] {processor.py:186} INFO - Started process (PID=5921) to work on /home/airflow/.local/lib/python3.12/site-packages/airflow/example_dags/tutorial_dag.py
[2026-09-23T10:21:03.735+0000] {processor.py:914} INFO - Processing file /home/airflow/.local/lib/python3.12/site-packages/airflow/example_dags/tutorial_dag.py for tasks to queue
[2026-09-23T10:21:03.739+0000] {logging_mixin.py:190} INFO - [2026-09-23T10:21:03.739+0000] {dagbag.py:588} INFO - Filling up the DagBag from /home/airflow/.local/lib/python3.12/site-packages/airflow/example_dags/tutorial_dag.py
[2026-09-23T10:21:03.752+0000] {processor.py:925} INFO - DAG(s) 'tutorial_dag' retrieved from /home/airflow/.local/lib/python3.12/site-packages/airflow/example_dags/tutorial_dag.py
[2026-09-23T10:21:03.784+0000] {logging_mixin.py:190} INFO - [2026-09-23T10:21:03.784+0000] {dag.py:3239} INFO - Sync 1 DAGs
[2026-09-23T10:21:03.820+0000] {logging_mixin.py:190} INFO - [2026-09-23T10:21:03.820+0000] {dag.py:4180} INFO - Setting next_dagrun for tutorial_dag to None, run_after=None
[2026-09-23T10:21:03.863+0000] {processor.py:208} INFO - Processing /home/airflow/.local/lib/python3.12/site-packages/airflow/example_dags/tutorial_dag.py took 0.137 seconds
[2026-09-23T10:21:34.250+0000] {processor.py:186} INFO - Started process (PID=5995) to work on /home/airflow/.local/lib/python3.12/site-packages/airflow/example_dags/tutorial_dag.py
[2026-09-23T10:21:34.251+0000] {processor.py:914} INFO - Processing file /home/airflow/.local/lib/python3.12/site-packages/airflow/example_dags/tutorial_dag.py for tasks to queue
[2026-09-23T10:21:34.255+0000] {logging_mixin.py:190} INFO - [2026-09-23T10:21:34.254+0000] {dagbag.py:588} INFO - Filling up the DagBag from /home/airflow/.local/lib/python3.12/site-packages/airflow/example_dags/tutorial_dag.py
[2026-09-23T10:21:34.285+0000] {processor.py:925} INFO - DAG(s) 'tutorial_dag' retrieved from /home/airflow/.local/lib/python3.12/site-packages/airflow/example_dags/tutorial_dag.py
[2026-09-23T10:21:34.343+0000] {logging_mixin.py:190} INFO - [2026-09-23T10:21:34.343+0000] {dag.py:3239} INFO - Sync 1 DAGs
[2026-09-23T10:21:34.377+0000] {logging_mixin.py:190} INFO - [2026-09-23T10:21:34.376+0000] {dag.py:4180} INFO - Setting next_dagrun for tutorial_dag to None, run_after=None
[2026-09-23T10:21:34.415+0000] {processor.py:208} INFO - Processing /home/airflow/.local/lib/python3.12/site-packages/airflow/example_dags/tutorial_dag.py took 0.175 seconds
[2026-09-23T10:22:05.069+0000] {processor.py:186} INFO - Started process (PID=6068) to work on /home/airflow/.local/lib/python3.12/site-packages/airflow/example_dags/tutorial_dag.py
[2026-09-23T10:22:05.072+0000] {processor.py:914} INFO - Processing file /home/airflow/.local/lib/python3.12/site-packages/airflow/example_dags/tutorial_dag.py for tasks to queue
[2026-09-23T10:22:05.075+0000] {logging_mixin.py:190} INFO - [2026-09-23T10:22:05.075+0000] {dagbag.py:588} INFO - Filling up the DagBag from /home/airflow/.local/lib/python3.12/site-packages/airflow/example_dags/tutorial_dag.py
[2026-09-23T10:22:05.085+0000] {processor.py:925} INFO - DAG(s) 'tutorial_dag' retrieved from /home/airflow/.local/lib/python3.12/site-packages/airflow/example_dags/tutorial_dag.py
[2026-09-23T10:22:05.113+0000] {logging_mixin.py:190} INFO - [2026-09-23T10:22:05.113+0000] {dag.py:3239} INFO - Sync 1 DAGs
[2026-09-23T10:22:05.142+0000] {logging_mixin.py:190} INFO - [2026-09-23T10:22:05.142+0000] {dag.py:4180} INFO - Setting next_dagrun for tutorial_dag to None, run_after=None
[2026-09-23T10:22:05.183+0000] {processor.py:208} INFO - Processing /home/airflow/.local/lib/python3.12/site-packages/airflow/example_dags/tutorial_dag.py took 0.122 seconds
[2026-09-23T10:22:35.902+0000] {processor.py:186} INFO - Started process (PID=6142) to work on /home/airflow/.local/lib/python3.12/site-packages/airflow/example_dags/tutorial_dag.py
[2026-09-23T10:22:35.904+0000] {processor.py:914} INFO - Processing file /home/airflow/.local/lib/python3.12/site-packages/airflow/example_dags/tutorial_dag.py for tasks to queue
[2026-09-23T10:22:35.908+0000] {logging_mixin.py:190} INFO - [2026-09-23T10:22:35.907+0000] {dagbag.py:588} INFO - Filling up the DagBag from /home/airflow/.local/lib/python3.12/site-packages/airflow/example_dags/tutorial_dag.py
[2026-09-23T10:22:35.921+0000] {processor.py:925} INFO - DAG(s) 'tutorial_dag' retrieved from /home/airflow/.local/lib/python3.12/site-packages/airflow/example_dags/tutorial_dag.py
[2026-09-23T10:22:35.958+0000] {logging_mixin.py:190} INFO - [2026-09-23T10:22:35.957+0000] {dag.py:3239} INFO - Sync 1 DAGs
[2026-09-23T10:22:35.988+0000] {logging_mixin.py:190} INFO - [2026-09-23T10:22:35.987+0000] {dag.py:4180} INFO - Setting next_dagrun for tutorial_dag to None, run_after=None
[2026-09-23T10:22:36.024+0000] {processor.py:208} INFO - Processing /home/airflow/.local/lib/python3.12/site-packages/airflow/example_dags/tutorial_dag.py took 0.133 seconds
[2026-09-23T10:23:06.196+0000] {processor.py:186} INFO - Started process (PID=6216) to work on /home/airflow/.local/lib/python3.12/site-packages/airflow/example_dags/tutorial_dag.py
[2026-09-23T10:23:06.197+0000] {processor.py:914} INFO - Processing file /home/airflow/.local/lib/python3.12/site-packages/airflow/example_dags/tutorial_dag.py for tasks to queue
[2026-09-23T10:23:06.201+0000] {logging_mixin.py:190} INFO - [2026-09-23T10:23:06.200+0000] {dagbag.py:588} INFO - Filling up the DagBag from /home/airflow/.local/lib/python3.12/site-packages/airflow/example_dags/tutorial_dag.py
[2026-09-23T10:23:06.212+0000] {processor.py:925} INFO - DAG(s) 'tutorial_dag' retrieved from /home/airflow/.local/lib/python3.12/site-packages/airflow/example_dags/tutorial_dag.py
[2026-09-23T10:23:06.246+0000] {logging_mixin.py:190} INFO - [2026-09-23T10:23:06.245+0000] {dag.py:3239} INFO - Sync 1 DAGs
[2026-09-23T10:23:06.266+0000] {logging_mixin.py:190} INFO - [2026-09-23T10:23:06.265+0000] {dag.py:4180} INFO - Setting next_dagrun for tutorial_dag to None, run_after=None
[2026-09-23T10:23:06.302+0000] {processor.py:208} INFO - Processing /home/airflow/.local/lib/python3.12/site-packages/airflow/example_dags/tutorial_dag.py took 0.114 seconds
[2026-09-23T10:23:36.595+0000] {processor.py:186} INFO - Started process (PID=6291) to work on /home/airflow/.local/lib/python3.12/site-packages/airflow/example_dags/tutorial_dag.py
[2026-09-23T10:23:36.596+0000] {processor.py:914} INFO - Processing file /home/airflow/.local/lib/python3.12/site-packages/airflow/example_dags/tutorial_dag.py for tasks to queue
[2026-09-23T10:23:36.600+0000] {logging_mixin.py:190} INFO - [2026-09-23T10:23:36.600+0000] {dagbag.py:588} INFO - Filling up the DagBag from /home/airflow/.local/lib/python3.12/site-packages/airflow/example_dags/tutorial_dag.py
[2026-09-23T10:23:36.611+0000] {processor.py:925} INFO - DAG(s) 'tutorial_dag' retrieved from /home/airflow/.local/lib/python3.12/site-packages/airflow/example_dags/tutorial_dag.py
[2026-09-23T10:23:36.648+0000] {logging_mixin.py:190} INFO - [2026-09-23T10:23:36.648+0000] {dag.py:3239} INFO - Sync 1 DAGs
[2026-09-23T10:23:36.689+0000] {logging_mixin.py:190} INFO - [2026-09-23T10:23:36.689+0000] {dag.py:4180} INFO - Setting next_dagrun for tutorial_dag to None, run_after=None
[2026-09-23T10:23:36.761+0000] {processor.py:208} INFO - Processing /home/airflow/.local/lib/python3.12/site-packages/airflow/example_dags/tutorial_dag.py took 0.176 seconds
[2026-09-23T10:24:07.383+0000] {processor.py:186} INFO - Started process (PID=6365) to work on /home/airflow/.local/lib/python3.12/site-packages/airflow/example_dags/tutorial_dag.py
[2026-09-23T10:24:07.384+0000] {processor.py:914} INFO - Processing file /home/airflow/.local/lib/python3.12/site-packages/airflow/example_dags/tutorial_dag.py for tasks to queue
[2026-09-23T10:24:07.388+0000] {logging_mixin.py:190} INFO - [2026-09-23T10:24:07.386+0000] {dagbag.py:588} INFO - Filling up the DagBag from /home/airflow/.local/lib/python3.12/site-packages/airflow/example_dags/tutorial_dag.py
[2026-09-23T10:24:07.397+0000] {processor.py:925} INFO - DAG(s) 'tutorial_dag' retrieved from /home/airflow/.local/lib/python3.12/site-packages/airflow/example_dags/tutorial_dag.py
[2026-09-23T10:24:07.423+0000] {logging_mixin.py:190} INFO - [2026-09-23T10:24:07.423+0000] {dag.py:3239} INFO - Sync 1 DAGs
[2026-09-23T10:24:07.444+0000] {logging_mixin.py:190} INFO - [2026-09-23T10:24:07.444+0000] {dag.py:4180} INFO - Setting next_dagrun for tutorial_dag to None, run_after=None
[2026-09-23T10:24:07.467+0000] {processor.py:208} INFO - Processing /home/airflow/.local/lib/python3.12/site-packages/airflow/example_dags/tutorial_dag.py took 0.092 seconds
[2026-09-23T10:24:37.549+0000] {processor.py:186} INFO - Started process (PID=6439) to work on /home/airflow/.local/lib/python3.12/site-packages/airflow/example_dags/tutorial_dag.py
[2026-09-23T10:24:37.550+0000] {processor.py:914} INFO - Processing file /home/airflow/.local/lib/python3.12/site-packages/airflow/example_dags/tutorial_dag.py for tasks to queue
[2026-09-23T10:24:37.553+0000] {logging_mixin.py:190} INFO - [2026-09-23T10:24:37.553+0000] {dagbag.py:588} INFO - Filling up the DagBag from /home/airflow/.local/lib/python3.12/site-packages/airflow/example_dags/tutorial_dag.py
[2026-09-23T10:24:37.570+0000] {processor.py:925} INFO - DAG(s) 'tutorial_dag' retrieved from /home/airflow/.local/lib/python3.12/site-packages/airflow/example_dags/tutorial_dag.py
[2026-09-23T10:24:37.604+0000] {logging_mixin.py:190} INFO - [2026-09-23T10:24:37.604+0000] {dag.py:3239} INFO - Sync 1 DAGs
[2026-09-23T10:24:37.626+0000] {logging_mixin.py:190} INFO - [2026-09-23T10:24:37.626+0000] {dag.py:4180} INFO - Setting next_dagrun for tutorial_dag to None, run_after=None
[2026-09-23T10:24:37.655+0000] {processor.py:208} INFO - Processing /home/airflow/.local/lib/python3.12/site-packages/airflow/example_dags/tutorial_dag.py took 0.114 seconds
[2026-09-23T10:25:08.265+0000] {processor.py:186} INFO - Started process (PID=6513) to work on /home/airflow/.local/lib/python3.12/site-packages/airflow/example_dags/tutorial_dag.py
[2026-09-23T10:25:08.265+0000] {processor.py:914} INFO - Processing file /home/airflow/.local/lib/python3.12/site-packages/airflow/example_dags/tutorial_dag.py for tasks to queue
[2026-09-23T10:25:08.268+0000] {logging_mixin.py:190} INFO - [2026-09-23T10:25:08.268+0000] {dagbag.py:588} INFO - Filling up the DagBag from /home/airflow/.local/lib/python3.12/site-packages/airflow/example_dags/tutorial_dag.py
[2026-09-23T10:25:08.279+0000] {processor.py:925} INFO - DAG(s) 'tutorial_dag' retrieved from /home/airflow/.local/lib/python3.12/site-packages/airflow/example_dags/tutorial_dag.py
[2026-09-23T10:25:08.322+0000] {logging_mixin.py:190} INFO - [2026-09-23T10:25:08.321+0000] {dag.py:3239} INFO - Sync 1 DAGs
[2026-09-23T10:25:08.346+0000] {logging_mixin.py:190} INFO - [2026-09-23T10:25:08.345+0000] {dag.py:4180} INFO - Setting next_dagrun for tutorial_dag to None, run_after=None
[2026-09-23T10:25:08.390+0000] {processor.py:208} INFO - Processing /home/airflow/.local/lib/python3.12/site-packages/airflow/example_dags/tutorial_dag.py took 0.134 seconds
[2026-09-23T10:25:38.882+0000] {processor.py:186} INFO - Started process (PID=6587) to work on /home/airflow/.local/lib/python3.12/site-packages/airflow/example_dags/tutorial_dag.py
[2026-09-23T10:25:38.885+0000] {processor.py:914} INFO - Processing file /home/airflow/.local/lib/python3.12/site-packages/airflow/example_dags/tutorial_dag.py for tasks to queue
[2026-09-23T10:25:38.893+0000] {logging_mixin.py:190} INFO - [2026-09-23T10:25:38.893+0000] {dagbag.py:588} INFO - Filling up the DagBag from /home/airflow/.local/lib/python3.12/site-packages/airflow/example_dags/tutorial_dag.py
[2026-09-23T10:25:38.904+0000] {processor.py:925} INFO - DAG(s) 'tutorial_dag' retrieved from /home/airflow/.local/lib/python3.12/site-packages/airflow/example_dags/tutorial_dag.py
[2026-09-23T10:25:38.932+0000] {logging_mixin.py:190} INFO - [2026-09-23T10:25:38.931+0000] {dag.py:3239} INFO - Sync 1 DAGs
[2026-09-23T10:25:38.960+0000] {logging_mixin.py:190} INFO - [2026-09-23T10:25:38.960+0000] {dag.py:4180} INFO - Setting next_dagrun for tutorial_dag to None, run_after=None
[2026-09-23T10:25:38.988+0000] {processor.py:208} INFO - Processing /home/airflow/.local/lib/python3.12/site-packages/airflow/example_dags/tutorial_dag.py took 0.126 seconds
[2026-09-23T10:26:09.280+0000] {processor.py:186} INFO - Started process (PID=6660) to work on /home/airflow/.local/lib/python3.12/site-packages/airflow/example_dags/tutorial_dag.py
[2026-09-23T10:26:09.281+0000] {processor.py:914} INFO - Processing file /home/airflow/.local/lib/python3.12/site-packages/airflow/example_dags/tutorial_dag.py for tasks to queue
[2026-09-23T10:26:09.287+0000] {logging_mixin.py:190} INFO - [2026-09-23T10:26:09.284+0000] {dagbag.py:588} INFO - Filling up the DagBag from /home/airflow/.local/lib/python3.12/site-packages/airflow/example_dags/tutorial_dag.py
[2026-09-23T10:26:09.302+0000] {processor.py:925} INFO - DAG(s) 'tutorial_dag' retrieved from /home/airflow/.local/lib/python3.12/site-packages/airflow/example_dags/tutorial_dag.py
[2026-09-23T10:26:09.328+0000] {logging_mixin.py:190} INFO - [2026-09-23T10:26:09.327+0000] {dag.py:3239} INFO - Sync 1 DAGs
[2026-09-23T10:26:09.349+0000] {logging_mixin.py:190} INFO - [2026-09-23T10:26:09.348+0000] {dag.py:4180} INFO - Setting next_dagrun for tutorial_dag to None, run_after=None
[2026-09-23T10:26:09.374+0000] {processor.py:208} INFO - Processing /home/airflow/.local/lib/python3.12/site-packages/airflow/example_dags/tutorial_dag.py took 0.102 seconds
[2026-09-23T10:26:39.627+0000] {processor.py:186} INFO - Started process (PID=6727) to work on /home/airflow/.local/lib/python3.12/site-packages/airflow/example_dags/tutorial_dag.py
[2026-09-23T10:26:39.628+0000] {processor.py:914} INFO - Processing file /home/airflow/.local/lib/python3.12/site-packages/airflow/example_dags/tutorial_dag.py for tasks to queue
[2026-09-23T10:26:39.631+0000] {logging_mixin.py:190} INFO - [2026-09-23T10:26:39.631+0000] {dagbag.py:588} INFO - Filling up the DagBag from /home/airflow/.local/lib/python3.12/site-packages/airflow/example_dags/tutorial_dag.py
[2026-09-23T10:26:39.641+0000] {processor.py:925} INFO - DAG(s) 'tutorial_dag' retrieved from /home/airflow/.local/lib/python3.12/site-packages/airflow/example_dags/tutorial_dag.py
[2026-09-23T10:26:39.666+0000] {logging_mixin.py:190} INFO - [2026-09-23T10:26:39.666+0000] {dag.py:3239} INFO - Sync 1 DAGs
[2026-09-23T10:26:39.687+0000] {logging_mixin.py:190} INFO - [2026-09-23T10:26:39.687+0000] {dag.py:4180} INFO - Setting next_dagrun for tutorial_dag to None, run_after=None
[2026-09-23T10:26:39.711+0000] {processor.py:208} INFO - Processing /home/airflow/.local/lib/python3.12/site-packages/airflow/example_dags/tutorial_dag.py took 0.093 seconds
[2026-09-23T10:27:10.020+0000] {processor.py:186} INFO - Started process (PID=6801) to work on /home/airflow/.local/lib/python3.12/site-packages/airflow/example_dags/tutorial_dag.py
[2026-09-23T10:27:10.021+0000] {processor.py:914} INFO - Processing file /home/airflow/.local/lib/python3.12/site-packages/airflow/example_dags/tutorial_dag.py for tasks to queue
[2026-09-23T10:27:10.024+0000] {logging_mixin.py:190} INFO - [2026-09-23T10:27:10.024+0000] {dagbag.py:588} INFO - Filling up the DagBag from /home/airflow/.local/lib/python3.12/site-packages/airflow/example_dags/tutorial_dag.py
[2026-09-23T10:27:10.034+0000] {processor.py:925} INFO - DAG(s) 'tutorial_dag' retrieved from /home/airflow/.local/lib/python3.12/site-packages/airflow/example_dags/tutorial_dag.py
[2026-09-23T10:27:10.064+0000] {logging_mixin.py:190} INFO - [2026-09-23T10:27:10.063+0000] {dag.py:3239} INFO - Sync 1 DAGs
[2026-09-23T10:27:10.089+0000] {logging_mixin.py:190} INFO - [2026-09-23T10:27:10.089+0000] {dag.py:4180} INFO - Setting next_dagrun for tutorial_dag to None, run_after=None
[2026-09-23T10:27:10.112+0000] {processor.py:208} INFO - Processing /home/airflow/.local/lib/python3.12/site-packages/airflow/example_dags/tutorial_dag.py took 0.101 seconds
[2026-09-23T10:27:41.081+0000] {processor.py:186} INFO - Started process (PID=6875) to work on /home/airflow/.local/lib/python3.12/site-packages/airflow/example_dags/tutorial_dag.py
[2026-09-23T10:27:41.082+0000] {processor.py:914} INFO - Processing file /home/airflow/.local/lib/python3.12/site-packages/airflow/example_dags/tutorial_dag.py for tasks to queue
[2026-09-23T10:27:41.086+0000] {logging_mixin.py:190} INFO - [2026-09-23T10:27:41.085+0000] {dagbag.py:588} INFO - Filling up the DagBag from /home/airflow/.local/lib/python3.12/site-packages/airflow/example_dags/tutorial_dag.py
[2026-09-23T10:27:41.097+0000] {processor.py:925} INFO - DAG(s) 'tutorial_dag' retrieved from /home/airflow/.local/lib/python3.12/site-packages/airflow/example_dags/tutorial_dag.py
[2026-09-23T10:27:41.122+0000] {logging_mixin.py:190} INFO - [2026-09-23T10:27:41.122+0000] {dag.py:3239} INFO - Sync 1 DAGs
[2026-09-23T10:27:41.145+0000] {logging_mixin.py:190} INFO - [2026-09-23T10:27:41.144+0000] {dag.py:4180} INFO - Setting next_dagrun for tutorial_dag to None, run_after=None
[2026-09-23T10:27:41.168+0000] {processor.py:208} INFO - Processing /home/airflow/.local/lib/python3.12/site-packages/airflow/example_dags/tutorial_dag.py took 0.095 seconds
[2026-09-23T10:28:11.263+0000] {processor.py:186} INFO - Started process (PID=6949) to work on /home/airflow/.local/lib/python3.12/site-packages/airflow/example_dags/tutorial_dag.py
[2026-09-23T10:28:11.264+0000] {processor.py:914} INFO - Processing file /home/airflow/.local/lib/python3.12/site-packages/airflow/example_dags/tutorial_dag.py for tasks to queue
[2026-09-23T10:28:11.275+0000] {logging_mixin.py:190} INFO - [2026-09-23T10:28:11.273+0000] {dagbag.py:588} INFO - Filling up the DagBag from /home/airflow/.local/lib/python3.12/site-packages/airflow/example_dags/tutorial_dag.py
[2026-09-23T10:28:11.290+0000] {processor.py:925} INFO - DAG(s) 'tutorial_dag' retrieved from /home/airflow/.local/lib/python3.12/site-packages/airflow/example_dags/tutorial_dag.py
[2026-09-23T10:28:11.316+0000] {logging_mixin.py:190} INFO - [2026-09-23T10:28:11.316+0000] {dag.py:3239} INFO - Sync 1 DAGs
[2026-09-23T10:28:11.337+0000] {logging_mixin.py:190} INFO - [2026-09-23T10:28:11.336+0000] {dag.py:4180} INFO - Setting next_dagrun for tutorial_dag to None, run_after=None
[2026-09-23T10:28:11.365+0000] {processor.py:208} INFO - Processing /home/airflow/.local/lib/python3.12/site-packages/airflow/example_dags/tutorial_dag.py took 0.112 seconds
[2026-09-23T10:28:41.721+0000] {processor.py:186} INFO - Started process (PID=7023) to work on /home/airflow/.local/lib/python3.12/site-packages/airflow/example_dags/tutorial_dag.py
[2026-09-23T10:28:41.722+0000] {processor.py:914} INFO - Processing file /home/airflow/.local/lib/python3.12/site-packages/airflow/example_dags/tutorial_dag.py for tasks to queue
[2026-09-23T10:28:41.726+0000] {logging_mixin.py:190} INFO - [2026-09-23T10:28:41.725+0000] {dagbag.py:588} INFO - Filling up the DagBag from /home/airflow/.local/lib/python3.12/site-packages/airflow/example_dags/tutorial_dag.py
[2026-09-23T10:28:41.736+0000] {processor.py:925} INFO - DAG(s) 'tutorial_dag' retrieved from /home/airflow/.local/lib/python3.12/site-packages/airflow/example_dags/tutorial_dag.py
[2026-09-23T10:28:41.761+0000] {logging_mixin.py:190} INFO - [2026-09-23T10:28:41.760+0000] {dag.py:3239} INFO - Sync 1 DAGs
[2026-09-23T10:28:41.782+0000] {logging_mixin.py:190} INFO - [2026-09-23T10:28:41.782+0000] {dag.py:4180} INFO - Setting next_dagrun for tutorial_dag to None, run_after=None
[2026-09-23T10:28:41.805+0000] {processor.py:208} INFO - Processing /home/airflow/.local/lib/python3.12/site-packages/airflow/example_dags/tutorial_dag.py took 0.093 seconds
[2026-09-23T10:29:11.906+0000] {processor.py:186} INFO - Started process (PID=7096) to work on /home/airflow/.local/lib/python3.12/site-packages/airflow/example_dags/tutorial_dag.py
[2026-09-23T10:29:11.907+0000] {processor.py:914} INFO - Processing file /home/airflow/.local/lib/python3.12/site-packages/airflow/example_dags/tutorial_dag.py for tasks to queue
[2026-09-23T10:29:11.911+0000] {logging_mixin.py:190} INFO - [2026-09-23T10:29:11.911+0000] {dagbag.py:588} INFO - Filling up the DagBag from /home/airflow/.local/lib/python3.12/site-packages/airflow/example_dags/tutorial_dag.py
[2026-09-23T10:29:11.921+0000] {processor.py:925} INFO - DAG(s) 'tutorial_dag' retrieved from /home/airflow/.local/lib/python3.12/site-packages/airflow/example_dags/tutorial_dag.py
[2026-09-23T10:29:11.954+0000] {logging_mixin.py:190} INFO - [2026-09-23T10:29:11.954+0000] {dag.py:3239} INFO - Sync 1 DAGs
[2026-09-23T10:29:11.986+0000] {logging_mixin.py:190} INFO - [2026-09-23T10:29:11.986+0000] {dag.py:4180} INFO - Setting next_dagrun for tutorial_dag to None, run_after=None
[2026-09-23T10:29:12.025+0000] {processor.py:208} INFO - Processing /home/airflow/.local/lib/python3.12/site-packages/airflow/example_dags/tutorial_dag.py took 0.131 seconds
[2026-09-23T10:29:42.803+0000] {processor.py:186} INFO - Started process (PID=7169) to work on /home/airflow/.local/lib/python3.12/site-packages/airflow/example_dags/tutorial_dag.py
[2026-09-23T10:29:42.804+0000] {processor.py:914} INFO - Processing file /home/airflow/.local/lib/python3.12/site-packages/airflow/example_dags/tutorial_dag.py for tasks to queue
[2026-09-23T10:29:42.807+0000] {logging_mixin.py:190} INFO - [2026-09-23T10:29:42.807+0000] {dagbag.py:588} INFO - Filling up the DagBag from /home/airflow/.local/lib/python3.12/site-packages/airflow/example_dags/tutorial_dag.py
[2026-09-23T10:29:42.818+0000] {processor.py:925} INFO - DAG(s) 'tutorial_dag' retrieved from /home/airflow/.local/lib/python3.12/site-packages/airflow/example_dags/tutorial_dag.py
[2026-09-23T10:29:42.845+0000] {logging_mixin.py:190} INFO - [2026-09-23T10:29:42.845+0000] {dag.py:3239} INFO - Sync 1 DAGs
[2026-09-23T10:29:42.872+0000] {logging_mixin.py:190} INFO - [2026-09-23T10:29:42.872+0000] {dag.py:4180} INFO - Setting next_dagrun for tutorial_dag to None, run_after=None
[2026-09-23T10:29:42.906+0000] {processor.py:208} INFO - Processing /home/airflow/.local/lib/python3.12/site-packages/airflow/example_dags/tutorial_dag.py took 0.111 seconds
[2026-09-23T10:30:13.781+0000] {processor.py:186} INFO - Started process (PID=7243) to work on /home/airflow/.local/lib/python3.12/site-packages/airflow/example_dags/tutorial_dag.py
[2026-09-23T10:30:13.782+0000] {processor.py:914} INFO - Processing file /home/airflow/.local/lib/python3.12/site-packages/airflow/example_dags/tutorial_dag.py for tasks to queue
[2026-09-23T10:30:13.788+0000] {logging_mixin.py:190} INFO - [2026-09-23T10:30:13.787+0000] {dagbag.py:588} INFO - Filling up the DagBag from /home/airflow/.local/lib/python3.12/site-packages/airflow/example_dags/tutorial_dag.py
[2026-09-23T10:30:13.798+0000] {processor.py:925} INFO - DAG(s) 'tutorial_dag' retrieved from /home/airflow/.local/lib/python3.12/site-packages/airflow/example_dags/tutorial_dag.py
[2026-09-23T10:30:13.830+0000] {logging_mixin.py:190} INFO - [2026-09-23T10:30:13.830+0000] {dag.py:3239} INFO - Sync 1 DAGs
[2026-09-23T10:30:13.854+0000] {logging_mixin.py:190} INFO - [2026-09-23T10:30:13.854+0000] {dag.py:4180} INFO - Setting next_dagrun for tutorial_dag to None, run_after=None
[2026-09-23T10:30:13.884+0000] {processor.py:208} INFO - Processing /home/airflow/.local/lib/python3.12/site-packages/airflow/example_dags/tutorial_dag.py took 0.112 seconds
[2026-09-23T10:30:44.610+0000] {processor.py:186} INFO - Started process (PID=7317) to work on /home/airflow/.local/lib/python3.12/site-packages/airflow/example_dags/tutorial_dag.py
[2026-09-23T10:30:44.612+0000] {processor.py:914} INFO - Processing file /home/airflow/.local/lib/python3.12/site-packages/airflow/example_dags/tutorial_dag.py for tasks to queue
[2026-09-23T10:30:44.619+0000] {logging_mixin.py:190} INFO - [2026-09-23T10:30:44.618+0000] {dagbag.py:588} INFO - Filling up the DagBag from /home/airflow/.local/lib/python3.12/site-packages/airflow/example_dags/tutorial_dag.py
[2026-09-23T10:30:44.632+0000] {processor.py:925} INFO - DAG(s) 'tutorial_dag' retrieved from /home/airflow/.local/lib/python3.12/site-packages/airflow/example_dags/tutorial_dag.py
[2026-09-23T10:30:44.664+0000] {logging_mixin.py:190} INFO - [2026-09-23T10:30:44.663+0000] {dag.py:3239} INFO - Sync 1 DAGs
[2026-09-23T10:30:44.688+0000] {logging_mixin.py:190} INFO - [2026-09-23T10:30:44.687+0000] {dag.py:4180} INFO - Setting next_dagrun for tutorial_dag to None, run_after=None
[2026-09-23T10:30:44.722+0000] {processor.py:208} INFO - Processing /home/airflow/.local/lib/python3.12/site-packages/airflow/example_dags/tutorial_dag.py took 0.123 seconds
[2026-09-23T10:31:15.069+0000] {processor.py:186} INFO - Started process (PID=7391) to work on /home/airflow/.local/lib/python3.12/site-packages/airflow/example_dags/tutorial_dag.py
[2026-09-23T10:31:15.070+0000] {processor.py:914} INFO - Processing file /home/airflow/.local/lib/python3.12/site-packages/airflow/example_dags/tutorial_dag.py for tasks to queue
[2026-09-23T10:31:15.073+0000] {logging_mixin.py:190} INFO - [2026-09-23T10:31:15.073+0000] {dagbag.py:588} INFO - Filling up the DagBag from /home/airflow/.local/lib/python3.12/site-packages/airflow/example_dags/tutorial_dag.py
[2026-09-23T10:31:15.089+0000] {processor.py:925} INFO - DAG(s) 'tutorial_dag' retrieved from /home/airflow/.local/lib/python3.12/site-packages/airflow/example_dags/tutorial_dag.py
[2026-09-23T10:31:15.129+0000] {logging_mixin.py:190} INFO - [2026-09-23T10:31:15.128+0000] {dag.py:3239} INFO - Sync 1 DAGs
[2026-09-23T10:31:15.159+0000] {logging_mixin.py:190} INFO - [2026-09-23T10:31:15.158+0000] {dag.py:4180} INFO - Setting next_dagrun for tutorial_dag to None, run_after=None
[2026-09-23T10:31:15.201+0000] {processor.py:208} INFO - Processing /home/airflow/.local/lib/python3.12/site-packages/airflow/example_dags/tutorial_dag.py took 0.140 seconds
[2026-09-23T10:31:45.369+0000] {processor.py:186} INFO - Started process (PID=7464) to work on /home/airflow/.local/lib/python3.12/site-packages/airflow/example_dags/tutorial_dag.py
[2026-09-23T10:31:45.371+0000] {processor.py:914} INFO - Processing file /home/airflow/.local/lib/python3.12/site-packages/airflow/example_dags/tutorial_dag.py for tasks to queue
[2026-09-23T10:31:45.373+0000] {logging_mixin.py:190} INFO - [2026-09-23T10:31:45.373+0000] {dagbag.py:588} INFO - Filling up the DagBag from /home/airflow/.local/lib/python3.12/site-packages/airflow/example_dags/tutorial_dag.py
[2026-09-23T10:31:45.383+0000] {processor.py:925} INFO - DAG(s) 'tutorial_dag' retrieved from /home/airflow/.local/lib/python3.12/site-packages/airflow/example_dags/tutorial_dag.py
[2026-09-23T10:31:45.406+0000] {logging_mixin.py:190} INFO - [2026-09-23T10:31:45.405+0000] {dag.py:3239} INFO - Sync 1 DAGs
[2026-09-23T10:31:45.432+0000] {logging_mixin.py:190} INFO - [2026-09-23T10:31:45.432+0000] {dag.py:4180} INFO - Setting next_dagrun for tutorial_dag to None, run_after=None
[2026-09-23T10:31:45.457+0000] {processor.py:208} INFO - Processing /home/airflow/.local/lib/python3.12/site-packages/airflow/example_dags/tutorial_dag.py took 0.098 seconds
[2026-09-23T10:32:16.952+0000] {processor.py:186} INFO - Started process (PID=7535) to work on /home/airflow/.local/lib/python3.12/site-packages/airflow/example_dags/tutorial_dag.py
[2026-09-23T10:32:16.953+0000] {processor.py:914} INFO - Processing file /home/airflow/.local/lib/python3.12/site-packages/airflow/example_dags/tutorial_dag.py for tasks to queue
[2026-09-23T10:32:16.956+0000] {logging_mixin.py:190} INFO - [2026-09-23T10:32:16.955+0000] {dagbag.py:588} INFO - Filling up the DagBag from /home/airflow/.local/lib/python3.12/site-packages/airflow/example_dags/tutorial_dag.py
[2026-09-23T10:32:16.968+0000] {processor.py:925} INFO - DAG(s) 'tutorial_dag' retrieved from /home/airflow/.local/lib/python3.12/site-packages/airflow/example_dags/tutorial_dag.py
[2026-09-23T10:32:16.997+0000] {logging_mixin.py:190} INFO - [2026-09-23T10:32:16.997+0000] {dag.py:3239} INFO - Sync 1 DAGs
[2026-09-23T10:32:17.033+0000] {logging_mixin.py:190} INFO - [2026-09-23T10:32:17.032+0000] {dag.py:4180} INFO - Setting next_dagrun for tutorial_dag to None, run_after=None
[2026-09-23T10:32:17.067+0000] {processor.py:208} INFO - Processing /home/airflow/.local/lib/python3.12/site-packages/airflow/example_dags/tutorial_dag.py took 0.124 seconds
[2026-09-23T15:38:30.038+0000] {processor.py:186} INFO - Started process (PID=63) to work on /home/airflow/.local/lib/python3.12/site-packages/airflow/example_dags/tutorial_dag.py
[2026-09-23T15:38:30.054+0000] {processor.py:914} INFO - Processing file /home/airflow/.local/lib/python3.12/site-packages/airflow/example_dags/tutorial_dag.py for tasks to queue
[2026-09-23T15:38:30.090+0000] {logging_mixin.py:190} INFO - [2026-09-23T15:38:30.090+0000] {dagbag.py:588} INFO - Filling up the DagBag from /home/airflow/.local/lib/python3.12/site-packages/airflow/example_dags/tutorial_dag.py
[2026-09-23T15:38:30.116+0000] {processor.py:925} INFO - DAG(s) 'tutorial_dag' retrieved from /home/airflow/.local/lib/python3.12/site-packages/airflow/example_dags/tutorial_dag.py
[2026-09-23T15:38:30.203+0000] {logging_mixin.py:190} INFO - [2026-09-23T15:38:30.202+0000] {dag.py:3239} INFO - Sync 1 DAGs
[2026-09-23T15:38:30.263+0000] {logging_mixin.py:190} INFO - [2026-09-23T15:38:30.262+0000] {dag.py:4180} INFO - Setting next_dagrun for tutorial_dag to None, run_after=None
[2026-09-23T15:38:30.479+0000] {processor.py:208} INFO - Processing /home/airflow/.local/lib/python3.12/site-packages/airflow/example_dags/tutorial_dag.py took 0.461 seconds
[2026-09-23T15:39:00.745+0000] {processor.py:186} INFO - Started process (PID=130) to work on /home/airflow/.local/lib/python3.12/site-packages/airflow/example_dags/tutorial_dag.py
[2026-09-23T15:39:00.747+0000] {processor.py:914} INFO - Processing file /home/airflow/.local/lib/python3.12/site-packages/airflow/example_dags/tutorial_dag.py for tasks to queue
[2026-09-23T15:39:00.752+0000] {logging_mixin.py:190} INFO - [2026-09-23T15:39:00.751+0000] {dagbag.py:588} INFO - Filling up the DagBag from /home/airflow/.local/lib/python3.12/site-packages/airflow/example_dags/tutorial_dag.py
[2026-09-23T15:39:00.769+0000] {processor.py:925} INFO - DAG(s) 'tutorial_dag' retrieved from /home/airflow/.local/lib/python3.12/site-packages/airflow/example_dags/tutorial_dag.py
[2026-09-23T15:39:00.806+0000] {logging_mixin.py:190} INFO - [2026-09-23T15:39:00.805+0000] {dag.py:3239} INFO - Sync 1 DAGs
[2026-09-23T15:39:00.842+0000] {logging_mixin.py:190} INFO - [2026-09-23T15:39:00.842+0000] {dag.py:4180} INFO - Setting next_dagrun for tutorial_dag to None, run_after=None
[2026-09-23T15:39:00.873+0000] {processor.py:208} INFO - Processing /home/airflow/.local/lib/python3.12/site-packages/airflow/example_dags/tutorial_dag.py took 0.141 seconds
[2026-09-23T15:39:31.478+0000] {processor.py:186} INFO - Started process (PID=205) to work on /home/airflow/.local/lib/python3.12/site-packages/airflow/example_dags/tutorial_dag.py
[2026-09-23T15:39:31.481+0000] {processor.py:914} INFO - Processing file /home/airflow/.local/lib/python3.12/site-packages/airflow/example_dags/tutorial_dag.py for tasks to queue
[2026-09-23T15:39:31.486+0000] {logging_mixin.py:190} INFO - [2026-09-23T15:39:31.485+0000] {dagbag.py:588} INFO - Filling up the DagBag from /home/airflow/.local/lib/python3.12/site-packages/airflow/example_dags/tutorial_dag.py
[2026-09-23T15:39:31.503+0000] {processor.py:925} INFO - DAG(s) 'tutorial_dag' retrieved from /home/airflow/.local/lib/python3.12/site-packages/airflow/example_dags/tutorial_dag.py
[2026-09-23T15:39:31.555+0000] {logging_mixin.py:190} INFO - [2026-09-23T15:39:31.554+0000] {dag.py:3239} INFO - Sync 1 DAGs
[2026-09-23T15:39:31.586+0000] {logging_mixin.py:190} INFO - [2026-09-23T15:39:31.586+0000] {dag.py:4180} INFO - Setting next_dagrun for tutorial_dag to None, run_after=None
[2026-09-23T15:39:31.618+0000] {processor.py:208} INFO - Processing /home/airflow/.local/lib/python3.12/site-packages/airflow/example_dags/tutorial_dag.py took 0.154 seconds
[2026-09-23T15:40:02.242+0000] {processor.py:186} INFO - Started process (PID=278) to work on /home/airflow/.local/lib/python3.12/site-packages/airflow/example_dags/tutorial_dag.py
[2026-09-23T15:40:02.244+0000] {processor.py:914} INFO - Processing file /home/airflow/.local/lib/python3.12/site-packages/airflow/example_dags/tutorial_dag.py for tasks to queue
[2026-09-23T15:40:02.248+0000] {logging_mixin.py:190} INFO - [2026-09-23T15:40:02.247+0000] {dagbag.py:588} INFO - Filling up the DagBag from /home/airflow/.local/lib/python3.12/site-packages/airflow/example_dags/tutorial_dag.py
[2026-09-23T15:40:02.259+0000] {processor.py:925} INFO - DAG(s) 'tutorial_dag' retrieved from /home/airflow/.local/lib/python3.12/site-packages/airflow/example_dags/tutorial_dag.py
[2026-09-23T15:40:02.288+0000] {logging_mixin.py:190} INFO - [2026-09-23T15:40:02.288+0000] {dag.py:3239} INFO - Sync 1 DAGs
[2026-09-23T15:40:02.312+0000] {logging_mixin.py:190} INFO - [2026-09-23T15:40:02.312+0000] {dag.py:4180} INFO - Setting next_dagrun for tutorial_dag to None, run_after=None
[2026-09-23T15:40:02.344+0000] {processor.py:208} INFO - Processing /home/airflow/.local/lib/python3.12/site-packages/airflow/example_dags/tutorial_dag.py took 0.120 seconds
[2026-09-23T15:40:33.212+0000] {processor.py:186} INFO - Started process (PID=345) to work on /home/airflow/.local/lib/python3.12/site-packages/airflow/example_dags/tutorial_dag.py
[2026-09-23T15:40:33.214+0000] {processor.py:914} INFO - Processing file /home/airflow/.local/lib/python3.12/site-packages/airflow/example_dags/tutorial_dag.py for tasks to queue
[2026-09-23T15:40:33.219+0000] {logging_mixin.py:190} INFO - [2026-09-23T15:40:33.218+0000] {dagbag.py:588} INFO - Filling up the DagBag from /home/airflow/.local/lib/python3.12/site-packages/airflow/example_dags/tutorial_dag.py
[2026-09-23T15:40:33.239+0000] {processor.py:925} INFO - DAG(s) 'tutorial_dag' retrieved from /home/airflow/.local/lib/python3.12/site-packages/airflow/example_dags/tutorial_dag.py
[2026-09-23T15:40:33.294+0000] {logging_mixin.py:190} INFO - [2026-09-23T15:40:33.294+0000] {dag.py:3239} INFO - Sync 1 DAGs
[2026-09-23T15:40:33.336+0000] {logging_mixin.py:190} INFO - [2026-09-23T15:40:33.336+0000] {dag.py:4180} INFO - Setting next_dagrun for tutorial_dag to None, run_after=None
[2026-09-23T15:40:33.410+0000] {processor.py:208} INFO - Processing /home/airflow/.local/lib/python3.12/site-packages/airflow/example_dags/tutorial_dag.py took 0.219 seconds
[2026-09-23T15:41:04.123+0000] {processor.py:186} INFO - Started process (PID=415) to work on /home/airflow/.local/lib/python3.12/site-packages/airflow/example_dags/tutorial_dag.py
[2026-09-23T15:41:04.124+0000] {processor.py:914} INFO - Processing file /home/airflow/.local/lib/python3.12/site-packages/airflow/example_dags/tutorial_dag.py for tasks to queue
[2026-09-23T15:41:04.129+0000] {logging_mixin.py:190} INFO - [2026-09-23T15:41:04.128+0000] {dagbag.py:588} INFO - Filling up the DagBag from /home/airflow/.local/lib/python3.12/site-packages/airflow/example_dags/tutorial_dag.py
[2026-09-23T15:41:04.141+0000] {processor.py:925} INFO - DAG(s) 'tutorial_dag' retrieved from /home/airflow/.local/lib/python3.12/site-packages/airflow/example_dags/tutorial_dag.py
[2026-09-23T15:41:04.178+0000] {logging_mixin.py:190} INFO - [2026-09-23T15:41:04.177+0000] {dag.py:3239} INFO - Sync 1 DAGs
[2026-09-23T15:41:04.202+0000] {logging_mixin.py:190} INFO - [2026-09-23T15:41:04.202+0000] {dag.py:4180} INFO - Setting next_dagrun for tutorial_dag to None, run_after=None
[2026-09-23T15:41:04.242+0000] {processor.py:208} INFO - Processing /home/airflow/.local/lib/python3.12/site-packages/airflow/example_dags/tutorial_dag.py took 0.128 seconds
[2026-09-23T15:41:34.560+0000] {processor.py:186} INFO - Started process (PID=486) to work on /home/airflow/.local/lib/python3.12/site-packages/airflow/example_dags/tutorial_dag.py
[2026-09-23T15:41:34.561+0000] {processor.py:914} INFO - Processing file /home/airflow/.local/lib/python3.12/site-packages/airflow/example_dags/tutorial_dag.py for tasks to queue
[2026-09-23T15:41:34.564+0000] {logging_mixin.py:190} INFO - [2026-09-23T15:41:34.564+0000] {dagbag.py:588} INFO - Filling up the DagBag from /home/airflow/.local/lib/python3.12/site-packages/airflow/example_dags/tutorial_dag.py
[2026-09-23T15:41:34.578+0000] {processor.py:925} INFO - DAG(s) 'tutorial_dag' retrieved from /home/airflow/.local/lib/python3.12/site-packages/airflow/example_dags/tutorial_dag.py
[2026-09-23T15:41:34.614+0000] {logging_mixin.py:190} INFO - [2026-09-23T15:41:34.614+0000] {dag.py:3239} INFO - Sync 1 DAGs
[2026-09-23T15:41:34.645+0000] {logging_mixin.py:190} INFO - [2026-09-23T15:41:34.644+0000] {dag.py:4180} INFO - Setting next_dagrun for tutorial_dag to None, run_after=None
[2026-09-23T15:41:34.673+0000] {processor.py:208} INFO - Processing /home/airflow/.local/lib/python3.12/site-packages/airflow/example_dags/tutorial_dag.py took 0.124 seconds
[2026-09-23T15:42:06.739+0000] {processor.py:186} INFO - Started process (PID=559) to work on /home/airflow/.local/lib/python3.12/site-packages/airflow/example_dags/tutorial_dag.py
[2026-09-23T15:42:06.747+0000] {processor.py:914} INFO - Processing file /home/airflow/.local/lib/python3.12/site-packages/airflow/example_dags/tutorial_dag.py for tasks to queue
[2026-09-23T15:42:06.756+0000] {logging_mixin.py:190} INFO - [2026-09-23T15:42:06.756+0000] {dagbag.py:588} INFO - Filling up the DagBag from /home/airflow/.local/lib/python3.12/site-packages/airflow/example_dags/tutorial_dag.py
[2026-09-23T15:42:06.812+0000] {processor.py:925} INFO - DAG(s) 'tutorial_dag' retrieved from /home/airflow/.local/lib/python3.12/site-packages/airflow/example_dags/tutorial_dag.py
[2026-09-23T15:42:06.935+0000] {logging_mixin.py:190} INFO - [2026-09-23T15:42:06.934+0000] {dag.py:3239} INFO - Sync 1 DAGs
[2026-09-23T15:42:07.022+0000] {logging_mixin.py:190} INFO - [2026-09-23T15:42:07.020+0000] {dag.py:4180} INFO - Setting next_dagrun for tutorial_dag to None, run_after=None
[2026-09-23T15:42:07.141+0000] {processor.py:208} INFO - Processing /home/airflow/.local/lib/python3.12/site-packages/airflow/example_dags/tutorial_dag.py took 0.444 seconds
[2026-09-23T15:42:38.557+0000] {processor.py:186} INFO - Started process (PID=633) to work on /home/airflow/.local/lib/python3.12/site-packages/airflow/example_dags/tutorial_dag.py
[2026-09-23T15:42:38.558+0000] {processor.py:914} INFO - Processing file /home/airflow/.local/lib/python3.12/site-packages/airflow/example_dags/tutorial_dag.py for tasks to queue
[2026-09-23T15:42:38.578+0000] {logging_mixin.py:190} INFO - [2026-09-23T15:42:38.578+0000] {dagbag.py:588} INFO - Filling up the DagBag from /home/airflow/.local/lib/python3.12/site-packages/airflow/example_dags/tutorial_dag.py
[2026-09-23T15:42:38.629+0000] {processor.py:925} INFO - DAG(s) 'tutorial_dag' retrieved from /home/airflow/.local/lib/python3.12/site-packages/airflow/example_dags/tutorial_dag.py
[2026-09-23T15:42:38.748+0000] {logging_mixin.py:190} INFO - [2026-09-23T15:42:38.748+0000] {dag.py:3239} INFO - Sync 1 DAGs
[2026-09-23T15:42:38.801+0000] {logging_mixin.py:190} INFO - [2026-09-23T15:42:38.800+0000] {dag.py:4180} INFO - Setting next_dagrun for tutorial_dag to None, run_after=None
[2026-09-23T15:42:38.928+0000] {processor.py:208} INFO - Processing /home/airflow/.local/lib/python3.12/site-packages/airflow/example_dags/tutorial_dag.py took 0.456 seconds
[2026-09-23T15:43:09.686+0000] {processor.py:186} INFO - Started process (PID=700) to work on /home/airflow/.local/lib/python3.12/site-packages/airflow/example_dags/tutorial_dag.py
[2026-09-23T15:43:09.687+0000] {processor.py:914} INFO - Processing file /home/airflow/.local/lib/python3.12/site-packages/airflow/example_dags/tutorial_dag.py for tasks to queue
[2026-09-23T15:43:09.691+0000] {logging_mixin.py:190} INFO - [2026-09-23T15:43:09.690+0000] {dagbag.py:588} INFO - Filling up the DagBag from /home/airflow/.local/lib/python3.12/site-packages/airflow/example_dags/tutorial_dag.py
[2026-09-23T15:43:09.702+0000] {processor.py:925} INFO - DAG(s) 'tutorial_dag' retrieved from /home/airflow/.local/lib/python3.12/site-packages/airflow/example_dags/tutorial_dag.py
[2026-09-23T15:43:09.733+0000] {logging_mixin.py:190} INFO - [2026-09-23T15:43:09.733+0000] {dag.py:3239} INFO - Sync 1 DAGs
[2026-09-23T15:43:09.757+0000] {logging_mixin.py:190} INFO - [2026-09-23T15:43:09.756+0000] {dag.py:4180} INFO - Setting next_dagrun for tutorial_dag to None, run_after=None
[2026-09-23T15:43:09.786+0000] {processor.py:208} INFO - Processing /home/airflow/.local/lib/python3.12/site-packages/airflow/example_dags/tutorial_dag.py took 0.111 seconds
[2026-09-23T15:43:39.913+0000] {processor.py:186} INFO - Started process (PID=772) to work on /home/airflow/.local/lib/python3.12/site-packages/airflow/example_dags/tutorial_dag.py
[2026-09-23T15:43:39.918+0000] {processor.py:914} INFO - Processing file /home/airflow/.local/lib/python3.12/site-packages/airflow/example_dags/tutorial_dag.py for tasks to queue
[2026-09-23T15:43:39.928+0000] {logging_mixin.py:190} INFO - [2026-09-23T15:43:39.928+0000] {dagbag.py:588} INFO - Filling up the DagBag from /home/airflow/.local/lib/python3.12/site-packages/airflow/example_dags/tutorial_dag.py
[2026-09-23T15:43:39.964+0000] {processor.py:925} INFO - DAG(s) 'tutorial_dag' retrieved from /home/airflow/.local/lib/python3.12/site-packages/airflow/example_dags/tutorial_dag.py
[2026-09-23T15:43:40.017+0000] {logging_mixin.py:190} INFO - [2026-09-23T15:43:40.017+0000] {dag.py:3239} INFO - Sync 1 DAGs
[2026-09-23T15:43:40.061+0000] {logging_mixin.py:190} INFO - [2026-09-23T15:43:40.060+0000] {dag.py:4180} INFO - Setting next_dagrun for tutorial_dag to None, run_after=None
[2026-09-23T15:43:40.100+0000] {processor.py:208} INFO - Processing /home/airflow/.local/lib/python3.12/site-packages/airflow/example_dags/tutorial_dag.py took 0.219 seconds
[2026-09-23T15:44:10.515+0000] {processor.py:186} INFO - Started process (PID=838) to work on /home/airflow/.local/lib/python3.12/site-packages/airflow/example_dags/tutorial_dag.py
[2026-09-23T15:44:10.518+0000] {processor.py:914} INFO - Processing file /home/airflow/.local/lib/python3.12/site-packages/airflow/example_dags/tutorial_dag.py for tasks to queue
[2026-09-23T15:44:10.523+0000] {logging_mixin.py:190} INFO - [2026-09-23T15:44:10.522+0000] {dagbag.py:588} INFO - Filling up the DagBag from /home/airflow/.local/lib/python3.12/site-packages/airflow/example_dags/tutorial_dag.py
[2026-09-23T15:44:10.536+0000] {processor.py:925} INFO - DAG(s) 'tutorial_dag' retrieved from /home/airflow/.local/lib/python3.12/site-packages/airflow/example_dags/tutorial_dag.py
[2026-09-23T15:44:10.591+0000] {logging_mixin.py:190} INFO - [2026-09-23T15:44:10.591+0000] {dag.py:3239} INFO - Sync 1 DAGs
[2026-09-23T15:44:10.615+0000] {logging_mixin.py:190} INFO - [2026-09-23T15:44:10.615+0000] {dag.py:4180} INFO - Setting next_dagrun for tutorial_dag to None, run_after=None
[2026-09-23T15:44:10.663+0000] {processor.py:208} INFO - Processing /home/airflow/.local/lib/python3.12/site-packages/airflow/example_dags/tutorial_dag.py took 0.163 seconds
[2026-09-23T15:44:41.094+0000] {processor.py:186} INFO - Started process (PID=913) to work on /home/airflow/.local/lib/python3.12/site-packages/airflow/example_dags/tutorial_dag.py
[2026-09-23T15:44:41.096+0000] {processor.py:914} INFO - Processing file /home/airflow/.local/lib/python3.12/site-packages/airflow/example_dags/tutorial_dag.py for tasks to queue
[2026-09-23T15:44:41.100+0000] {logging_mixin.py:190} INFO - [2026-09-23T15:44:41.100+0000] {dagbag.py:588} INFO - Filling up the DagBag from /home/airflow/.local/lib/python3.12/site-packages/airflow/example_dags/tutorial_dag.py
[2026-09-23T15:44:41.116+0000] {processor.py:925} INFO - DAG(s) 'tutorial_dag' retrieved from /home/airflow/.local/lib/python3.12/site-packages/airflow/example_dags/tutorial_dag.py
[2026-09-23T15:44:41.161+0000] {logging_mixin.py:190} INFO - [2026-09-23T15:44:41.161+0000] {dag.py:3239} INFO - Sync 1 DAGs
[2026-09-23T15:44:41.200+0000] {logging_mixin.py:190} INFO - [2026-09-23T15:44:41.198+0000] {dag.py:4180} INFO - Setting next_dagrun for tutorial_dag to None, run_after=None
[2026-09-23T15:44:41.246+0000] {processor.py:208} INFO - Processing /home/airflow/.local/lib/python3.12/site-packages/airflow/example_dags/tutorial_dag.py took 0.164 seconds
[2026-09-23T15:45:12.149+0000] {processor.py:186} INFO - Started process (PID=987) to work on /home/airflow/.local/lib/python3.12/site-packages/airflow/example_dags/tutorial_dag.py
[2026-09-23T15:45:12.150+0000] {processor.py:914} INFO - Processing file /home/airflow/.local/lib/python3.12/site-packages/airflow/example_dags/tutorial_dag.py for tasks to queue
[2026-09-23T15:45:12.154+0000] {logging_mixin.py:190} INFO - [2026-09-23T15:45:12.153+0000] {dagbag.py:588} INFO - Filling up the DagBag from /home/airflow/.local/lib/python3.12/site-packages/airflow/example_dags/tutorial_dag.py
[2026-09-23T15:45:12.166+0000] {processor.py:925} INFO - DAG(s) 'tutorial_dag' retrieved from /home/airflow/.local/lib/python3.12/site-packages/airflow/example_dags/tutorial_dag.py
[2026-09-23T15:45:12.195+0000] {logging_mixin.py:190} INFO - [2026-09-23T15:45:12.195+0000] {dag.py:3239} INFO - Sync 1 DAGs
[2026-09-23T15:45:12.220+0000] {logging_mixin.py:190} INFO - [2026-09-23T15:45:12.219+0000] {dag.py:4180} INFO - Setting next_dagrun for tutorial_dag to None, run_after=None
[2026-09-23T15:45:12.250+0000] {processor.py:208} INFO - Processing /home/airflow/.local/lib/python3.12/site-packages/airflow/example_dags/tutorial_dag.py took 0.110 seconds
[2026-09-23T15:45:42.593+0000] {processor.py:186} INFO - Started process (PID=1061) to work on /home/airflow/.local/lib/python3.12/site-packages/airflow/example_dags/tutorial_dag.py
[2026-09-23T15:45:42.597+0000] {processor.py:914} INFO - Processing file /home/airflow/.local/lib/python3.12/site-packages/airflow/example_dags/tutorial_dag.py for tasks to queue
[2026-09-23T15:45:42.604+0000] {logging_mixin.py:190} INFO - [2026-09-23T15:45:42.604+0000] {dagbag.py:588} INFO - Filling up the DagBag from /home/airflow/.local/lib/python3.12/site-packages/airflow/example_dags/tutorial_dag.py
[2026-09-23T15:45:42.622+0000] {processor.py:925} INFO - DAG(s) 'tutorial_dag' retrieved from /home/airflow/.local/lib/python3.12/site-packages/airflow/example_dags/tutorial_dag.py
[2026-09-23T15:45:42.655+0000] {logging_mixin.py:190} INFO - [2026-09-23T15:45:42.655+0000] {dag.py:3239} INFO - Sync 1 DAGs
[2026-09-23T15:45:42.686+0000] {logging_mixin.py:190} INFO - [2026-09-23T15:45:42.685+0000] {dag.py:4180} INFO - Setting next_dagrun for tutorial_dag to None, run_after=None
[2026-09-23T15:45:42.717+0000] {processor.py:208} INFO - Processing /home/airflow/.local/lib/python3.12/site-packages/airflow/example_dags/tutorial_dag.py took 0.154 seconds
[2026-09-23T15:46:13.421+0000] {processor.py:186} INFO - Started process (PID=1135) to work on /home/airflow/.local/lib/python3.12/site-packages/airflow/example_dags/tutorial_dag.py
[2026-09-23T15:46:13.422+0000] {processor.py:914} INFO - Processing file /home/airflow/.local/lib/python3.12/site-packages/airflow/example_dags/tutorial_dag.py for tasks to queue
[2026-09-23T15:46:13.435+0000] {logging_mixin.py:190} INFO - [2026-09-23T15:46:13.425+0000] {dagbag.py:588} INFO - Filling up the DagBag from /home/airflow/.local/lib/python3.12/site-packages/airflow/example_dags/tutorial_dag.py
[2026-09-23T15:46:13.488+0000] {processor.py:925} INFO - DAG(s) 'tutorial_dag' retrieved from /home/airflow/.local/lib/python3.12/site-packages/airflow/example_dags/tutorial_dag.py
[2026-09-23T15:46:13.544+0000] {logging_mixin.py:190} INFO - [2026-09-23T15:46:13.544+0000] {dag.py:3239} INFO - Sync 1 DAGs
[2026-09-23T15:46:13.587+0000] {logging_mixin.py:190} INFO - [2026-09-23T15:46:13.587+0000] {dag.py:4180} INFO - Setting next_dagrun for tutorial_dag to None, run_after=None
[2026-09-23T15:46:13.639+0000] {processor.py:208} INFO - Processing /home/airflow/.local/lib/python3.12/site-packages/airflow/example_dags/tutorial_dag.py took 0.260 seconds
[2026-09-23T15:46:44.551+0000] {processor.py:186} INFO - Started process (PID=1208) to work on /home/airflow/.local/lib/python3.12/site-packages/airflow/example_dags/tutorial_dag.py
[2026-09-23T15:46:44.553+0000] {processor.py:914} INFO - Processing file /home/airflow/.local/lib/python3.12/site-packages/airflow/example_dags/tutorial_dag.py for tasks to queue
[2026-09-23T15:46:44.556+0000] {logging_mixin.py:190} INFO - [2026-09-23T15:46:44.556+0000] {dagbag.py:588} INFO - Filling up the DagBag from /home/airflow/.local/lib/python3.12/site-packages/airflow/example_dags/tutorial_dag.py
[2026-09-23T15:46:44.567+0000] {processor.py:925} INFO - DAG(s) 'tutorial_dag' retrieved from /home/airflow/.local/lib/python3.12/site-packages/airflow/example_dags/tutorial_dag.py
[2026-09-23T15:46:44.593+0000] {logging_mixin.py:190} INFO - [2026-09-23T15:46:44.593+0000] {dag.py:3239} INFO - Sync 1 DAGs
[2026-09-23T15:46:44.616+0000] {logging_mixin.py:190} INFO - [2026-09-23T15:46:44.615+0000] {dag.py:4180} INFO - Setting next_dagrun for tutorial_dag to None, run_after=None
[2026-09-23T15:46:44.639+0000] {processor.py:208} INFO - Processing /home/airflow/.local/lib/python3.12/site-packages/airflow/example_dags/tutorial_dag.py took 0.100 seconds
[2026-09-23T15:47:15.279+0000] {processor.py:186} INFO - Started process (PID=1282) to work on /home/airflow/.local/lib/python3.12/site-packages/airflow/example_dags/tutorial_dag.py
[2026-09-23T15:47:15.280+0000] {processor.py:914} INFO - Processing file /home/airflow/.local/lib/python3.12/site-packages/airflow/example_dags/tutorial_dag.py for tasks to queue
[2026-09-23T15:47:15.283+0000] {logging_mixin.py:190} INFO - [2026-09-23T15:47:15.283+0000] {dagbag.py:588} INFO - Filling up the DagBag from /home/airflow/.local/lib/python3.12/site-packages/airflow/example_dags/tutorial_dag.py
[2026-09-23T15:47:15.293+0000] {processor.py:925} INFO - DAG(s) 'tutorial_dag' retrieved from /home/airflow/.local/lib/python3.12/site-packages/airflow/example_dags/tutorial_dag.py
[2026-09-23T15:47:15.320+0000] {logging_mixin.py:190} INFO - [2026-09-23T15:47:15.319+0000] {dag.py:3239} INFO - Sync 1 DAGs
[2026-09-23T15:47:15.343+0000] {logging_mixin.py:190} INFO - [2026-09-23T15:47:15.343+0000] {dag.py:4180} INFO - Setting next_dagrun for tutorial_dag to None, run_after=None
[2026-09-23T15:47:15.369+0000] {processor.py:208} INFO - Processing /home/airflow/.local/lib/python3.12/site-packages/airflow/example_dags/tutorial_dag.py took 0.102 seconds
[2026-09-23T15:47:45.620+0000] {processor.py:186} INFO - Started process (PID=1355) to work on /home/airflow/.local/lib/python3.12/site-packages/airflow/example_dags/tutorial_dag.py
[2026-09-23T15:47:45.622+0000] {processor.py:914} INFO - Processing file /home/airflow/.local/lib/python3.12/site-packages/airflow/example_dags/tutorial_dag.py for tasks to queue
[2026-09-23T15:47:45.626+0000] {logging_mixin.py:190} INFO - [2026-09-23T15:47:45.625+0000] {dagbag.py:588} INFO - Filling up the DagBag from /home/airflow/.local/lib/python3.12/site-packages/airflow/example_dags/tutorial_dag.py
[2026-09-23T15:47:45.637+0000] {processor.py:925} INFO - DAG(s) 'tutorial_dag' retrieved from /home/airflow/.local/lib/python3.12/site-packages/airflow/example_dags/tutorial_dag.py
[2026-09-23T15:47:45.664+0000] {logging_mixin.py:190} INFO - [2026-09-23T15:47:45.664+0000] {dag.py:3239} INFO - Sync 1 DAGs
[2026-09-23T15:47:45.689+0000] {logging_mixin.py:190} INFO - [2026-09-23T15:47:45.689+0000] {dag.py:4180} INFO - Setting next_dagrun for tutorial_dag to None, run_after=None
[2026-09-23T15:47:45.715+0000] {processor.py:208} INFO - Processing /home/airflow/.local/lib/python3.12/site-packages/airflow/example_dags/tutorial_dag.py took 0.105 seconds
[2026-09-23T15:48:15.779+0000] {processor.py:186} INFO - Started process (PID=1429) to work on /home/airflow/.local/lib/python3.12/site-packages/airflow/example_dags/tutorial_dag.py
[2026-09-23T15:48:15.781+0000] {processor.py:914} INFO - Processing file /home/airflow/.local/lib/python3.12/site-packages/airflow/example_dags/tutorial_dag.py for tasks to queue
[2026-09-23T15:48:15.784+0000] {logging_mixin.py:190} INFO - [2026-09-23T15:48:15.784+0000] {dagbag.py:588} INFO - Filling up the DagBag from /home/airflow/.local/lib/python3.12/site-packages/airflow/example_dags/tutorial_dag.py
[2026-09-23T15:48:15.795+0000] {processor.py:925} INFO - DAG(s) 'tutorial_dag' retrieved from /home/airflow/.local/lib/python3.12/site-packages/airflow/example_dags/tutorial_dag.py
[2026-09-23T15:48:15.822+0000] {logging_mixin.py:190} INFO - [2026-09-23T15:48:15.822+0000] {dag.py:3239} INFO - Sync 1 DAGs
[2026-09-23T15:48:15.845+0000] {logging_mixin.py:190} INFO - [2026-09-23T15:48:15.845+0000] {dag.py:4180} INFO - Setting next_dagrun for tutorial_dag to None, run_after=None
[2026-09-23T15:48:15.870+0000] {processor.py:208} INFO - Processing /home/airflow/.local/lib/python3.12/site-packages/airflow/example_dags/tutorial_dag.py took 0.099 seconds
[2026-09-23T15:48:46.102+0000] {processor.py:186} INFO - Started process (PID=1502) to work on /home/airflow/.local/lib/python3.12/site-packages/airflow/example_dags/tutorial_dag.py
[2026-09-23T15:48:46.104+0000] {processor.py:914} INFO - Processing file /home/airflow/.local/lib/python3.12/site-packages/airflow/example_dags/tutorial_dag.py for tasks to queue
[2026-09-23T15:48:46.108+0000] {logging_mixin.py:190} INFO - [2026-09-23T15:48:46.107+0000] {dagbag.py:588} INFO - Filling up the DagBag from /home/airflow/.local/lib/python3.12/site-packages/airflow/example_dags/tutorial_dag.py
[2026-09-23T15:48:46.122+0000] {processor.py:925} INFO - DAG(s) 'tutorial_dag' retrieved from /home/airflow/.local/lib/python3.12/site-packages/airflow/example_dags/tutorial_dag.py
[2026-09-23T15:48:46.154+0000] {logging_mixin.py:190} INFO - [2026-09-23T15:48:46.153+0000] {dag.py:3239} INFO - Sync 1 DAGs
[2026-09-23T15:48:46.178+0000] {logging_mixin.py:190} INFO - [2026-09-23T15:48:46.177+0000] {dag.py:4180} INFO - Setting next_dagrun for tutorial_dag to None, run_after=None
[2026-09-23T15:48:46.208+0000] {processor.py:208} INFO - Processing /home/airflow/.local/lib/python3.12/site-packages/airflow/example_dags/tutorial_dag.py took 0.118 seconds
[2026-09-23T15:49:16.835+0000] {processor.py:186} INFO - Started process (PID=1576) to work on /home/airflow/.local/lib/python3.12/site-packages/airflow/example_dags/tutorial_dag.py
[2026-09-23T15:49:16.836+0000] {processor.py:914} INFO - Processing file /home/airflow/.local/lib/python3.12/site-packages/airflow/example_dags/tutorial_dag.py for tasks to queue
[2026-09-23T15:49:16.840+0000] {logging_mixin.py:190} INFO - [2026-09-23T15:49:16.840+0000] {dagbag.py:588} INFO - Filling up the DagBag from /home/airflow/.local/lib/python3.12/site-packages/airflow/example_dags/tutorial_dag.py
[2026-09-23T15:49:16.856+0000] {processor.py:925} INFO - DAG(s) 'tutorial_dag' retrieved from /home/airflow/.local/lib/python3.12/site-packages/airflow/example_dags/tutorial_dag.py
[2026-09-23T15:49:16.884+0000] {logging_mixin.py:190} INFO - [2026-09-23T15:49:16.883+0000] {dag.py:3239} INFO - Sync 1 DAGs
[2026-09-23T15:49:16.910+0000] {logging_mixin.py:190} INFO - [2026-09-23T15:49:16.910+0000] {dag.py:4180} INFO - Setting next_dagrun for tutorial_dag to None, run_after=None
[2026-09-23T15:49:16.936+0000] {processor.py:208} INFO - Processing /home/airflow/.local/lib/python3.12/site-packages/airflow/example_dags/tutorial_dag.py took 0.123 seconds
[2026-09-23T15:49:47.167+0000] {processor.py:186} INFO - Started process (PID=1643) to work on /home/airflow/.local/lib/python3.12/site-packages/airflow/example_dags/tutorial_dag.py
[2026-09-23T15:49:47.169+0000] {processor.py:914} INFO - Processing file /home/airflow/.local/lib/python3.12/site-packages/airflow/example_dags/tutorial_dag.py for tasks to queue
[2026-09-23T15:49:47.172+0000] {logging_mixin.py:190} INFO - [2026-09-23T15:49:47.172+0000] {dagbag.py:588} INFO - Filling up the DagBag from /home/airflow/.local/lib/python3.12/site-packages/airflow/example_dags/tutorial_dag.py
[2026-09-23T15:49:47.182+0000] {processor.py:925} INFO - DAG(s) 'tutorial_dag' retrieved from /home/airflow/.local/lib/python3.12/site-packages/airflow/example_dags/tutorial_dag.py
[2026-09-23T15:49:47.210+0000] {logging_mixin.py:190} INFO - [2026-09-23T15:49:47.210+0000] {dag.py:3239} INFO - Sync 1 DAGs
[2026-09-23T15:49:47.235+0000] {logging_mixin.py:190} INFO - [2026-09-23T15:49:47.234+0000] {dag.py:4180} INFO - Setting next_dagrun for tutorial_dag to None, run_after=None
[2026-09-23T15:49:47.265+0000] {processor.py:208} INFO - Processing /home/airflow/.local/lib/python3.12/site-packages/airflow/example_dags/tutorial_dag.py took 0.109 seconds
[2026-09-23T15:50:17.627+0000] {processor.py:186} INFO - Started process (PID=1717) to work on /home/airflow/.local/lib/python3.12/site-packages/airflow/example_dags/tutorial_dag.py
[2026-09-23T15:50:17.627+0000] {processor.py:914} INFO - Processing file /home/airflow/.local/lib/python3.12/site-packages/airflow/example_dags/tutorial_dag.py for tasks to queue
[2026-09-23T15:50:17.630+0000] {logging_mixin.py:190} INFO - [2026-09-23T15:50:17.630+0000] {dagbag.py:588} INFO - Filling up the DagBag from /home/airflow/.local/lib/python3.12/site-packages/airflow/example_dags/tutorial_dag.py
[2026-09-23T15:50:17.640+0000] {processor.py:925} INFO - DAG(s) 'tutorial_dag' retrieved from /home/airflow/.local/lib/python3.12/site-packages/airflow/example_dags/tutorial_dag.py
[2026-09-23T15:50:17.668+0000] {logging_mixin.py:190} INFO - [2026-09-23T15:50:17.668+0000] {dag.py:3239} INFO - Sync 1 DAGs
[2026-09-23T15:50:17.695+0000] {logging_mixin.py:190} INFO - [2026-09-23T15:50:17.695+0000] {dag.py:4180} INFO - Setting next_dagrun for tutorial_dag to None, run_after=None
[2026-09-23T15:50:17.721+0000] {processor.py:208} INFO - Processing /home/airflow/.local/lib/python3.12/site-packages/airflow/example_dags/tutorial_dag.py took 0.105 seconds
[2026-09-23T15:50:47.942+0000] {processor.py:186} INFO - Started process (PID=1791) to work on /home/airflow/.local/lib/python3.12/site-packages/airflow/example_dags/tutorial_dag.py
[2026-09-23T15:50:47.945+0000] {processor.py:914} INFO - Processing file /home/airflow/.local/lib/python3.12/site-packages/airflow/example_dags/tutorial_dag.py for tasks to queue
[2026-09-23T15:50:47.948+0000] {logging_mixin.py:190} INFO - [2026-09-23T15:50:47.948+0000] {dagbag.py:588} INFO - Filling up the DagBag from /home/airflow/.local/lib/python3.12/site-packages/airflow/example_dags/tutorial_dag.py
[2026-09-23T15:50:47.962+0000] {processor.py:925} INFO - DAG(s) 'tutorial_dag' retrieved from /home/airflow/.local/lib/python3.12/site-packages/airflow/example_dags/tutorial_dag.py
[2026-09-23T15:50:47.996+0000] {logging_mixin.py:190} INFO - [2026-09-23T15:50:47.995+0000] {dag.py:3239} INFO - Sync 1 DAGs
[2026-09-23T15:50:48.033+0000] {logging_mixin.py:190} INFO - [2026-09-23T15:50:48.032+0000] {dag.py:4180} INFO - Setting next_dagrun for tutorial_dag to None, run_after=None
[2026-09-23T15:50:48.070+0000] {processor.py:208} INFO - Processing /home/airflow/.local/lib/python3.12/site-packages/airflow/example_dags/tutorial_dag.py took 0.137 seconds
[2026-09-23T15:51:18.888+0000] {processor.py:186} INFO - Started process (PID=1865) to work on /home/airflow/.local/lib/python3.12/site-packages/airflow/example_dags/tutorial_dag.py
[2026-09-23T15:51:18.889+0000] {processor.py:914} INFO - Processing file /home/airflow/.local/lib/python3.12/site-packages/airflow/example_dags/tutorial_dag.py for tasks to queue
[2026-09-23T15:51:18.892+0000] {logging_mixin.py:190} INFO - [2026-09-23T15:51:18.892+0000] {dagbag.py:588} INFO - Filling up the DagBag from /home/airflow/.local/lib/python3.12/site-packages/airflow/example_dags/tutorial_dag.py
[2026-09-23T15:51:18.902+0000] {processor.py:925} INFO - DAG(s) 'tutorial_dag' retrieved from /home/airflow/.local/lib/python3.12/site-packages/airflow/example_dags/tutorial_dag.py
[2026-09-23T15:51:18.930+0000] {logging_mixin.py:190} INFO - [2026-09-23T15:51:18.930+0000] {dag.py:3239} INFO - Sync 1 DAGs
[2026-09-23T15:51:18.952+0000] {logging_mixin.py:190} INFO - [2026-09-23T15:51:18.952+0000] {dag.py:4180} INFO - Setting next_dagrun for tutorial_dag to None, run_after=None
[2026-09-23T15:51:18.978+0000] {processor.py:208} INFO - Processing /home/airflow/.local/lib/python3.12/site-packages/airflow/example_dags/tutorial_dag.py took 0.101 seconds
[2026-09-23T15:51:49.122+0000] {processor.py:186} INFO - Started process (PID=1940) to work on /home/airflow/.local/lib/python3.12/site-packages/airflow/example_dags/tutorial_dag.py
[2026-09-23T15:51:49.125+0000] {processor.py:914} INFO - Processing file /home/airflow/.local/lib/python3.12/site-packages/airflow/example_dags/tutorial_dag.py for tasks to queue
[2026-09-23T15:51:49.128+0000] {logging_mixin.py:190} INFO - [2026-09-23T15:51:49.127+0000] {dagbag.py:588} INFO - Filling up the DagBag from /home/airflow/.local/lib/python3.12/site-packages/airflow/example_dags/tutorial_dag.py
[2026-09-23T15:51:49.139+0000] {processor.py:925} INFO - DAG(s) 'tutorial_dag' retrieved from /home/airflow/.local/lib/python3.12/site-packages/airflow/example_dags/tutorial_dag.py
[2026-09-23T15:51:49.167+0000] {logging_mixin.py:190} INFO - [2026-09-23T15:51:49.167+0000] {dag.py:3239} INFO - Sync 1 DAGs
[2026-09-23T15:51:49.196+0000] {logging_mixin.py:190} INFO - [2026-09-23T15:51:49.196+0000] {dag.py:4180} INFO - Setting next_dagrun for tutorial_dag to None, run_after=None
[2026-09-23T15:51:49.224+0000] {processor.py:208} INFO - Processing /home/airflow/.local/lib/python3.12/site-packages/airflow/example_dags/tutorial_dag.py took 0.112 seconds
[2026-09-23T15:52:19.503+0000] {processor.py:186} INFO - Started process (PID=2016) to work on /home/airflow/.local/lib/python3.12/site-packages/airflow/example_dags/tutorial_dag.py
[2026-09-23T15:52:19.504+0000] {processor.py:914} INFO - Processing file /home/airflow/.local/lib/python3.12/site-packages/airflow/example_dags/tutorial_dag.py for tasks to queue
[2026-09-23T15:52:19.508+0000] {logging_mixin.py:190} INFO - [2026-09-23T15:52:19.507+0000] {dagbag.py:588} INFO - Filling up the DagBag from /home/airflow/.local/lib/python3.12/site-packages/airflow/example_dags/tutorial_dag.py
[2026-09-23T15:52:19.522+0000] {processor.py:925} INFO - DAG(s) 'tutorial_dag' retrieved from /home/airflow/.local/lib/python3.12/site-packages/airflow/example_dags/tutorial_dag.py
[2026-09-23T15:52:19.552+0000] {logging_mixin.py:190} INFO - [2026-09-23T15:52:19.552+0000] {dag.py:3239} INFO - Sync 1 DAGs
[2026-09-23T15:52:19.580+0000] {logging_mixin.py:190} INFO - [2026-09-23T15:52:19.579+0000] {dag.py:4180} INFO - Setting next_dagrun for tutorial_dag to None, run_after=None
[2026-09-23T15:52:19.611+0000] {processor.py:208} INFO - Processing /home/airflow/.local/lib/python3.12/site-packages/airflow/example_dags/tutorial_dag.py took 0.117 seconds
[2026-09-23T15:52:50.407+0000] {processor.py:186} INFO - Started process (PID=2090) to work on /home/airflow/.local/lib/python3.12/site-packages/airflow/example_dags/tutorial_dag.py
[2026-09-23T15:52:50.409+0000] {processor.py:914} INFO - Processing file /home/airflow/.local/lib/python3.12/site-packages/airflow/example_dags/tutorial_dag.py for tasks to queue
[2026-09-23T15:52:50.412+0000] {logging_mixin.py:190} INFO - [2026-09-23T15:52:50.412+0000] {dagbag.py:588} INFO - Filling up the DagBag from /home/airflow/.local/lib/python3.12/site-packages/airflow/example_dags/tutorial_dag.py
[2026-09-23T15:52:50.423+0000] {processor.py:925} INFO - DAG(s) 'tutorial_dag' retrieved from /home/airflow/.local/lib/python3.12/site-packages/airflow/example_dags/tutorial_dag.py
[2026-09-23T15:52:50.452+0000] {logging_mixin.py:190} INFO - [2026-09-23T15:52:50.451+0000] {dag.py:3239} INFO - Sync 1 DAGs
[2026-09-23T15:52:50.474+0000] {logging_mixin.py:190} INFO - [2026-09-23T15:52:50.473+0000] {dag.py:4180} INFO - Setting next_dagrun for tutorial_dag to None, run_after=None
[2026-09-23T15:52:50.498+0000] {processor.py:208} INFO - Processing /home/airflow/.local/lib/python3.12/site-packages/airflow/example_dags/tutorial_dag.py took 0.103 seconds
[2026-09-23T15:53:20.954+0000] {processor.py:186} INFO - Started process (PID=2165) to work on /home/airflow/.local/lib/python3.12/site-packages/airflow/example_dags/tutorial_dag.py
[2026-09-23T15:53:20.955+0000] {processor.py:914} INFO - Processing file /home/airflow/.local/lib/python3.12/site-packages/airflow/example_dags/tutorial_dag.py for tasks to queue
[2026-09-23T15:53:20.958+0000] {logging_mixin.py:190} INFO - [2026-09-23T15:53:20.958+0000] {dagbag.py:588} INFO - Filling up the DagBag from /home/airflow/.local/lib/python3.12/site-packages/airflow/example_dags/tutorial_dag.py
[2026-09-23T15:53:20.969+0000] {processor.py:925} INFO - DAG(s) 'tutorial_dag' retrieved from /home/airflow/.local/lib/python3.12/site-packages/airflow/example_dags/tutorial_dag.py
[2026-09-23T15:53:20.998+0000] {logging_mixin.py:190} INFO - [2026-09-23T15:53:20.997+0000] {dag.py:3239} INFO - Sync 1 DAGs
[2026-09-23T15:53:21.022+0000] {logging_mixin.py:190} INFO - [2026-09-23T15:53:21.022+0000] {dag.py:4180} INFO - Setting next_dagrun for tutorial_dag to None, run_after=None
[2026-09-23T15:53:21.049+0000] {processor.py:208} INFO - Processing /home/airflow/.local/lib/python3.12/site-packages/airflow/example_dags/tutorial_dag.py took 0.104 seconds
[2026-09-23T15:53:51.956+0000] {processor.py:186} INFO - Started process (PID=2239) to work on /home/airflow/.local/lib/python3.12/site-packages/airflow/example_dags/tutorial_dag.py
[2026-09-23T15:53:51.958+0000] {processor.py:914} INFO - Processing file /home/airflow/.local/lib/python3.12/site-packages/airflow/example_dags/tutorial_dag.py for tasks to queue
[2026-09-23T15:53:51.961+0000] {logging_mixin.py:190} INFO - [2026-09-23T15:53:51.961+0000] {dagbag.py:588} INFO - Filling up the DagBag from /home/airflow/.local/lib/python3.12/site-packages/airflow/example_dags/tutorial_dag.py
[2026-09-23T15:53:51.973+0000] {processor.py:925} INFO - DAG(s) 'tutorial_dag' retrieved from /home/airflow/.local/lib/python3.12/site-packages/airflow/example_dags/tutorial_dag.py
[2026-09-23T15:53:52.004+0000] {logging_mixin.py:190} INFO - [2026-09-23T15:53:52.003+0000] {dag.py:3239} INFO - Sync 1 DAGs
[2026-09-23T15:53:52.032+0000] {logging_mixin.py:190} INFO - [2026-09-23T15:53:52.031+0000] {dag.py:4180} INFO - Setting next_dagrun for tutorial_dag to None, run_after=None
[2026-09-23T15:53:52.077+0000] {processor.py:208} INFO - Processing /home/airflow/.local/lib/python3.12/site-packages/airflow/example_dags/tutorial_dag.py took 0.131 seconds
[2026-09-23T15:54:23.058+0000] {processor.py:186} INFO - Started process (PID=2307) to work on /home/airflow/.local/lib/python3.12/site-packages/airflow/example_dags/tutorial_dag.py
[2026-09-23T15:54:23.059+0000] {processor.py:914} INFO - Processing file /home/airflow/.local/lib/python3.12/site-packages/airflow/example_dags/tutorial_dag.py for tasks to queue
[2026-09-23T15:54:23.063+0000] {logging_mixin.py:190} INFO - [2026-09-23T15:54:23.062+0000] {dagbag.py:588} INFO - Filling up the DagBag from /home/airflow/.local/lib/python3.12/site-packages/airflow/example_dags/tutorial_dag.py
[2026-09-23T15:54:23.077+0000] {processor.py:925} INFO - DAG(s) 'tutorial_dag' retrieved from /home/airflow/.local/lib/python3.12/site-packages/airflow/example_dags/tutorial_dag.py
[2026-09-23T15:54:23.116+0000] {logging_mixin.py:190} INFO - [2026-09-23T15:54:23.115+0000] {dag.py:3239} INFO - Sync 1 DAGs
[2026-09-23T15:54:23.148+0000] {logging_mixin.py:190} INFO - [2026-09-23T15:54:23.148+0000] {dag.py:4180} INFO - Setting next_dagrun for tutorial_dag to None, run_after=None
[2026-09-23T15:54:23.189+0000] {processor.py:208} INFO - Processing /home/airflow/.local/lib/python3.12/site-packages/airflow/example_dags/tutorial_dag.py took 0.143 seconds
[2026-09-23T15:54:53.553+0000] {processor.py:186} INFO - Started process (PID=2370) to work on /home/airflow/.local/lib/python3.12/site-packages/airflow/example_dags/tutorial_dag.py
[2026-09-23T15:54:53.555+0000] {processor.py:914} INFO - Processing file /home/airflow/.local/lib/python3.12/site-packages/airflow/example_dags/tutorial_dag.py for tasks to queue
[2026-09-23T15:54:53.567+0000] {logging_mixin.py:190} INFO - [2026-09-23T15:54:53.567+0000] {dagbag.py:588} INFO - Filling up the DagBag from /home/airflow/.local/lib/python3.12/site-packages/airflow/example_dags/tutorial_dag.py
[2026-09-23T15:54:53.619+0000] {processor.py:925} INFO - DAG(s) 'tutorial_dag' retrieved from /home/airflow/.local/lib/python3.12/site-packages/airflow/example_dags/tutorial_dag.py
[2026-09-23T15:54:53.681+0000] {logging_mixin.py:190} INFO - [2026-09-23T15:54:53.681+0000] {dag.py:3239} INFO - Sync 1 DAGs
[2026-09-23T15:54:53.720+0000] {logging_mixin.py:190} INFO - [2026-09-23T15:54:53.719+0000] {dag.py:4180} INFO - Setting next_dagrun for tutorial_dag to None, run_after=None
[2026-09-23T15:54:53.751+0000] {processor.py:208} INFO - Processing /home/airflow/.local/lib/python3.12/site-packages/airflow/example_dags/tutorial_dag.py took 0.212 seconds
[2026-09-23T15:55:25.002+0000] {processor.py:186} INFO - Started process (PID=2442) to work on /home/airflow/.local/lib/python3.12/site-packages/airflow/example_dags/tutorial_dag.py
[2026-09-23T15:55:25.005+0000] {processor.py:914} INFO - Processing file /home/airflow/.local/lib/python3.12/site-packages/airflow/example_dags/tutorial_dag.py for tasks to queue
[2026-09-23T15:55:25.021+0000] {logging_mixin.py:190} INFO - [2026-09-23T15:55:25.020+0000] {dagbag.py:588} INFO - Filling up the DagBag from /home/airflow/.local/lib/python3.12/site-packages/airflow/example_dags/tutorial_dag.py
[2026-09-23T15:55:25.064+0000] {processor.py:925} INFO - DAG(s) 'tutorial_dag' retrieved from /home/airflow/.local/lib/python3.12/site-packages/airflow/example_dags/tutorial_dag.py
[2026-09-23T15:55:25.130+0000] {logging_mixin.py:190} INFO - [2026-09-23T15:55:25.129+0000] {dag.py:3239} INFO - Sync 1 DAGs
[2026-09-23T15:55:25.161+0000] {logging_mixin.py:190} INFO - [2026-09-23T15:55:25.160+0000] {dag.py:4180} INFO - Setting next_dagrun for tutorial_dag to None, run_after=None
[2026-09-23T15:55:25.202+0000] {processor.py:208} INFO - Processing /home/airflow/.local/lib/python3.12/site-packages/airflow/example_dags/tutorial_dag.py took 0.222 seconds
[2026-09-23T15:55:56.225+0000] {processor.py:186} INFO - Started process (PID=2516) to work on /home/airflow/.local/lib/python3.12/site-packages/airflow/example_dags/tutorial_dag.py
[2026-09-23T15:55:56.229+0000] {processor.py:914} INFO - Processing file /home/airflow/.local/lib/python3.12/site-packages/airflow/example_dags/tutorial_dag.py for tasks to queue
[2026-09-23T15:55:56.233+0000] {logging_mixin.py:190} INFO - [2026-09-23T15:55:56.233+0000] {dagbag.py:588} INFO - Filling up the DagBag from /home/airflow/.local/lib/python3.12/site-packages/airflow/example_dags/tutorial_dag.py
[2026-09-23T15:55:56.246+0000] {processor.py:925} INFO - DAG(s) 'tutorial_dag' retrieved from /home/airflow/.local/lib/python3.12/site-packages/airflow/example_dags/tutorial_dag.py
[2026-09-23T15:55:56.331+0000] {logging_mixin.py:190} INFO - [2026-09-23T15:55:56.331+0000] {dag.py:3239} INFO - Sync 1 DAGs
[2026-09-23T15:55:56.369+0000] {logging_mixin.py:190} INFO - [2026-09-23T15:55:56.368+0000] {dag.py:4180} INFO - Setting next_dagrun for tutorial_dag to None, run_after=None
[2026-09-23T15:55:56.405+0000] {processor.py:208} INFO - Processing /home/airflow/.local/lib/python3.12/site-packages/airflow/example_dags/tutorial_dag.py took 0.201 seconds
[2026-09-23T15:56:27.112+0000] {processor.py:186} INFO - Started process (PID=2583) to work on /home/airflow/.local/lib/python3.12/site-packages/airflow/example_dags/tutorial_dag.py
[2026-09-23T15:56:27.114+0000] {processor.py:914} INFO - Processing file /home/airflow/.local/lib/python3.12/site-packages/airflow/example_dags/tutorial_dag.py for tasks to queue
[2026-09-23T15:56:27.118+0000] {logging_mixin.py:190} INFO - [2026-09-23T15:56:27.117+0000] {dagbag.py:588} INFO - Filling up the DagBag from /home/airflow/.local/lib/python3.12/site-packages/airflow/example_dags/tutorial_dag.py
[2026-09-23T15:56:27.130+0000] {processor.py:925} INFO - DAG(s) 'tutorial_dag' retrieved from /home/airflow/.local/lib/python3.12/site-packages/airflow/example_dags/tutorial_dag.py
[2026-09-23T15:56:27.168+0000] {logging_mixin.py:190} INFO - [2026-09-23T15:56:27.167+0000] {dag.py:3239} INFO - Sync 1 DAGs
[2026-09-23T15:56:27.195+0000] {logging_mixin.py:190} INFO - [2026-09-23T15:56:27.194+0000] {dag.py:4180} INFO - Setting next_dagrun for tutorial_dag to None, run_after=None
[2026-09-23T15:56:27.243+0000] {processor.py:208} INFO - Processing /home/airflow/.local/lib/python3.12/site-packages/airflow/example_dags/tutorial_dag.py took 0.142 seconds
[2026-09-23T15:57:00.298+0000] {processor.py:186} INFO - Started process (PID=2655) to work on /home/airflow/.local/lib/python3.12/site-packages/airflow/example_dags/tutorial_dag.py
[2026-09-23T15:57:00.308+0000] {processor.py:914} INFO - Processing file /home/airflow/.local/lib/python3.12/site-packages/airflow/example_dags/tutorial_dag.py for tasks to queue
[2026-09-23T15:57:00.327+0000] {logging_mixin.py:190} INFO - [2026-09-23T15:57:00.323+0000] {dagbag.py:588} INFO - Filling up the DagBag from /home/airflow/.local/lib/python3.12/site-packages/airflow/example_dags/tutorial_dag.py
[2026-09-23T15:57:00.365+0000] {processor.py:925} INFO - DAG(s) 'tutorial_dag' retrieved from /home/airflow/.local/lib/python3.12/site-packages/airflow/example_dags/tutorial_dag.py
[2026-09-23T15:57:00.496+0000] {logging_mixin.py:190} INFO - [2026-09-23T15:57:00.493+0000] {dag.py:3239} INFO - Sync 1 DAGs
[2026-09-23T15:57:00.631+0000] {logging_mixin.py:190} INFO - [2026-09-23T15:57:00.631+0000] {dag.py:4180} INFO - Setting next_dagrun for tutorial_dag to None, run_after=None
[2026-09-23T15:57:00.733+0000] {processor.py:208} INFO - Processing /home/airflow/.local/lib/python3.12/site-packages/airflow/example_dags/tutorial_dag.py took 0.461 seconds
[2026-09-23T15:57:30.880+0000] {processor.py:186} INFO - Started process (PID=2728) to work on /home/airflow/.local/lib/python3.12/site-packages/airflow/example_dags/tutorial_dag.py
[2026-09-23T15:57:30.881+0000] {processor.py:914} INFO - Processing file /home/airflow/.local/lib/python3.12/site-packages/airflow/example_dags/tutorial_dag.py for tasks to queue
[2026-09-23T15:57:30.885+0000] {logging_mixin.py:190} INFO - [2026-09-23T15:57:30.885+0000] {dagbag.py:588} INFO - Filling up the DagBag from /home/airflow/.local/lib/python3.12/site-packages/airflow/example_dags/tutorial_dag.py
[2026-09-23T15:57:30.904+0000] {processor.py:925} INFO - DAG(s) 'tutorial_dag' retrieved from /home/airflow/.local/lib/python3.12/site-packages/airflow/example_dags/tutorial_dag.py
[2026-09-23T15:57:30.955+0000] {logging_mixin.py:190} INFO - [2026-09-23T15:57:30.954+0000] {dag.py:3239} INFO - Sync 1 DAGs
[2026-09-23T15:57:30.995+0000] {logging_mixin.py:190} INFO - [2026-09-23T15:57:30.994+0000] {dag.py:4180} INFO - Setting next_dagrun for tutorial_dag to None, run_after=None
[2026-09-23T15:57:31.041+0000] {processor.py:208} INFO - Processing /home/airflow/.local/lib/python3.12/site-packages/airflow/example_dags/tutorial_dag.py took 0.173 seconds
[2026-09-23T15:58:01.613+0000] {processor.py:186} INFO - Started process (PID=2795) to work on /home/airflow/.local/lib/python3.12/site-packages/airflow/example_dags/tutorial_dag.py
[2026-09-23T15:58:01.614+0000] {processor.py:914} INFO - Processing file /home/airflow/.local/lib/python3.12/site-packages/airflow/example_dags/tutorial_dag.py for tasks to queue
[2026-09-23T15:58:01.617+0000] {logging_mixin.py:190} INFO - [2026-09-23T15:58:01.617+0000] {dagbag.py:588} INFO - Filling up the DagBag from /home/airflow/.local/lib/python3.12/site-packages/airflow/example_dags/tutorial_dag.py
[2026-09-23T15:58:01.634+0000] {processor.py:925} INFO - DAG(s) 'tutorial_dag' retrieved from /home/airflow/.local/lib/python3.12/site-packages/airflow/example_dags/tutorial_dag.py
[2026-09-23T15:58:01.674+0000] {logging_mixin.py:190} INFO - [2026-09-23T15:58:01.674+0000] {dag.py:3239} INFO - Sync 1 DAGs
[2026-09-23T15:58:01.721+0000] {logging_mixin.py:190} INFO - [2026-09-23T15:58:01.721+0000] {dag.py:4180} INFO - Setting next_dagrun for tutorial_dag to None, run_after=None
[2026-09-23T15:58:01.775+0000] {processor.py:208} INFO - Processing /home/airflow/.local/lib/python3.12/site-packages/airflow/example_dags/tutorial_dag.py took 0.181 seconds
[2026-09-23T15:58:32.423+0000] {processor.py:186} INFO - Started process (PID=2869) to work on /home/airflow/.local/lib/python3.12/site-packages/airflow/example_dags/tutorial_dag.py
[2026-09-23T15:58:32.425+0000] {processor.py:914} INFO - Processing file /home/airflow/.local/lib/python3.12/site-packages/airflow/example_dags/tutorial_dag.py for tasks to queue
[2026-09-23T15:58:32.429+0000] {logging_mixin.py:190} INFO - [2026-09-23T15:58:32.428+0000] {dagbag.py:588} INFO - Filling up the DagBag from /home/airflow/.local/lib/python3.12/site-packages/airflow/example_dags/tutorial_dag.py
[2026-09-23T15:58:32.441+0000] {processor.py:925} INFO - DAG(s) 'tutorial_dag' retrieved from /home/airflow/.local/lib/python3.12/site-packages/airflow/example_dags/tutorial_dag.py
[2026-09-23T15:58:32.472+0000] {logging_mixin.py:190} INFO - [2026-09-23T15:58:32.471+0000] {dag.py:3239} INFO - Sync 1 DAGs
[2026-09-23T15:58:32.500+0000] {logging_mixin.py:190} INFO - [2026-09-23T15:58:32.500+0000] {dag.py:4180} INFO - Setting next_dagrun for tutorial_dag to None, run_after=None
[2026-09-23T15:58:32.541+0000] {processor.py:208} INFO - Processing /home/airflow/.local/lib/python3.12/site-packages/airflow/example_dags/tutorial_dag.py took 0.129 seconds
[2026-09-23T15:59:03.479+0000] {processor.py:186} INFO - Started process (PID=2943) to work on /home/airflow/.local/lib/python3.12/site-packages/airflow/example_dags/tutorial_dag.py
[2026-09-23T15:59:03.481+0000] {processor.py:914} INFO - Processing file /home/airflow/.local/lib/python3.12/site-packages/airflow/example_dags/tutorial_dag.py for tasks to queue
[2026-09-23T15:59:03.484+0000] {logging_mixin.py:190} INFO - [2026-09-23T15:59:03.483+0000] {dagbag.py:588} INFO - Filling up the DagBag from /home/airflow/.local/lib/python3.12/site-packages/airflow/example_dags/tutorial_dag.py
[2026-09-23T15:59:03.496+0000] {processor.py:925} INFO - DAG(s) 'tutorial_dag' retrieved from /home/airflow/.local/lib/python3.12/site-packages/airflow/example_dags/tutorial_dag.py
[2026-09-23T15:59:03.524+0000] {logging_mixin.py:190} INFO - [2026-09-23T15:59:03.524+0000] {dag.py:3239} INFO - Sync 1 DAGs
[2026-09-23T15:59:03.554+0000] {logging_mixin.py:190} INFO - [2026-09-23T15:59:03.554+0000] {dag.py:4180} INFO - Setting next_dagrun for tutorial_dag to None, run_after=None
[2026-09-23T15:59:03.583+0000] {processor.py:208} INFO - Processing /home/airflow/.local/lib/python3.12/site-packages/airflow/example_dags/tutorial_dag.py took 0.113 seconds
[2026-09-23T15:59:34.052+0000] {processor.py:186} INFO - Started process (PID=3016) to work on /home/airflow/.local/lib/python3.12/site-packages/airflow/example_dags/tutorial_dag.py
[2026-09-23T15:59:34.053+0000] {processor.py:914} INFO - Processing file /home/airflow/.local/lib/python3.12/site-packages/airflow/example_dags/tutorial_dag.py for tasks to queue
[2026-09-23T15:59:34.056+0000] {logging_mixin.py:190} INFO - [2026-09-23T15:59:34.056+0000] {dagbag.py:588} INFO - Filling up the DagBag from /home/airflow/.local/lib/python3.12/site-packages/airflow/example_dags/tutorial_dag.py
[2026-09-23T15:59:34.069+0000] {processor.py:925} INFO - DAG(s) 'tutorial_dag' retrieved from /home/airflow/.local/lib/python3.12/site-packages/airflow/example_dags/tutorial_dag.py
[2026-09-23T15:59:34.098+0000] {logging_mixin.py:190} INFO - [2026-09-23T15:59:34.097+0000] {dag.py:3239} INFO - Sync 1 DAGs
[2026-09-23T15:59:34.124+0000] {logging_mixin.py:190} INFO - [2026-09-23T15:59:34.124+0000] {dag.py:4180} INFO - Setting next_dagrun for tutorial_dag to None, run_after=None
[2026-09-23T15:59:34.157+0000] {processor.py:208} INFO - Processing /home/airflow/.local/lib/python3.12/site-packages/airflow/example_dags/tutorial_dag.py took 0.114 seconds
[2026-09-23T16:00:04.422+0000] {processor.py:186} INFO - Started process (PID=3089) to work on /home/airflow/.local/lib/python3.12/site-packages/airflow/example_dags/tutorial_dag.py
[2026-09-23T16:00:04.423+0000] {processor.py:914} INFO - Processing file /home/airflow/.local/lib/python3.12/site-packages/airflow/example_dags/tutorial_dag.py for tasks to queue
[2026-09-23T16:00:04.432+0000] {logging_mixin.py:190} INFO - [2026-09-23T16:00:04.432+0000] {dagbag.py:588} INFO - Filling up the DagBag from /home/airflow/.local/lib/python3.12/site-packages/airflow/example_dags/tutorial_dag.py
[2026-09-23T16:00:04.448+0000] {processor.py:925} INFO - DAG(s) 'tutorial_dag' retrieved from /home/airflow/.local/lib/python3.12/site-packages/airflow/example_dags/tutorial_dag.py
[2026-09-23T16:00:04.535+0000] {logging_mixin.py:190} INFO - [2026-09-23T16:00:04.535+0000] {dag.py:3239} INFO - Sync 1 DAGs
[2026-09-23T16:00:04.580+0000] {logging_mixin.py:190} INFO - [2026-09-23T16:00:04.579+0000] {dag.py:4180} INFO - Setting next_dagrun for tutorial_dag to None, run_after=None
[2026-09-23T16:00:04.639+0000] {processor.py:208} INFO - Processing /home/airflow/.local/lib/python3.12/site-packages/airflow/example_dags/tutorial_dag.py took 0.242 seconds
[2026-09-23T16:00:34.957+0000] {processor.py:186} INFO - Started process (PID=3156) to work on /home/airflow/.local/lib/python3.12/site-packages/airflow/example_dags/tutorial_dag.py
[2026-09-23T16:00:34.958+0000] {processor.py:914} INFO - Processing file /home/airflow/.local/lib/python3.12/site-packages/airflow/example_dags/tutorial_dag.py for tasks to queue
[2026-09-23T16:00:34.961+0000] {logging_mixin.py:190} INFO - [2026-09-23T16:00:34.960+0000] {dagbag.py:588} INFO - Filling up the DagBag from /home/airflow/.local/lib/python3.12/site-packages/airflow/example_dags/tutorial_dag.py
[2026-09-23T16:00:34.972+0000] {processor.py:925} INFO - DAG(s) 'tutorial_dag' retrieved from /home/airflow/.local/lib/python3.12/site-packages/airflow/example_dags/tutorial_dag.py
[2026-09-23T16:00:35.006+0000] {logging_mixin.py:190} INFO - [2026-09-23T16:00:35.005+0000] {dag.py:3239} INFO - Sync 1 DAGs
[2026-09-23T16:00:35.045+0000] {logging_mixin.py:190} INFO - [2026-09-23T16:00:35.043+0000] {dag.py:4180} INFO - Setting next_dagrun for tutorial_dag to None, run_after=None
[2026-09-23T16:00:35.089+0000] {processor.py:208} INFO - Processing /home/airflow/.local/lib/python3.12/site-packages/airflow/example_dags/tutorial_dag.py took 0.142 seconds
[2026-09-23T16:01:05.374+0000] {processor.py:186} INFO - Started process (PID=3230) to work on /home/airflow/.local/lib/python3.12/site-packages/airflow/example_dags/tutorial_dag.py
[2026-09-23T16:01:05.376+0000] {processor.py:914} INFO - Processing file /home/airflow/.local/lib/python3.12/site-packages/airflow/example_dags/tutorial_dag.py for tasks to queue
[2026-09-23T16:01:05.380+0000] {logging_mixin.py:190} INFO - [2026-09-23T16:01:05.380+0000] {dagbag.py:588} INFO - Filling up the DagBag from /home/airflow/.local/lib/python3.12/site-packages/airflow/example_dags/tutorial_dag.py
[2026-09-23T16:01:05.416+0000] {processor.py:925} INFO - DAG(s) 'tutorial_dag' retrieved from /home/airflow/.local/lib/python3.12/site-packages/airflow/example_dags/tutorial_dag.py
[2026-09-23T16:01:05.521+0000] {logging_mixin.py:190} INFO - [2026-09-23T16:01:05.520+0000] {dag.py:3239} INFO - Sync 1 DAGs
[2026-09-23T16:01:05.571+0000] {logging_mixin.py:190} INFO - [2026-09-23T16:01:05.570+0000] {dag.py:4180} INFO - Setting next_dagrun for tutorial_dag to None, run_after=None
[2026-09-23T16:01:05.646+0000] {processor.py:208} INFO - Processing /home/airflow/.local/lib/python3.12/site-packages/airflow/example_dags/tutorial_dag.py took 0.284 seconds
[2026-09-23T16:01:35.981+0000] {processor.py:186} INFO - Started process (PID=3304) to work on /home/airflow/.local/lib/python3.12/site-packages/airflow/example_dags/tutorial_dag.py
[2026-09-23T16:01:35.982+0000] {processor.py:914} INFO - Processing file /home/airflow/.local/lib/python3.12/site-packages/airflow/example_dags/tutorial_dag.py for tasks to queue
[2026-09-23T16:01:35.986+0000] {logging_mixin.py:190} INFO - [2026-09-23T16:01:35.985+0000] {dagbag.py:588} INFO - Filling up the DagBag from /home/airflow/.local/lib/python3.12/site-packages/airflow/example_dags/tutorial_dag.py
[2026-09-23T16:01:35.998+0000] {processor.py:925} INFO - DAG(s) 'tutorial_dag' retrieved from /home/airflow/.local/lib/python3.12/site-packages/airflow/example_dags/tutorial_dag.py
[2026-09-23T16:01:36.025+0000] {logging_mixin.py:190} INFO - [2026-09-23T16:01:36.024+0000] {dag.py:3239} INFO - Sync 1 DAGs
[2026-09-23T16:01:36.060+0000] {logging_mixin.py:190} INFO - [2026-09-23T16:01:36.059+0000] {dag.py:4180} INFO - Setting next_dagrun for tutorial_dag to None, run_after=None
[2026-09-23T16:01:36.117+0000] {processor.py:208} INFO - Processing /home/airflow/.local/lib/python3.12/site-packages/airflow/example_dags/tutorial_dag.py took 0.146 seconds
[2026-09-23T16:02:06.177+0000] {processor.py:186} INFO - Started process (PID=3378) to work on /home/airflow/.local/lib/python3.12/site-packages/airflow/example_dags/tutorial_dag.py
[2026-09-23T16:02:06.179+0000] {processor.py:914} INFO - Processing file /home/airflow/.local/lib/python3.12/site-packages/airflow/example_dags/tutorial_dag.py for tasks to queue
[2026-09-23T16:02:06.182+0000] {logging_mixin.py:190} INFO - [2026-09-23T16:02:06.182+0000] {dagbag.py:588} INFO - Filling up the DagBag from /home/airflow/.local/lib/python3.12/site-packages/airflow/example_dags/tutorial_dag.py
[2026-09-23T16:02:06.196+0000] {processor.py:925} INFO - DAG(s) 'tutorial_dag' retrieved from /home/airflow/.local/lib/python3.12/site-packages/airflow/example_dags/tutorial_dag.py
[2026-09-23T16:02:06.226+0000] {logging_mixin.py:190} INFO - [2026-09-23T16:02:06.226+0000] {dag.py:3239} INFO - Sync 1 DAGs
[2026-09-23T16:02:06.260+0000] {logging_mixin.py:190} INFO - [2026-09-23T16:02:06.259+0000] {dag.py:4180} INFO - Setting next_dagrun for tutorial_dag to None, run_after=None
[2026-09-23T16:02:06.296+0000] {processor.py:208} INFO - Processing /home/airflow/.local/lib/python3.12/site-packages/airflow/example_dags/tutorial_dag.py took 0.132 seconds
[2026-09-23T16:02:36.514+0000] {processor.py:186} INFO - Started process (PID=3451) to work on /home/airflow/.local/lib/python3.12/site-packages/airflow/example_dags/tutorial_dag.py
[2026-09-23T16:02:36.515+0000] {processor.py:914} INFO - Processing file /home/airflow/.local/lib/python3.12/site-packages/airflow/example_dags/tutorial_dag.py for tasks to queue
[2026-09-23T16:02:36.518+0000] {logging_mixin.py:190} INFO - [2026-09-23T16:02:36.517+0000] {dagbag.py:588} INFO - Filling up the DagBag from /home/airflow/.local/lib/python3.12/site-packages/airflow/example_dags/tutorial_dag.py
[2026-09-23T16:02:36.531+0000] {processor.py:925} INFO - DAG(s) 'tutorial_dag' retrieved from /home/airflow/.local/lib/python3.12/site-packages/airflow/example_dags/tutorial_dag.py
[2026-09-23T16:02:36.566+0000] {logging_mixin.py:190} INFO - [2026-09-23T16:02:36.565+0000] {dag.py:3239} INFO - Sync 1 DAGs
[2026-09-23T16:02:36.590+0000] {logging_mixin.py:190} INFO - [2026-09-23T16:02:36.589+0000] {dag.py:4180} INFO - Setting next_dagrun for tutorial_dag to None, run_after=None
[2026-09-23T16:02:36.615+0000] {processor.py:208} INFO - Processing /home/airflow/.local/lib/python3.12/site-packages/airflow/example_dags/tutorial_dag.py took 0.113 seconds
[2026-09-23T16:03:07.239+0000] {processor.py:186} INFO - Started process (PID=3524) to work on /home/airflow/.local/lib/python3.12/site-packages/airflow/example_dags/tutorial_dag.py
[2026-09-23T16:03:07.247+0000] {processor.py:914} INFO - Processing file /home/airflow/.local/lib/python3.12/site-packages/airflow/example_dags/tutorial_dag.py for tasks to queue
[2026-09-23T16:03:07.275+0000] {logging_mixin.py:190} INFO - [2026-09-23T16:03:07.271+0000] {dagbag.py:588} INFO - Filling up the DagBag from /home/airflow/.local/lib/python3.12/site-packages/airflow/example_dags/tutorial_dag.py
[2026-09-23T16:03:07.395+0000] {processor.py:925} INFO - DAG(s) 'tutorial_dag' retrieved from /home/airflow/.local/lib/python3.12/site-packages/airflow/example_dags/tutorial_dag.py
[2026-09-23T16:03:07.524+0000] {logging_mixin.py:190} INFO - [2026-09-23T16:03:07.523+0000] {dag.py:3239} INFO - Sync 1 DAGs
[2026-09-23T16:03:07.666+0000] {logging_mixin.py:190} INFO - [2026-09-23T16:03:07.666+0000] {dag.py:4180} INFO - Setting next_dagrun for tutorial_dag to None, run_after=None
[2026-09-23T16:03:07.951+0000] {processor.py:208} INFO - Processing /home/airflow/.local/lib/python3.12/site-packages/airflow/example_dags/tutorial_dag.py took 0.781 seconds
[2026-09-23T16:03:38.068+0000] {processor.py:186} INFO - Started process (PID=3592) to work on /home/airflow/.local/lib/python3.12/site-packages/airflow/example_dags/tutorial_dag.py
[2026-09-23T16:03:38.069+0000] {processor.py:914} INFO - Processing file /home/airflow/.local/lib/python3.12/site-packages/airflow/example_dags/tutorial_dag.py for tasks to queue
[2026-09-23T16:03:38.074+0000] {logging_mixin.py:190} INFO - [2026-09-23T16:03:38.073+0000] {dagbag.py:588} INFO - Filling up the DagBag from /home/airflow/.local/lib/python3.12/site-packages/airflow/example_dags/tutorial_dag.py
[2026-09-23T16:03:38.092+0000] {processor.py:925} INFO - DAG(s) 'tutorial_dag' retrieved from /home/airflow/.local/lib/python3.12/site-packages/airflow/example_dags/tutorial_dag.py
[2026-09-23T16:03:38.138+0000] {logging_mixin.py:190} INFO - [2026-09-23T16:03:38.137+0000] {dag.py:3239} INFO - Sync 1 DAGs
[2026-09-23T16:03:38.189+0000] {logging_mixin.py:190} INFO - [2026-09-23T16:03:38.189+0000] {dag.py:4180} INFO - Setting next_dagrun for tutorial_dag to None, run_after=None
[2026-09-23T16:03:38.253+0000] {processor.py:208} INFO - Processing /home/airflow/.local/lib/python3.12/site-packages/airflow/example_dags/tutorial_dag.py took 0.202 seconds
[2026-09-23T16:04:08.601+0000] {processor.py:186} INFO - Started process (PID=3665) to work on /home/airflow/.local/lib/python3.12/site-packages/airflow/example_dags/tutorial_dag.py
[2026-09-23T16:04:08.603+0000] {processor.py:914} INFO - Processing file /home/airflow/.local/lib/python3.12/site-packages/airflow/example_dags/tutorial_dag.py for tasks to queue
[2026-09-23T16:04:08.607+0000] {logging_mixin.py:190} INFO - [2026-09-23T16:04:08.606+0000] {dagbag.py:588} INFO - Filling up the DagBag from /home/airflow/.local/lib/python3.12/site-packages/airflow/example_dags/tutorial_dag.py
[2026-09-23T16:04:08.622+0000] {processor.py:925} INFO - DAG(s) 'tutorial_dag' retrieved from /home/airflow/.local/lib/python3.12/site-packages/airflow/example_dags/tutorial_dag.py
[2026-09-23T16:04:08.651+0000] {logging_mixin.py:190} INFO - [2026-09-23T16:04:08.651+0000] {dag.py:3239} INFO - Sync 1 DAGs
[2026-09-23T16:04:08.676+0000] {logging_mixin.py:190} INFO - [2026-09-23T16:04:08.676+0000] {dag.py:4180} INFO - Setting next_dagrun for tutorial_dag to None, run_after=None
[2026-09-23T16:04:08.732+0000] {processor.py:208} INFO - Processing /home/airflow/.local/lib/python3.12/site-packages/airflow/example_dags/tutorial_dag.py took 0.141 seconds
[2026-09-23T16:04:39.084+0000] {processor.py:186} INFO - Started process (PID=3739) to work on /home/airflow/.local/lib/python3.12/site-packages/airflow/example_dags/tutorial_dag.py
[2026-09-23T16:04:39.086+0000] {processor.py:914} INFO - Processing file /home/airflow/.local/lib/python3.12/site-packages/airflow/example_dags/tutorial_dag.py for tasks to queue
[2026-09-23T16:04:39.090+0000] {logging_mixin.py:190} INFO - [2026-09-23T16:04:39.089+0000] {dagbag.py:588} INFO - Filling up the DagBag from /home/airflow/.local/lib/python3.12/site-packages/airflow/example_dags/tutorial_dag.py
[2026-09-23T16:04:39.103+0000] {processor.py:925} INFO - DAG(s) 'tutorial_dag' retrieved from /home/airflow/.local/lib/python3.12/site-packages/airflow/example_dags/tutorial_dag.py
[2026-09-23T16:04:39.129+0000] {logging_mixin.py:190} INFO - [2026-09-23T16:04:39.129+0000] {dag.py:3239} INFO - Sync 1 DAGs
[2026-09-23T16:04:39.153+0000] {logging_mixin.py:190} INFO - [2026-09-23T16:04:39.153+0000] {dag.py:4180} INFO - Setting next_dagrun for tutorial_dag to None, run_after=None
[2026-09-23T16:04:39.180+0000] {processor.py:208} INFO - Processing /home/airflow/.local/lib/python3.12/site-packages/airflow/example_dags/tutorial_dag.py took 0.107 seconds
[2026-09-23T16:05:09.704+0000] {processor.py:186} INFO - Started process (PID=3814) to work on /home/airflow/.local/lib/python3.12/site-packages/airflow/example_dags/tutorial_dag.py
[2026-09-23T16:05:09.706+0000] {processor.py:914} INFO - Processing file /home/airflow/.local/lib/python3.12/site-packages/airflow/example_dags/tutorial_dag.py for tasks to queue
[2026-09-23T16:05:09.709+0000] {logging_mixin.py:190} INFO - [2026-09-23T16:05:09.709+0000] {dagbag.py:588} INFO - Filling up the DagBag from /home/airflow/.local/lib/python3.12/site-packages/airflow/example_dags/tutorial_dag.py
[2026-09-23T16:05:09.730+0000] {processor.py:925} INFO - DAG(s) 'tutorial_dag' retrieved from /home/airflow/.local/lib/python3.12/site-packages/airflow/example_dags/tutorial_dag.py
[2026-09-23T16:05:09.792+0000] {logging_mixin.py:190} INFO - [2026-09-23T16:05:09.792+0000] {dag.py:3239} INFO - Sync 1 DAGs
[2026-09-23T16:05:09.824+0000] {logging_mixin.py:190} INFO - [2026-09-23T16:05:09.823+0000] {dag.py:4180} INFO - Setting next_dagrun for tutorial_dag to None, run_after=None
[2026-09-23T16:05:09.856+0000] {processor.py:208} INFO - Processing /home/airflow/.local/lib/python3.12/site-packages/airflow/example_dags/tutorial_dag.py took 0.162 seconds
[2026-09-23T16:05:41.109+0000] {processor.py:186} INFO - Started process (PID=3889) to work on /home/airflow/.local/lib/python3.12/site-packages/airflow/example_dags/tutorial_dag.py
[2026-09-23T16:05:41.111+0000] {processor.py:914} INFO - Processing file /home/airflow/.local/lib/python3.12/site-packages/airflow/example_dags/tutorial_dag.py for tasks to queue
[2026-09-23T16:05:41.114+0000] {logging_mixin.py:190} INFO - [2026-09-23T16:05:41.114+0000] {dagbag.py:588} INFO - Filling up the DagBag from /home/airflow/.local/lib/python3.12/site-packages/airflow/example_dags/tutorial_dag.py
[2026-09-23T16:05:41.126+0000] {processor.py:925} INFO - DAG(s) 'tutorial_dag' retrieved from /home/airflow/.local/lib/python3.12/site-packages/airflow/example_dags/tutorial_dag.py
[2026-09-23T16:05:41.191+0000] {logging_mixin.py:190} INFO - [2026-09-23T16:05:41.190+0000] {dag.py:3239} INFO - Sync 1 DAGs
[2026-09-23T16:05:41.224+0000] {logging_mixin.py:190} INFO - [2026-09-23T16:05:41.224+0000] {dag.py:4180} INFO - Setting next_dagrun for tutorial_dag to None, run_after=None
[2026-09-23T16:05:41.265+0000] {processor.py:208} INFO - Processing /home/airflow/.local/lib/python3.12/site-packages/airflow/example_dags/tutorial_dag.py took 0.169 seconds
[2026-09-23T16:06:12.469+0000] {processor.py:186} INFO - Started process (PID=3963) to work on /home/airflow/.local/lib/python3.12/site-packages/airflow/example_dags/tutorial_dag.py
[2026-09-23T16:06:12.471+0000] {processor.py:914} INFO - Processing file /home/airflow/.local/lib/python3.12/site-packages/airflow/example_dags/tutorial_dag.py for tasks to queue
[2026-09-23T16:06:12.474+0000] {logging_mixin.py:190} INFO - [2026-09-23T16:06:12.474+0000] {dagbag.py:588} INFO - Filling up the DagBag from /home/airflow/.local/lib/python3.12/site-packages/airflow/example_dags/tutorial_dag.py
[2026-09-23T16:06:12.500+0000] {processor.py:925} INFO - DAG(s) 'tutorial_dag' retrieved from /home/airflow/.local/lib/python3.12/site-packages/airflow/example_dags/tutorial_dag.py
[2026-09-23T16:06:12.563+0000] {logging_mixin.py:190} INFO - [2026-09-23T16:06:12.563+0000] {dag.py:3239} INFO - Sync 1 DAGs
[2026-09-23T16:06:12.589+0000] {logging_mixin.py:190} INFO - [2026-09-23T16:06:12.588+0000] {dag.py:4180} INFO - Setting next_dagrun for tutorial_dag to None, run_after=None
[2026-09-23T16:06:12.634+0000] {processor.py:208} INFO - Processing /home/airflow/.local/lib/python3.12/site-packages/airflow/example_dags/tutorial_dag.py took 0.176 seconds
[2026-09-23T16:06:42.750+0000] {processor.py:186} INFO - Started process (PID=4036) to work on /home/airflow/.local/lib/python3.12/site-packages/airflow/example_dags/tutorial_dag.py
[2026-09-23T16:06:42.751+0000] {processor.py:914} INFO - Processing file /home/airflow/.local/lib/python3.12/site-packages/airflow/example_dags/tutorial_dag.py for tasks to queue
[2026-09-23T16:06:42.754+0000] {logging_mixin.py:190} INFO - [2026-09-23T16:06:42.754+0000] {dagbag.py:588} INFO - Filling up the DagBag from /home/airflow/.local/lib/python3.12/site-packages/airflow/example_dags/tutorial_dag.py
[2026-09-23T16:06:42.766+0000] {processor.py:925} INFO - DAG(s) 'tutorial_dag' retrieved from /home/airflow/.local/lib/python3.12/site-packages/airflow/example_dags/tutorial_dag.py
[2026-09-23T16:06:42.797+0000] {logging_mixin.py:190} INFO - [2026-09-23T16:06:42.796+0000] {dag.py:3239} INFO - Sync 1 DAGs
[2026-09-23T16:06:42.824+0000] {logging_mixin.py:190} INFO - [2026-09-23T16:06:42.824+0000] {dag.py:4180} INFO - Setting next_dagrun for tutorial_dag to None, run_after=None
[2026-09-23T16:06:42.859+0000] {processor.py:208} INFO - Processing /home/airflow/.local/lib/python3.12/site-packages/airflow/example_dags/tutorial_dag.py took 0.120 seconds
[2026-09-23T16:07:13.003+0000] {processor.py:186} INFO - Started process (PID=4103) to work on /home/airflow/.local/lib/python3.12/site-packages/airflow/example_dags/tutorial_dag.py
[2026-09-23T16:07:13.005+0000] {processor.py:914} INFO - Processing file /home/airflow/.local/lib/python3.12/site-packages/airflow/example_dags/tutorial_dag.py for tasks to queue
[2026-09-23T16:07:13.009+0000] {logging_mixin.py:190} INFO - [2026-09-23T16:07:13.008+0000] {dagbag.py:588} INFO - Filling up the DagBag from /home/airflow/.local/lib/python3.12/site-packages/airflow/example_dags/tutorial_dag.py
[2026-09-23T16:07:13.020+0000] {processor.py:925} INFO - DAG(s) 'tutorial_dag' retrieved from /home/airflow/.local/lib/python3.12/site-packages/airflow/example_dags/tutorial_dag.py
[2026-09-23T16:07:13.052+0000] {logging_mixin.py:190} INFO - [2026-09-23T16:07:13.052+0000] {dag.py:3239} INFO - Sync 1 DAGs
[2026-09-23T16:07:13.082+0000] {logging_mixin.py:190} INFO - [2026-09-23T16:07:13.082+0000] {dag.py:4180} INFO - Setting next_dagrun for tutorial_dag to None, run_after=None
[2026-09-23T16:07:13.115+0000] {processor.py:208} INFO - Processing /home/airflow/.local/lib/python3.12/site-packages/airflow/example_dags/tutorial_dag.py took 0.123 seconds
[2026-09-23T16:07:43.672+0000] {processor.py:186} INFO - Started process (PID=4176) to work on /home/airflow/.local/lib/python3.12/site-packages/airflow/example_dags/tutorial_dag.py
[2026-09-23T16:07:43.673+0000] {processor.py:914} INFO - Processing file /home/airflow/.local/lib/python3.12/site-packages/airflow/example_dags/tutorial_dag.py for tasks to queue
[2026-09-23T16:07:43.677+0000] {logging_mixin.py:190} INFO - [2026-09-23T16:07:43.676+0000] {dagbag.py:588} INFO - Filling up the DagBag from /home/airflow/.local/lib/python3.12/site-packages/airflow/example_dags/tutorial_dag.py
[2026-09-23T16:07:43.688+0000] {processor.py:925} INFO - DAG(s) 'tutorial_dag' retrieved from /home/airflow/.local/lib/python3.12/site-packages/airflow/example_dags/tutorial_dag.py
[2026-09-23T16:07:43.714+0000] {logging_mixin.py:190} INFO - [2026-09-23T16:07:43.714+0000] {dag.py:3239} INFO - Sync 1 DAGs
[2026-09-23T16:07:43.740+0000] {logging_mixin.py:190} INFO - [2026-09-23T16:07:43.740+0000] {dag.py:4180} INFO - Setting next_dagrun for tutorial_dag to None, run_after=None
[2026-09-23T16:07:43.766+0000] {processor.py:208} INFO - Processing /home/airflow/.local/lib/python3.12/site-packages/airflow/example_dags/tutorial_dag.py took 0.103 seconds
[2026-09-23T16:08:14.130+0000] {processor.py:186} INFO - Started process (PID=4250) to work on /home/airflow/.local/lib/python3.12/site-packages/airflow/example_dags/tutorial_dag.py
[2026-09-23T16:08:14.131+0000] {processor.py:914} INFO - Processing file /home/airflow/.local/lib/python3.12/site-packages/airflow/example_dags/tutorial_dag.py for tasks to queue
[2026-09-23T16:08:14.134+0000] {logging_mixin.py:190} INFO - [2026-09-23T16:08:14.134+0000] {dagbag.py:588} INFO - Filling up the DagBag from /home/airflow/.local/lib/python3.12/site-packages/airflow/example_dags/tutorial_dag.py
[2026-09-23T16:08:14.145+0000] {processor.py:925} INFO - DAG(s) 'tutorial_dag' retrieved from /home/airflow/.local/lib/python3.12/site-packages/airflow/example_dags/tutorial_dag.py
[2026-09-23T16:08:14.170+0000] {logging_mixin.py:190} INFO - [2026-09-23T16:08:14.169+0000] {dag.py:3239} INFO - Sync 1 DAGs
[2026-09-23T16:08:14.192+0000] {logging_mixin.py:190} INFO - [2026-09-23T16:08:14.192+0000] {dag.py:4180} INFO - Setting next_dagrun for tutorial_dag to None, run_after=None
[2026-09-23T16:08:14.216+0000] {processor.py:208} INFO - Processing /home/airflow/.local/lib/python3.12/site-packages/airflow/example_dags/tutorial_dag.py took 0.095 seconds
[2026-09-23T16:08:45.139+0000] {processor.py:186} INFO - Started process (PID=4323) to work on /home/airflow/.local/lib/python3.12/site-packages/airflow/example_dags/tutorial_dag.py
[2026-09-23T16:08:45.140+0000] {processor.py:914} INFO - Processing file /home/airflow/.local/lib/python3.12/site-packages/airflow/example_dags/tutorial_dag.py for tasks to queue
[2026-09-23T16:08:45.143+0000] {logging_mixin.py:190} INFO - [2026-09-23T16:08:45.142+0000] {dagbag.py:588} INFO - Filling up the DagBag from /home/airflow/.local/lib/python3.12/site-packages/airflow/example_dags/tutorial_dag.py
[2026-09-23T16:08:45.154+0000] {processor.py:925} INFO - DAG(s) 'tutorial_dag' retrieved from /home/airflow/.local/lib/python3.12/site-packages/airflow/example_dags/tutorial_dag.py
[2026-09-23T16:08:45.181+0000] {logging_mixin.py:190} INFO - [2026-09-23T16:08:45.181+0000] {dag.py:3239} INFO - Sync 1 DAGs
[2026-09-23T16:08:45.203+0000] {logging_mixin.py:190} INFO - [2026-09-23T16:08:45.203+0000] {dag.py:4180} INFO - Setting next_dagrun for tutorial_dag to None, run_after=None
[2026-09-23T16:08:45.227+0000] {processor.py:208} INFO - Processing /home/airflow/.local/lib/python3.12/site-packages/airflow/example_dags/tutorial_dag.py took 0.097 seconds
[2026-09-23T16:09:15.742+0000] {processor.py:186} INFO - Started process (PID=4398) to work on /home/airflow/.local/lib/python3.12/site-packages/airflow/example_dags/tutorial_dag.py
[2026-09-23T16:09:15.743+0000] {processor.py:914} INFO - Processing file /home/airflow/.local/lib/python3.12/site-packages/airflow/example_dags/tutorial_dag.py for tasks to queue
[2026-09-23T16:09:15.747+0000] {logging_mixin.py:190} INFO - [2026-09-23T16:09:15.746+0000] {dagbag.py:588} INFO - Filling up the DagBag from /home/airflow/.local/lib/python3.12/site-packages/airflow/example_dags/tutorial_dag.py
[2026-09-23T16:09:15.759+0000] {processor.py:925} INFO - DAG(s) 'tutorial_dag' retrieved from /home/airflow/.local/lib/python3.12/site-packages/airflow/example_dags/tutorial_dag.py
[2026-09-23T16:09:15.787+0000] {logging_mixin.py:190} INFO - [2026-09-23T16:09:15.786+0000] {dag.py:3239} INFO - Sync 1 DAGs
[2026-09-23T16:09:15.813+0000] {logging_mixin.py:190} INFO - [2026-09-23T16:09:15.813+0000] {dag.py:4180} INFO - Setting next_dagrun for tutorial_dag to None, run_after=None
[2026-09-23T16:09:15.850+0000] {processor.py:208} INFO - Processing /home/airflow/.local/lib/python3.12/site-packages/airflow/example_dags/tutorial_dag.py took 0.119 seconds
[2026-09-23T16:09:45.991+0000] {processor.py:186} INFO - Started process (PID=4472) to work on /home/airflow/.local/lib/python3.12/site-packages/airflow/example_dags/tutorial_dag.py
[2026-09-23T16:09:45.992+0000] {processor.py:914} INFO - Processing file /home/airflow/.local/lib/python3.12/site-packages/airflow/example_dags/tutorial_dag.py for tasks to queue
[2026-09-23T16:09:45.995+0000] {logging_mixin.py:190} INFO - [2026-09-23T16:09:45.995+0000] {dagbag.py:588} INFO - Filling up the DagBag from /home/airflow/.local/lib/python3.12/site-packages/airflow/example_dags/tutorial_dag.py
[2026-09-23T16:09:46.006+0000] {processor.py:925} INFO - DAG(s) 'tutorial_dag' retrieved from /home/airflow/.local/lib/python3.12/site-packages/airflow/example_dags/tutorial_dag.py
[2026-09-23T16:09:46.032+0000] {logging_mixin.py:190} INFO - [2026-09-23T16:09:46.031+0000] {dag.py:3239} INFO - Sync 1 DAGs
[2026-09-23T16:09:46.053+0000] {logging_mixin.py:190} INFO - [2026-09-23T16:09:46.053+0000] {dag.py:4180} INFO - Setting next_dagrun for tutorial_dag to None, run_after=None
[2026-09-23T16:09:46.076+0000] {processor.py:208} INFO - Processing /home/airflow/.local/lib/python3.12/site-packages/airflow/example_dags/tutorial_dag.py took 0.094 seconds
[2026-09-23T16:10:16.388+0000] {processor.py:186} INFO - Started process (PID=4546) to work on /home/airflow/.local/lib/python3.12/site-packages/airflow/example_dags/tutorial_dag.py
[2026-09-23T16:10:16.389+0000] {processor.py:914} INFO - Processing file /home/airflow/.local/lib/python3.12/site-packages/airflow/example_dags/tutorial_dag.py for tasks to queue
[2026-09-23T16:10:16.392+0000] {logging_mixin.py:190} INFO - [2026-09-23T16:10:16.392+0000] {dagbag.py:588} INFO - Filling up the DagBag from /home/airflow/.local/lib/python3.12/site-packages/airflow/example_dags/tutorial_dag.py
[2026-09-23T16:10:16.404+0000] {processor.py:925} INFO - DAG(s) 'tutorial_dag' retrieved from /home/airflow/.local/lib/python3.12/site-packages/airflow/example_dags/tutorial_dag.py
[2026-09-23T16:10:16.428+0000] {logging_mixin.py:190} INFO - [2026-09-23T16:10:16.428+0000] {dag.py:3239} INFO - Sync 1 DAGs
[2026-09-23T16:10:16.451+0000] {logging_mixin.py:190} INFO - [2026-09-23T16:10:16.450+0000] {dag.py:4180} INFO - Setting next_dagrun for tutorial_dag to None, run_after=None
[2026-09-23T16:10:16.478+0000] {processor.py:208} INFO - Processing /home/airflow/.local/lib/python3.12/site-packages/airflow/example_dags/tutorial_dag.py took 0.099 seconds
[2026-09-23T16:10:46.628+0000] {processor.py:186} INFO - Started process (PID=4619) to work on /home/airflow/.local/lib/python3.12/site-packages/airflow/example_dags/tutorial_dag.py
[2026-09-23T16:10:46.629+0000] {processor.py:914} INFO - Processing file /home/airflow/.local/lib/python3.12/site-packages/airflow/example_dags/tutorial_dag.py for tasks to queue
[2026-09-23T16:10:46.632+0000] {logging_mixin.py:190} INFO - [2026-09-23T16:10:46.631+0000] {dagbag.py:588} INFO - Filling up the DagBag from /home/airflow/.local/lib/python3.12/site-packages/airflow/example_dags/tutorial_dag.py
[2026-09-23T16:10:46.642+0000] {processor.py:925} INFO - DAG(s) 'tutorial_dag' retrieved from /home/airflow/.local/lib/python3.12/site-packages/airflow/example_dags/tutorial_dag.py
[2026-09-23T16:10:46.668+0000] {logging_mixin.py:190} INFO - [2026-09-23T16:10:46.668+0000] {dag.py:3239} INFO - Sync 1 DAGs
[2026-09-23T16:10:46.691+0000] {logging_mixin.py:190} INFO - [2026-09-23T16:10:46.690+0000] {dag.py:4180} INFO - Setting next_dagrun for tutorial_dag to None, run_after=None
[2026-09-23T16:10:46.718+0000] {processor.py:208} INFO - Processing /home/airflow/.local/lib/python3.12/site-packages/airflow/example_dags/tutorial_dag.py took 0.099 seconds
[2026-09-23T16:11:17.641+0000] {processor.py:186} INFO - Started process (PID=4693) to work on /home/airflow/.local/lib/python3.12/site-packages/airflow/example_dags/tutorial_dag.py
[2026-09-23T16:11:17.642+0000] {processor.py:914} INFO - Processing file /home/airflow/.local/lib/python3.12/site-packages/airflow/example_dags/tutorial_dag.py for tasks to queue
[2026-09-23T16:11:17.646+0000] {logging_mixin.py:190} INFO - [2026-09-23T16:11:17.645+0000] {dagbag.py:588} INFO - Filling up the DagBag from /home/airflow/.local/lib/python3.12/site-packages/airflow/example_dags/tutorial_dag.py
[2026-09-23T16:11:17.658+0000] {processor.py:925} INFO - DAG(s) 'tutorial_dag' retrieved from /home/airflow/.local/lib/python3.12/site-packages/airflow/example_dags/tutorial_dag.py
[2026-09-23T16:11:17.683+0000] {logging_mixin.py:190} INFO - [2026-09-23T16:11:17.683+0000] {dag.py:3239} INFO - Sync 1 DAGs
[2026-09-23T16:11:17.952+0000] {logging_mixin.py:190} INFO - [2026-09-23T16:11:17.951+0000] {dag.py:4180} INFO - Setting next_dagrun for tutorial_dag to None, run_after=None
[2026-09-23T16:11:17.976+0000] {processor.py:208} INFO - Processing /home/airflow/.local/lib/python3.12/site-packages/airflow/example_dags/tutorial_dag.py took 0.348 seconds
[2026-09-23T16:11:48.709+0000] {processor.py:186} INFO - Started process (PID=4767) to work on /home/airflow/.local/lib/python3.12/site-packages/airflow/example_dags/tutorial_dag.py
[2026-09-23T16:11:48.710+0000] {processor.py:914} INFO - Processing file /home/airflow/.local/lib/python3.12/site-packages/airflow/example_dags/tutorial_dag.py for tasks to queue
[2026-09-23T16:11:48.713+0000] {logging_mixin.py:190} INFO - [2026-09-23T16:11:48.713+0000] {dagbag.py:588} INFO - Filling up the DagBag from /home/airflow/.local/lib/python3.12/site-packages/airflow/example_dags/tutorial_dag.py
[2026-09-23T16:11:48.725+0000] {processor.py:925} INFO - DAG(s) 'tutorial_dag' retrieved from /home/airflow/.local/lib/python3.12/site-packages/airflow/example_dags/tutorial_dag.py
[2026-09-23T16:11:48.752+0000] {logging_mixin.py:190} INFO - [2026-09-23T16:11:48.751+0000] {dag.py:3239} INFO - Sync 1 DAGs
[2026-09-23T16:11:48.774+0000] {logging_mixin.py:190} INFO - [2026-09-23T16:11:48.774+0000] {dag.py:4180} INFO - Setting next_dagrun for tutorial_dag to None, run_after=None
[2026-09-23T16:11:48.800+0000] {processor.py:208} INFO - Processing /home/airflow/.local/lib/python3.12/site-packages/airflow/example_dags/tutorial_dag.py took 0.102 seconds
[2026-09-23T16:12:19.046+0000] {processor.py:186} INFO - Started process (PID=4841) to work on /home/airflow/.local/lib/python3.12/site-packages/airflow/example_dags/tutorial_dag.py
[2026-09-23T16:12:19.047+0000] {processor.py:914} INFO - Processing file /home/airflow/.local/lib/python3.12/site-packages/airflow/example_dags/tutorial_dag.py for tasks to queue
[2026-09-23T16:12:19.051+0000] {logging_mixin.py:190} INFO - [2026-09-23T16:12:19.050+0000] {dagbag.py:588} INFO - Filling up the DagBag from /home/airflow/.local/lib/python3.12/site-packages/airflow/example_dags/tutorial_dag.py
[2026-09-23T16:12:19.062+0000] {processor.py:925} INFO - DAG(s) 'tutorial_dag' retrieved from /home/airflow/.local/lib/python3.12/site-packages/airflow/example_dags/tutorial_dag.py
[2026-09-23T16:12:19.089+0000] {logging_mixin.py:190} INFO - [2026-09-23T16:12:19.089+0000] {dag.py:3239} INFO - Sync 1 DAGs
[2026-09-23T16:12:19.112+0000] {logging_mixin.py:190} INFO - [2026-09-23T16:12:19.112+0000] {dag.py:4180} INFO - Setting next_dagrun for tutorial_dag to None, run_after=None
[2026-09-23T16:12:19.136+0000] {processor.py:208} INFO - Processing /home/airflow/.local/lib/python3.12/site-packages/airflow/example_dags/tutorial_dag.py took 0.100 seconds
[2026-09-23T16:12:49.434+0000] {processor.py:186} INFO - Started process (PID=4908) to work on /home/airflow/.local/lib/python3.12/site-packages/airflow/example_dags/tutorial_dag.py
[2026-09-23T16:12:49.435+0000] {processor.py:914} INFO - Processing file /home/airflow/.local/lib/python3.12/site-packages/airflow/example_dags/tutorial_dag.py for tasks to queue
[2026-09-23T16:12:49.438+0000] {logging_mixin.py:190} INFO - [2026-09-23T16:12:49.438+0000] {dagbag.py:588} INFO - Filling up the DagBag from /home/airflow/.local/lib/python3.12/site-packages/airflow/example_dags/tutorial_dag.py
[2026-09-23T16:12:49.449+0000] {processor.py:925} INFO - DAG(s) 'tutorial_dag' retrieved from /home/airflow/.local/lib/python3.12/site-packages/airflow/example_dags/tutorial_dag.py
[2026-09-23T16:12:49.475+0000] {logging_mixin.py:190} INFO - [2026-09-23T16:12:49.474+0000] {dag.py:3239} INFO - Sync 1 DAGs
[2026-09-23T16:12:49.499+0000] {logging_mixin.py:190} INFO - [2026-09-23T16:12:49.498+0000] {dag.py:4180} INFO - Setting next_dagrun for tutorial_dag to None, run_after=None
[2026-09-23T16:12:49.523+0000] {processor.py:208} INFO - Processing /home/airflow/.local/lib/python3.12/site-packages/airflow/example_dags/tutorial_dag.py took 0.098 seconds
[2026-09-23T16:13:19.979+0000] {processor.py:186} INFO - Started process (PID=4982) to work on /home/airflow/.local/lib/python3.12/site-packages/airflow/example_dags/tutorial_dag.py
[2026-09-23T16:13:19.980+0000] {processor.py:914} INFO - Processing file /home/airflow/.local/lib/python3.12/site-packages/airflow/example_dags/tutorial_dag.py for tasks to queue
[2026-09-23T16:13:19.983+0000] {logging_mixin.py:190} INFO - [2026-09-23T16:13:19.983+0000] {dagbag.py:588} INFO - Filling up the DagBag from /home/airflow/.local/lib/python3.12/site-packages/airflow/example_dags/tutorial_dag.py
[2026-09-23T16:13:19.994+0000] {processor.py:925} INFO - DAG(s) 'tutorial_dag' retrieved from /home/airflow/.local/lib/python3.12/site-packages/airflow/example_dags/tutorial_dag.py
[2026-09-23T16:13:20.021+0000] {logging_mixin.py:190} INFO - [2026-09-23T16:13:20.021+0000] {dag.py:3239} INFO - Sync 1 DAGs
[2026-09-23T16:13:20.285+0000] {logging_mixin.py:190} INFO - [2026-09-23T16:13:20.284+0000] {dag.py:4180} INFO - Setting next_dagrun for tutorial_dag to None, run_after=None
[2026-09-23T16:13:20.309+0000] {processor.py:208} INFO - Processing /home/airflow/.local/lib/python3.12/site-packages/airflow/example_dags/tutorial_dag.py took 0.340 seconds
[2026-09-23T16:13:51.041+0000] {processor.py:186} INFO - Started process (PID=5056) to work on /home/airflow/.local/lib/python3.12/site-packages/airflow/example_dags/tutorial_dag.py
[2026-09-23T16:13:51.042+0000] {processor.py:914} INFO - Processing file /home/airflow/.local/lib/python3.12/site-packages/airflow/example_dags/tutorial_dag.py for tasks to queue
[2026-09-23T16:13:51.046+0000] {logging_mixin.py:190} INFO - [2026-09-23T16:13:51.045+0000] {dagbag.py:588} INFO - Filling up the DagBag from /home/airflow/.local/lib/python3.12/site-packages/airflow/example_dags/tutorial_dag.py
[2026-09-23T16:13:51.057+0000] {processor.py:925} INFO - DAG(s) 'tutorial_dag' retrieved from /home/airflow/.local/lib/python3.12/site-packages/airflow/example_dags/tutorial_dag.py
[2026-09-23T16:13:51.086+0000] {logging_mixin.py:190} INFO - [2026-09-23T16:13:51.085+0000] {dag.py:3239} INFO - Sync 1 DAGs
[2026-09-23T16:13:51.114+0000] {logging_mixin.py:190} INFO - [2026-09-23T16:13:51.113+0000] {dag.py:4180} INFO - Setting next_dagrun for tutorial_dag to None, run_after=None
[2026-09-23T16:13:51.139+0000] {processor.py:208} INFO - Processing /home/airflow/.local/lib/python3.12/site-packages/airflow/example_dags/tutorial_dag.py took 0.107 seconds
[2026-09-23T16:14:21.598+0000] {processor.py:186} INFO - Started process (PID=5130) to work on /home/airflow/.local/lib/python3.12/site-packages/airflow/example_dags/tutorial_dag.py
[2026-09-23T16:14:21.599+0000] {processor.py:914} INFO - Processing file /home/airflow/.local/lib/python3.12/site-packages/airflow/example_dags/tutorial_dag.py for tasks to queue
[2026-09-23T16:14:21.603+0000] {logging_mixin.py:190} INFO - [2026-09-23T16:14:21.602+0000] {dagbag.py:588} INFO - Filling up the DagBag from /home/airflow/.local/lib/python3.12/site-packages/airflow/example_dags/tutorial_dag.py
[2026-09-23T16:14:21.614+0000] {processor.py:925} INFO - DAG(s) 'tutorial_dag' retrieved from /home/airflow/.local/lib/python3.12/site-packages/airflow/example_dags/tutorial_dag.py
[2026-09-23T16:14:21.641+0000] {logging_mixin.py:190} INFO - [2026-09-23T16:14:21.640+0000] {dag.py:3239} INFO - Sync 1 DAGs
[2026-09-23T16:14:21.663+0000] {logging_mixin.py:190} INFO - [2026-09-23T16:14:21.663+0000] {dag.py:4180} INFO - Setting next_dagrun for tutorial_dag to None, run_after=None
[2026-09-23T16:14:21.686+0000] {processor.py:208} INFO - Processing /home/airflow/.local/lib/python3.12/site-packages/airflow/example_dags/tutorial_dag.py took 0.098 seconds
[2026-09-23T16:14:52.140+0000] {processor.py:186} INFO - Started process (PID=5204) to work on /home/airflow/.local/lib/python3.12/site-packages/airflow/example_dags/tutorial_dag.py
[2026-09-23T16:14:52.141+0000] {processor.py:914} INFO - Processing file /home/airflow/.local/lib/python3.12/site-packages/airflow/example_dags/tutorial_dag.py for tasks to queue
[2026-09-23T16:14:52.144+0000] {logging_mixin.py:190} INFO - [2026-09-23T16:14:52.144+0000] {dagbag.py:588} INFO - Filling up the DagBag from /home/airflow/.local/lib/python3.12/site-packages/airflow/example_dags/tutorial_dag.py
[2026-09-23T16:14:52.154+0000] {processor.py:925} INFO - DAG(s) 'tutorial_dag' retrieved from /home/airflow/.local/lib/python3.12/site-packages/airflow/example_dags/tutorial_dag.py
[2026-09-23T16:14:52.181+0000] {logging_mixin.py:190} INFO - [2026-09-23T16:14:52.180+0000] {dag.py:3239} INFO - Sync 1 DAGs
[2026-09-23T16:14:52.203+0000] {logging_mixin.py:190} INFO - [2026-09-23T16:14:52.203+0000] {dag.py:4180} INFO - Setting next_dagrun for tutorial_dag to None, run_after=None
[2026-09-23T16:14:52.227+0000] {processor.py:208} INFO - Processing /home/airflow/.local/lib/python3.12/site-packages/airflow/example_dags/tutorial_dag.py took 0.096 seconds
[2026-09-23T16:15:22.834+0000] {processor.py:186} INFO - Started process (PID=5278) to work on /home/airflow/.local/lib/python3.12/site-packages/airflow/example_dags/tutorial_dag.py
[2026-09-23T16:15:22.835+0000] {processor.py:914} INFO - Processing file /home/airflow/.local/lib/python3.12/site-packages/airflow/example_dags/tutorial_dag.py for tasks to queue
[2026-09-23T16:15:22.838+0000] {logging_mixin.py:190} INFO - [2026-09-23T16:15:22.837+0000] {dagbag.py:588} INFO - Filling up the DagBag from /home/airflow/.local/lib/python3.12/site-packages/airflow/example_dags/tutorial_dag.py
[2026-09-23T16:15:22.848+0000] {processor.py:925} INFO - DAG(s) 'tutorial_dag' retrieved from /home/airflow/.local/lib/python3.12/site-packages/airflow/example_dags/tutorial_dag.py
[2026-09-23T16:15:22.876+0000] {logging_mixin.py:190} INFO - [2026-09-23T16:15:22.875+0000] {dag.py:3239} INFO - Sync 1 DAGs
[2026-09-23T16:15:22.898+0000] {logging_mixin.py:190} INFO - [2026-09-23T16:15:22.898+0000] {dag.py:4180} INFO - Setting next_dagrun for tutorial_dag to None, run_after=None
[2026-09-23T16:15:22.922+0000] {processor.py:208} INFO - Processing /home/airflow/.local/lib/python3.12/site-packages/airflow/example_dags/tutorial_dag.py took 0.099 seconds
[2026-09-23T16:15:53.301+0000] {processor.py:186} INFO - Started process (PID=5352) to work on /home/airflow/.local/lib/python3.12/site-packages/airflow/example_dags/tutorial_dag.py
[2026-09-23T16:15:53.302+0000] {processor.py:914} INFO - Processing file /home/airflow/.local/lib/python3.12/site-packages/airflow/example_dags/tutorial_dag.py for tasks to queue
[2026-09-23T16:15:53.306+0000] {logging_mixin.py:190} INFO - [2026-09-23T16:15:53.305+0000] {dagbag.py:588} INFO - Filling up the DagBag from /home/airflow/.local/lib/python3.12/site-packages/airflow/example_dags/tutorial_dag.py
[2026-09-23T16:15:53.318+0000] {processor.py:925} INFO - DAG(s) 'tutorial_dag' retrieved from /home/airflow/.local/lib/python3.12/site-packages/airflow/example_dags/tutorial_dag.py
[2026-09-23T16:15:53.345+0000] {logging_mixin.py:190} INFO - [2026-09-23T16:15:53.345+0000] {dag.py:3239} INFO - Sync 1 DAGs
[2026-09-23T16:15:53.371+0000] {logging_mixin.py:190} INFO - [2026-09-23T16:15:53.370+0000] {dag.py:4180} INFO - Setting next_dagrun for tutorial_dag to None, run_after=None
[2026-09-23T16:15:53.398+0000] {processor.py:208} INFO - Processing /home/airflow/.local/lib/python3.12/site-packages/airflow/example_dags/tutorial_dag.py took 0.106 seconds
[2026-09-23T16:16:23.722+0000] {processor.py:186} INFO - Started process (PID=5426) to work on /home/airflow/.local/lib/python3.12/site-packages/airflow/example_dags/tutorial_dag.py
[2026-09-23T16:16:23.724+0000] {processor.py:914} INFO - Processing file /home/airflow/.local/lib/python3.12/site-packages/airflow/example_dags/tutorial_dag.py for tasks to queue
[2026-09-23T16:16:23.728+0000] {logging_mixin.py:190} INFO - [2026-09-23T16:16:23.727+0000] {dagbag.py:588} INFO - Filling up the DagBag from /home/airflow/.local/lib/python3.12/site-packages/airflow/example_dags/tutorial_dag.py
[2026-09-23T16:16:23.741+0000] {processor.py:925} INFO - DAG(s) 'tutorial_dag' retrieved from /home/airflow/.local/lib/python3.12/site-packages/airflow/example_dags/tutorial_dag.py
[2026-09-23T16:16:23.773+0000] {logging_mixin.py:190} INFO - [2026-09-23T16:16:23.773+0000] {dag.py:3239} INFO - Sync 1 DAGs
[2026-09-23T16:16:23.804+0000] {logging_mixin.py:190} INFO - [2026-09-23T16:16:23.803+0000] {dag.py:4180} INFO - Setting next_dagrun for tutorial_dag to None, run_after=None
[2026-09-23T16:16:23.837+0000] {processor.py:208} INFO - Processing /home/airflow/.local/lib/python3.12/site-packages/airflow/example_dags/tutorial_dag.py took 0.128 seconds
[2026-09-23T16:16:53.897+0000] {processor.py:186} INFO - Started process (PID=5499) to work on /home/airflow/.local/lib/python3.12/site-packages/airflow/example_dags/tutorial_dag.py
[2026-09-23T16:16:53.898+0000] {processor.py:914} INFO - Processing file /home/airflow/.local/lib/python3.12/site-packages/airflow/example_dags/tutorial_dag.py for tasks to queue
[2026-09-23T16:16:53.901+0000] {logging_mixin.py:190} INFO - [2026-09-23T16:16:53.901+0000] {dagbag.py:588} INFO - Filling up the DagBag from /home/airflow/.local/lib/python3.12/site-packages/airflow/example_dags/tutorial_dag.py
[2026-09-23T16:16:53.911+0000] {processor.py:925} INFO - DAG(s) 'tutorial_dag' retrieved from /home/airflow/.local/lib/python3.12/site-packages/airflow/example_dags/tutorial_dag.py
[2026-09-23T16:16:53.936+0000] {logging_mixin.py:190} INFO - [2026-09-23T16:16:53.936+0000] {dag.py:3239} INFO - Sync 1 DAGs
[2026-09-23T16:16:53.960+0000] {logging_mixin.py:190} INFO - [2026-09-23T16:16:53.960+0000] {dag.py:4180} INFO - Setting next_dagrun for tutorial_dag to None, run_after=None
[2026-09-23T16:16:53.983+0000] {processor.py:208} INFO - Processing /home/airflow/.local/lib/python3.12/site-packages/airflow/example_dags/tutorial_dag.py took 0.095 seconds
[2026-09-23T16:17:24.205+0000] {processor.py:186} INFO - Started process (PID=5572) to work on /home/airflow/.local/lib/python3.12/site-packages/airflow/example_dags/tutorial_dag.py
[2026-09-23T16:17:24.206+0000] {processor.py:914} INFO - Processing file /home/airflow/.local/lib/python3.12/site-packages/airflow/example_dags/tutorial_dag.py for tasks to queue
[2026-09-23T16:17:24.210+0000] {logging_mixin.py:190} INFO - [2026-09-23T16:17:24.209+0000] {dagbag.py:588} INFO - Filling up the DagBag from /home/airflow/.local/lib/python3.12/site-packages/airflow/example_dags/tutorial_dag.py
[2026-09-23T16:17:24.223+0000] {processor.py:925} INFO - DAG(s) 'tutorial_dag' retrieved from /home/airflow/.local/lib/python3.12/site-packages/airflow/example_dags/tutorial_dag.py
[2026-09-23T16:17:24.254+0000] {logging_mixin.py:190} INFO - [2026-09-23T16:17:24.254+0000] {dag.py:3239} INFO - Sync 1 DAGs
[2026-09-23T16:17:24.279+0000] {logging_mixin.py:190} INFO - [2026-09-23T16:17:24.279+0000] {dag.py:4180} INFO - Setting next_dagrun for tutorial_dag to None, run_after=None
[2026-09-23T16:17:24.313+0000] {processor.py:208} INFO - Processing /home/airflow/.local/lib/python3.12/site-packages/airflow/example_dags/tutorial_dag.py took 0.118 seconds
[2026-09-23T16:17:54.700+0000] {processor.py:186} INFO - Started process (PID=5646) to work on /home/airflow/.local/lib/python3.12/site-packages/airflow/example_dags/tutorial_dag.py
[2026-09-23T16:17:54.701+0000] {processor.py:914} INFO - Processing file /home/airflow/.local/lib/python3.12/site-packages/airflow/example_dags/tutorial_dag.py for tasks to queue
[2026-09-23T16:17:54.705+0000] {logging_mixin.py:190} INFO - [2026-09-23T16:17:54.704+0000] {dagbag.py:588} INFO - Filling up the DagBag from /home/airflow/.local/lib/python3.12/site-packages/airflow/example_dags/tutorial_dag.py
[2026-09-23T16:17:54.717+0000] {processor.py:925} INFO - DAG(s) 'tutorial_dag' retrieved from /home/airflow/.local/lib/python3.12/site-packages/airflow/example_dags/tutorial_dag.py
[2026-09-23T16:17:54.743+0000] {logging_mixin.py:190} INFO - [2026-09-23T16:17:54.743+0000] {dag.py:3239} INFO - Sync 1 DAGs
[2026-09-23T16:17:54.766+0000] {logging_mixin.py:190} INFO - [2026-09-23T16:17:54.765+0000] {dag.py:4180} INFO - Setting next_dagrun for tutorial_dag to None, run_after=None
[2026-09-23T16:17:54.791+0000] {processor.py:208} INFO - Processing /home/airflow/.local/lib/python3.12/site-packages/airflow/example_dags/tutorial_dag.py took 0.100 seconds
[2026-09-23T16:18:25.514+0000] {processor.py:186} INFO - Started process (PID=5720) to work on /home/airflow/.local/lib/python3.12/site-packages/airflow/example_dags/tutorial_dag.py
[2026-09-23T16:18:25.515+0000] {processor.py:914} INFO - Processing file /home/airflow/.local/lib/python3.12/site-packages/airflow/example_dags/tutorial_dag.py for tasks to queue
[2026-09-23T16:18:25.518+0000] {logging_mixin.py:190} INFO - [2026-09-23T16:18:25.518+0000] {dagbag.py:588} INFO - Filling up the DagBag from /home/airflow/.local/lib/python3.12/site-packages/airflow/example_dags/tutorial_dag.py
[2026-09-23T16:18:25.530+0000] {processor.py:925} INFO - DAG(s) 'tutorial_dag' retrieved from /home/airflow/.local/lib/python3.12/site-packages/airflow/example_dags/tutorial_dag.py
[2026-09-23T16:18:25.556+0000] {logging_mixin.py:190} INFO - [2026-09-23T16:18:25.556+0000] {dag.py:3239} INFO - Sync 1 DAGs
[2026-09-23T16:18:25.581+0000] {logging_mixin.py:190} INFO - [2026-09-23T16:18:25.580+0000] {dag.py:4180} INFO - Setting next_dagrun for tutorial_dag to None, run_after=None
[2026-09-23T16:18:25.607+0000] {processor.py:208} INFO - Processing /home/airflow/.local/lib/python3.12/site-packages/airflow/example_dags/tutorial_dag.py took 0.105 seconds
[2026-09-23T16:18:56.442+0000] {processor.py:186} INFO - Started process (PID=5795) to work on /home/airflow/.local/lib/python3.12/site-packages/airflow/example_dags/tutorial_dag.py
[2026-09-23T16:18:56.444+0000] {processor.py:914} INFO - Processing file /home/airflow/.local/lib/python3.12/site-packages/airflow/example_dags/tutorial_dag.py for tasks to queue
[2026-09-23T16:18:56.447+0000] {logging_mixin.py:190} INFO - [2026-09-23T16:18:56.446+0000] {dagbag.py:588} INFO - Filling up the DagBag from /home/airflow/.local/lib/python3.12/site-packages/airflow/example_dags/tutorial_dag.py
[2026-09-23T16:18:56.459+0000] {processor.py:925} INFO - DAG(s) 'tutorial_dag' retrieved from /home/airflow/.local/lib/python3.12/site-packages/airflow/example_dags/tutorial_dag.py
[2026-09-23T16:18:56.486+0000] {logging_mixin.py:190} INFO - [2026-09-23T16:18:56.486+0000] {dag.py:3239} INFO - Sync 1 DAGs
[2026-09-23T16:18:56.513+0000] {logging_mixin.py:190} INFO - [2026-09-23T16:18:56.512+0000] {dag.py:4180} INFO - Setting next_dagrun for tutorial_dag to None, run_after=None
[2026-09-23T16:18:56.542+0000] {processor.py:208} INFO - Processing /home/airflow/.local/lib/python3.12/site-packages/airflow/example_dags/tutorial_dag.py took 0.109 seconds
[2026-09-23T16:19:26.882+0000] {processor.py:186} INFO - Started process (PID=5869) to work on /home/airflow/.local/lib/python3.12/site-packages/airflow/example_dags/tutorial_dag.py
[2026-09-23T16:19:26.883+0000] {processor.py:914} INFO - Processing file /home/airflow/.local/lib/python3.12/site-packages/airflow/example_dags/tutorial_dag.py for tasks to queue
[2026-09-23T16:19:26.886+0000] {logging_mixin.py:190} INFO - [2026-09-23T16:19:26.885+0000] {dagbag.py:588} INFO - Filling up the DagBag from /home/airflow/.local/lib/python3.12/site-packages/airflow/example_dags/tutorial_dag.py
[2026-09-23T16:19:26.897+0000] {processor.py:925} INFO - DAG(s) 'tutorial_dag' retrieved from /home/airflow/.local/lib/python3.12/site-packages/airflow/example_dags/tutorial_dag.py
[2026-09-23T16:19:26.924+0000] {logging_mixin.py:190} INFO - [2026-09-23T16:19:26.924+0000] {dag.py:3239} INFO - Sync 1 DAGs
[2026-09-23T16:19:26.948+0000] {logging_mixin.py:190} INFO - [2026-09-23T16:19:26.947+0000] {dag.py:4180} INFO - Setting next_dagrun for tutorial_dag to None, run_after=None
[2026-09-23T16:19:26.973+0000] {processor.py:208} INFO - Processing /home/airflow/.local/lib/python3.12/site-packages/airflow/example_dags/tutorial_dag.py took 0.100 seconds
[2026-09-23T16:19:57.107+0000] {processor.py:186} INFO - Started process (PID=5943) to work on /home/airflow/.local/lib/python3.12/site-packages/airflow/example_dags/tutorial_dag.py
[2026-09-23T16:19:57.108+0000] {processor.py:914} INFO - Processing file /home/airflow/.local/lib/python3.12/site-packages/airflow/example_dags/tutorial_dag.py for tasks to queue
[2026-09-23T16:19:57.115+0000] {logging_mixin.py:190} INFO - [2026-09-23T16:19:57.114+0000] {dagbag.py:588} INFO - Filling up the DagBag from /home/airflow/.local/lib/python3.12/site-packages/airflow/example_dags/tutorial_dag.py
[2026-09-23T16:19:57.127+0000] {processor.py:925} INFO - DAG(s) 'tutorial_dag' retrieved from /home/airflow/.local/lib/python3.12/site-packages/airflow/example_dags/tutorial_dag.py
[2026-09-23T16:19:57.157+0000] {logging_mixin.py:190} INFO - [2026-09-23T16:19:57.157+0000] {dag.py:3239} INFO - Sync 1 DAGs
[2026-09-23T16:19:57.180+0000] {logging_mixin.py:190} INFO - [2026-09-23T16:19:57.179+0000] {dag.py:4180} INFO - Setting next_dagrun for tutorial_dag to None, run_after=None
[2026-09-23T16:19:57.207+0000] {processor.py:208} INFO - Processing /home/airflow/.local/lib/python3.12/site-packages/airflow/example_dags/tutorial_dag.py took 0.109 seconds
[2026-09-23T16:20:27.525+0000] {processor.py:186} INFO - Started process (PID=6017) to work on /home/airflow/.local/lib/python3.12/site-packages/airflow/example_dags/tutorial_dag.py
[2026-09-23T16:20:27.526+0000] {processor.py:914} INFO - Processing file /home/airflow/.local/lib/python3.12/site-packages/airflow/example_dags/tutorial_dag.py for tasks to queue
[2026-09-23T16:20:27.529+0000] {logging_mixin.py:190} INFO - [2026-09-23T16:20:27.529+0000] {dagbag.py:588} INFO - Filling up the DagBag from /home/airflow/.local/lib/python3.12/site-packages/airflow/example_dags/tutorial_dag.py
[2026-09-23T16:20:27.539+0000] {processor.py:925} INFO - DAG(s) 'tutorial_dag' retrieved from /home/airflow/.local/lib/python3.12/site-packages/airflow/example_dags/tutorial_dag.py
[2026-09-23T16:20:27.564+0000] {logging_mixin.py:190} INFO - [2026-09-23T16:20:27.563+0000] {dag.py:3239} INFO - Sync 1 DAGs
[2026-09-23T16:20:27.591+0000] {logging_mixin.py:190} INFO - [2026-09-23T16:20:27.590+0000] {dag.py:4180} INFO - Setting next_dagrun for tutorial_dag to None, run_after=None
[2026-09-23T16:20:27.615+0000] {processor.py:208} INFO - Processing /home/airflow/.local/lib/python3.12/site-packages/airflow/example_dags/tutorial_dag.py took 0.100 seconds
[2026-09-23T16:20:57.829+0000] {processor.py:186} INFO - Started process (PID=6091) to work on /home/airflow/.local/lib/python3.12/site-packages/airflow/example_dags/tutorial_dag.py
[2026-09-23T16:20:57.830+0000] {processor.py:914} INFO - Processing file /home/airflow/.local/lib/python3.12/site-packages/airflow/example_dags/tutorial_dag.py for tasks to queue
[2026-09-23T16:20:57.833+0000] {logging_mixin.py:190} INFO - [2026-09-23T16:20:57.833+0000] {dagbag.py:588} INFO - Filling up the DagBag from /home/airflow/.local/lib/python3.12/site-packages/airflow/example_dags/tutorial_dag.py
[2026-09-23T16:20:57.844+0000] {processor.py:925} INFO - DAG(s) 'tutorial_dag' retrieved from /home/airflow/.local/lib/python3.12/site-packages/airflow/example_dags/tutorial_dag.py
[2026-09-23T16:20:57.873+0000] {logging_mixin.py:190} INFO - [2026-09-23T16:20:57.873+0000] {dag.py:3239} INFO - Sync 1 DAGs
[2026-09-23T16:20:57.898+0000] {logging_mixin.py:190} INFO - [2026-09-23T16:20:57.898+0000] {dag.py:4180} INFO - Setting next_dagrun for tutorial_dag to None, run_after=None
[2026-09-23T16:20:57.922+0000] {processor.py:208} INFO - Processing /home/airflow/.local/lib/python3.12/site-packages/airflow/example_dags/tutorial_dag.py took 0.101 seconds
[2026-09-23T16:21:28.109+0000] {processor.py:186} INFO - Started process (PID=6165) to work on /home/airflow/.local/lib/python3.12/site-packages/airflow/example_dags/tutorial_dag.py
[2026-09-23T16:21:28.110+0000] {processor.py:914} INFO - Processing file /home/airflow/.local/lib/python3.12/site-packages/airflow/example_dags/tutorial_dag.py for tasks to queue
[2026-09-23T16:21:28.113+0000] {logging_mixin.py:190} INFO - [2026-09-23T16:21:28.112+0000] {dagbag.py:588} INFO - Filling up the DagBag from /home/airflow/.local/lib/python3.12/site-packages/airflow/example_dags/tutorial_dag.py
[2026-09-23T16:21:28.123+0000] {processor.py:925} INFO - DAG(s) 'tutorial_dag' retrieved from /home/airflow/.local/lib/python3.12/site-packages/airflow/example_dags/tutorial_dag.py
[2026-09-23T16:21:28.150+0000] {logging_mixin.py:190} INFO - [2026-09-23T16:21:28.150+0000] {dag.py:3239} INFO - Sync 1 DAGs
[2026-09-23T16:21:28.172+0000] {logging_mixin.py:190} INFO - [2026-09-23T16:21:28.172+0000] {dag.py:4180} INFO - Setting next_dagrun for tutorial_dag to None, run_after=None
[2026-09-23T16:21:28.197+0000] {processor.py:208} INFO - Processing /home/airflow/.local/lib/python3.12/site-packages/airflow/example_dags/tutorial_dag.py took 0.097 seconds
[2026-09-23T16:21:58.582+0000] {processor.py:186} INFO - Started process (PID=6237) to work on /home/airflow/.local/lib/python3.12/site-packages/airflow/example_dags/tutorial_dag.py
[2026-09-23T16:21:58.585+0000] {processor.py:914} INFO - Processing file /home/airflow/.local/lib/python3.12/site-packages/airflow/example_dags/tutorial_dag.py for tasks to queue
[2026-09-23T16:21:58.588+0000] {logging_mixin.py:190} INFO - [2026-09-23T16:21:58.588+0000] {dagbag.py:588} INFO - Filling up the DagBag from /home/airflow/.local/lib/python3.12/site-packages/airflow/example_dags/tutorial_dag.py
[2026-09-23T16:21:58.599+0000] {processor.py:925} INFO - DAG(s) 'tutorial_dag' retrieved from /home/airflow/.local/lib/python3.12/site-packages/airflow/example_dags/tutorial_dag.py
[2026-09-23T16:21:58.625+0000] {logging_mixin.py:190} INFO - [2026-09-23T16:21:58.625+0000] {dag.py:3239} INFO - Sync 1 DAGs
[2026-09-23T16:21:58.651+0000] {logging_mixin.py:190} INFO - [2026-09-23T16:21:58.651+0000] {dag.py:4180} INFO - Setting next_dagrun for tutorial_dag to None, run_after=None
[2026-09-23T16:21:58.679+0000] {processor.py:208} INFO - Processing /home/airflow/.local/lib/python3.12/site-packages/airflow/example_dags/tutorial_dag.py took 0.107 seconds
[2026-09-23T16:22:28.821+0000] {processor.py:186} INFO - Started process (PID=6311) to work on /home/airflow/.local/lib/python3.12/site-packages/airflow/example_dags/tutorial_dag.py
[2026-09-23T16:22:28.822+0000] {processor.py:914} INFO - Processing file /home/airflow/.local/lib/python3.12/site-packages/airflow/example_dags/tutorial_dag.py for tasks to queue
[2026-09-23T16:22:28.825+0000] {logging_mixin.py:190} INFO - [2026-09-23T16:22:28.824+0000] {dagbag.py:588} INFO - Filling up the DagBag from /home/airflow/.local/lib/python3.12/site-packages/airflow/example_dags/tutorial_dag.py
[2026-09-23T16:22:28.836+0000] {processor.py:925} INFO - DAG(s) 'tutorial_dag' retrieved from /home/airflow/.local/lib/python3.12/site-packages/airflow/example_dags/tutorial_dag.py
[2026-09-23T16:22:28.863+0000] {logging_mixin.py:190} INFO - [2026-09-23T16:22:28.863+0000] {dag.py:3239} INFO - Sync 1 DAGs
[2026-09-23T16:22:28.885+0000] {logging_mixin.py:190} INFO - [2026-09-23T16:22:28.885+0000] {dag.py:4180} INFO - Setting next_dagrun for tutorial_dag to None, run_after=None
[2026-09-23T16:22:28.909+0000] {processor.py:208} INFO - Processing /home/airflow/.local/lib/python3.12/site-packages/airflow/example_dags/tutorial_dag.py took 0.097 seconds
[2026-09-23T16:22:59.314+0000] {processor.py:186} INFO - Started process (PID=6385) to work on /home/airflow/.local/lib/python3.12/site-packages/airflow/example_dags/tutorial_dag.py
[2026-09-23T16:22:59.315+0000] {processor.py:914} INFO - Processing file /home/airflow/.local/lib/python3.12/site-packages/airflow/example_dags/tutorial_dag.py for tasks to queue
[2026-09-23T16:22:59.318+0000] {logging_mixin.py:190} INFO - [2026-09-23T16:22:59.318+0000] {dagbag.py:588} INFO - Filling up the DagBag from /home/airflow/.local/lib/python3.12/site-packages/airflow/example_dags/tutorial_dag.py
[2026-09-23T16:22:59.329+0000] {processor.py:925} INFO - DAG(s) 'tutorial_dag' retrieved from /home/airflow/.local/lib/python3.12/site-packages/airflow/example_dags/tutorial_dag.py
[2026-09-23T16:22:59.357+0000] {logging_mixin.py:190} INFO - [2026-09-23T16:22:59.356+0000] {dag.py:3239} INFO - Sync 1 DAGs
[2026-09-23T16:22:59.380+0000] {logging_mixin.py:190} INFO - [2026-09-23T16:22:59.379+0000] {dag.py:4180} INFO - Setting next_dagrun for tutorial_dag to None, run_after=None
[2026-09-23T16:22:59.405+0000] {processor.py:208} INFO - Processing /home/airflow/.local/lib/python3.12/site-packages/airflow/example_dags/tutorial_dag.py took 0.101 seconds
[2026-09-23T16:23:30.550+0000] {processor.py:186} INFO - Started process (PID=6459) to work on /home/airflow/.local/lib/python3.12/site-packages/airflow/example_dags/tutorial_dag.py
[2026-09-23T16:23:30.555+0000] {processor.py:914} INFO - Processing file /home/airflow/.local/lib/python3.12/site-packages/airflow/example_dags/tutorial_dag.py for tasks to queue
[2026-09-23T16:23:30.559+0000] {logging_mixin.py:190} INFO - [2026-09-23T16:23:30.558+0000] {dagbag.py:588} INFO - Filling up the DagBag from /home/airflow/.local/lib/python3.12/site-packages/airflow/example_dags/tutorial_dag.py
[2026-09-23T16:23:30.574+0000] {processor.py:925} INFO - DAG(s) 'tutorial_dag' retrieved from /home/airflow/.local/lib/python3.12/site-packages/airflow/example_dags/tutorial_dag.py
[2026-09-23T16:23:30.614+0000] {logging_mixin.py:190} INFO - [2026-09-23T16:23:30.613+0000] {dag.py:3239} INFO - Sync 1 DAGs
[2026-09-23T16:23:30.647+0000] {logging_mixin.py:190} INFO - [2026-09-23T16:23:30.647+0000] {dag.py:4180} INFO - Setting next_dagrun for tutorial_dag to None, run_after=None
[2026-09-23T16:23:30.683+0000] {processor.py:208} INFO - Processing /home/airflow/.local/lib/python3.12/site-packages/airflow/example_dags/tutorial_dag.py took 0.156 seconds
[2026-09-23T16:24:00.991+0000] {processor.py:186} INFO - Started process (PID=6532) to work on /home/airflow/.local/lib/python3.12/site-packages/airflow/example_dags/tutorial_dag.py
[2026-09-23T16:24:00.993+0000] {processor.py:914} INFO - Processing file /home/airflow/.local/lib/python3.12/site-packages/airflow/example_dags/tutorial_dag.py for tasks to queue
[2026-09-23T16:24:01.004+0000] {logging_mixin.py:190} INFO - [2026-09-23T16:24:01.001+0000] {dagbag.py:588} INFO - Filling up the DagBag from /home/airflow/.local/lib/python3.12/site-packages/airflow/example_dags/tutorial_dag.py
[2026-09-23T16:24:01.040+0000] {processor.py:925} INFO - DAG(s) 'tutorial_dag' retrieved from /home/airflow/.local/lib/python3.12/site-packages/airflow/example_dags/tutorial_dag.py
[2026-09-23T16:24:01.142+0000] {logging_mixin.py:190} INFO - [2026-09-23T16:24:01.142+0000] {dag.py:3239} INFO - Sync 1 DAGs
[2026-09-23T16:24:01.213+0000] {logging_mixin.py:190} INFO - [2026-09-23T16:24:01.213+0000] {dag.py:4180} INFO - Setting next_dagrun for tutorial_dag to None, run_after=None
[2026-09-23T16:24:01.292+0000] {processor.py:208} INFO - Processing /home/airflow/.local/lib/python3.12/site-packages/airflow/example_dags/tutorial_dag.py took 0.329 seconds
[2026-09-23T16:24:31.896+0000] {processor.py:186} INFO - Started process (PID=6598) to work on /home/airflow/.local/lib/python3.12/site-packages/airflow/example_dags/tutorial_dag.py
[2026-09-23T16:24:31.897+0000] {processor.py:914} INFO - Processing file /home/airflow/.local/lib/python3.12/site-packages/airflow/example_dags/tutorial_dag.py for tasks to queue
[2026-09-23T16:24:31.900+0000] {logging_mixin.py:190} INFO - [2026-09-23T16:24:31.899+0000] {dagbag.py:588} INFO - Filling up the DagBag from /home/airflow/.local/lib/python3.12/site-packages/airflow/example_dags/tutorial_dag.py
[2026-09-23T16:24:31.910+0000] {processor.py:925} INFO - DAG(s) 'tutorial_dag' retrieved from /home/airflow/.local/lib/python3.12/site-packages/airflow/example_dags/tutorial_dag.py
[2026-09-23T16:24:31.936+0000] {logging_mixin.py:190} INFO - [2026-09-23T16:24:31.936+0000] {dag.py:3239} INFO - Sync 1 DAGs
[2026-09-23T16:24:31.959+0000] {logging_mixin.py:190} INFO - [2026-09-23T16:24:31.958+0000] {dag.py:4180} INFO - Setting next_dagrun for tutorial_dag to None, run_after=None
[2026-09-23T16:24:31.983+0000] {processor.py:208} INFO - Processing /home/airflow/.local/lib/python3.12/site-packages/airflow/example_dags/tutorial_dag.py took 0.096 seconds
[2026-09-23T16:25:02.621+0000] {processor.py:186} INFO - Started process (PID=6672) to work on /home/airflow/.local/lib/python3.12/site-packages/airflow/example_dags/tutorial_dag.py
[2026-09-23T16:25:02.622+0000] {processor.py:914} INFO - Processing file /home/airflow/.local/lib/python3.12/site-packages/airflow/example_dags/tutorial_dag.py for tasks to queue
[2026-09-23T16:25:02.625+0000] {logging_mixin.py:190} INFO - [2026-09-23T16:25:02.625+0000] {dagbag.py:588} INFO - Filling up the DagBag from /home/airflow/.local/lib/python3.12/site-packages/airflow/example_dags/tutorial_dag.py
[2026-09-23T16:25:02.637+0000] {processor.py:925} INFO - DAG(s) 'tutorial_dag' retrieved from /home/airflow/.local/lib/python3.12/site-packages/airflow/example_dags/tutorial_dag.py
[2026-09-23T16:25:02.668+0000] {logging_mixin.py:190} INFO - [2026-09-23T16:25:02.668+0000] {dag.py:3239} INFO - Sync 1 DAGs
[2026-09-23T16:25:02.698+0000] {logging_mixin.py:190} INFO - [2026-09-23T16:25:02.698+0000] {dag.py:4180} INFO - Setting next_dagrun for tutorial_dag to None, run_after=None
[2026-09-23T16:25:02.737+0000] {processor.py:208} INFO - Processing /home/airflow/.local/lib/python3.12/site-packages/airflow/example_dags/tutorial_dag.py took 0.127 seconds
[2026-09-23T16:25:33.520+0000] {processor.py:186} INFO - Started process (PID=6746) to work on /home/airflow/.local/lib/python3.12/site-packages/airflow/example_dags/tutorial_dag.py
[2026-09-23T16:25:33.522+0000] {processor.py:914} INFO - Processing file /home/airflow/.local/lib/python3.12/site-packages/airflow/example_dags/tutorial_dag.py for tasks to queue
[2026-09-23T16:25:33.532+0000] {logging_mixin.py:190} INFO - [2026-09-23T16:25:33.529+0000] {dagbag.py:588} INFO - Filling up the DagBag from /home/airflow/.local/lib/python3.12/site-packages/airflow/example_dags/tutorial_dag.py
[2026-09-23T16:25:33.605+0000] {processor.py:925} INFO - DAG(s) 'tutorial_dag' retrieved from /home/airflow/.local/lib/python3.12/site-packages/airflow/example_dags/tutorial_dag.py
[2026-09-23T16:25:33.721+0000] {logging_mixin.py:190} INFO - [2026-09-23T16:25:33.720+0000] {dag.py:3239} INFO - Sync 1 DAGs
[2026-09-23T16:25:33.809+0000] {logging_mixin.py:190} INFO - [2026-09-23T16:25:33.809+0000] {dag.py:4180} INFO - Setting next_dagrun for tutorial_dag to None, run_after=None
[2026-09-23T16:25:33.917+0000] {processor.py:208} INFO - Processing /home/airflow/.local/lib/python3.12/site-packages/airflow/example_dags/tutorial_dag.py took 0.422 seconds
[2026-09-23T16:26:04.406+0000] {processor.py:186} INFO - Started process (PID=6820) to work on /home/airflow/.local/lib/python3.12/site-packages/airflow/example_dags/tutorial_dag.py
[2026-09-23T16:26:04.408+0000] {processor.py:914} INFO - Processing file /home/airflow/.local/lib/python3.12/site-packages/airflow/example_dags/tutorial_dag.py for tasks to queue
[2026-09-23T16:26:04.411+0000] {logging_mixin.py:190} INFO - [2026-09-23T16:26:04.410+0000] {dagbag.py:588} INFO - Filling up the DagBag from /home/airflow/.local/lib/python3.12/site-packages/airflow/example_dags/tutorial_dag.py
[2026-09-23T16:26:04.422+0000] {processor.py:925} INFO - DAG(s) 'tutorial_dag' retrieved from /home/airflow/.local/lib/python3.12/site-packages/airflow/example_dags/tutorial_dag.py
[2026-09-23T16:26:04.456+0000] {logging_mixin.py:190} INFO - [2026-09-23T16:26:04.455+0000] {dag.py:3239} INFO - Sync 1 DAGs
[2026-09-23T16:26:04.490+0000] {logging_mixin.py:190} INFO - [2026-09-23T16:26:04.489+0000] {dag.py:4180} INFO - Setting next_dagrun for tutorial_dag to None, run_after=None
[2026-09-23T16:26:04.527+0000] {processor.py:208} INFO - Processing /home/airflow/.local/lib/python3.12/site-packages/airflow/example_dags/tutorial_dag.py took 0.141 seconds
[2026-09-23T16:26:35.318+0000] {processor.py:186} INFO - Started process (PID=6894) to work on /home/airflow/.local/lib/python3.12/site-packages/airflow/example_dags/tutorial_dag.py
[2026-09-23T16:26:35.321+0000] {processor.py:914} INFO - Processing file /home/airflow/.local/lib/python3.12/site-packages/airflow/example_dags/tutorial_dag.py for tasks to queue
[2026-09-23T16:26:35.326+0000] {logging_mixin.py:190} INFO - [2026-09-23T16:26:35.325+0000] {dagbag.py:588} INFO - Filling up the DagBag from /home/airflow/.local/lib/python3.12/site-packages/airflow/example_dags/tutorial_dag.py
[2026-09-23T16:26:35.340+0000] {processor.py:925} INFO - DAG(s) 'tutorial_dag' retrieved from /home/airflow/.local/lib/python3.12/site-packages/airflow/example_dags/tutorial_dag.py
[2026-09-23T16:26:35.391+0000] {logging_mixin.py:190} INFO - [2026-09-23T16:26:35.391+0000] {dag.py:3239} INFO - Sync 1 DAGs
[2026-09-23T16:26:35.421+0000] {logging_mixin.py:190} INFO - [2026-09-23T16:26:35.421+0000] {dag.py:4180} INFO - Setting next_dagrun for tutorial_dag to None, run_after=None
[2026-09-23T16:26:35.463+0000] {processor.py:208} INFO - Processing /home/airflow/.local/lib/python3.12/site-packages/airflow/example_dags/tutorial_dag.py took 0.165 seconds
[2026-09-23T16:27:05.587+0000] {processor.py:186} INFO - Started process (PID=6966) to work on /home/airflow/.local/lib/python3.12/site-packages/airflow/example_dags/tutorial_dag.py
[2026-09-23T16:27:05.588+0000] {processor.py:914} INFO - Processing file /home/airflow/.local/lib/python3.12/site-packages/airflow/example_dags/tutorial_dag.py for tasks to queue
[2026-09-23T16:27:05.592+0000] {logging_mixin.py:190} INFO - [2026-09-23T16:27:05.591+0000] {dagbag.py:588} INFO - Filling up the DagBag from /home/airflow/.local/lib/python3.12/site-packages/airflow/example_dags/tutorial_dag.py
[2026-09-23T16:27:05.604+0000] {processor.py:925} INFO - DAG(s) 'tutorial_dag' retrieved from /home/airflow/.local/lib/python3.12/site-packages/airflow/example_dags/tutorial_dag.py
[2026-09-23T16:27:05.634+0000] {logging_mixin.py:190} INFO - [2026-09-23T16:27:05.633+0000] {dag.py:3239} INFO - Sync 1 DAGs
[2026-09-23T16:27:05.658+0000] {logging_mixin.py:190} INFO - [2026-09-23T16:27:05.657+0000] {dag.py:4180} INFO - Setting next_dagrun for tutorial_dag to None, run_after=None
[2026-09-23T16:27:05.687+0000] {processor.py:208} INFO - Processing /home/airflow/.local/lib/python3.12/site-packages/airflow/example_dags/tutorial_dag.py took 0.114 seconds
[2026-09-23T16:27:36.111+0000] {processor.py:186} INFO - Started process (PID=7041) to work on /home/airflow/.local/lib/python3.12/site-packages/airflow/example_dags/tutorial_dag.py
[2026-09-23T16:27:36.114+0000] {processor.py:914} INFO - Processing file /home/airflow/.local/lib/python3.12/site-packages/airflow/example_dags/tutorial_dag.py for tasks to queue
[2026-09-23T16:27:36.128+0000] {logging_mixin.py:190} INFO - [2026-09-23T16:27:36.125+0000] {dagbag.py:588} INFO - Filling up the DagBag from /home/airflow/.local/lib/python3.12/site-packages/airflow/example_dags/tutorial_dag.py
[2026-09-23T16:27:36.165+0000] {processor.py:925} INFO - DAG(s) 'tutorial_dag' retrieved from /home/airflow/.local/lib/python3.12/site-packages/airflow/example_dags/tutorial_dag.py
[2026-09-23T16:27:36.223+0000] {logging_mixin.py:190} INFO - [2026-09-23T16:27:36.221+0000] {dag.py:3239} INFO - Sync 1 DAGs
[2026-09-23T16:27:36.264+0000] {logging_mixin.py:190} INFO - [2026-09-23T16:27:36.263+0000] {dag.py:4180} INFO - Setting next_dagrun for tutorial_dag to None, run_after=None
[2026-09-23T16:27:36.327+0000] {processor.py:208} INFO - Processing /home/airflow/.local/lib/python3.12/site-packages/airflow/example_dags/tutorial_dag.py took 0.258 seconds
[2026-09-23T16:28:06.896+0000] {processor.py:186} INFO - Started process (PID=7108) to work on /home/airflow/.local/lib/python3.12/site-packages/airflow/example_dags/tutorial_dag.py
[2026-09-23T16:28:06.907+0000] {processor.py:914} INFO - Processing file /home/airflow/.local/lib/python3.12/site-packages/airflow/example_dags/tutorial_dag.py for tasks to queue
[2026-09-23T16:28:06.923+0000] {logging_mixin.py:190} INFO - [2026-09-23T16:28:06.916+0000] {dagbag.py:588} INFO - Filling up the DagBag from /home/airflow/.local/lib/python3.12/site-packages/airflow/example_dags/tutorial_dag.py
[2026-09-23T16:28:06.976+0000] {processor.py:925} INFO - DAG(s) 'tutorial_dag' retrieved from /home/airflow/.local/lib/python3.12/site-packages/airflow/example_dags/tutorial_dag.py
[2026-09-23T16:28:07.091+0000] {logging_mixin.py:190} INFO - [2026-09-23T16:28:07.091+0000] {dag.py:3239} INFO - Sync 1 DAGs
[2026-09-23T16:28:07.160+0000] {logging_mixin.py:190} INFO - [2026-09-23T16:28:07.159+0000] {dag.py:4180} INFO - Setting next_dagrun for tutorial_dag to None, run_after=None
[2026-09-23T16:28:07.216+0000] {processor.py:208} INFO - Processing /home/airflow/.local/lib/python3.12/site-packages/airflow/example_dags/tutorial_dag.py took 0.369 seconds
[2026-09-23T16:28:37.620+0000] {processor.py:186} INFO - Started process (PID=7181) to work on /home/airflow/.local/lib/python3.12/site-packages/airflow/example_dags/tutorial_dag.py
[2026-09-23T16:28:37.624+0000] {processor.py:914} INFO - Processing file /home/airflow/.local/lib/python3.12/site-packages/airflow/example_dags/tutorial_dag.py for tasks to queue
[2026-09-23T16:28:37.628+0000] {logging_mixin.py:190} INFO - [2026-09-23T16:28:37.628+0000] {dagbag.py:588} INFO - Filling up the DagBag from /home/airflow/.local/lib/python3.12/site-packages/airflow/example_dags/tutorial_dag.py
[2026-09-23T16:28:37.641+0000] {processor.py:925} INFO - DAG(s) 'tutorial_dag' retrieved from /home/airflow/.local/lib/python3.12/site-packages/airflow/example_dags/tutorial_dag.py
[2026-09-23T16:28:37.674+0000] {logging_mixin.py:190} INFO - [2026-09-23T16:28:37.674+0000] {dag.py:3239} INFO - Sync 1 DAGs
[2026-09-23T16:28:37.698+0000] {logging_mixin.py:190} INFO - [2026-09-23T16:28:37.697+0000] {dag.py:4180} INFO - Setting next_dagrun for tutorial_dag to None, run_after=None
[2026-09-23T16:28:37.731+0000] {processor.py:208} INFO - Processing /home/airflow/.local/lib/python3.12/site-packages/airflow/example_dags/tutorial_dag.py took 0.134 seconds
[2026-09-23T16:29:07.800+0000] {processor.py:186} INFO - Started process (PID=7253) to work on /home/airflow/.local/lib/python3.12/site-packages/airflow/example_dags/tutorial_dag.py
[2026-09-23T16:29:07.800+0000] {processor.py:914} INFO - Processing file /home/airflow/.local/lib/python3.12/site-packages/airflow/example_dags/tutorial_dag.py for tasks to queue
[2026-09-23T16:29:07.804+0000] {logging_mixin.py:190} INFO - [2026-09-23T16:29:07.803+0000] {dagbag.py:588} INFO - Filling up the DagBag from /home/airflow/.local/lib/python3.12/site-packages/airflow/example_dags/tutorial_dag.py
[2026-09-23T16:29:07.813+0000] {processor.py:925} INFO - DAG(s) 'tutorial_dag' retrieved from /home/airflow/.local/lib/python3.12/site-packages/airflow/example_dags/tutorial_dag.py
[2026-09-23T16:29:07.838+0000] {logging_mixin.py:190} INFO - [2026-09-23T16:29:07.838+0000] {dag.py:3239} INFO - Sync 1 DAGs
[2026-09-23T16:29:07.866+0000] {logging_mixin.py:190} INFO - [2026-09-23T16:29:07.866+0000] {dag.py:4180} INFO - Setting next_dagrun for tutorial_dag to None, run_after=None
[2026-09-23T16:29:07.898+0000] {processor.py:208} INFO - Processing /home/airflow/.local/lib/python3.12/site-packages/airflow/example_dags/tutorial_dag.py took 0.108 seconds
[2026-09-23T16:29:38.445+0000] {processor.py:186} INFO - Started process (PID=7327) to work on /home/airflow/.local/lib/python3.12/site-packages/airflow/example_dags/tutorial_dag.py
[2026-09-23T16:29:38.447+0000] {processor.py:914} INFO - Processing file /home/airflow/.local/lib/python3.12/site-packages/airflow/example_dags/tutorial_dag.py for tasks to queue
[2026-09-23T16:29:38.449+0000] {logging_mixin.py:190} INFO - [2026-09-23T16:29:38.449+0000] {dagbag.py:588} INFO - Filling up the DagBag from /home/airflow/.local/lib/python3.12/site-packages/airflow/example_dags/tutorial_dag.py
[2026-09-23T16:29:38.460+0000] {processor.py:925} INFO - DAG(s) 'tutorial_dag' retrieved from /home/airflow/.local/lib/python3.12/site-packages/airflow/example_dags/tutorial_dag.py
[2026-09-23T16:29:38.485+0000] {logging_mixin.py:190} INFO - [2026-09-23T16:29:38.485+0000] {dag.py:3239} INFO - Sync 1 DAGs
[2026-09-23T16:29:38.509+0000] {logging_mixin.py:190} INFO - [2026-09-23T16:29:38.509+0000] {dag.py:4180} INFO - Setting next_dagrun for tutorial_dag to None, run_after=None
[2026-09-23T16:29:38.532+0000] {processor.py:208} INFO - Processing /home/airflow/.local/lib/python3.12/site-packages/airflow/example_dags/tutorial_dag.py took 0.096 seconds
[2026-09-23T16:30:08.628+0000] {processor.py:186} INFO - Started process (PID=7400) to work on /home/airflow/.local/lib/python3.12/site-packages/airflow/example_dags/tutorial_dag.py
[2026-09-23T16:30:08.629+0000] {processor.py:914} INFO - Processing file /home/airflow/.local/lib/python3.12/site-packages/airflow/example_dags/tutorial_dag.py for tasks to queue
[2026-09-23T16:30:08.632+0000] {logging_mixin.py:190} INFO - [2026-09-23T16:30:08.632+0000] {dagbag.py:588} INFO - Filling up the DagBag from /home/airflow/.local/lib/python3.12/site-packages/airflow/example_dags/tutorial_dag.py
[2026-09-23T16:30:08.642+0000] {processor.py:925} INFO - DAG(s) 'tutorial_dag' retrieved from /home/airflow/.local/lib/python3.12/site-packages/airflow/example_dags/tutorial_dag.py
[2026-09-23T16:30:08.667+0000] {logging_mixin.py:190} INFO - [2026-09-23T16:30:08.667+0000] {dag.py:3239} INFO - Sync 1 DAGs
[2026-09-23T16:30:08.691+0000] {logging_mixin.py:190} INFO - [2026-09-23T16:30:08.691+0000] {dag.py:4180} INFO - Setting next_dagrun for tutorial_dag to None, run_after=None
[2026-09-23T16:30:08.716+0000] {processor.py:208} INFO - Processing /home/airflow/.local/lib/python3.12/site-packages/airflow/example_dags/tutorial_dag.py took 0.098 seconds
[2026-09-23T16:30:39.359+0000] {processor.py:186} INFO - Started process (PID=7474) to work on /home/airflow/.local/lib/python3.12/site-packages/airflow/example_dags/tutorial_dag.py
[2026-09-23T16:30:39.360+0000] {processor.py:914} INFO - Processing file /home/airflow/.local/lib/python3.12/site-packages/airflow/example_dags/tutorial_dag.py for tasks to queue
[2026-09-23T16:30:39.363+0000] {logging_mixin.py:190} INFO - [2026-09-23T16:30:39.362+0000] {dagbag.py:588} INFO - Filling up the DagBag from /home/airflow/.local/lib/python3.12/site-packages/airflow/example_dags/tutorial_dag.py
[2026-09-23T16:30:39.374+0000] {processor.py:925} INFO - DAG(s) 'tutorial_dag' retrieved from /home/airflow/.local/lib/python3.12/site-packages/airflow/example_dags/tutorial_dag.py
[2026-09-23T16:30:39.400+0000] {logging_mixin.py:190} INFO - [2026-09-23T16:30:39.399+0000] {dag.py:3239} INFO - Sync 1 DAGs
[2026-09-23T16:30:39.425+0000] {logging_mixin.py:190} INFO - [2026-09-23T16:30:39.425+0000] {dag.py:4180} INFO - Setting next_dagrun for tutorial_dag to None, run_after=None
[2026-09-23T16:30:39.450+0000] {processor.py:208} INFO - Processing /home/airflow/.local/lib/python3.12/site-packages/airflow/example_dags/tutorial_dag.py took 0.101 seconds
[2026-09-23T16:31:10.042+0000] {processor.py:186} INFO - Started process (PID=7548) to work on /home/airflow/.local/lib/python3.12/site-packages/airflow/example_dags/tutorial_dag.py
[2026-09-23T16:31:10.043+0000] {processor.py:914} INFO - Processing file /home/airflow/.local/lib/python3.12/site-packages/airflow/example_dags/tutorial_dag.py for tasks to queue
[2026-09-23T16:31:10.047+0000] {logging_mixin.py:190} INFO - [2026-09-23T16:31:10.046+0000] {dagbag.py:588} INFO - Filling up the DagBag from /home/airflow/.local/lib/python3.12/site-packages/airflow/example_dags/tutorial_dag.py
[2026-09-23T16:31:10.059+0000] {processor.py:925} INFO - DAG(s) 'tutorial_dag' retrieved from /home/airflow/.local/lib/python3.12/site-packages/airflow/example_dags/tutorial_dag.py
[2026-09-23T16:31:10.087+0000] {logging_mixin.py:190} INFO - [2026-09-23T16:31:10.086+0000] {dag.py:3239} INFO - Sync 1 DAGs
[2026-09-23T16:31:10.114+0000] {logging_mixin.py:190} INFO - [2026-09-23T16:31:10.114+0000] {dag.py:4180} INFO - Setting next_dagrun for tutorial_dag to None, run_after=None
[2026-09-23T16:31:10.141+0000] {processor.py:208} INFO - Processing /home/airflow/.local/lib/python3.12/site-packages/airflow/example_dags/tutorial_dag.py took 0.111 seconds
[2026-09-23T16:31:40.822+0000] {processor.py:186} INFO - Started process (PID=7620) to work on /home/airflow/.local/lib/python3.12/site-packages/airflow/example_dags/tutorial_dag.py
[2026-09-23T16:31:40.826+0000] {processor.py:914} INFO - Processing file /home/airflow/.local/lib/python3.12/site-packages/airflow/example_dags/tutorial_dag.py for tasks to queue
[2026-09-23T16:31:40.833+0000] {logging_mixin.py:190} INFO - [2026-09-23T16:31:40.831+0000] {dagbag.py:588} INFO - Filling up the DagBag from /home/airflow/.local/lib/python3.12/site-packages/airflow/example_dags/tutorial_dag.py
[2026-09-23T16:31:40.858+0000] {processor.py:925} INFO - DAG(s) 'tutorial_dag' retrieved from /home/airflow/.local/lib/python3.12/site-packages/airflow/example_dags/tutorial_dag.py
[2026-09-23T16:31:40.912+0000] {logging_mixin.py:190} INFO - [2026-09-23T16:31:40.912+0000] {dag.py:3239} INFO - Sync 1 DAGs
[2026-09-23T16:31:40.958+0000] {logging_mixin.py:190} INFO - [2026-09-23T16:31:40.957+0000] {dag.py:4180} INFO - Setting next_dagrun for tutorial_dag to None, run_after=None
[2026-09-23T16:31:41.029+0000] {processor.py:208} INFO - Processing /home/airflow/.local/lib/python3.12/site-packages/airflow/example_dags/tutorial_dag.py took 0.235 seconds
[2026-09-23T16:32:11.184+0000] {processor.py:186} INFO - Started process (PID=7688) to work on /home/airflow/.local/lib/python3.12/site-packages/airflow/example_dags/tutorial_dag.py
[2026-09-23T16:32:11.186+0000] {processor.py:914} INFO - Processing file /home/airflow/.local/lib/python3.12/site-packages/airflow/example_dags/tutorial_dag.py for tasks to queue
[2026-09-23T16:32:11.198+0000] {logging_mixin.py:190} INFO - [2026-09-23T16:32:11.197+0000] {dagbag.py:588} INFO - Filling up the DagBag from /home/airflow/.local/lib/python3.12/site-packages/airflow/example_dags/tutorial_dag.py
[2026-09-23T16:32:11.215+0000] {processor.py:925} INFO - DAG(s) 'tutorial_dag' retrieved from /home/airflow/.local/lib/python3.12/site-packages/airflow/example_dags/tutorial_dag.py
[2026-09-23T16:32:11.270+0000] {logging_mixin.py:190} INFO - [2026-09-23T16:32:11.270+0000] {dag.py:3239} INFO - Sync 1 DAGs
[2026-09-23T16:32:11.308+0000] {logging_mixin.py:190} INFO - [2026-09-23T16:32:11.307+0000] {dag.py:4180} INFO - Setting next_dagrun for tutorial_dag to None, run_after=None
[2026-09-23T16:32:11.351+0000] {processor.py:208} INFO - Processing /home/airflow/.local/lib/python3.12/site-packages/airflow/example_dags/tutorial_dag.py took 0.181 seconds
[2026-09-23T16:32:42.009+0000] {processor.py:186} INFO - Started process (PID=7759) to work on /home/airflow/.local/lib/python3.12/site-packages/airflow/example_dags/tutorial_dag.py
[2026-09-23T16:32:42.012+0000] {processor.py:914} INFO - Processing file /home/airflow/.local/lib/python3.12/site-packages/airflow/example_dags/tutorial_dag.py for tasks to queue
[2026-09-23T16:32:42.020+0000] {logging_mixin.py:190} INFO - [2026-09-23T16:32:42.019+0000] {dagbag.py:588} INFO - Filling up the DagBag from /home/airflow/.local/lib/python3.12/site-packages/airflow/example_dags/tutorial_dag.py
[2026-09-23T16:32:42.038+0000] {processor.py:925} INFO - DAG(s) 'tutorial_dag' retrieved from /home/airflow/.local/lib/python3.12/site-packages/airflow/example_dags/tutorial_dag.py
[2026-09-23T16:32:42.080+0000] {logging_mixin.py:190} INFO - [2026-09-23T16:32:42.080+0000] {dag.py:3239} INFO - Sync 1 DAGs
[2026-09-23T16:32:42.120+0000] {logging_mixin.py:190} INFO - [2026-09-23T16:32:42.120+0000] {dag.py:4180} INFO - Setting next_dagrun for tutorial_dag to None, run_after=None
[2026-09-23T16:32:42.156+0000] {processor.py:208} INFO - Processing /home/airflow/.local/lib/python3.12/site-packages/airflow/example_dags/tutorial_dag.py took 0.159 seconds
[2026-09-23T16:33:12.347+0000] {processor.py:186} INFO - Started process (PID=7830) to work on /home/airflow/.local/lib/python3.12/site-packages/airflow/example_dags/tutorial_dag.py
[2026-09-23T16:33:12.349+0000] {processor.py:914} INFO - Processing file /home/airflow/.local/lib/python3.12/site-packages/airflow/example_dags/tutorial_dag.py for tasks to queue
[2026-09-23T16:33:12.367+0000] {logging_mixin.py:190} INFO - [2026-09-23T16:33:12.366+0000] {dagbag.py:588} INFO - Filling up the DagBag from /home/airflow/.local/lib/python3.12/site-packages/airflow/example_dags/tutorial_dag.py
[2026-09-23T16:33:12.452+0000] {processor.py:925} INFO - DAG(s) 'tutorial_dag' retrieved from /home/airflow/.local/lib/python3.12/site-packages/airflow/example_dags/tutorial_dag.py
[2026-09-23T16:33:12.512+0000] {logging_mixin.py:190} INFO - [2026-09-23T16:33:12.511+0000] {dag.py:3239} INFO - Sync 1 DAGs
[2026-09-23T16:33:12.560+0000] {logging_mixin.py:190} INFO - [2026-09-23T16:33:12.560+0000] {dag.py:4180} INFO - Setting next_dagrun for tutorial_dag to None, run_after=None
[2026-09-23T16:33:12.603+0000] {processor.py:208} INFO - Processing /home/airflow/.local/lib/python3.12/site-packages/airflow/example_dags/tutorial_dag.py took 0.309 seconds
[2026-09-23T16:33:43.194+0000] {processor.py:186} INFO - Started process (PID=7904) to work on /home/airflow/.local/lib/python3.12/site-packages/airflow/example_dags/tutorial_dag.py
[2026-09-23T16:33:43.199+0000] {processor.py:914} INFO - Processing file /home/airflow/.local/lib/python3.12/site-packages/airflow/example_dags/tutorial_dag.py for tasks to queue
[2026-09-23T16:33:43.221+0000] {logging_mixin.py:190} INFO - [2026-09-23T16:33:43.217+0000] {dagbag.py:588} INFO - Filling up the DagBag from /home/airflow/.local/lib/python3.12/site-packages/airflow/example_dags/tutorial_dag.py
[2026-09-23T16:33:43.270+0000] {processor.py:925} INFO - DAG(s) 'tutorial_dag' retrieved from /home/airflow/.local/lib/python3.12/site-packages/airflow/example_dags/tutorial_dag.py
[2026-09-23T16:33:43.397+0000] {logging_mixin.py:190} INFO - [2026-09-23T16:33:43.397+0000] {dag.py:3239} INFO - Sync 1 DAGs
[2026-09-23T16:33:43.489+0000] {logging_mixin.py:190} INFO - [2026-09-23T16:33:43.489+0000] {dag.py:4180} INFO - Setting next_dagrun for tutorial_dag to None, run_after=None
[2026-09-23T16:33:43.550+0000] {processor.py:208} INFO - Processing /home/airflow/.local/lib/python3.12/site-packages/airflow/example_dags/tutorial_dag.py took 0.366 seconds
[2026-09-23T16:34:13.876+0000] {processor.py:186} INFO - Started process (PID=7971) to work on /home/airflow/.local/lib/python3.12/site-packages/airflow/example_dags/tutorial_dag.py
[2026-09-23T16:34:13.877+0000] {processor.py:914} INFO - Processing file /home/airflow/.local/lib/python3.12/site-packages/airflow/example_dags/tutorial_dag.py for tasks to queue
[2026-09-23T16:34:13.881+0000] {logging_mixin.py:190} INFO - [2026-09-23T16:34:13.880+0000] {dagbag.py:588} INFO - Filling up the DagBag from /home/airflow/.local/lib/python3.12/site-packages/airflow/example_dags/tutorial_dag.py
[2026-09-23T16:34:13.897+0000] {processor.py:925} INFO - DAG(s) 'tutorial_dag' retrieved from /home/airflow/.local/lib/python3.12/site-packages/airflow/example_dags/tutorial_dag.py
[2026-09-23T16:34:13.952+0000] {logging_mixin.py:190} INFO - [2026-09-23T16:34:13.952+0000] {dag.py:3239} INFO - Sync 1 DAGs
[2026-09-23T16:34:13.994+0000] {logging_mixin.py:190} INFO - [2026-09-23T16:34:13.994+0000] {dag.py:4180} INFO - Setting next_dagrun for tutorial_dag to None, run_after=None
[2026-09-23T16:34:14.055+0000] {processor.py:208} INFO - Processing /home/airflow/.local/lib/python3.12/site-packages/airflow/example_dags/tutorial_dag.py took 0.197 seconds
[2026-09-23T16:34:44.550+0000] {processor.py:186} INFO - Started process (PID=8045) to work on /home/airflow/.local/lib/python3.12/site-packages/airflow/example_dags/tutorial_dag.py
[2026-09-23T16:34:44.556+0000] {processor.py:914} INFO - Processing file /home/airflow/.local/lib/python3.12/site-packages/airflow/example_dags/tutorial_dag.py for tasks to queue
[2026-09-23T16:34:44.568+0000] {logging_mixin.py:190} INFO - [2026-09-23T16:34:44.567+0000] {dagbag.py:588} INFO - Filling up the DagBag from /home/airflow/.local/lib/python3.12/site-packages/airflow/example_dags/tutorial_dag.py
[2026-09-23T16:34:44.599+0000] {processor.py:925} INFO - DAG(s) 'tutorial_dag' retrieved from /home/airflow/.local/lib/python3.12/site-packages/airflow/example_dags/tutorial_dag.py
[2026-09-23T16:34:44.647+0000] {logging_mixin.py:190} INFO - [2026-09-23T16:34:44.647+0000] {dag.py:3239} INFO - Sync 1 DAGs
[2026-09-23T16:34:44.688+0000] {logging_mixin.py:190} INFO - [2026-09-23T16:34:44.688+0000] {dag.py:4180} INFO - Setting next_dagrun for tutorial_dag to None, run_after=None
[2026-09-23T16:34:44.718+0000] {processor.py:208} INFO - Processing /home/airflow/.local/lib/python3.12/site-packages/airflow/example_dags/tutorial_dag.py took 0.190 seconds
[2026-09-23T16:35:15.250+0000] {processor.py:186} INFO - Started process (PID=8119) to work on /home/airflow/.local/lib/python3.12/site-packages/airflow/example_dags/tutorial_dag.py
[2026-09-23T16:35:15.252+0000] {processor.py:914} INFO - Processing file /home/airflow/.local/lib/python3.12/site-packages/airflow/example_dags/tutorial_dag.py for tasks to queue
[2026-09-23T16:35:15.256+0000] {logging_mixin.py:190} INFO - [2026-09-23T16:35:15.255+0000] {dagbag.py:588} INFO - Filling up the DagBag from /home/airflow/.local/lib/python3.12/site-packages/airflow/example_dags/tutorial_dag.py
[2026-09-23T16:35:15.268+0000] {processor.py:925} INFO - DAG(s) 'tutorial_dag' retrieved from /home/airflow/.local/lib/python3.12/site-packages/airflow/example_dags/tutorial_dag.py
[2026-09-23T16:35:15.310+0000] {logging_mixin.py:190} INFO - [2026-09-23T16:35:15.310+0000] {dag.py:3239} INFO - Sync 1 DAGs
[2026-09-23T16:35:15.346+0000] {logging_mixin.py:190} INFO - [2026-09-23T16:35:15.346+0000] {dag.py:4180} INFO - Setting next_dagrun for tutorial_dag to None, run_after=None
[2026-09-23T16:35:15.377+0000] {processor.py:208} INFO - Processing /home/airflow/.local/lib/python3.12/site-packages/airflow/example_dags/tutorial_dag.py took 0.141 seconds
[2026-09-23T16:35:45.675+0000] {processor.py:186} INFO - Started process (PID=8185) to work on /home/airflow/.local/lib/python3.12/site-packages/airflow/example_dags/tutorial_dag.py
[2026-09-23T16:35:45.678+0000] {processor.py:914} INFO - Processing file /home/airflow/.local/lib/python3.12/site-packages/airflow/example_dags/tutorial_dag.py for tasks to queue
[2026-09-23T16:35:45.681+0000] {logging_mixin.py:190} INFO - [2026-09-23T16:35:45.681+0000] {dagbag.py:588} INFO - Filling up the DagBag from /home/airflow/.local/lib/python3.12/site-packages/airflow/example_dags/tutorial_dag.py
[2026-09-23T16:35:45.704+0000] {processor.py:925} INFO - DAG(s) 'tutorial_dag' retrieved from /home/airflow/.local/lib/python3.12/site-packages/airflow/example_dags/tutorial_dag.py
[2026-09-23T16:35:45.753+0000] {logging_mixin.py:190} INFO - [2026-09-23T16:35:45.752+0000] {dag.py:3239} INFO - Sync 1 DAGs
[2026-09-23T16:35:45.789+0000] {logging_mixin.py:190} INFO - [2026-09-23T16:35:45.788+0000] {dag.py:4180} INFO - Setting next_dagrun for tutorial_dag to None, run_after=None
[2026-09-23T16:35:45.833+0000] {processor.py:208} INFO - Processing /home/airflow/.local/lib/python3.12/site-packages/airflow/example_dags/tutorial_dag.py took 0.187 seconds
[2026-09-23T16:36:16.749+0000] {processor.py:186} INFO - Started process (PID=8259) to work on /home/airflow/.local/lib/python3.12/site-packages/airflow/example_dags/tutorial_dag.py
[2026-09-23T16:36:16.751+0000] {processor.py:914} INFO - Processing file /home/airflow/.local/lib/python3.12/site-packages/airflow/example_dags/tutorial_dag.py for tasks to queue
[2026-09-23T16:36:16.755+0000] {logging_mixin.py:190} INFO - [2026-09-23T16:36:16.754+0000] {dagbag.py:588} INFO - Filling up the DagBag from /home/airflow/.local/lib/python3.12/site-packages/airflow/example_dags/tutorial_dag.py
[2026-09-23T16:36:16.768+0000] {processor.py:925} INFO - DAG(s) 'tutorial_dag' retrieved from /home/airflow/.local/lib/python3.12/site-packages/airflow/example_dags/tutorial_dag.py
[2026-09-23T16:36:16.802+0000] {logging_mixin.py:190} INFO - [2026-09-23T16:36:16.802+0000] {dag.py:3239} INFO - Sync 1 DAGs
[2026-09-23T16:36:16.838+0000] {logging_mixin.py:190} INFO - [2026-09-23T16:36:16.837+0000] {dag.py:4180} INFO - Setting next_dagrun for tutorial_dag to None, run_after=None
[2026-09-23T16:36:16.876+0000] {processor.py:208} INFO - Processing /home/airflow/.local/lib/python3.12/site-packages/airflow/example_dags/tutorial_dag.py took 0.146 seconds
[2026-09-23T16:36:47.105+0000] {processor.py:186} INFO - Started process (PID=8332) to work on /home/airflow/.local/lib/python3.12/site-packages/airflow/example_dags/tutorial_dag.py
[2026-09-23T16:36:47.108+0000] {processor.py:914} INFO - Processing file /home/airflow/.local/lib/python3.12/site-packages/airflow/example_dags/tutorial_dag.py for tasks to queue
[2026-09-23T16:36:47.115+0000] {logging_mixin.py:190} INFO - [2026-09-23T16:36:47.114+0000] {dagbag.py:588} INFO - Filling up the DagBag from /home/airflow/.local/lib/python3.12/site-packages/airflow/example_dags/tutorial_dag.py
[2026-09-23T16:36:47.127+0000] {processor.py:925} INFO - DAG(s) 'tutorial_dag' retrieved from /home/airflow/.local/lib/python3.12/site-packages/airflow/example_dags/tutorial_dag.py
[2026-09-23T16:36:47.172+0000] {logging_mixin.py:190} INFO - [2026-09-23T16:36:47.172+0000] {dag.py:3239} INFO - Sync 1 DAGs
[2026-09-23T16:36:47.196+0000] {logging_mixin.py:190} INFO - [2026-09-23T16:36:47.196+0000] {dag.py:4180} INFO - Setting next_dagrun for tutorial_dag to None, run_after=None
[2026-09-23T16:36:47.232+0000] {processor.py:208} INFO - Processing /home/airflow/.local/lib/python3.12/site-packages/airflow/example_dags/tutorial_dag.py took 0.147 seconds
[2026-09-23T16:37:17.401+0000] {processor.py:186} INFO - Started process (PID=8406) to work on /home/airflow/.local/lib/python3.12/site-packages/airflow/example_dags/tutorial_dag.py
[2026-09-23T16:37:17.402+0000] {processor.py:914} INFO - Processing file /home/airflow/.local/lib/python3.12/site-packages/airflow/example_dags/tutorial_dag.py for tasks to queue
[2026-09-23T16:37:17.406+0000] {logging_mixin.py:190} INFO - [2026-09-23T16:37:17.406+0000] {dagbag.py:588} INFO - Filling up the DagBag from /home/airflow/.local/lib/python3.12/site-packages/airflow/example_dags/tutorial_dag.py
[2026-09-23T16:37:17.427+0000] {processor.py:925} INFO - DAG(s) 'tutorial_dag' retrieved from /home/airflow/.local/lib/python3.12/site-packages/airflow/example_dags/tutorial_dag.py
[2026-09-23T16:37:17.558+0000] {logging_mixin.py:190} INFO - [2026-09-23T16:37:17.556+0000] {dag.py:3239} INFO - Sync 1 DAGs
[2026-09-23T16:37:17.661+0000] {logging_mixin.py:190} INFO - [2026-09-23T16:37:17.661+0000] {dag.py:4180} INFO - Setting next_dagrun for tutorial_dag to None, run_after=None
[2026-09-23T16:37:17.707+0000] {processor.py:208} INFO - Processing /home/airflow/.local/lib/python3.12/site-packages/airflow/example_dags/tutorial_dag.py took 0.316 seconds
[2026-09-23T16:37:48.451+0000] {processor.py:186} INFO - Started process (PID=8473) to work on /home/airflow/.local/lib/python3.12/site-packages/airflow/example_dags/tutorial_dag.py
[2026-09-23T16:37:48.456+0000] {processor.py:914} INFO - Processing file /home/airflow/.local/lib/python3.12/site-packages/airflow/example_dags/tutorial_dag.py for tasks to queue
[2026-09-23T16:37:48.477+0000] {logging_mixin.py:190} INFO - [2026-09-23T16:37:48.474+0000] {dagbag.py:588} INFO - Filling up the DagBag from /home/airflow/.local/lib/python3.12/site-packages/airflow/example_dags/tutorial_dag.py
[2026-09-23T16:37:48.496+0000] {processor.py:925} INFO - DAG(s) 'tutorial_dag' retrieved from /home/airflow/.local/lib/python3.12/site-packages/airflow/example_dags/tutorial_dag.py
[2026-09-23T16:37:48.569+0000] {logging_mixin.py:190} INFO - [2026-09-23T16:37:48.569+0000] {dag.py:3239} INFO - Sync 1 DAGs
[2026-09-23T16:37:48.644+0000] {logging_mixin.py:190} INFO - [2026-09-23T16:37:48.644+0000] {dag.py:4180} INFO - Setting next_dagrun for tutorial_dag to None, run_after=None
[2026-09-23T16:37:48.704+0000] {processor.py:208} INFO - Processing /home/airflow/.local/lib/python3.12/site-packages/airflow/example_dags/tutorial_dag.py took 0.282 seconds
[2026-09-23T16:38:18.918+0000] {processor.py:186} INFO - Started process (PID=8546) to work on /home/airflow/.local/lib/python3.12/site-packages/airflow/example_dags/tutorial_dag.py
[2026-09-23T16:38:18.920+0000] {processor.py:914} INFO - Processing file /home/airflow/.local/lib/python3.12/site-packages/airflow/example_dags/tutorial_dag.py for tasks to queue
[2026-09-23T16:38:18.923+0000] {logging_mixin.py:190} INFO - [2026-09-23T16:38:18.923+0000] {dagbag.py:588} INFO - Filling up the DagBag from /home/airflow/.local/lib/python3.12/site-packages/airflow/example_dags/tutorial_dag.py
[2026-09-23T16:38:18.935+0000] {processor.py:925} INFO - DAG(s) 'tutorial_dag' retrieved from /home/airflow/.local/lib/python3.12/site-packages/airflow/example_dags/tutorial_dag.py
[2026-09-23T16:38:18.962+0000] {logging_mixin.py:190} INFO - [2026-09-23T16:38:18.962+0000] {dag.py:3239} INFO - Sync 1 DAGs
[2026-09-23T16:38:18.994+0000] {logging_mixin.py:190} INFO - [2026-09-23T16:38:18.994+0000] {dag.py:4180} INFO - Setting next_dagrun for tutorial_dag to None, run_after=None
[2026-09-23T16:38:19.026+0000] {processor.py:208} INFO - Processing /home/airflow/.local/lib/python3.12/site-packages/airflow/example_dags/tutorial_dag.py took 0.118 seconds
[2026-09-23T16:38:49.072+0000] {processor.py:186} INFO - Started process (PID=8620) to work on /home/airflow/.local/lib/python3.12/site-packages/airflow/example_dags/tutorial_dag.py
[2026-09-23T16:38:49.074+0000] {processor.py:914} INFO - Processing file /home/airflow/.local/lib/python3.12/site-packages/airflow/example_dags/tutorial_dag.py for tasks to queue
[2026-09-23T16:38:49.080+0000] {logging_mixin.py:190} INFO - [2026-09-23T16:38:49.079+0000] {dagbag.py:588} INFO - Filling up the DagBag from /home/airflow/.local/lib/python3.12/site-packages/airflow/example_dags/tutorial_dag.py
[2026-09-23T16:38:49.093+0000] {processor.py:925} INFO - DAG(s) 'tutorial_dag' retrieved from /home/airflow/.local/lib/python3.12/site-packages/airflow/example_dags/tutorial_dag.py
[2026-09-23T16:38:49.124+0000] {logging_mixin.py:190} INFO - [2026-09-23T16:38:49.124+0000] {dag.py:3239} INFO - Sync 1 DAGs
[2026-09-23T16:38:49.152+0000] {logging_mixin.py:190} INFO - [2026-09-23T16:38:49.152+0000] {dag.py:4180} INFO - Setting next_dagrun for tutorial_dag to None, run_after=None
[2026-09-23T16:38:49.185+0000] {processor.py:208} INFO - Processing /home/airflow/.local/lib/python3.12/site-packages/airflow/example_dags/tutorial_dag.py took 0.125 seconds
[2026-09-23T16:39:19.496+0000] {processor.py:186} INFO - Started process (PID=8692) to work on /home/airflow/.local/lib/python3.12/site-packages/airflow/example_dags/tutorial_dag.py
[2026-09-23T16:39:19.505+0000] {processor.py:914} INFO - Processing file /home/airflow/.local/lib/python3.12/site-packages/airflow/example_dags/tutorial_dag.py for tasks to queue
[2026-09-23T16:39:19.521+0000] {logging_mixin.py:190} INFO - [2026-09-23T16:39:19.520+0000] {dagbag.py:588} INFO - Filling up the DagBag from /home/airflow/.local/lib/python3.12/site-packages/airflow/example_dags/tutorial_dag.py
[2026-09-23T16:39:19.570+0000] {processor.py:925} INFO - DAG(s) 'tutorial_dag' retrieved from /home/airflow/.local/lib/python3.12/site-packages/airflow/example_dags/tutorial_dag.py
[2026-09-23T16:39:19.642+0000] {logging_mixin.py:190} INFO - [2026-09-23T16:39:19.641+0000] {dag.py:3239} INFO - Sync 1 DAGs
[2026-09-23T16:39:19.720+0000] {logging_mixin.py:190} INFO - [2026-09-23T16:39:19.720+0000] {dag.py:4180} INFO - Setting next_dagrun for tutorial_dag to None, run_after=None
[2026-09-23T16:39:19.877+0000] {processor.py:208} INFO - Processing /home/airflow/.local/lib/python3.12/site-packages/airflow/example_dags/tutorial_dag.py took 0.424 seconds
[2026-09-23T16:39:49.996+0000] {processor.py:186} INFO - Started process (PID=8759) to work on /home/airflow/.local/lib/python3.12/site-packages/airflow/example_dags/tutorial_dag.py
[2026-09-23T16:39:49.997+0000] {processor.py:914} INFO - Processing file /home/airflow/.local/lib/python3.12/site-packages/airflow/example_dags/tutorial_dag.py for tasks to queue
[2026-09-23T16:39:50.000+0000] {logging_mixin.py:190} INFO - [2026-09-23T16:39:50.000+0000] {dagbag.py:588} INFO - Filling up the DagBag from /home/airflow/.local/lib/python3.12/site-packages/airflow/example_dags/tutorial_dag.py
[2026-09-23T16:39:50.010+0000] {processor.py:925} INFO - DAG(s) 'tutorial_dag' retrieved from /home/airflow/.local/lib/python3.12/site-packages/airflow/example_dags/tutorial_dag.py
[2026-09-23T16:39:50.035+0000] {logging_mixin.py:190} INFO - [2026-09-23T16:39:50.035+0000] {dag.py:3239} INFO - Sync 1 DAGs
[2026-09-23T16:39:50.058+0000] {logging_mixin.py:190} INFO - [2026-09-23T16:39:50.058+0000] {dag.py:4180} INFO - Setting next_dagrun for tutorial_dag to None, run_after=None
[2026-09-23T16:39:50.084+0000] {processor.py:208} INFO - Processing /home/airflow/.local/lib/python3.12/site-packages/airflow/example_dags/tutorial_dag.py took 0.097 seconds
[2026-09-23T16:40:20.332+0000] {processor.py:186} INFO - Started process (PID=8833) to work on /home/airflow/.local/lib/python3.12/site-packages/airflow/example_dags/tutorial_dag.py
[2026-09-23T16:40:20.339+0000] {processor.py:914} INFO - Processing file /home/airflow/.local/lib/python3.12/site-packages/airflow/example_dags/tutorial_dag.py for tasks to queue
[2026-09-23T16:40:20.346+0000] {logging_mixin.py:190} INFO - [2026-09-23T16:40:20.343+0000] {dagbag.py:588} INFO - Filling up the DagBag from /home/airflow/.local/lib/python3.12/site-packages/airflow/example_dags/tutorial_dag.py
[2026-09-23T16:40:20.381+0000] {processor.py:925} INFO - DAG(s) 'tutorial_dag' retrieved from /home/airflow/.local/lib/python3.12/site-packages/airflow/example_dags/tutorial_dag.py
[2026-09-23T16:40:20.475+0000] {logging_mixin.py:190} INFO - [2026-09-23T16:40:20.471+0000] {dag.py:3239} INFO - Sync 1 DAGs
[2026-09-23T16:40:20.548+0000] {logging_mixin.py:190} INFO - [2026-09-23T16:40:20.548+0000] {dag.py:4180} INFO - Setting next_dagrun for tutorial_dag to None, run_after=None
[2026-09-23T16:40:20.594+0000] {processor.py:208} INFO - Processing /home/airflow/.local/lib/python3.12/site-packages/airflow/example_dags/tutorial_dag.py took 0.285 seconds
[2026-09-23T16:40:50.758+0000] {processor.py:186} INFO - Started process (PID=8906) to work on /home/airflow/.local/lib/python3.12/site-packages/airflow/example_dags/tutorial_dag.py
[2026-09-23T16:40:50.760+0000] {processor.py:914} INFO - Processing file /home/airflow/.local/lib/python3.12/site-packages/airflow/example_dags/tutorial_dag.py for tasks to queue
[2026-09-23T16:40:50.765+0000] {logging_mixin.py:190} INFO - [2026-09-23T16:40:50.763+0000] {dagbag.py:588} INFO - Filling up the DagBag from /home/airflow/.local/lib/python3.12/site-packages/airflow/example_dags/tutorial_dag.py
[2026-09-23T16:40:50.781+0000] {processor.py:925} INFO - DAG(s) 'tutorial_dag' retrieved from /home/airflow/.local/lib/python3.12/site-packages/airflow/example_dags/tutorial_dag.py
[2026-09-23T16:40:50.828+0000] {logging_mixin.py:190} INFO - [2026-09-23T16:40:50.827+0000] {dag.py:3239} INFO - Sync 1 DAGs
[2026-09-23T16:40:50.866+0000] {logging_mixin.py:190} INFO - [2026-09-23T16:40:50.865+0000] {dag.py:4180} INFO - Setting next_dagrun for tutorial_dag to None, run_after=None
[2026-09-23T16:40:50.909+0000] {processor.py:208} INFO - Processing /home/airflow/.local/lib/python3.12/site-packages/airflow/example_dags/tutorial_dag.py took 0.165 seconds
[2026-09-23T16:41:21.145+0000] {processor.py:186} INFO - Started process (PID=8978) to work on /home/airflow/.local/lib/python3.12/site-packages/airflow/example_dags/tutorial_dag.py
[2026-09-23T16:41:21.146+0000] {processor.py:914} INFO - Processing file /home/airflow/.local/lib/python3.12/site-packages/airflow/example_dags/tutorial_dag.py for tasks to queue
[2026-09-23T16:41:21.150+0000] {logging_mixin.py:190} INFO - [2026-09-23T16:41:21.150+0000] {dagbag.py:588} INFO - Filling up the DagBag from /home/airflow/.local/lib/python3.12/site-packages/airflow/example_dags/tutorial_dag.py
[2026-09-23T16:41:21.168+0000] {processor.py:925} INFO - DAG(s) 'tutorial_dag' retrieved from /home/airflow/.local/lib/python3.12/site-packages/airflow/example_dags/tutorial_dag.py
[2026-09-23T16:41:21.204+0000] {logging_mixin.py:190} INFO - [2026-09-23T16:41:21.204+0000] {dag.py:3239} INFO - Sync 1 DAGs
[2026-09-23T16:41:21.232+0000] {logging_mixin.py:190} INFO - [2026-09-23T16:41:21.232+0000] {dag.py:4180} INFO - Setting next_dagrun for tutorial_dag to None, run_after=None
[2026-09-23T16:41:21.320+0000] {processor.py:208} INFO - Processing /home/airflow/.local/lib/python3.12/site-packages/airflow/example_dags/tutorial_dag.py took 0.189 seconds
[2026-09-23T16:41:51.557+0000] {processor.py:186} INFO - Started process (PID=9053) to work on /home/airflow/.local/lib/python3.12/site-packages/airflow/example_dags/tutorial_dag.py
[2026-09-23T16:41:51.558+0000] {processor.py:914} INFO - Processing file /home/airflow/.local/lib/python3.12/site-packages/airflow/example_dags/tutorial_dag.py for tasks to queue
[2026-09-23T16:41:51.562+0000] {logging_mixin.py:190} INFO - [2026-09-23T16:41:51.561+0000] {dagbag.py:588} INFO - Filling up the DagBag from /home/airflow/.local/lib/python3.12/site-packages/airflow/example_dags/tutorial_dag.py
[2026-09-23T16:41:51.576+0000] {processor.py:925} INFO - DAG(s) 'tutorial_dag' retrieved from /home/airflow/.local/lib/python3.12/site-packages/airflow/example_dags/tutorial_dag.py
[2026-09-23T16:41:51.625+0000] {logging_mixin.py:190} INFO - [2026-09-23T16:41:51.625+0000] {dag.py:3239} INFO - Sync 1 DAGs
[2026-09-23T16:41:51.650+0000] {logging_mixin.py:190} INFO - [2026-09-23T16:41:51.649+0000] {dag.py:4180} INFO - Setting next_dagrun for tutorial_dag to None, run_after=None
[2026-09-23T16:41:51.679+0000] {processor.py:208} INFO - Processing /home/airflow/.local/lib/python3.12/site-packages/airflow/example_dags/tutorial_dag.py took 0.132 seconds
[2026-09-23T16:42:21.810+0000] {processor.py:186} INFO - Started process (PID=9122) to work on /home/airflow/.local/lib/python3.12/site-packages/airflow/example_dags/tutorial_dag.py
[2026-09-23T16:42:21.811+0000] {processor.py:914} INFO - Processing file /home/airflow/.local/lib/python3.12/site-packages/airflow/example_dags/tutorial_dag.py for tasks to queue
[2026-09-23T16:42:21.814+0000] {logging_mixin.py:190} INFO - [2026-09-23T16:42:21.813+0000] {dagbag.py:588} INFO - Filling up the DagBag from /home/airflow/.local/lib/python3.12/site-packages/airflow/example_dags/tutorial_dag.py
[2026-09-23T16:42:21.827+0000] {processor.py:925} INFO - DAG(s) 'tutorial_dag' retrieved from /home/airflow/.local/lib/python3.12/site-packages/airflow/example_dags/tutorial_dag.py
[2026-09-23T16:42:21.856+0000] {logging_mixin.py:190} INFO - [2026-09-23T16:42:21.855+0000] {dag.py:3239} INFO - Sync 1 DAGs
[2026-09-23T16:42:21.878+0000] {logging_mixin.py:190} INFO - [2026-09-23T16:42:21.878+0000] {dag.py:4180} INFO - Setting next_dagrun for tutorial_dag to None, run_after=None
[2026-09-23T16:42:21.905+0000] {processor.py:208} INFO - Processing /home/airflow/.local/lib/python3.12/site-packages/airflow/example_dags/tutorial_dag.py took 0.103 seconds
[2026-09-23T16:42:52.576+0000] {processor.py:186} INFO - Started process (PID=9197) to work on /home/airflow/.local/lib/python3.12/site-packages/airflow/example_dags/tutorial_dag.py
[2026-09-23T16:42:52.577+0000] {processor.py:914} INFO - Processing file /home/airflow/.local/lib/python3.12/site-packages/airflow/example_dags/tutorial_dag.py for tasks to queue
[2026-09-23T16:42:52.581+0000] {logging_mixin.py:190} INFO - [2026-09-23T16:42:52.581+0000] {dagbag.py:588} INFO - Filling up the DagBag from /home/airflow/.local/lib/python3.12/site-packages/airflow/example_dags/tutorial_dag.py
[2026-09-23T16:42:52.593+0000] {processor.py:925} INFO - DAG(s) 'tutorial_dag' retrieved from /home/airflow/.local/lib/python3.12/site-packages/airflow/example_dags/tutorial_dag.py
[2026-09-23T16:42:52.618+0000] {logging_mixin.py:190} INFO - [2026-09-23T16:42:52.617+0000] {dag.py:3239} INFO - Sync 1 DAGs
[2026-09-23T16:42:52.641+0000] {logging_mixin.py:190} INFO - [2026-09-23T16:42:52.641+0000] {dag.py:4180} INFO - Setting next_dagrun for tutorial_dag to None, run_after=None
[2026-09-23T16:42:52.668+0000] {processor.py:208} INFO - Processing /home/airflow/.local/lib/python3.12/site-packages/airflow/example_dags/tutorial_dag.py took 0.107 seconds
[2026-09-23T16:43:23.526+0000] {processor.py:186} INFO - Started process (PID=9271) to work on /home/airflow/.local/lib/python3.12/site-packages/airflow/example_dags/tutorial_dag.py
[2026-09-23T16:43:23.530+0000] {processor.py:914} INFO - Processing file /home/airflow/.local/lib/python3.12/site-packages/airflow/example_dags/tutorial_dag.py for tasks to queue
[2026-09-23T16:43:23.536+0000] {logging_mixin.py:190} INFO - [2026-09-23T16:43:23.535+0000] {dagbag.py:588} INFO - Filling up the DagBag from /home/airflow/.local/lib/python3.12/site-packages/airflow/example_dags/tutorial_dag.py
[2026-09-23T16:43:23.550+0000] {processor.py:925} INFO - DAG(s) 'tutorial_dag' retrieved from /home/airflow/.local/lib/python3.12/site-packages/airflow/example_dags/tutorial_dag.py
[2026-09-23T16:43:23.591+0000] {logging_mixin.py:190} INFO - [2026-09-23T16:43:23.591+0000] {dag.py:3239} INFO - Sync 1 DAGs
[2026-09-23T16:43:23.642+0000] {logging_mixin.py:190} INFO - [2026-09-23T16:43:23.642+0000] {dag.py:4180} INFO - Setting next_dagrun for tutorial_dag to None, run_after=None
[2026-09-23T16:43:23.689+0000] {processor.py:208} INFO - Processing /home/airflow/.local/lib/python3.12/site-packages/airflow/example_dags/tutorial_dag.py took 0.173 seconds
[2026-09-23T16:43:53.914+0000] {processor.py:186} INFO - Started process (PID=9337) to work on /home/airflow/.local/lib/python3.12/site-packages/airflow/example_dags/tutorial_dag.py
[2026-09-23T16:43:53.915+0000] {processor.py:914} INFO - Processing file /home/airflow/.local/lib/python3.12/site-packages/airflow/example_dags/tutorial_dag.py for tasks to queue
[2026-09-23T16:43:53.921+0000] {logging_mixin.py:190} INFO - [2026-09-23T16:43:53.921+0000] {dagbag.py:588} INFO - Filling up the DagBag from /home/airflow/.local/lib/python3.12/site-packages/airflow/example_dags/tutorial_dag.py
[2026-09-23T16:43:53.933+0000] {processor.py:925} INFO - DAG(s) 'tutorial_dag' retrieved from /home/airflow/.local/lib/python3.12/site-packages/airflow/example_dags/tutorial_dag.py
[2026-09-23T16:43:53.963+0000] {logging_mixin.py:190} INFO - [2026-09-23T16:43:53.962+0000] {dag.py:3239} INFO - Sync 1 DAGs
[2026-09-23T16:43:53.986+0000] {logging_mixin.py:190} INFO - [2026-09-23T16:43:53.986+0000] {dag.py:4180} INFO - Setting next_dagrun for tutorial_dag to None, run_after=None
[2026-09-23T16:43:54.020+0000] {processor.py:208} INFO - Processing /home/airflow/.local/lib/python3.12/site-packages/airflow/example_dags/tutorial_dag.py took 0.121 seconds
[2026-09-23T16:46:08.908+0000] {processor.py:186} INFO - Started process (PID=56) to work on /home/airflow/.local/lib/python3.12/site-packages/airflow/example_dags/tutorial_dag.py
[2026-09-23T16:46:08.936+0000] {processor.py:914} INFO - Processing file /home/airflow/.local/lib/python3.12/site-packages/airflow/example_dags/tutorial_dag.py for tasks to queue
[2026-09-23T16:46:08.953+0000] {logging_mixin.py:190} INFO - [2026-09-23T16:46:08.952+0000] {dagbag.py:588} INFO - Filling up the DagBag from /home/airflow/.local/lib/python3.12/site-packages/airflow/example_dags/tutorial_dag.py
[2026-09-23T16:46:09.082+0000] {processor.py:925} INFO - DAG(s) 'tutorial_dag' retrieved from /home/airflow/.local/lib/python3.12/site-packages/airflow/example_dags/tutorial_dag.py
[2026-09-23T16:46:09.212+0000] {logging_mixin.py:190} INFO - [2026-09-23T16:46:09.212+0000] {dag.py:3239} INFO - Sync 1 DAGs
[2026-09-23T16:46:09.470+0000] {logging_mixin.py:190} INFO - [2026-09-23T16:46:09.469+0000] {dag.py:4180} INFO - Setting next_dagrun for tutorial_dag to None, run_after=None
[2026-09-23T16:46:09.605+0000] {processor.py:208} INFO - Processing /home/airflow/.local/lib/python3.12/site-packages/airflow/example_dags/tutorial_dag.py took 0.784 seconds
[2026-09-23T16:46:39.723+0000] {processor.py:186} INFO - Started process (PID=124) to work on /home/airflow/.local/lib/python3.12/site-packages/airflow/example_dags/tutorial_dag.py
[2026-09-23T16:46:39.724+0000] {processor.py:914} INFO - Processing file /home/airflow/.local/lib/python3.12/site-packages/airflow/example_dags/tutorial_dag.py for tasks to queue
[2026-09-23T16:46:39.727+0000] {logging_mixin.py:190} INFO - [2026-09-23T16:46:39.726+0000] {dagbag.py:588} INFO - Filling up the DagBag from /home/airflow/.local/lib/python3.12/site-packages/airflow/example_dags/tutorial_dag.py
[2026-09-23T16:46:39.738+0000] {processor.py:925} INFO - DAG(s) 'tutorial_dag' retrieved from /home/airflow/.local/lib/python3.12/site-packages/airflow/example_dags/tutorial_dag.py
[2026-09-23T16:46:39.764+0000] {logging_mixin.py:190} INFO - [2026-09-23T16:46:39.764+0000] {dag.py:3239} INFO - Sync 1 DAGs
[2026-09-23T16:46:39.787+0000] {logging_mixin.py:190} INFO - [2026-09-23T16:46:39.786+0000] {dag.py:4180} INFO - Setting next_dagrun for tutorial_dag to None, run_after=None
[2026-09-23T16:46:39.814+0000] {processor.py:208} INFO - Processing /home/airflow/.local/lib/python3.12/site-packages/airflow/example_dags/tutorial_dag.py took 0.100 seconds
[2026-09-23T16:47:10.036+0000] {processor.py:186} INFO - Started process (PID=197) to work on /home/airflow/.local/lib/python3.12/site-packages/airflow/example_dags/tutorial_dag.py
[2026-09-23T16:47:10.037+0000] {processor.py:914} INFO - Processing file /home/airflow/.local/lib/python3.12/site-packages/airflow/example_dags/tutorial_dag.py for tasks to queue
[2026-09-23T16:47:10.040+0000] {logging_mixin.py:190} INFO - [2026-09-23T16:47:10.040+0000] {dagbag.py:588} INFO - Filling up the DagBag from /home/airflow/.local/lib/python3.12/site-packages/airflow/example_dags/tutorial_dag.py
[2026-09-23T16:47:10.052+0000] {processor.py:925} INFO - DAG(s) 'tutorial_dag' retrieved from /home/airflow/.local/lib/python3.12/site-packages/airflow/example_dags/tutorial_dag.py
[2026-09-23T16:47:10.078+0000] {logging_mixin.py:190} INFO - [2026-09-23T16:47:10.077+0000] {dag.py:3239} INFO - Sync 1 DAGs
[2026-09-23T16:47:10.108+0000] {logging_mixin.py:190} INFO - [2026-09-23T16:47:10.108+0000] {dag.py:4180} INFO - Setting next_dagrun for tutorial_dag to None, run_after=None
[2026-09-23T16:47:10.137+0000] {processor.py:208} INFO - Processing /home/airflow/.local/lib/python3.12/site-packages/airflow/example_dags/tutorial_dag.py took 0.113 seconds
[2026-09-23T16:47:40.980+0000] {processor.py:186} INFO - Started process (PID=270) to work on /home/airflow/.local/lib/python3.12/site-packages/airflow/example_dags/tutorial_dag.py
[2026-09-23T16:47:40.985+0000] {processor.py:914} INFO - Processing file /home/airflow/.local/lib/python3.12/site-packages/airflow/example_dags/tutorial_dag.py for tasks to queue
[2026-09-23T16:47:40.994+0000] {logging_mixin.py:190} INFO - [2026-09-23T16:47:40.991+0000] {dagbag.py:588} INFO - Filling up the DagBag from /home/airflow/.local/lib/python3.12/site-packages/airflow/example_dags/tutorial_dag.py
[2026-09-23T16:47:41.037+0000] {processor.py:925} INFO - DAG(s) 'tutorial_dag' retrieved from /home/airflow/.local/lib/python3.12/site-packages/airflow/example_dags/tutorial_dag.py
[2026-09-23T16:47:41.119+0000] {logging_mixin.py:190} INFO - [2026-09-23T16:47:41.118+0000] {dag.py:3239} INFO - Sync 1 DAGs
[2026-09-23T16:47:41.177+0000] {logging_mixin.py:190} INFO - [2026-09-23T16:47:41.176+0000] {dag.py:4180} INFO - Setting next_dagrun for tutorial_dag to None, run_after=None
[2026-09-23T16:47:41.217+0000] {processor.py:208} INFO - Processing /home/airflow/.local/lib/python3.12/site-packages/airflow/example_dags/tutorial_dag.py took 0.275 seconds
[2026-09-23T16:48:11.952+0000] {processor.py:186} INFO - Started process (PID=336) to work on /home/airflow/.local/lib/python3.12/site-packages/airflow/example_dags/tutorial_dag.py
[2026-09-23T16:48:11.954+0000] {processor.py:914} INFO - Processing file /home/airflow/.local/lib/python3.12/site-packages/airflow/example_dags/tutorial_dag.py for tasks to queue
[2026-09-23T16:48:11.958+0000] {logging_mixin.py:190} INFO - [2026-09-23T16:48:11.957+0000] {dagbag.py:588} INFO - Filling up the DagBag from /home/airflow/.local/lib/python3.12/site-packages/airflow/example_dags/tutorial_dag.py
[2026-09-23T16:48:11.969+0000] {processor.py:925} INFO - DAG(s) 'tutorial_dag' retrieved from /home/airflow/.local/lib/python3.12/site-packages/airflow/example_dags/tutorial_dag.py
[2026-09-23T16:48:11.998+0000] {logging_mixin.py:190} INFO - [2026-09-23T16:48:11.998+0000] {dag.py:3239} INFO - Sync 1 DAGs
[2026-09-23T16:48:12.023+0000] {logging_mixin.py:190} INFO - [2026-09-23T16:48:12.022+0000] {dag.py:4180} INFO - Setting next_dagrun for tutorial_dag to None, run_after=None
[2026-09-23T16:48:12.056+0000] {processor.py:208} INFO - Processing /home/airflow/.local/lib/python3.12/site-packages/airflow/example_dags/tutorial_dag.py took 0.121 seconds
[2026-09-23T16:48:42.663+0000] {processor.py:186} INFO - Started process (PID=410) to work on /home/airflow/.local/lib/python3.12/site-packages/airflow/example_dags/tutorial_dag.py
[2026-09-23T16:48:42.667+0000] {processor.py:914} INFO - Processing file /home/airflow/.local/lib/python3.12/site-packages/airflow/example_dags/tutorial_dag.py for tasks to queue
[2026-09-23T16:48:42.678+0000] {logging_mixin.py:190} INFO - [2026-09-23T16:48:42.677+0000] {dagbag.py:588} INFO - Filling up the DagBag from /home/airflow/.local/lib/python3.12/site-packages/airflow/example_dags/tutorial_dag.py
[2026-09-23T16:48:42.739+0000] {processor.py:925} INFO - DAG(s) 'tutorial_dag' retrieved from /home/airflow/.local/lib/python3.12/site-packages/airflow/example_dags/tutorial_dag.py
[2026-09-23T16:48:42.814+0000] {logging_mixin.py:190} INFO - [2026-09-23T16:48:42.813+0000] {dag.py:3239} INFO - Sync 1 DAGs
[2026-09-23T16:48:42.839+0000] {logging_mixin.py:190} INFO - [2026-09-23T16:48:42.838+0000] {dag.py:4180} INFO - Setting next_dagrun for tutorial_dag to None, run_after=None
[2026-09-23T16:48:42.879+0000] {processor.py:208} INFO - Processing /home/airflow/.local/lib/python3.12/site-packages/airflow/example_dags/tutorial_dag.py took 0.258 seconds
[2026-09-23T16:49:12.969+0000] {processor.py:186} INFO - Started process (PID=484) to work on /home/airflow/.local/lib/python3.12/site-packages/airflow/example_dags/tutorial_dag.py
[2026-09-23T16:49:12.971+0000] {processor.py:914} INFO - Processing file /home/airflow/.local/lib/python3.12/site-packages/airflow/example_dags/tutorial_dag.py for tasks to queue
[2026-09-23T16:49:12.974+0000] {logging_mixin.py:190} INFO - [2026-09-23T16:49:12.973+0000] {dagbag.py:588} INFO - Filling up the DagBag from /home/airflow/.local/lib/python3.12/site-packages/airflow/example_dags/tutorial_dag.py
[2026-09-23T16:49:12.985+0000] {processor.py:925} INFO - DAG(s) 'tutorial_dag' retrieved from /home/airflow/.local/lib/python3.12/site-packages/airflow/example_dags/tutorial_dag.py
[2026-09-23T16:49:13.013+0000] {logging_mixin.py:190} INFO - [2026-09-23T16:49:13.013+0000] {dag.py:3239} INFO - Sync 1 DAGs
[2026-09-23T16:49:13.036+0000] {logging_mixin.py:190} INFO - [2026-09-23T16:49:13.036+0000] {dag.py:4180} INFO - Setting next_dagrun for tutorial_dag to None, run_after=None
[2026-09-23T16:49:13.061+0000] {processor.py:208} INFO - Processing /home/airflow/.local/lib/python3.12/site-packages/airflow/example_dags/tutorial_dag.py took 0.100 seconds
[2026-09-23T16:49:43.572+0000] {processor.py:186} INFO - Started process (PID=558) to work on /home/airflow/.local/lib/python3.12/site-packages/airflow/example_dags/tutorial_dag.py
[2026-09-23T16:49:43.575+0000] {processor.py:914} INFO - Processing file /home/airflow/.local/lib/python3.12/site-packages/airflow/example_dags/tutorial_dag.py for tasks to queue
[2026-09-23T16:49:43.580+0000] {logging_mixin.py:190} INFO - [2026-09-23T16:49:43.579+0000] {dagbag.py:588} INFO - Filling up the DagBag from /home/airflow/.local/lib/python3.12/site-packages/airflow/example_dags/tutorial_dag.py
[2026-09-23T16:49:43.599+0000] {processor.py:925} INFO - DAG(s) 'tutorial_dag' retrieved from /home/airflow/.local/lib/python3.12/site-packages/airflow/example_dags/tutorial_dag.py
[2026-09-23T16:49:43.642+0000] {logging_mixin.py:190} INFO - [2026-09-23T16:49:43.642+0000] {dag.py:3239} INFO - Sync 1 DAGs
[2026-09-23T16:49:43.681+0000] {logging_mixin.py:190} INFO - [2026-09-23T16:49:43.681+0000] {dag.py:4180} INFO - Setting next_dagrun for tutorial_dag to None, run_after=None
[2026-09-23T16:49:43.759+0000] {processor.py:208} INFO - Processing /home/airflow/.local/lib/python3.12/site-packages/airflow/example_dags/tutorial_dag.py took 0.205 seconds
[2026-09-23T16:50:14.038+0000] {processor.py:186} INFO - Started process (PID=631) to work on /home/airflow/.local/lib/python3.12/site-packages/airflow/example_dags/tutorial_dag.py
[2026-09-23T16:50:14.047+0000] {processor.py:914} INFO - Processing file /home/airflow/.local/lib/python3.12/site-packages/airflow/example_dags/tutorial_dag.py for tasks to queue
[2026-09-23T16:50:14.055+0000] {logging_mixin.py:190} INFO - [2026-09-23T16:50:14.054+0000] {dagbag.py:588} INFO - Filling up the DagBag from /home/airflow/.local/lib/python3.12/site-packages/airflow/example_dags/tutorial_dag.py
[2026-09-23T16:50:14.086+0000] {processor.py:925} INFO - DAG(s) 'tutorial_dag' retrieved from /home/airflow/.local/lib/python3.12/site-packages/airflow/example_dags/tutorial_dag.py
[2026-09-23T16:50:14.137+0000] {logging_mixin.py:190} INFO - [2026-09-23T16:50:14.137+0000] {dag.py:3239} INFO - Sync 1 DAGs
[2026-09-23T16:50:14.168+0000] {logging_mixin.py:190} INFO - [2026-09-23T16:50:14.168+0000] {dag.py:4180} INFO - Setting next_dagrun for tutorial_dag to None, run_after=None
[2026-09-23T16:50:14.211+0000] {processor.py:208} INFO - Processing /home/airflow/.local/lib/python3.12/site-packages/airflow/example_dags/tutorial_dag.py took 0.213 seconds
[2026-09-23T16:50:44.739+0000] {processor.py:186} INFO - Started process (PID=705) to work on /home/airflow/.local/lib/python3.12/site-packages/airflow/example_dags/tutorial_dag.py
[2026-09-23T16:50:44.741+0000] {processor.py:914} INFO - Processing file /home/airflow/.local/lib/python3.12/site-packages/airflow/example_dags/tutorial_dag.py for tasks to queue
[2026-09-23T16:50:44.747+0000] {logging_mixin.py:190} INFO - [2026-09-23T16:50:44.746+0000] {dagbag.py:588} INFO - Filling up the DagBag from /home/airflow/.local/lib/python3.12/site-packages/airflow/example_dags/tutorial_dag.py
[2026-09-23T16:50:44.764+0000] {processor.py:925} INFO - DAG(s) 'tutorial_dag' retrieved from /home/airflow/.local/lib/python3.12/site-packages/airflow/example_dags/tutorial_dag.py
[2026-09-23T16:50:44.794+0000] {logging_mixin.py:190} INFO - [2026-09-23T16:50:44.793+0000] {dag.py:3239} INFO - Sync 1 DAGs
[2026-09-23T16:50:44.819+0000] {logging_mixin.py:190} INFO - [2026-09-23T16:50:44.819+0000] {dag.py:4180} INFO - Setting next_dagrun for tutorial_dag to None, run_after=None
[2026-09-23T16:50:44.851+0000] {processor.py:208} INFO - Processing /home/airflow/.local/lib/python3.12/site-packages/airflow/example_dags/tutorial_dag.py took 0.123 seconds
[2026-09-23T16:51:15.531+0000] {processor.py:186} INFO - Started process (PID=772) to work on /home/airflow/.local/lib/python3.12/site-packages/airflow/example_dags/tutorial_dag.py
[2026-09-23T16:51:15.533+0000] {processor.py:914} INFO - Processing file /home/airflow/.local/lib/python3.12/site-packages/airflow/example_dags/tutorial_dag.py for tasks to queue
[2026-09-23T16:51:15.536+0000] {logging_mixin.py:190} INFO - [2026-09-23T16:51:15.535+0000] {dagbag.py:588} INFO - Filling up the DagBag from /home/airflow/.local/lib/python3.12/site-packages/airflow/example_dags/tutorial_dag.py
[2026-09-23T16:51:15.550+0000] {processor.py:925} INFO - DAG(s) 'tutorial_dag' retrieved from /home/airflow/.local/lib/python3.12/site-packages/airflow/example_dags/tutorial_dag.py
[2026-09-23T16:51:15.592+0000] {logging_mixin.py:190} INFO - [2026-09-23T16:51:15.592+0000] {dag.py:3239} INFO - Sync 1 DAGs
[2026-09-23T16:51:15.622+0000] {logging_mixin.py:190} INFO - [2026-09-23T16:51:15.621+0000] {dag.py:4180} INFO - Setting next_dagrun for tutorial_dag to None, run_after=None
[2026-09-23T16:51:15.662+0000] {processor.py:208} INFO - Processing /home/airflow/.local/lib/python3.12/site-packages/airflow/example_dags/tutorial_dag.py took 0.143 seconds
[2026-09-23T16:51:46.219+0000] {processor.py:186} INFO - Started process (PID=844) to work on /home/airflow/.local/lib/python3.12/site-packages/airflow/example_dags/tutorial_dag.py
[2026-09-23T16:51:46.222+0000] {processor.py:914} INFO - Processing file /home/airflow/.local/lib/python3.12/site-packages/airflow/example_dags/tutorial_dag.py for tasks to queue
[2026-09-23T16:51:46.226+0000] {logging_mixin.py:190} INFO - [2026-09-23T16:51:46.226+0000] {dagbag.py:588} INFO - Filling up the DagBag from /home/airflow/.local/lib/python3.12/site-packages/airflow/example_dags/tutorial_dag.py
[2026-09-23T16:51:46.246+0000] {processor.py:925} INFO - DAG(s) 'tutorial_dag' retrieved from /home/airflow/.local/lib/python3.12/site-packages/airflow/example_dags/tutorial_dag.py
[2026-09-23T16:51:46.359+0000] {logging_mixin.py:190} INFO - [2026-09-23T16:51:46.359+0000] {dag.py:3239} INFO - Sync 1 DAGs
[2026-09-23T16:51:46.416+0000] {logging_mixin.py:190} INFO - [2026-09-23T16:51:46.416+0000] {dag.py:4180} INFO - Setting next_dagrun for tutorial_dag to None, run_after=None
[2026-09-23T16:51:46.501+0000] {processor.py:208} INFO - Processing /home/airflow/.local/lib/python3.12/site-packages/airflow/example_dags/tutorial_dag.py took 0.293 seconds
[2026-09-23T16:52:16.829+0000] {processor.py:186} INFO - Started process (PID=917) to work on /home/airflow/.local/lib/python3.12/site-packages/airflow/example_dags/tutorial_dag.py
[2026-09-23T16:52:16.834+0000] {processor.py:914} INFO - Processing file /home/airflow/.local/lib/python3.12/site-packages/airflow/example_dags/tutorial_dag.py for tasks to queue
[2026-09-23T16:52:16.846+0000] {logging_mixin.py:190} INFO - [2026-09-23T16:52:16.845+0000] {dagbag.py:588} INFO - Filling up the DagBag from /home/airflow/.local/lib/python3.12/site-packages/airflow/example_dags/tutorial_dag.py
[2026-09-23T16:52:16.878+0000] {processor.py:925} INFO - DAG(s) 'tutorial_dag' retrieved from /home/airflow/.local/lib/python3.12/site-packages/airflow/example_dags/tutorial_dag.py
[2026-09-23T16:52:16.941+0000] {logging_mixin.py:190} INFO - [2026-09-23T16:52:16.940+0000] {dag.py:3239} INFO - Sync 1 DAGs
[2026-09-23T16:52:17.004+0000] {logging_mixin.py:190} INFO - [2026-09-23T16:52:17.003+0000] {dag.py:4180} INFO - Setting next_dagrun for tutorial_dag to None, run_after=None
[2026-09-23T16:52:17.038+0000] {processor.py:208} INFO - Processing /home/airflow/.local/lib/python3.12/site-packages/airflow/example_dags/tutorial_dag.py took 0.240 seconds
[2026-09-23T16:52:47.321+0000] {processor.py:186} INFO - Started process (PID=983) to work on /home/airflow/.local/lib/python3.12/site-packages/airflow/example_dags/tutorial_dag.py
[2026-09-23T16:52:47.322+0000] {processor.py:914} INFO - Processing file /home/airflow/.local/lib/python3.12/site-packages/airflow/example_dags/tutorial_dag.py for tasks to queue
[2026-09-23T16:52:47.324+0000] {logging_mixin.py:190} INFO - [2026-09-23T16:52:47.324+0000] {dagbag.py:588} INFO - Filling up the DagBag from /home/airflow/.local/lib/python3.12/site-packages/airflow/example_dags/tutorial_dag.py
[2026-09-23T16:52:47.335+0000] {processor.py:925} INFO - DAG(s) 'tutorial_dag' retrieved from /home/airflow/.local/lib/python3.12/site-packages/airflow/example_dags/tutorial_dag.py
[2026-09-23T16:52:47.362+0000] {logging_mixin.py:190} INFO - [2026-09-23T16:52:47.362+0000] {dag.py:3239} INFO - Sync 1 DAGs
[2026-09-23T16:52:47.388+0000] {logging_mixin.py:190} INFO - [2026-09-23T16:52:47.387+0000] {dag.py:4180} INFO - Setting next_dagrun for tutorial_dag to None, run_after=None
[2026-09-23T16:52:47.417+0000] {processor.py:208} INFO - Processing /home/airflow/.local/lib/python3.12/site-packages/airflow/example_dags/tutorial_dag.py took 0.105 seconds
[2026-09-23T16:53:18.512+0000] {processor.py:186} INFO - Started process (PID=1057) to work on /home/airflow/.local/lib/python3.12/site-packages/airflow/example_dags/tutorial_dag.py
[2026-09-23T16:53:18.515+0000] {processor.py:914} INFO - Processing file /home/airflow/.local/lib/python3.12/site-packages/airflow/example_dags/tutorial_dag.py for tasks to queue
[2026-09-23T16:53:18.521+0000] {logging_mixin.py:190} INFO - [2026-09-23T16:53:18.520+0000] {dagbag.py:588} INFO - Filling up the DagBag from /home/airflow/.local/lib/python3.12/site-packages/airflow/example_dags/tutorial_dag.py
[2026-09-23T16:53:18.546+0000] {processor.py:925} INFO - DAG(s) 'tutorial_dag' retrieved from /home/airflow/.local/lib/python3.12/site-packages/airflow/example_dags/tutorial_dag.py
[2026-09-23T16:53:18.604+0000] {logging_mixin.py:190} INFO - [2026-09-23T16:53:18.602+0000] {dag.py:3239} INFO - Sync 1 DAGs
[2026-09-23T16:53:18.636+0000] {logging_mixin.py:190} INFO - [2026-09-23T16:53:18.635+0000] {dag.py:4180} INFO - Setting next_dagrun for tutorial_dag to None, run_after=None
[2026-09-23T16:53:18.689+0000] {processor.py:208} INFO - Processing /home/airflow/.local/lib/python3.12/site-packages/airflow/example_dags/tutorial_dag.py took 0.186 seconds
[2026-09-23T16:53:48.931+0000] {processor.py:186} INFO - Started process (PID=1128) to work on /home/airflow/.local/lib/python3.12/site-packages/airflow/example_dags/tutorial_dag.py
[2026-09-23T16:53:48.932+0000] {processor.py:914} INFO - Processing file /home/airflow/.local/lib/python3.12/site-packages/airflow/example_dags/tutorial_dag.py for tasks to queue
[2026-09-23T16:53:48.936+0000] {logging_mixin.py:190} INFO - [2026-09-23T16:53:48.935+0000] {dagbag.py:588} INFO - Filling up the DagBag from /home/airflow/.local/lib/python3.12/site-packages/airflow/example_dags/tutorial_dag.py
[2026-09-23T16:53:48.948+0000] {processor.py:925} INFO - DAG(s) 'tutorial_dag' retrieved from /home/airflow/.local/lib/python3.12/site-packages/airflow/example_dags/tutorial_dag.py
[2026-09-23T16:53:48.987+0000] {logging_mixin.py:190} INFO - [2026-09-23T16:53:48.987+0000] {dag.py:3239} INFO - Sync 1 DAGs
[2026-09-23T16:53:49.021+0000] {logging_mixin.py:190} INFO - [2026-09-23T16:53:49.021+0000] {dag.py:4180} INFO - Setting next_dagrun for tutorial_dag to None, run_after=None
[2026-09-23T16:53:49.052+0000] {processor.py:208} INFO - Processing /home/airflow/.local/lib/python3.12/site-packages/airflow/example_dags/tutorial_dag.py took 0.131 seconds
[2026-09-23T16:54:19.567+0000] {processor.py:186} INFO - Started process (PID=1201) to work on /home/airflow/.local/lib/python3.12/site-packages/airflow/example_dags/tutorial_dag.py
[2026-09-23T16:54:19.569+0000] {processor.py:914} INFO - Processing file /home/airflow/.local/lib/python3.12/site-packages/airflow/example_dags/tutorial_dag.py for tasks to queue
[2026-09-23T16:54:19.572+0000] {logging_mixin.py:190} INFO - [2026-09-23T16:54:19.571+0000] {dagbag.py:588} INFO - Filling up the DagBag from /home/airflow/.local/lib/python3.12/site-packages/airflow/example_dags/tutorial_dag.py
[2026-09-23T16:54:19.588+0000] {processor.py:925} INFO - DAG(s) 'tutorial_dag' retrieved from /home/airflow/.local/lib/python3.12/site-packages/airflow/example_dags/tutorial_dag.py
[2026-09-23T16:54:19.624+0000] {logging_mixin.py:190} INFO - [2026-09-23T16:54:19.623+0000] {dag.py:3239} INFO - Sync 1 DAGs
[2026-09-23T16:54:19.651+0000] {logging_mixin.py:190} INFO - [2026-09-23T16:54:19.650+0000] {dag.py:4180} INFO - Setting next_dagrun for tutorial_dag to None, run_after=None
[2026-09-23T16:54:19.694+0000] {processor.py:208} INFO - Processing /home/airflow/.local/lib/python3.12/site-packages/airflow/example_dags/tutorial_dag.py took 0.139 seconds
[2026-09-23T16:54:50.262+0000] {processor.py:186} INFO - Started process (PID=1268) to work on /home/airflow/.local/lib/python3.12/site-packages/airflow/example_dags/tutorial_dag.py
[2026-09-23T16:54:50.264+0000] {processor.py:914} INFO - Processing file /home/airflow/.local/lib/python3.12/site-packages/airflow/example_dags/tutorial_dag.py for tasks to queue
[2026-09-23T16:54:50.267+0000] {logging_mixin.py:190} INFO - [2026-09-23T16:54:50.267+0000] {dagbag.py:588} INFO - Filling up the DagBag from /home/airflow/.local/lib/python3.12/site-packages/airflow/example_dags/tutorial_dag.py
[2026-09-23T16:54:50.280+0000] {processor.py:925} INFO - DAG(s) 'tutorial_dag' retrieved from /home/airflow/.local/lib/python3.12/site-packages/airflow/example_dags/tutorial_dag.py
[2026-09-23T16:54:50.324+0000] {logging_mixin.py:190} INFO - [2026-09-23T16:54:50.324+0000] {dag.py:3239} INFO - Sync 1 DAGs
[2026-09-23T16:54:50.377+0000] {logging_mixin.py:190} INFO - [2026-09-23T16:54:50.377+0000] {dag.py:4180} INFO - Setting next_dagrun for tutorial_dag to None, run_after=None
[2026-09-23T16:54:50.448+0000] {processor.py:208} INFO - Processing /home/airflow/.local/lib/python3.12/site-packages/airflow/example_dags/tutorial_dag.py took 0.197 seconds
[2026-09-23T16:55:21.459+0000] {processor.py:186} INFO - Started process (PID=1342) to work on /home/airflow/.local/lib/python3.12/site-packages/airflow/example_dags/tutorial_dag.py
[2026-09-23T16:55:21.464+0000] {processor.py:914} INFO - Processing file /home/airflow/.local/lib/python3.12/site-packages/airflow/example_dags/tutorial_dag.py for tasks to queue
[2026-09-23T16:55:21.472+0000] {logging_mixin.py:190} INFO - [2026-09-23T16:55:21.472+0000] {dagbag.py:588} INFO - Filling up the DagBag from /home/airflow/.local/lib/python3.12/site-packages/airflow/example_dags/tutorial_dag.py
[2026-09-23T16:55:21.525+0000] {processor.py:925} INFO - DAG(s) 'tutorial_dag' retrieved from /home/airflow/.local/lib/python3.12/site-packages/airflow/example_dags/tutorial_dag.py
[2026-09-23T16:55:21.641+0000] {logging_mixin.py:190} INFO - [2026-09-23T16:55:21.641+0000] {dag.py:3239} INFO - Sync 1 DAGs
[2026-09-23T16:55:21.770+0000] {logging_mixin.py:190} INFO - [2026-09-23T16:55:21.770+0000] {dag.py:4180} INFO - Setting next_dagrun for tutorial_dag to None, run_after=None
[2026-09-23T16:55:21.922+0000] {processor.py:208} INFO - Processing /home/airflow/.local/lib/python3.12/site-packages/airflow/example_dags/tutorial_dag.py took 0.491 seconds
[2026-09-23T16:55:52.616+0000] {processor.py:186} INFO - Started process (PID=1417) to work on /home/airflow/.local/lib/python3.12/site-packages/airflow/example_dags/tutorial_dag.py
[2026-09-23T16:55:52.618+0000] {processor.py:914} INFO - Processing file /home/airflow/.local/lib/python3.12/site-packages/airflow/example_dags/tutorial_dag.py for tasks to queue
[2026-09-23T16:55:52.622+0000] {logging_mixin.py:190} INFO - [2026-09-23T16:55:52.621+0000] {dagbag.py:588} INFO - Filling up the DagBag from /home/airflow/.local/lib/python3.12/site-packages/airflow/example_dags/tutorial_dag.py
[2026-09-23T16:55:52.635+0000] {processor.py:925} INFO - DAG(s) 'tutorial_dag' retrieved from /home/airflow/.local/lib/python3.12/site-packages/airflow/example_dags/tutorial_dag.py
[2026-09-23T16:55:52.667+0000] {logging_mixin.py:190} INFO - [2026-09-23T16:55:52.667+0000] {dag.py:3239} INFO - Sync 1 DAGs
[2026-09-23T16:55:52.695+0000] {logging_mixin.py:190} INFO - [2026-09-23T16:55:52.695+0000] {dag.py:4180} INFO - Setting next_dagrun for tutorial_dag to None, run_after=None
[2026-09-23T16:55:52.743+0000] {processor.py:208} INFO - Processing /home/airflow/.local/lib/python3.12/site-packages/airflow/example_dags/tutorial_dag.py took 0.139 seconds
[2026-09-23T16:56:22.841+0000] {processor.py:186} INFO - Started process (PID=1483) to work on /home/airflow/.local/lib/python3.12/site-packages/airflow/example_dags/tutorial_dag.py
[2026-09-23T16:56:22.842+0000] {processor.py:914} INFO - Processing file /home/airflow/.local/lib/python3.12/site-packages/airflow/example_dags/tutorial_dag.py for tasks to queue
[2026-09-23T16:56:22.845+0000] {logging_mixin.py:190} INFO - [2026-09-23T16:56:22.844+0000] {dagbag.py:588} INFO - Filling up the DagBag from /home/airflow/.local/lib/python3.12/site-packages/airflow/example_dags/tutorial_dag.py
[2026-09-23T16:56:22.855+0000] {processor.py:925} INFO - DAG(s) 'tutorial_dag' retrieved from /home/airflow/.local/lib/python3.12/site-packages/airflow/example_dags/tutorial_dag.py
[2026-09-23T16:56:22.880+0000] {logging_mixin.py:190} INFO - [2026-09-23T16:56:22.880+0000] {dag.py:3239} INFO - Sync 1 DAGs
[2026-09-23T16:56:22.904+0000] {logging_mixin.py:190} INFO - [2026-09-23T16:56:22.903+0000] {dag.py:4180} INFO - Setting next_dagrun for tutorial_dag to None, run_after=None
[2026-09-23T16:56:22.930+0000] {processor.py:208} INFO - Processing /home/airflow/.local/lib/python3.12/site-packages/airflow/example_dags/tutorial_dag.py took 0.098 seconds
[2026-09-23T16:56:53.124+0000] {processor.py:186} INFO - Started process (PID=1557) to work on /home/airflow/.local/lib/python3.12/site-packages/airflow/example_dags/tutorial_dag.py
[2026-09-23T16:56:53.125+0000] {processor.py:914} INFO - Processing file /home/airflow/.local/lib/python3.12/site-packages/airflow/example_dags/tutorial_dag.py for tasks to queue
[2026-09-23T16:56:53.128+0000] {logging_mixin.py:190} INFO - [2026-09-23T16:56:53.127+0000] {dagbag.py:588} INFO - Filling up the DagBag from /home/airflow/.local/lib/python3.12/site-packages/airflow/example_dags/tutorial_dag.py
[2026-09-23T16:56:53.140+0000] {processor.py:925} INFO - DAG(s) 'tutorial_dag' retrieved from /home/airflow/.local/lib/python3.12/site-packages/airflow/example_dags/tutorial_dag.py
[2026-09-23T16:56:53.164+0000] {logging_mixin.py:190} INFO - [2026-09-23T16:56:53.164+0000] {dag.py:3239} INFO - Sync 1 DAGs
[2026-09-23T16:56:53.187+0000] {logging_mixin.py:190} INFO - [2026-09-23T16:56:53.187+0000] {dag.py:4180} INFO - Setting next_dagrun for tutorial_dag to None, run_after=None
[2026-09-23T16:56:53.211+0000] {processor.py:208} INFO - Processing /home/airflow/.local/lib/python3.12/site-packages/airflow/example_dags/tutorial_dag.py took 0.095 seconds
[2026-09-23T16:57:24.103+0000] {processor.py:186} INFO - Started process (PID=1631) to work on /home/airflow/.local/lib/python3.12/site-packages/airflow/example_dags/tutorial_dag.py
[2026-09-23T16:57:24.105+0000] {processor.py:914} INFO - Processing file /home/airflow/.local/lib/python3.12/site-packages/airflow/example_dags/tutorial_dag.py for tasks to queue
[2026-09-23T16:57:24.111+0000] {logging_mixin.py:190} INFO - [2026-09-23T16:57:24.111+0000] {dagbag.py:588} INFO - Filling up the DagBag from /home/airflow/.local/lib/python3.12/site-packages/airflow/example_dags/tutorial_dag.py
[2026-09-23T16:57:24.127+0000] {processor.py:925} INFO - DAG(s) 'tutorial_dag' retrieved from /home/airflow/.local/lib/python3.12/site-packages/airflow/example_dags/tutorial_dag.py
[2026-09-23T16:57:24.172+0000] {logging_mixin.py:190} INFO - [2026-09-23T16:57:24.172+0000] {dag.py:3239} INFO - Sync 1 DAGs
[2026-09-23T16:57:24.201+0000] {logging_mixin.py:190} INFO - [2026-09-23T16:57:24.200+0000] {dag.py:4180} INFO - Setting next_dagrun for tutorial_dag to None, run_after=None
[2026-09-23T16:57:24.231+0000] {processor.py:208} INFO - Processing /home/airflow/.local/lib/python3.12/site-packages/airflow/example_dags/tutorial_dag.py took 0.141 seconds
[2026-09-23T16:57:55.108+0000] {processor.py:186} INFO - Started process (PID=1705) to work on /home/airflow/.local/lib/python3.12/site-packages/airflow/example_dags/tutorial_dag.py
[2026-09-23T16:57:55.121+0000] {processor.py:914} INFO - Processing file /home/airflow/.local/lib/python3.12/site-packages/airflow/example_dags/tutorial_dag.py for tasks to queue
[2026-09-23T16:57:55.139+0000] {logging_mixin.py:190} INFO - [2026-09-23T16:57:55.139+0000] {dagbag.py:588} INFO - Filling up the DagBag from /home/airflow/.local/lib/python3.12/site-packages/airflow/example_dags/tutorial_dag.py
[2026-09-23T16:57:55.184+0000] {processor.py:925} INFO - DAG(s) 'tutorial_dag' retrieved from /home/airflow/.local/lib/python3.12/site-packages/airflow/example_dags/tutorial_dag.py
[2026-09-23T16:57:55.255+0000] {logging_mixin.py:190} INFO - [2026-09-23T16:57:55.254+0000] {dag.py:3239} INFO - Sync 1 DAGs
[2026-09-23T16:57:55.359+0000] {logging_mixin.py:190} INFO - [2026-09-23T16:57:55.358+0000] {dag.py:4180} INFO - Setting next_dagrun for tutorial_dag to None, run_after=None
[2026-09-23T16:57:55.475+0000] {processor.py:208} INFO - Processing /home/airflow/.local/lib/python3.12/site-packages/airflow/example_dags/tutorial_dag.py took 0.410 seconds
[2026-09-23T16:58:25.820+0000] {processor.py:186} INFO - Started process (PID=1778) to work on /home/airflow/.local/lib/python3.12/site-packages/airflow/example_dags/tutorial_dag.py
[2026-09-23T16:58:25.827+0000] {processor.py:914} INFO - Processing file /home/airflow/.local/lib/python3.12/site-packages/airflow/example_dags/tutorial_dag.py for tasks to queue
[2026-09-23T16:58:25.835+0000] {logging_mixin.py:190} INFO - [2026-09-23T16:58:25.835+0000] {dagbag.py:588} INFO - Filling up the DagBag from /home/airflow/.local/lib/python3.12/site-packages/airflow/example_dags/tutorial_dag.py
[2026-09-23T16:58:25.908+0000] {processor.py:925} INFO - DAG(s) 'tutorial_dag' retrieved from /home/airflow/.local/lib/python3.12/site-packages/airflow/example_dags/tutorial_dag.py
[2026-09-23T16:58:26.027+0000] {logging_mixin.py:190} INFO - [2026-09-23T16:58:26.027+0000] {dag.py:3239} INFO - Sync 1 DAGs
[2026-09-23T16:58:26.099+0000] {logging_mixin.py:190} INFO - [2026-09-23T16:58:26.098+0000] {dag.py:4180} INFO - Setting next_dagrun for tutorial_dag to None, run_after=None
[2026-09-23T16:58:26.145+0000] {processor.py:208} INFO - Processing /home/airflow/.local/lib/python3.12/site-packages/airflow/example_dags/tutorial_dag.py took 0.348 seconds
[2026-09-23T16:58:56.829+0000] {processor.py:186} INFO - Started process (PID=1853) to work on /home/airflow/.local/lib/python3.12/site-packages/airflow/example_dags/tutorial_dag.py
[2026-09-23T16:58:56.830+0000] {processor.py:914} INFO - Processing file /home/airflow/.local/lib/python3.12/site-packages/airflow/example_dags/tutorial_dag.py for tasks to queue
[2026-09-23T16:58:56.834+0000] {logging_mixin.py:190} INFO - [2026-09-23T16:58:56.833+0000] {dagbag.py:588} INFO - Filling up the DagBag from /home/airflow/.local/lib/python3.12/site-packages/airflow/example_dags/tutorial_dag.py
[2026-09-23T16:58:56.847+0000] {processor.py:925} INFO - DAG(s) 'tutorial_dag' retrieved from /home/airflow/.local/lib/python3.12/site-packages/airflow/example_dags/tutorial_dag.py
[2026-09-23T16:58:56.890+0000] {logging_mixin.py:190} INFO - [2026-09-23T16:58:56.890+0000] {dag.py:3239} INFO - Sync 1 DAGs
[2026-09-23T16:58:56.919+0000] {logging_mixin.py:190} INFO - [2026-09-23T16:58:56.919+0000] {dag.py:4180} INFO - Setting next_dagrun for tutorial_dag to None, run_after=None
[2026-09-23T16:58:56.951+0000] {processor.py:208} INFO - Processing /home/airflow/.local/lib/python3.12/site-packages/airflow/example_dags/tutorial_dag.py took 0.132 seconds
[2026-09-23T16:59:27.796+0000] {processor.py:186} INFO - Started process (PID=1926) to work on /home/airflow/.local/lib/python3.12/site-packages/airflow/example_dags/tutorial_dag.py
[2026-09-23T16:59:27.797+0000] {processor.py:914} INFO - Processing file /home/airflow/.local/lib/python3.12/site-packages/airflow/example_dags/tutorial_dag.py for tasks to queue
[2026-09-23T16:59:27.801+0000] {logging_mixin.py:190} INFO - [2026-09-23T16:59:27.800+0000] {dagbag.py:588} INFO - Filling up the DagBag from /home/airflow/.local/lib/python3.12/site-packages/airflow/example_dags/tutorial_dag.py
[2026-09-23T16:59:27.815+0000] {processor.py:925} INFO - DAG(s) 'tutorial_dag' retrieved from /home/airflow/.local/lib/python3.12/site-packages/airflow/example_dags/tutorial_dag.py
[2026-09-23T16:59:27.844+0000] {logging_mixin.py:190} INFO - [2026-09-23T16:59:27.844+0000] {dag.py:3239} INFO - Sync 1 DAGs
[2026-09-23T16:59:27.866+0000] {logging_mixin.py:190} INFO - [2026-09-23T16:59:27.866+0000] {dag.py:4180} INFO - Setting next_dagrun for tutorial_dag to None, run_after=None
[2026-09-23T16:59:27.890+0000] {processor.py:208} INFO - Processing /home/airflow/.local/lib/python3.12/site-packages/airflow/example_dags/tutorial_dag.py took 0.105 seconds
[2026-09-23T16:59:58.152+0000] {processor.py:186} INFO - Started process (PID=1999) to work on /home/airflow/.local/lib/python3.12/site-packages/airflow/example_dags/tutorial_dag.py
[2026-09-23T16:59:58.153+0000] {processor.py:914} INFO - Processing file /home/airflow/.local/lib/python3.12/site-packages/airflow/example_dags/tutorial_dag.py for tasks to queue
[2026-09-23T16:59:58.156+0000] {logging_mixin.py:190} INFO - [2026-09-23T16:59:58.156+0000] {dagbag.py:588} INFO - Filling up the DagBag from /home/airflow/.local/lib/python3.12/site-packages/airflow/example_dags/tutorial_dag.py
[2026-09-23T16:59:58.169+0000] {processor.py:925} INFO - DAG(s) 'tutorial_dag' retrieved from /home/airflow/.local/lib/python3.12/site-packages/airflow/example_dags/tutorial_dag.py
[2026-09-23T16:59:58.194+0000] {logging_mixin.py:190} INFO - [2026-09-23T16:59:58.194+0000] {dag.py:3239} INFO - Sync 1 DAGs
[2026-09-23T16:59:58.217+0000] {logging_mixin.py:190} INFO - [2026-09-23T16:59:58.217+0000] {dag.py:4180} INFO - Setting next_dagrun for tutorial_dag to None, run_after=None
[2026-09-23T16:59:58.250+0000] {processor.py:208} INFO - Processing /home/airflow/.local/lib/python3.12/site-packages/airflow/example_dags/tutorial_dag.py took 0.108 seconds
[2026-09-23T17:00:29.175+0000] {processor.py:186} INFO - Started process (PID=2073) to work on /home/airflow/.local/lib/python3.12/site-packages/airflow/example_dags/tutorial_dag.py
[2026-09-23T17:00:29.176+0000] {processor.py:914} INFO - Processing file /home/airflow/.local/lib/python3.12/site-packages/airflow/example_dags/tutorial_dag.py for tasks to queue
[2026-09-23T17:00:29.180+0000] {logging_mixin.py:190} INFO - [2026-09-23T17:00:29.179+0000] {dagbag.py:588} INFO - Filling up the DagBag from /home/airflow/.local/lib/python3.12/site-packages/airflow/example_dags/tutorial_dag.py
[2026-09-23T17:00:29.191+0000] {processor.py:925} INFO - DAG(s) 'tutorial_dag' retrieved from /home/airflow/.local/lib/python3.12/site-packages/airflow/example_dags/tutorial_dag.py
[2026-09-23T17:00:29.220+0000] {logging_mixin.py:190} INFO - [2026-09-23T17:00:29.219+0000] {dag.py:3239} INFO - Sync 1 DAGs
[2026-09-23T17:00:29.243+0000] {logging_mixin.py:190} INFO - [2026-09-23T17:00:29.243+0000] {dag.py:4180} INFO - Setting next_dagrun for tutorial_dag to None, run_after=None
[2026-09-23T17:00:29.269+0000] {processor.py:208} INFO - Processing /home/airflow/.local/lib/python3.12/site-packages/airflow/example_dags/tutorial_dag.py took 0.104 seconds
[2026-09-23T17:00:59.523+0000] {processor.py:186} INFO - Started process (PID=2147) to work on /home/airflow/.local/lib/python3.12/site-packages/airflow/example_dags/tutorial_dag.py
[2026-09-23T17:00:59.525+0000] {processor.py:914} INFO - Processing file /home/airflow/.local/lib/python3.12/site-packages/airflow/example_dags/tutorial_dag.py for tasks to queue
[2026-09-23T17:00:59.531+0000] {logging_mixin.py:190} INFO - [2026-09-23T17:00:59.530+0000] {dagbag.py:588} INFO - Filling up the DagBag from /home/airflow/.local/lib/python3.12/site-packages/airflow/example_dags/tutorial_dag.py
[2026-09-23T17:00:59.548+0000] {processor.py:925} INFO - DAG(s) 'tutorial_dag' retrieved from /home/airflow/.local/lib/python3.12/site-packages/airflow/example_dags/tutorial_dag.py
[2026-09-23T17:00:59.590+0000] {logging_mixin.py:190} INFO - [2026-09-23T17:00:59.590+0000] {dag.py:3239} INFO - Sync 1 DAGs
[2026-09-23T17:00:59.626+0000] {logging_mixin.py:190} INFO - [2026-09-23T17:00:59.626+0000] {dag.py:4180} INFO - Setting next_dagrun for tutorial_dag to None, run_after=None
[2026-09-23T17:00:59.666+0000] {processor.py:208} INFO - Processing /home/airflow/.local/lib/python3.12/site-packages/airflow/example_dags/tutorial_dag.py took 0.157 seconds
[2026-09-23T17:01:30.084+0000] {processor.py:186} INFO - Started process (PID=2220) to work on /home/airflow/.local/lib/python3.12/site-packages/airflow/example_dags/tutorial_dag.py
[2026-09-23T17:01:30.086+0000] {processor.py:914} INFO - Processing file /home/airflow/.local/lib/python3.12/site-packages/airflow/example_dags/tutorial_dag.py for tasks to queue
[2026-09-23T17:01:30.091+0000] {logging_mixin.py:190} INFO - [2026-09-23T17:01:30.089+0000] {dagbag.py:588} INFO - Filling up the DagBag from /home/airflow/.local/lib/python3.12/site-packages/airflow/example_dags/tutorial_dag.py
[2026-09-23T17:01:30.104+0000] {processor.py:925} INFO - DAG(s) 'tutorial_dag' retrieved from /home/airflow/.local/lib/python3.12/site-packages/airflow/example_dags/tutorial_dag.py
[2026-09-23T17:01:30.152+0000] {logging_mixin.py:190} INFO - [2026-09-23T17:01:30.152+0000] {dag.py:3239} INFO - Sync 1 DAGs
[2026-09-23T17:01:30.178+0000] {logging_mixin.py:190} INFO - [2026-09-23T17:01:30.178+0000] {dag.py:4180} INFO - Setting next_dagrun for tutorial_dag to None, run_after=None
[2026-09-23T17:01:30.208+0000] {processor.py:208} INFO - Processing /home/airflow/.local/lib/python3.12/site-packages/airflow/example_dags/tutorial_dag.py took 0.136 seconds
[2026-09-23T17:02:00.433+0000] {processor.py:186} INFO - Started process (PID=2294) to work on /home/airflow/.local/lib/python3.12/site-packages/airflow/example_dags/tutorial_dag.py
[2026-09-23T17:02:00.434+0000] {processor.py:914} INFO - Processing file /home/airflow/.local/lib/python3.12/site-packages/airflow/example_dags/tutorial_dag.py for tasks to queue
[2026-09-23T17:02:00.440+0000] {logging_mixin.py:190} INFO - [2026-09-23T17:02:00.439+0000] {dagbag.py:588} INFO - Filling up the DagBag from /home/airflow/.local/lib/python3.12/site-packages/airflow/example_dags/tutorial_dag.py
[2026-09-23T17:02:00.453+0000] {processor.py:925} INFO - DAG(s) 'tutorial_dag' retrieved from /home/airflow/.local/lib/python3.12/site-packages/airflow/example_dags/tutorial_dag.py
[2026-09-23T17:02:00.484+0000] {logging_mixin.py:190} INFO - [2026-09-23T17:02:00.484+0000] {dag.py:3239} INFO - Sync 1 DAGs
[2026-09-23T17:02:00.525+0000] {logging_mixin.py:190} INFO - [2026-09-23T17:02:00.524+0000] {dag.py:4180} INFO - Setting next_dagrun for tutorial_dag to None, run_after=None
[2026-09-23T17:02:00.564+0000] {processor.py:208} INFO - Processing /home/airflow/.local/lib/python3.12/site-packages/airflow/example_dags/tutorial_dag.py took 0.141 seconds
[2026-09-23T17:02:30.659+0000] {processor.py:186} INFO - Started process (PID=2361) to work on /home/airflow/.local/lib/python3.12/site-packages/airflow/example_dags/tutorial_dag.py
[2026-09-23T17:02:30.661+0000] {processor.py:914} INFO - Processing file /home/airflow/.local/lib/python3.12/site-packages/airflow/example_dags/tutorial_dag.py for tasks to queue
[2026-09-23T17:02:30.664+0000] {logging_mixin.py:190} INFO - [2026-09-23T17:02:30.664+0000] {dagbag.py:588} INFO - Filling up the DagBag from /home/airflow/.local/lib/python3.12/site-packages/airflow/example_dags/tutorial_dag.py
[2026-09-23T17:02:30.675+0000] {processor.py:925} INFO - DAG(s) 'tutorial_dag' retrieved from /home/airflow/.local/lib/python3.12/site-packages/airflow/example_dags/tutorial_dag.py
[2026-09-23T17:02:30.705+0000] {logging_mixin.py:190} INFO - [2026-09-23T17:02:30.705+0000] {dag.py:3239} INFO - Sync 1 DAGs
[2026-09-23T17:02:30.740+0000] {logging_mixin.py:190} INFO - [2026-09-23T17:02:30.739+0000] {dag.py:4180} INFO - Setting next_dagrun for tutorial_dag to None, run_after=None
[2026-09-23T17:02:30.771+0000] {processor.py:208} INFO - Processing /home/airflow/.local/lib/python3.12/site-packages/airflow/example_dags/tutorial_dag.py took 0.121 seconds
[2026-09-23T17:03:01.582+0000] {processor.py:186} INFO - Started process (PID=2436) to work on /home/airflow/.local/lib/python3.12/site-packages/airflow/example_dags/tutorial_dag.py
[2026-09-23T17:03:01.583+0000] {processor.py:914} INFO - Processing file /home/airflow/.local/lib/python3.12/site-packages/airflow/example_dags/tutorial_dag.py for tasks to queue
[2026-09-23T17:03:01.587+0000] {logging_mixin.py:190} INFO - [2026-09-23T17:03:01.586+0000] {dagbag.py:588} INFO - Filling up the DagBag from /home/airflow/.local/lib/python3.12/site-packages/airflow/example_dags/tutorial_dag.py
[2026-09-23T17:03:01.607+0000] {processor.py:925} INFO - DAG(s) 'tutorial_dag' retrieved from /home/airflow/.local/lib/python3.12/site-packages/airflow/example_dags/tutorial_dag.py
[2026-09-23T17:03:01.690+0000] {logging_mixin.py:190} INFO - [2026-09-23T17:03:01.690+0000] {dag.py:3239} INFO - Sync 1 DAGs
[2026-09-23T17:03:01.772+0000] {logging_mixin.py:190} INFO - [2026-09-23T17:03:01.771+0000] {dag.py:4180} INFO - Setting next_dagrun for tutorial_dag to None, run_after=None
[2026-09-23T17:03:01.818+0000] {processor.py:208} INFO - Processing /home/airflow/.local/lib/python3.12/site-packages/airflow/example_dags/tutorial_dag.py took 0.247 seconds
[2026-09-23T17:03:32.299+0000] {processor.py:186} INFO - Started process (PID=2507) to work on /home/airflow/.local/lib/python3.12/site-packages/airflow/example_dags/tutorial_dag.py
[2026-09-23T17:03:32.305+0000] {processor.py:914} INFO - Processing file /home/airflow/.local/lib/python3.12/site-packages/airflow/example_dags/tutorial_dag.py for tasks to queue
[2026-09-23T17:03:32.318+0000] {logging_mixin.py:190} INFO - [2026-09-23T17:03:32.317+0000] {dagbag.py:588} INFO - Filling up the DagBag from /home/airflow/.local/lib/python3.12/site-packages/airflow/example_dags/tutorial_dag.py
[2026-09-23T17:03:32.334+0000] {processor.py:925} INFO - DAG(s) 'tutorial_dag' retrieved from /home/airflow/.local/lib/python3.12/site-packages/airflow/example_dags/tutorial_dag.py
[2026-09-23T17:03:32.382+0000] {logging_mixin.py:190} INFO - [2026-09-23T17:03:32.382+0000] {dag.py:3239} INFO - Sync 1 DAGs
[2026-09-23T17:03:32.415+0000] {logging_mixin.py:190} INFO - [2026-09-23T17:03:32.414+0000] {dag.py:4180} INFO - Setting next_dagrun for tutorial_dag to None, run_after=None
[2026-09-23T17:03:32.453+0000] {processor.py:208} INFO - Processing /home/airflow/.local/lib/python3.12/site-packages/airflow/example_dags/tutorial_dag.py took 0.183 seconds
[2026-09-23T17:04:03.071+0000] {processor.py:186} INFO - Started process (PID=2572) to work on /home/airflow/.local/lib/python3.12/site-packages/airflow/example_dags/tutorial_dag.py
[2026-09-23T17:04:03.072+0000] {processor.py:914} INFO - Processing file /home/airflow/.local/lib/python3.12/site-packages/airflow/example_dags/tutorial_dag.py for tasks to queue
[2026-09-23T17:04:03.077+0000] {logging_mixin.py:190} INFO - [2026-09-23T17:04:03.076+0000] {dagbag.py:588} INFO - Filling up the DagBag from /home/airflow/.local/lib/python3.12/site-packages/airflow/example_dags/tutorial_dag.py
[2026-09-23T17:04:03.092+0000] {processor.py:925} INFO - DAG(s) 'tutorial_dag' retrieved from /home/airflow/.local/lib/python3.12/site-packages/airflow/example_dags/tutorial_dag.py
[2026-09-23T17:04:03.138+0000] {logging_mixin.py:190} INFO - [2026-09-23T17:04:03.138+0000] {dag.py:3239} INFO - Sync 1 DAGs
[2026-09-23T17:04:03.193+0000] {logging_mixin.py:190} INFO - [2026-09-23T17:04:03.193+0000] {dag.py:4180} INFO - Setting next_dagrun for tutorial_dag to None, run_after=None
[2026-09-23T17:04:03.242+0000] {processor.py:208} INFO - Processing /home/airflow/.local/lib/python3.12/site-packages/airflow/example_dags/tutorial_dag.py took 0.182 seconds
[2026-09-23T17:04:33.610+0000] {processor.py:186} INFO - Started process (PID=2639) to work on /home/airflow/.local/lib/python3.12/site-packages/airflow/example_dags/tutorial_dag.py
[2026-09-23T17:04:33.612+0000] {processor.py:914} INFO - Processing file /home/airflow/.local/lib/python3.12/site-packages/airflow/example_dags/tutorial_dag.py for tasks to queue
[2026-09-23T17:04:33.616+0000] {logging_mixin.py:190} INFO - [2026-09-23T17:04:33.616+0000] {dagbag.py:588} INFO - Filling up the DagBag from /home/airflow/.local/lib/python3.12/site-packages/airflow/example_dags/tutorial_dag.py
[2026-09-23T17:04:33.634+0000] {processor.py:925} INFO - DAG(s) 'tutorial_dag' retrieved from /home/airflow/.local/lib/python3.12/site-packages/airflow/example_dags/tutorial_dag.py
[2026-09-23T17:04:33.674+0000] {logging_mixin.py:190} INFO - [2026-09-23T17:04:33.674+0000] {dag.py:3239} INFO - Sync 1 DAGs
[2026-09-23T17:04:33.711+0000] {logging_mixin.py:190} INFO - [2026-09-23T17:04:33.710+0000] {dag.py:4180} INFO - Setting next_dagrun for tutorial_dag to None, run_after=None
[2026-09-23T17:04:33.744+0000] {processor.py:208} INFO - Processing /home/airflow/.local/lib/python3.12/site-packages/airflow/example_dags/tutorial_dag.py took 0.143 seconds
[2026-09-23T17:05:03.877+0000] {processor.py:186} INFO - Started process (PID=2713) to work on /home/airflow/.local/lib/python3.12/site-packages/airflow/example_dags/tutorial_dag.py
[2026-09-23T17:05:03.878+0000] {processor.py:914} INFO - Processing file /home/airflow/.local/lib/python3.12/site-packages/airflow/example_dags/tutorial_dag.py for tasks to queue
[2026-09-23T17:05:03.883+0000] {logging_mixin.py:190} INFO - [2026-09-23T17:05:03.882+0000] {dagbag.py:588} INFO - Filling up the DagBag from /home/airflow/.local/lib/python3.12/site-packages/airflow/example_dags/tutorial_dag.py
[2026-09-23T17:05:03.895+0000] {processor.py:925} INFO - DAG(s) 'tutorial_dag' retrieved from /home/airflow/.local/lib/python3.12/site-packages/airflow/example_dags/tutorial_dag.py
[2026-09-23T17:05:03.929+0000] {logging_mixin.py:190} INFO - [2026-09-23T17:05:03.928+0000] {dag.py:3239} INFO - Sync 1 DAGs
[2026-09-23T17:05:03.954+0000] {logging_mixin.py:190} INFO - [2026-09-23T17:05:03.954+0000] {dag.py:4180} INFO - Setting next_dagrun for tutorial_dag to None, run_after=None
[2026-09-23T17:05:03.983+0000] {processor.py:208} INFO - Processing /home/airflow/.local/lib/python3.12/site-packages/airflow/example_dags/tutorial_dag.py took 0.120 seconds
[2026-09-23T17:05:34.290+0000] {processor.py:186} INFO - Started process (PID=2785) to work on /home/airflow/.local/lib/python3.12/site-packages/airflow/example_dags/tutorial_dag.py
[2026-09-23T17:05:34.293+0000] {processor.py:914} INFO - Processing file /home/airflow/.local/lib/python3.12/site-packages/airflow/example_dags/tutorial_dag.py for tasks to queue
[2026-09-23T17:05:34.297+0000] {logging_mixin.py:190} INFO - [2026-09-23T17:05:34.296+0000] {dagbag.py:588} INFO - Filling up the DagBag from /home/airflow/.local/lib/python3.12/site-packages/airflow/example_dags/tutorial_dag.py
[2026-09-23T17:05:34.324+0000] {processor.py:925} INFO - DAG(s) 'tutorial_dag' retrieved from /home/airflow/.local/lib/python3.12/site-packages/airflow/example_dags/tutorial_dag.py
[2026-09-23T17:05:34.363+0000] {logging_mixin.py:190} INFO - [2026-09-23T17:05:34.363+0000] {dag.py:3239} INFO - Sync 1 DAGs
[2026-09-23T17:05:34.389+0000] {logging_mixin.py:190} INFO - [2026-09-23T17:05:34.389+0000] {dag.py:4180} INFO - Setting next_dagrun for tutorial_dag to None, run_after=None
[2026-09-23T17:05:34.444+0000] {processor.py:208} INFO - Processing /home/airflow/.local/lib/python3.12/site-packages/airflow/example_dags/tutorial_dag.py took 0.166 seconds
[2026-09-23T17:06:04.561+0000] {processor.py:186} INFO - Started process (PID=2857) to work on /home/airflow/.local/lib/python3.12/site-packages/airflow/example_dags/tutorial_dag.py
[2026-09-23T17:06:04.563+0000] {processor.py:914} INFO - Processing file /home/airflow/.local/lib/python3.12/site-packages/airflow/example_dags/tutorial_dag.py for tasks to queue
[2026-09-23T17:06:04.568+0000] {logging_mixin.py:190} INFO - [2026-09-23T17:06:04.567+0000] {dagbag.py:588} INFO - Filling up the DagBag from /home/airflow/.local/lib/python3.12/site-packages/airflow/example_dags/tutorial_dag.py
[2026-09-23T17:06:04.584+0000] {processor.py:925} INFO - DAG(s) 'tutorial_dag' retrieved from /home/airflow/.local/lib/python3.12/site-packages/airflow/example_dags/tutorial_dag.py
[2026-09-23T17:06:04.615+0000] {logging_mixin.py:190} INFO - [2026-09-23T17:06:04.615+0000] {dag.py:3239} INFO - Sync 1 DAGs
[2026-09-23T17:06:04.643+0000] {logging_mixin.py:190} INFO - [2026-09-23T17:06:04.643+0000] {dag.py:4180} INFO - Setting next_dagrun for tutorial_dag to None, run_after=None
[2026-09-23T17:06:04.674+0000] {processor.py:208} INFO - Processing /home/airflow/.local/lib/python3.12/site-packages/airflow/example_dags/tutorial_dag.py took 0.123 seconds
[2026-09-23T17:06:34.838+0000] {processor.py:186} INFO - Started process (PID=2930) to work on /home/airflow/.local/lib/python3.12/site-packages/airflow/example_dags/tutorial_dag.py
[2026-09-23T17:06:34.840+0000] {processor.py:914} INFO - Processing file /home/airflow/.local/lib/python3.12/site-packages/airflow/example_dags/tutorial_dag.py for tasks to queue
[2026-09-23T17:06:34.843+0000] {logging_mixin.py:190} INFO - [2026-09-23T17:06:34.843+0000] {dagbag.py:588} INFO - Filling up the DagBag from /home/airflow/.local/lib/python3.12/site-packages/airflow/example_dags/tutorial_dag.py
[2026-09-23T17:06:34.860+0000] {processor.py:925} INFO - DAG(s) 'tutorial_dag' retrieved from /home/airflow/.local/lib/python3.12/site-packages/airflow/example_dags/tutorial_dag.py
[2026-09-23T17:06:34.906+0000] {logging_mixin.py:190} INFO - [2026-09-23T17:06:34.905+0000] {dag.py:3239} INFO - Sync 1 DAGs
[2026-09-23T17:06:34.954+0000] {logging_mixin.py:190} INFO - [2026-09-23T17:06:34.954+0000] {dag.py:4180} INFO - Setting next_dagrun for tutorial_dag to None, run_after=None
[2026-09-23T17:06:35.025+0000] {processor.py:208} INFO - Processing /home/airflow/.local/lib/python3.12/site-packages/airflow/example_dags/tutorial_dag.py took 0.197 seconds
[2026-09-23T17:07:05.407+0000] {processor.py:186} INFO - Started process (PID=3004) to work on /home/airflow/.local/lib/python3.12/site-packages/airflow/example_dags/tutorial_dag.py
[2026-09-23T17:07:05.408+0000] {processor.py:914} INFO - Processing file /home/airflow/.local/lib/python3.12/site-packages/airflow/example_dags/tutorial_dag.py for tasks to queue
[2026-09-23T17:07:05.412+0000] {logging_mixin.py:190} INFO - [2026-09-23T17:07:05.411+0000] {dagbag.py:588} INFO - Filling up the DagBag from /home/airflow/.local/lib/python3.12/site-packages/airflow/example_dags/tutorial_dag.py
[2026-09-23T17:07:05.425+0000] {processor.py:925} INFO - DAG(s) 'tutorial_dag' retrieved from /home/airflow/.local/lib/python3.12/site-packages/airflow/example_dags/tutorial_dag.py
[2026-09-23T17:07:05.457+0000] {logging_mixin.py:190} INFO - [2026-09-23T17:07:05.457+0000] {dag.py:3239} INFO - Sync 1 DAGs
[2026-09-23T17:07:05.483+0000] {logging_mixin.py:190} INFO - [2026-09-23T17:07:05.483+0000] {dag.py:4180} INFO - Setting next_dagrun for tutorial_dag to None, run_after=None
[2026-09-23T17:07:05.514+0000] {processor.py:208} INFO - Processing /home/airflow/.local/lib/python3.12/site-packages/airflow/example_dags/tutorial_dag.py took 0.117 seconds
[2026-09-23T17:07:35.850+0000] {processor.py:186} INFO - Started process (PID=3071) to work on /home/airflow/.local/lib/python3.12/site-packages/airflow/example_dags/tutorial_dag.py
[2026-09-23T17:07:35.852+0000] {processor.py:914} INFO - Processing file /home/airflow/.local/lib/python3.12/site-packages/airflow/example_dags/tutorial_dag.py for tasks to queue
[2026-09-23T17:07:35.858+0000] {logging_mixin.py:190} INFO - [2026-09-23T17:07:35.857+0000] {dagbag.py:588} INFO - Filling up the DagBag from /home/airflow/.local/lib/python3.12/site-packages/airflow/example_dags/tutorial_dag.py
[2026-09-23T17:07:35.879+0000] {processor.py:925} INFO - DAG(s) 'tutorial_dag' retrieved from /home/airflow/.local/lib/python3.12/site-packages/airflow/example_dags/tutorial_dag.py
[2026-09-23T17:07:35.921+0000] {logging_mixin.py:190} INFO - [2026-09-23T17:07:35.920+0000] {dag.py:3239} INFO - Sync 1 DAGs
[2026-09-23T17:07:35.976+0000] {logging_mixin.py:190} INFO - [2026-09-23T17:07:35.966+0000] {dag.py:4180} INFO - Setting next_dagrun for tutorial_dag to None, run_after=None
[2026-09-23T17:07:36.028+0000] {processor.py:208} INFO - Processing /home/airflow/.local/lib/python3.12/site-packages/airflow/example_dags/tutorial_dag.py took 0.192 seconds
[2026-09-23T17:08:06.767+0000] {processor.py:186} INFO - Started process (PID=3145) to work on /home/airflow/.local/lib/python3.12/site-packages/airflow/example_dags/tutorial_dag.py
[2026-09-23T17:08:06.768+0000] {processor.py:914} INFO - Processing file /home/airflow/.local/lib/python3.12/site-packages/airflow/example_dags/tutorial_dag.py for tasks to queue
[2026-09-23T17:08:06.772+0000] {logging_mixin.py:190} INFO - [2026-09-23T17:08:06.771+0000] {dagbag.py:588} INFO - Filling up the DagBag from /home/airflow/.local/lib/python3.12/site-packages/airflow/example_dags/tutorial_dag.py
[2026-09-23T17:08:06.790+0000] {processor.py:925} INFO - DAG(s) 'tutorial_dag' retrieved from /home/airflow/.local/lib/python3.12/site-packages/airflow/example_dags/tutorial_dag.py
[2026-09-23T17:08:06.828+0000] {logging_mixin.py:190} INFO - [2026-09-23T17:08:06.828+0000] {dag.py:3239} INFO - Sync 1 DAGs
[2026-09-23T17:08:06.872+0000] {logging_mixin.py:190} INFO - [2026-09-23T17:08:06.871+0000] {dag.py:4180} INFO - Setting next_dagrun for tutorial_dag to None, run_after=None
[2026-09-23T17:08:06.925+0000] {processor.py:208} INFO - Processing /home/airflow/.local/lib/python3.12/site-packages/airflow/example_dags/tutorial_dag.py took 0.169 seconds
[2026-09-23T17:08:37.808+0000] {processor.py:186} INFO - Started process (PID=3218) to work on /home/airflow/.local/lib/python3.12/site-packages/airflow/example_dags/tutorial_dag.py
[2026-09-23T17:08:37.820+0000] {processor.py:914} INFO - Processing file /home/airflow/.local/lib/python3.12/site-packages/airflow/example_dags/tutorial_dag.py for tasks to queue
[2026-09-23T17:08:37.841+0000] {logging_mixin.py:190} INFO - [2026-09-23T17:08:37.840+0000] {dagbag.py:588} INFO - Filling up the DagBag from /home/airflow/.local/lib/python3.12/site-packages/airflow/example_dags/tutorial_dag.py
[2026-09-23T17:08:37.925+0000] {processor.py:925} INFO - DAG(s) 'tutorial_dag' retrieved from /home/airflow/.local/lib/python3.12/site-packages/airflow/example_dags/tutorial_dag.py
[2026-09-23T17:08:38.120+0000] {logging_mixin.py:190} INFO - [2026-09-23T17:08:38.119+0000] {dag.py:3239} INFO - Sync 1 DAGs
[2026-09-23T17:08:38.218+0000] {logging_mixin.py:190} INFO - [2026-09-23T17:08:38.218+0000] {dag.py:4180} INFO - Setting next_dagrun for tutorial_dag to None, run_after=None
[2026-09-23T17:08:38.316+0000] {processor.py:208} INFO - Processing /home/airflow/.local/lib/python3.12/site-packages/airflow/example_dags/tutorial_dag.py took 0.540 seconds
[2026-09-23T17:09:08.403+0000] {processor.py:186} INFO - Started process (PID=3284) to work on /home/airflow/.local/lib/python3.12/site-packages/airflow/example_dags/tutorial_dag.py
[2026-09-23T17:09:08.404+0000] {processor.py:914} INFO - Processing file /home/airflow/.local/lib/python3.12/site-packages/airflow/example_dags/tutorial_dag.py for tasks to queue
[2026-09-23T17:09:08.407+0000] {logging_mixin.py:190} INFO - [2026-09-23T17:09:08.406+0000] {dagbag.py:588} INFO - Filling up the DagBag from /home/airflow/.local/lib/python3.12/site-packages/airflow/example_dags/tutorial_dag.py
[2026-09-23T17:09:08.420+0000] {processor.py:925} INFO - DAG(s) 'tutorial_dag' retrieved from /home/airflow/.local/lib/python3.12/site-packages/airflow/example_dags/tutorial_dag.py
[2026-09-23T17:09:08.448+0000] {logging_mixin.py:190} INFO - [2026-09-23T17:09:08.448+0000] {dag.py:3239} INFO - Sync 1 DAGs
[2026-09-23T17:09:08.475+0000] {logging_mixin.py:190} INFO - [2026-09-23T17:09:08.474+0000] {dag.py:4180} INFO - Setting next_dagrun for tutorial_dag to None, run_after=None
[2026-09-23T17:09:08.498+0000] {processor.py:208} INFO - Processing /home/airflow/.local/lib/python3.12/site-packages/airflow/example_dags/tutorial_dag.py took 0.107 seconds
[2026-09-23T17:09:38.613+0000] {processor.py:186} INFO - Started process (PID=3357) to work on /home/airflow/.local/lib/python3.12/site-packages/airflow/example_dags/tutorial_dag.py
[2026-09-23T17:09:38.615+0000] {processor.py:914} INFO - Processing file /home/airflow/.local/lib/python3.12/site-packages/airflow/example_dags/tutorial_dag.py for tasks to queue
[2026-09-23T17:09:38.621+0000] {logging_mixin.py:190} INFO - [2026-09-23T17:09:38.620+0000] {dagbag.py:588} INFO - Filling up the DagBag from /home/airflow/.local/lib/python3.12/site-packages/airflow/example_dags/tutorial_dag.py
[2026-09-23T17:09:38.637+0000] {processor.py:925} INFO - DAG(s) 'tutorial_dag' retrieved from /home/airflow/.local/lib/python3.12/site-packages/airflow/example_dags/tutorial_dag.py
[2026-09-23T17:09:38.680+0000] {logging_mixin.py:190} INFO - [2026-09-23T17:09:38.679+0000] {dag.py:3239} INFO - Sync 1 DAGs
[2026-09-23T17:09:38.722+0000] {logging_mixin.py:190} INFO - [2026-09-23T17:09:38.722+0000] {dag.py:4180} INFO - Setting next_dagrun for tutorial_dag to None, run_after=None
[2026-09-23T17:09:38.762+0000] {processor.py:208} INFO - Processing /home/airflow/.local/lib/python3.12/site-packages/airflow/example_dags/tutorial_dag.py took 0.164 seconds
[2026-09-23T17:10:09.205+0000] {processor.py:186} INFO - Started process (PID=3426) to work on /home/airflow/.local/lib/python3.12/site-packages/airflow/example_dags/tutorial_dag.py
[2026-09-23T17:10:09.206+0000] {processor.py:914} INFO - Processing file /home/airflow/.local/lib/python3.12/site-packages/airflow/example_dags/tutorial_dag.py for tasks to queue
[2026-09-23T17:10:09.211+0000] {logging_mixin.py:190} INFO - [2026-09-23T17:10:09.210+0000] {dagbag.py:588} INFO - Filling up the DagBag from /home/airflow/.local/lib/python3.12/site-packages/airflow/example_dags/tutorial_dag.py
[2026-09-23T17:10:09.225+0000] {processor.py:925} INFO - DAG(s) 'tutorial_dag' retrieved from /home/airflow/.local/lib/python3.12/site-packages/airflow/example_dags/tutorial_dag.py
[2026-09-23T17:10:09.254+0000] {logging_mixin.py:190} INFO - [2026-09-23T17:10:09.253+0000] {dag.py:3239} INFO - Sync 1 DAGs
[2026-09-23T17:10:09.280+0000] {logging_mixin.py:190} INFO - [2026-09-23T17:10:09.279+0000] {dag.py:4180} INFO - Setting next_dagrun for tutorial_dag to None, run_after=None
[2026-09-23T17:10:09.308+0000] {processor.py:208} INFO - Processing /home/airflow/.local/lib/python3.12/site-packages/airflow/example_dags/tutorial_dag.py took 0.127 seconds
[2026-09-23T17:10:40.125+0000] {processor.py:186} INFO - Started process (PID=3499) to work on /home/airflow/.local/lib/python3.12/site-packages/airflow/example_dags/tutorial_dag.py
[2026-09-23T17:10:40.131+0000] {processor.py:914} INFO - Processing file /home/airflow/.local/lib/python3.12/site-packages/airflow/example_dags/tutorial_dag.py for tasks to queue
[2026-09-23T17:10:40.148+0000] {logging_mixin.py:190} INFO - [2026-09-23T17:10:40.138+0000] {dagbag.py:588} INFO - Filling up the DagBag from /home/airflow/.local/lib/python3.12/site-packages/airflow/example_dags/tutorial_dag.py
[2026-09-23T17:10:40.171+0000] {processor.py:925} INFO - DAG(s) 'tutorial_dag' retrieved from /home/airflow/.local/lib/python3.12/site-packages/airflow/example_dags/tutorial_dag.py
[2026-09-23T17:10:40.258+0000] {logging_mixin.py:190} INFO - [2026-09-23T17:10:40.257+0000] {dag.py:3239} INFO - Sync 1 DAGs
[2026-09-23T17:10:40.370+0000] {logging_mixin.py:190} INFO - [2026-09-23T17:10:40.370+0000] {dag.py:4180} INFO - Setting next_dagrun for tutorial_dag to None, run_after=None
[2026-09-23T17:10:40.489+0000] {processor.py:208} INFO - Processing /home/airflow/.local/lib/python3.12/site-packages/airflow/example_dags/tutorial_dag.py took 0.377 seconds
[2026-09-23T17:11:10.615+0000] {processor.py:186} INFO - Started process (PID=3564) to work on /home/airflow/.local/lib/python3.12/site-packages/airflow/example_dags/tutorial_dag.py
[2026-09-23T17:11:10.616+0000] {processor.py:914} INFO - Processing file /home/airflow/.local/lib/python3.12/site-packages/airflow/example_dags/tutorial_dag.py for tasks to queue
[2026-09-23T17:11:10.620+0000] {logging_mixin.py:190} INFO - [2026-09-23T17:11:10.620+0000] {dagbag.py:588} INFO - Filling up the DagBag from /home/airflow/.local/lib/python3.12/site-packages/airflow/example_dags/tutorial_dag.py
[2026-09-23T17:11:10.637+0000] {processor.py:925} INFO - DAG(s) 'tutorial_dag' retrieved from /home/airflow/.local/lib/python3.12/site-packages/airflow/example_dags/tutorial_dag.py
[2026-09-23T17:11:10.718+0000] {logging_mixin.py:190} INFO - [2026-09-23T17:11:10.718+0000] {dag.py:3239} INFO - Sync 1 DAGs
[2026-09-23T17:11:10.762+0000] {logging_mixin.py:190} INFO - [2026-09-23T17:11:10.762+0000] {dag.py:4180} INFO - Setting next_dagrun for tutorial_dag to None, run_after=None
[2026-09-23T17:11:10.819+0000] {processor.py:208} INFO - Processing /home/airflow/.local/lib/python3.12/site-packages/airflow/example_dags/tutorial_dag.py took 0.214 seconds
[2026-09-23T17:11:41.421+0000] {processor.py:186} INFO - Started process (PID=3637) to work on /home/airflow/.local/lib/python3.12/site-packages/airflow/example_dags/tutorial_dag.py
[2026-09-23T17:11:41.423+0000] {processor.py:914} INFO - Processing file /home/airflow/.local/lib/python3.12/site-packages/airflow/example_dags/tutorial_dag.py for tasks to queue
[2026-09-23T17:11:41.426+0000] {logging_mixin.py:190} INFO - [2026-09-23T17:11:41.426+0000] {dagbag.py:588} INFO - Filling up the DagBag from /home/airflow/.local/lib/python3.12/site-packages/airflow/example_dags/tutorial_dag.py
[2026-09-23T17:11:41.440+0000] {processor.py:925} INFO - DAG(s) 'tutorial_dag' retrieved from /home/airflow/.local/lib/python3.12/site-packages/airflow/example_dags/tutorial_dag.py
[2026-09-23T17:11:41.465+0000] {logging_mixin.py:190} INFO - [2026-09-23T17:11:41.465+0000] {dag.py:3239} INFO - Sync 1 DAGs
[2026-09-23T17:11:41.487+0000] {logging_mixin.py:190} INFO - [2026-09-23T17:11:41.487+0000] {dag.py:4180} INFO - Setting next_dagrun for tutorial_dag to None, run_after=None
[2026-09-23T17:11:41.509+0000] {processor.py:208} INFO - Processing /home/airflow/.local/lib/python3.12/site-packages/airflow/example_dags/tutorial_dag.py took 0.099 seconds
[2026-09-23T17:12:12.431+0000] {processor.py:186} INFO - Started process (PID=3711) to work on /home/airflow/.local/lib/python3.12/site-packages/airflow/example_dags/tutorial_dag.py
[2026-09-23T17:12:12.432+0000] {processor.py:914} INFO - Processing file /home/airflow/.local/lib/python3.12/site-packages/airflow/example_dags/tutorial_dag.py for tasks to queue
[2026-09-23T17:12:12.438+0000] {logging_mixin.py:190} INFO - [2026-09-23T17:12:12.438+0000] {dagbag.py:588} INFO - Filling up the DagBag from /home/airflow/.local/lib/python3.12/site-packages/airflow/example_dags/tutorial_dag.py
[2026-09-23T17:12:12.466+0000] {processor.py:925} INFO - DAG(s) 'tutorial_dag' retrieved from /home/airflow/.local/lib/python3.12/site-packages/airflow/example_dags/tutorial_dag.py
[2026-09-23T17:12:12.507+0000] {logging_mixin.py:190} INFO - [2026-09-23T17:12:12.507+0000] {dag.py:3239} INFO - Sync 1 DAGs
[2026-09-23T17:12:12.534+0000] {logging_mixin.py:190} INFO - [2026-09-23T17:12:12.534+0000] {dag.py:4180} INFO - Setting next_dagrun for tutorial_dag to None, run_after=None
[2026-09-23T17:12:12.609+0000] {processor.py:208} INFO - Processing /home/airflow/.local/lib/python3.12/site-packages/airflow/example_dags/tutorial_dag.py took 0.205 seconds
[2026-09-23T17:12:42.801+0000] {processor.py:186} INFO - Started process (PID=3782) to work on /home/airflow/.local/lib/python3.12/site-packages/airflow/example_dags/tutorial_dag.py
[2026-09-23T17:12:42.807+0000] {processor.py:914} INFO - Processing file /home/airflow/.local/lib/python3.12/site-packages/airflow/example_dags/tutorial_dag.py for tasks to queue
[2026-09-23T17:12:42.813+0000] {logging_mixin.py:190} INFO - [2026-09-23T17:12:42.812+0000] {dagbag.py:588} INFO - Filling up the DagBag from /home/airflow/.local/lib/python3.12/site-packages/airflow/example_dags/tutorial_dag.py
[2026-09-23T17:12:42.847+0000] {processor.py:925} INFO - DAG(s) 'tutorial_dag' retrieved from /home/airflow/.local/lib/python3.12/site-packages/airflow/example_dags/tutorial_dag.py
[2026-09-23T17:12:42.913+0000] {logging_mixin.py:190} INFO - [2026-09-23T17:12:42.913+0000] {dag.py:3239} INFO - Sync 1 DAGs
[2026-09-23T17:12:42.964+0000] {logging_mixin.py:190} INFO - [2026-09-23T17:12:42.964+0000] {dag.py:4180} INFO - Setting next_dagrun for tutorial_dag to None, run_after=None
[2026-09-23T17:12:43.020+0000] {processor.py:208} INFO - Processing /home/airflow/.local/lib/python3.12/site-packages/airflow/example_dags/tutorial_dag.py took 0.237 seconds
[2026-09-23T17:13:13.790+0000] {processor.py:186} INFO - Started process (PID=3849) to work on /home/airflow/.local/lib/python3.12/site-packages/airflow/example_dags/tutorial_dag.py
[2026-09-23T17:13:13.795+0000] {processor.py:914} INFO - Processing file /home/airflow/.local/lib/python3.12/site-packages/airflow/example_dags/tutorial_dag.py for tasks to queue
[2026-09-23T17:13:13.800+0000] {logging_mixin.py:190} INFO - [2026-09-23T17:13:13.797+0000] {dagbag.py:588} INFO - Filling up the DagBag from /home/airflow/.local/lib/python3.12/site-packages/airflow/example_dags/tutorial_dag.py
[2026-09-23T17:13:13.818+0000] {processor.py:925} INFO - DAG(s) 'tutorial_dag' retrieved from /home/airflow/.local/lib/python3.12/site-packages/airflow/example_dags/tutorial_dag.py
[2026-09-23T17:13:13.870+0000] {logging_mixin.py:190} INFO - [2026-09-23T17:13:13.870+0000] {dag.py:3239} INFO - Sync 1 DAGs
[2026-09-23T17:13:13.898+0000] {logging_mixin.py:190} INFO - [2026-09-23T17:13:13.898+0000] {dag.py:4180} INFO - Setting next_dagrun for tutorial_dag to None, run_after=None
[2026-09-23T17:13:13.949+0000] {processor.py:208} INFO - Processing /home/airflow/.local/lib/python3.12/site-packages/airflow/example_dags/tutorial_dag.py took 0.184 seconds
[2026-09-23T17:13:45.139+0000] {processor.py:186} INFO - Started process (PID=3923) to work on /home/airflow/.local/lib/python3.12/site-packages/airflow/example_dags/tutorial_dag.py
[2026-09-23T17:13:45.143+0000] {processor.py:914} INFO - Processing file /home/airflow/.local/lib/python3.12/site-packages/airflow/example_dags/tutorial_dag.py for tasks to queue
[2026-09-23T17:13:45.152+0000] {logging_mixin.py:190} INFO - [2026-09-23T17:13:45.151+0000] {dagbag.py:588} INFO - Filling up the DagBag from /home/airflow/.local/lib/python3.12/site-packages/airflow/example_dags/tutorial_dag.py
[2026-09-23T17:13:45.196+0000] {processor.py:925} INFO - DAG(s) 'tutorial_dag' retrieved from /home/airflow/.local/lib/python3.12/site-packages/airflow/example_dags/tutorial_dag.py
[2026-09-23T17:13:45.360+0000] {logging_mixin.py:190} INFO - [2026-09-23T17:13:45.359+0000] {dag.py:3239} INFO - Sync 1 DAGs
[2026-09-23T17:13:45.524+0000] {logging_mixin.py:190} INFO - [2026-09-23T17:13:45.524+0000] {dag.py:4180} INFO - Setting next_dagrun for tutorial_dag to None, run_after=None
[2026-09-23T17:13:45.789+0000] {processor.py:208} INFO - Processing /home/airflow/.local/lib/python3.12/site-packages/airflow/example_dags/tutorial_dag.py took 0.661 seconds
[2026-09-23T17:14:15.956+0000] {processor.py:186} INFO - Started process (PID=3989) to work on /home/airflow/.local/lib/python3.12/site-packages/airflow/example_dags/tutorial_dag.py
[2026-09-23T17:14:15.961+0000] {processor.py:914} INFO - Processing file /home/airflow/.local/lib/python3.12/site-packages/airflow/example_dags/tutorial_dag.py for tasks to queue
[2026-09-23T17:14:15.965+0000] {logging_mixin.py:190} INFO - [2026-09-23T17:14:15.964+0000] {dagbag.py:588} INFO - Filling up the DagBag from /home/airflow/.local/lib/python3.12/site-packages/airflow/example_dags/tutorial_dag.py
[2026-09-23T17:14:15.981+0000] {processor.py:925} INFO - DAG(s) 'tutorial_dag' retrieved from /home/airflow/.local/lib/python3.12/site-packages/airflow/example_dags/tutorial_dag.py
[2026-09-23T17:14:16.032+0000] {logging_mixin.py:190} INFO - [2026-09-23T17:14:16.032+0000] {dag.py:3239} INFO - Sync 1 DAGs
[2026-09-23T17:14:16.101+0000] {logging_mixin.py:190} INFO - [2026-09-23T17:14:16.096+0000] {dag.py:4180} INFO - Setting next_dagrun for tutorial_dag to None, run_after=None
[2026-09-23T17:14:16.169+0000] {processor.py:208} INFO - Processing /home/airflow/.local/lib/python3.12/site-packages/airflow/example_dags/tutorial_dag.py took 0.225 seconds
[2026-09-23T17:14:46.838+0000] {processor.py:186} INFO - Started process (PID=4059) to work on /home/airflow/.local/lib/python3.12/site-packages/airflow/example_dags/tutorial_dag.py
[2026-09-23T17:14:46.845+0000] {processor.py:914} INFO - Processing file /home/airflow/.local/lib/python3.12/site-packages/airflow/example_dags/tutorial_dag.py for tasks to queue
[2026-09-23T17:14:46.859+0000] {logging_mixin.py:190} INFO - [2026-09-23T17:14:46.856+0000] {dagbag.py:588} INFO - Filling up the DagBag from /home/airflow/.local/lib/python3.12/site-packages/airflow/example_dags/tutorial_dag.py
[2026-09-23T17:14:46.942+0000] {processor.py:925} INFO - DAG(s) 'tutorial_dag' retrieved from /home/airflow/.local/lib/python3.12/site-packages/airflow/example_dags/tutorial_dag.py
[2026-09-23T17:14:47.083+0000] {logging_mixin.py:190} INFO - [2026-09-23T17:14:47.082+0000] {dag.py:3239} INFO - Sync 1 DAGs
[2026-09-23T17:14:47.116+0000] {logging_mixin.py:190} INFO - [2026-09-23T17:14:47.116+0000] {dag.py:4180} INFO - Setting next_dagrun for tutorial_dag to None, run_after=None
[2026-09-23T17:14:47.180+0000] {processor.py:208} INFO - Processing /home/airflow/.local/lib/python3.12/site-packages/airflow/example_dags/tutorial_dag.py took 0.428 seconds
[2026-09-23T17:15:17.744+0000] {processor.py:186} INFO - Started process (PID=4132) to work on /home/airflow/.local/lib/python3.12/site-packages/airflow/example_dags/tutorial_dag.py
[2026-09-23T17:15:17.746+0000] {processor.py:914} INFO - Processing file /home/airflow/.local/lib/python3.12/site-packages/airflow/example_dags/tutorial_dag.py for tasks to queue
[2026-09-23T17:15:17.749+0000] {logging_mixin.py:190} INFO - [2026-09-23T17:15:17.749+0000] {dagbag.py:588} INFO - Filling up the DagBag from /home/airflow/.local/lib/python3.12/site-packages/airflow/example_dags/tutorial_dag.py
[2026-09-23T17:15:17.764+0000] {processor.py:925} INFO - DAG(s) 'tutorial_dag' retrieved from /home/airflow/.local/lib/python3.12/site-packages/airflow/example_dags/tutorial_dag.py
[2026-09-23T17:15:17.803+0000] {logging_mixin.py:190} INFO - [2026-09-23T17:15:17.802+0000] {dag.py:3239} INFO - Sync 1 DAGs
[2026-09-23T17:15:17.838+0000] {logging_mixin.py:190} INFO - [2026-09-23T17:15:17.837+0000] {dag.py:4180} INFO - Setting next_dagrun for tutorial_dag to None, run_after=None
[2026-09-23T17:15:17.890+0000] {processor.py:208} INFO - Processing /home/airflow/.local/lib/python3.12/site-packages/airflow/example_dags/tutorial_dag.py took 0.168 seconds
[2026-09-23T17:15:48.583+0000] {processor.py:186} INFO - Started process (PID=4199) to work on /home/airflow/.local/lib/python3.12/site-packages/airflow/example_dags/tutorial_dag.py
[2026-09-23T17:15:48.585+0000] {processor.py:914} INFO - Processing file /home/airflow/.local/lib/python3.12/site-packages/airflow/example_dags/tutorial_dag.py for tasks to queue
[2026-09-23T17:15:48.590+0000] {logging_mixin.py:190} INFO - [2026-09-23T17:15:48.590+0000] {dagbag.py:588} INFO - Filling up the DagBag from /home/airflow/.local/lib/python3.12/site-packages/airflow/example_dags/tutorial_dag.py
[2026-09-23T17:15:48.609+0000] {processor.py:925} INFO - DAG(s) 'tutorial_dag' retrieved from /home/airflow/.local/lib/python3.12/site-packages/airflow/example_dags/tutorial_dag.py
[2026-09-23T17:15:48.649+0000] {logging_mixin.py:190} INFO - [2026-09-23T17:15:48.649+0000] {dag.py:3239} INFO - Sync 1 DAGs
[2026-09-23T17:15:48.688+0000] {logging_mixin.py:190} INFO - [2026-09-23T17:15:48.687+0000] {dag.py:4180} INFO - Setting next_dagrun for tutorial_dag to None, run_after=None
[2026-09-23T17:15:48.750+0000] {processor.py:208} INFO - Processing /home/airflow/.local/lib/python3.12/site-packages/airflow/example_dags/tutorial_dag.py took 0.187 seconds
[2026-09-23T17:16:19.331+0000] {processor.py:186} INFO - Started process (PID=4272) to work on /home/airflow/.local/lib/python3.12/site-packages/airflow/example_dags/tutorial_dag.py
[2026-09-23T17:16:19.334+0000] {processor.py:914} INFO - Processing file /home/airflow/.local/lib/python3.12/site-packages/airflow/example_dags/tutorial_dag.py for tasks to queue
[2026-09-23T17:16:19.347+0000] {logging_mixin.py:190} INFO - [2026-09-23T17:16:19.347+0000] {dagbag.py:588} INFO - Filling up the DagBag from /home/airflow/.local/lib/python3.12/site-packages/airflow/example_dags/tutorial_dag.py
[2026-09-23T17:16:19.412+0000] {processor.py:925} INFO - DAG(s) 'tutorial_dag' retrieved from /home/airflow/.local/lib/python3.12/site-packages/airflow/example_dags/tutorial_dag.py
[2026-09-23T17:16:19.634+0000] {logging_mixin.py:190} INFO - [2026-09-23T17:16:19.633+0000] {dag.py:3239} INFO - Sync 1 DAGs
[2026-09-23T17:16:19.682+0000] {logging_mixin.py:190} INFO - [2026-09-23T17:16:19.680+0000] {dag.py:4180} INFO - Setting next_dagrun for tutorial_dag to None, run_after=None
[2026-09-23T17:16:19.764+0000] {processor.py:208} INFO - Processing /home/airflow/.local/lib/python3.12/site-packages/airflow/example_dags/tutorial_dag.py took 0.486 seconds
[2026-09-23T17:16:50.300+0000] {processor.py:186} INFO - Started process (PID=4335) to work on /home/airflow/.local/lib/python3.12/site-packages/airflow/example_dags/tutorial_dag.py
[2026-09-23T17:16:50.305+0000] {processor.py:914} INFO - Processing file /home/airflow/.local/lib/python3.12/site-packages/airflow/example_dags/tutorial_dag.py for tasks to queue
[2026-09-23T17:16:50.309+0000] {logging_mixin.py:190} INFO - [2026-09-23T17:16:50.308+0000] {dagbag.py:588} INFO - Filling up the DagBag from /home/airflow/.local/lib/python3.12/site-packages/airflow/example_dags/tutorial_dag.py
[2026-09-23T17:16:50.333+0000] {processor.py:925} INFO - DAG(s) 'tutorial_dag' retrieved from /home/airflow/.local/lib/python3.12/site-packages/airflow/example_dags/tutorial_dag.py
[2026-09-23T17:16:50.389+0000] {logging_mixin.py:190} INFO - [2026-09-23T17:16:50.388+0000] {dag.py:3239} INFO - Sync 1 DAGs
[2026-09-23T17:16:50.446+0000] {logging_mixin.py:190} INFO - [2026-09-23T17:16:50.445+0000] {dag.py:4180} INFO - Setting next_dagrun for tutorial_dag to None, run_after=None
[2026-09-23T17:16:50.507+0000] {processor.py:208} INFO - Processing /home/airflow/.local/lib/python3.12/site-packages/airflow/example_dags/tutorial_dag.py took 0.226 seconds
[2026-09-23T17:17:21.054+0000] {processor.py:186} INFO - Started process (PID=4409) to work on /home/airflow/.local/lib/python3.12/site-packages/airflow/example_dags/tutorial_dag.py
[2026-09-23T17:17:21.055+0000] {processor.py:914} INFO - Processing file /home/airflow/.local/lib/python3.12/site-packages/airflow/example_dags/tutorial_dag.py for tasks to queue
[2026-09-23T17:17:21.062+0000] {logging_mixin.py:190} INFO - [2026-09-23T17:17:21.062+0000] {dagbag.py:588} INFO - Filling up the DagBag from /home/airflow/.local/lib/python3.12/site-packages/airflow/example_dags/tutorial_dag.py
[2026-09-23T17:17:21.076+0000] {processor.py:925} INFO - DAG(s) 'tutorial_dag' retrieved from /home/airflow/.local/lib/python3.12/site-packages/airflow/example_dags/tutorial_dag.py
[2026-09-23T17:17:21.115+0000] {logging_mixin.py:190} INFO - [2026-09-23T17:17:21.115+0000] {dag.py:3239} INFO - Sync 1 DAGs
[2026-09-23T17:17:21.162+0000] {logging_mixin.py:190} INFO - [2026-09-23T17:17:21.162+0000] {dag.py:4180} INFO - Setting next_dagrun for tutorial_dag to None, run_after=None
[2026-09-23T17:17:21.191+0000] {processor.py:208} INFO - Processing /home/airflow/.local/lib/python3.12/site-packages/airflow/example_dags/tutorial_dag.py took 0.149 seconds
[2026-09-23T17:17:52.660+0000] {processor.py:186} INFO - Started process (PID=4475) to work on /home/airflow/.local/lib/python3.12/site-packages/airflow/example_dags/tutorial_dag.py
[2026-09-23T17:17:52.662+0000] {processor.py:914} INFO - Processing file /home/airflow/.local/lib/python3.12/site-packages/airflow/example_dags/tutorial_dag.py for tasks to queue
[2026-09-23T17:17:52.666+0000] {logging_mixin.py:190} INFO - [2026-09-23T17:17:52.665+0000] {dagbag.py:588} INFO - Filling up the DagBag from /home/airflow/.local/lib/python3.12/site-packages/airflow/example_dags/tutorial_dag.py
[2026-09-23T17:17:52.682+0000] {processor.py:925} INFO - DAG(s) 'tutorial_dag' retrieved from /home/airflow/.local/lib/python3.12/site-packages/airflow/example_dags/tutorial_dag.py
[2026-09-23T17:17:52.789+0000] {logging_mixin.py:190} INFO - [2026-09-23T17:17:52.788+0000] {dag.py:3239} INFO - Sync 1 DAGs
[2026-09-23T17:17:52.896+0000] {logging_mixin.py:190} INFO - [2026-09-23T17:17:52.895+0000] {dag.py:4180} INFO - Setting next_dagrun for tutorial_dag to None, run_after=None
[2026-09-23T17:17:53.029+0000] {processor.py:208} INFO - Processing /home/airflow/.local/lib/python3.12/site-packages/airflow/example_dags/tutorial_dag.py took 0.400 seconds
[2026-09-23T17:18:23.239+0000] {processor.py:186} INFO - Started process (PID=4548) to work on /home/airflow/.local/lib/python3.12/site-packages/airflow/example_dags/tutorial_dag.py
[2026-09-23T17:18:23.248+0000] {processor.py:914} INFO - Processing file /home/airflow/.local/lib/python3.12/site-packages/airflow/example_dags/tutorial_dag.py for tasks to queue
[2026-09-23T17:18:23.273+0000] {logging_mixin.py:190} INFO - [2026-09-23T17:18:23.261+0000] {dagbag.py:588} INFO - Filling up the DagBag from /home/airflow/.local/lib/python3.12/site-packages/airflow/example_dags/tutorial_dag.py
[2026-09-23T17:18:23.348+0000] {processor.py:925} INFO - DAG(s) 'tutorial_dag' retrieved from /home/airflow/.local/lib/python3.12/site-packages/airflow/example_dags/tutorial_dag.py
[2026-09-23T17:18:23.422+0000] {logging_mixin.py:190} INFO - [2026-09-23T17:18:23.422+0000] {dag.py:3239} INFO - Sync 1 DAGs
[2026-09-23T17:18:23.568+0000] {logging_mixin.py:190} INFO - [2026-09-23T17:18:23.568+0000] {dag.py:4180} INFO - Setting next_dagrun for tutorial_dag to None, run_after=None
[2026-09-23T17:18:23.779+0000] {processor.py:208} INFO - Processing /home/airflow/.local/lib/python3.12/site-packages/airflow/example_dags/tutorial_dag.py took 0.576 seconds
[2026-09-23T17:18:54.808+0000] {processor.py:186} INFO - Started process (PID=4620) to work on /home/airflow/.local/lib/python3.12/site-packages/airflow/example_dags/tutorial_dag.py
[2026-09-23T17:18:54.810+0000] {processor.py:914} INFO - Processing file /home/airflow/.local/lib/python3.12/site-packages/airflow/example_dags/tutorial_dag.py for tasks to queue
[2026-09-23T17:18:54.821+0000] {logging_mixin.py:190} INFO - [2026-09-23T17:18:54.817+0000] {dagbag.py:588} INFO - Filling up the DagBag from /home/airflow/.local/lib/python3.12/site-packages/airflow/example_dags/tutorial_dag.py
[2026-09-23T17:18:54.837+0000] {processor.py:925} INFO - DAG(s) 'tutorial_dag' retrieved from /home/airflow/.local/lib/python3.12/site-packages/airflow/example_dags/tutorial_dag.py
[2026-09-23T17:18:54.907+0000] {logging_mixin.py:190} INFO - [2026-09-23T17:18:54.905+0000] {dag.py:3239} INFO - Sync 1 DAGs
[2026-09-23T17:18:54.942+0000] {logging_mixin.py:190} INFO - [2026-09-23T17:18:54.940+0000] {dag.py:4180} INFO - Setting next_dagrun for tutorial_dag to None, run_after=None
[2026-09-23T17:18:55.001+0000] {processor.py:208} INFO - Processing /home/airflow/.local/lib/python3.12/site-packages/airflow/example_dags/tutorial_dag.py took 0.207 seconds
[2026-09-23T17:19:25.089+0000] {processor.py:186} INFO - Started process (PID=4693) to work on /home/airflow/.local/lib/python3.12/site-packages/airflow/example_dags/tutorial_dag.py
[2026-09-23T17:19:25.090+0000] {processor.py:914} INFO - Processing file /home/airflow/.local/lib/python3.12/site-packages/airflow/example_dags/tutorial_dag.py for tasks to queue
[2026-09-23T17:19:25.093+0000] {logging_mixin.py:190} INFO - [2026-09-23T17:19:25.093+0000] {dagbag.py:588} INFO - Filling up the DagBag from /home/airflow/.local/lib/python3.12/site-packages/airflow/example_dags/tutorial_dag.py
[2026-09-23T17:19:25.105+0000] {processor.py:925} INFO - DAG(s) 'tutorial_dag' retrieved from /home/airflow/.local/lib/python3.12/site-packages/airflow/example_dags/tutorial_dag.py
[2026-09-23T17:19:25.131+0000] {logging_mixin.py:190} INFO - [2026-09-23T17:19:25.131+0000] {dag.py:3239} INFO - Sync 1 DAGs
[2026-09-23T17:19:25.153+0000] {logging_mixin.py:190} INFO - [2026-09-23T17:19:25.152+0000] {dag.py:4180} INFO - Setting next_dagrun for tutorial_dag to None, run_after=None
[2026-09-23T17:19:25.174+0000] {processor.py:208} INFO - Processing /home/airflow/.local/lib/python3.12/site-packages/airflow/example_dags/tutorial_dag.py took 0.093 seconds
[2026-09-23T17:19:55.662+0000] {processor.py:186} INFO - Started process (PID=4760) to work on /home/airflow/.local/lib/python3.12/site-packages/airflow/example_dags/tutorial_dag.py
[2026-09-23T17:19:55.664+0000] {processor.py:914} INFO - Processing file /home/airflow/.local/lib/python3.12/site-packages/airflow/example_dags/tutorial_dag.py for tasks to queue
[2026-09-23T17:19:55.667+0000] {logging_mixin.py:190} INFO - [2026-09-23T17:19:55.667+0000] {dagbag.py:588} INFO - Filling up the DagBag from /home/airflow/.local/lib/python3.12/site-packages/airflow/example_dags/tutorial_dag.py
[2026-09-23T17:19:55.678+0000] {processor.py:925} INFO - DAG(s) 'tutorial_dag' retrieved from /home/airflow/.local/lib/python3.12/site-packages/airflow/example_dags/tutorial_dag.py
[2026-09-23T17:19:55.703+0000] {logging_mixin.py:190} INFO - [2026-09-23T17:19:55.702+0000] {dag.py:3239} INFO - Sync 1 DAGs
[2026-09-23T17:19:55.726+0000] {logging_mixin.py:190} INFO - [2026-09-23T17:19:55.726+0000] {dag.py:4180} INFO - Setting next_dagrun for tutorial_dag to None, run_after=None
[2026-09-23T17:19:55.749+0000] {processor.py:208} INFO - Processing /home/airflow/.local/lib/python3.12/site-packages/airflow/example_dags/tutorial_dag.py took 0.097 seconds
[2026-09-23T17:20:25.884+0000] {processor.py:186} INFO - Started process (PID=4834) to work on /home/airflow/.local/lib/python3.12/site-packages/airflow/example_dags/tutorial_dag.py
[2026-09-23T17:20:25.886+0000] {processor.py:914} INFO - Processing file /home/airflow/.local/lib/python3.12/site-packages/airflow/example_dags/tutorial_dag.py for tasks to queue
[2026-09-23T17:20:25.891+0000] {logging_mixin.py:190} INFO - [2026-09-23T17:20:25.891+0000] {dagbag.py:588} INFO - Filling up the DagBag from /home/airflow/.local/lib/python3.12/site-packages/airflow/example_dags/tutorial_dag.py
[2026-09-23T17:20:25.910+0000] {processor.py:925} INFO - DAG(s) 'tutorial_dag' retrieved from /home/airflow/.local/lib/python3.12/site-packages/airflow/example_dags/tutorial_dag.py
[2026-09-23T17:20:25.967+0000] {logging_mixin.py:190} INFO - [2026-09-23T17:20:25.967+0000] {dag.py:3239} INFO - Sync 1 DAGs
[2026-09-23T17:20:26.237+0000] {logging_mixin.py:190} INFO - [2026-09-23T17:20:26.236+0000] {dag.py:4180} INFO - Setting next_dagrun for tutorial_dag to None, run_after=None
[2026-09-23T17:20:26.259+0000] {processor.py:208} INFO - Processing /home/airflow/.local/lib/python3.12/site-packages/airflow/example_dags/tutorial_dag.py took 0.386 seconds
[2026-09-23T17:20:56.623+0000] {processor.py:186} INFO - Started process (PID=4908) to work on /home/airflow/.local/lib/python3.12/site-packages/airflow/example_dags/tutorial_dag.py
[2026-09-23T17:20:56.628+0000] {processor.py:914} INFO - Processing file /home/airflow/.local/lib/python3.12/site-packages/airflow/example_dags/tutorial_dag.py for tasks to queue
[2026-09-23T17:20:56.641+0000] {logging_mixin.py:190} INFO - [2026-09-23T17:20:56.638+0000] {dagbag.py:588} INFO - Filling up the DagBag from /home/airflow/.local/lib/python3.12/site-packages/airflow/example_dags/tutorial_dag.py
[2026-09-23T17:20:56.687+0000] {processor.py:925} INFO - DAG(s) 'tutorial_dag' retrieved from /home/airflow/.local/lib/python3.12/site-packages/airflow/example_dags/tutorial_dag.py
[2026-09-23T17:20:56.759+0000] {logging_mixin.py:190} INFO - [2026-09-23T17:20:56.758+0000] {dag.py:3239} INFO - Sync 1 DAGs
[2026-09-23T17:20:56.817+0000] {logging_mixin.py:190} INFO - [2026-09-23T17:20:56.817+0000] {dag.py:4180} INFO - Setting next_dagrun for tutorial_dag to None, run_after=None
[2026-09-23T17:20:56.857+0000] {processor.py:208} INFO - Processing /home/airflow/.local/lib/python3.12/site-packages/airflow/example_dags/tutorial_dag.py took 0.279 seconds
[2026-09-23T17:21:27.342+0000] {processor.py:186} INFO - Started process (PID=4980) to work on /home/airflow/.local/lib/python3.12/site-packages/airflow/example_dags/tutorial_dag.py
[2026-09-23T17:21:27.347+0000] {processor.py:914} INFO - Processing file /home/airflow/.local/lib/python3.12/site-packages/airflow/example_dags/tutorial_dag.py for tasks to queue
[2026-09-23T17:21:27.356+0000] {logging_mixin.py:190} INFO - [2026-09-23T17:21:27.356+0000] {dagbag.py:588} INFO - Filling up the DagBag from /home/airflow/.local/lib/python3.12/site-packages/airflow/example_dags/tutorial_dag.py
[2026-09-23T17:21:27.406+0000] {processor.py:925} INFO - DAG(s) 'tutorial_dag' retrieved from /home/airflow/.local/lib/python3.12/site-packages/airflow/example_dags/tutorial_dag.py
[2026-09-23T17:21:27.551+0000] {logging_mixin.py:190} INFO - [2026-09-23T17:21:27.548+0000] {dag.py:3239} INFO - Sync 1 DAGs
[2026-09-23T17:21:27.646+0000] {logging_mixin.py:190} INFO - [2026-09-23T17:21:27.646+0000] {dag.py:4180} INFO - Setting next_dagrun for tutorial_dag to None, run_after=None
[2026-09-23T17:21:27.782+0000] {processor.py:208} INFO - Processing /home/airflow/.local/lib/python3.12/site-packages/airflow/example_dags/tutorial_dag.py took 0.459 seconds
[2026-09-23T17:21:57.942+0000] {processor.py:186} INFO - Started process (PID=5053) to work on /home/airflow/.local/lib/python3.12/site-packages/airflow/example_dags/tutorial_dag.py
[2026-09-23T17:21:57.946+0000] {processor.py:914} INFO - Processing file /home/airflow/.local/lib/python3.12/site-packages/airflow/example_dags/tutorial_dag.py for tasks to queue
[2026-09-23T17:21:57.951+0000] {logging_mixin.py:190} INFO - [2026-09-23T17:21:57.950+0000] {dagbag.py:588} INFO - Filling up the DagBag from /home/airflow/.local/lib/python3.12/site-packages/airflow/example_dags/tutorial_dag.py
[2026-09-23T17:21:57.966+0000] {processor.py:925} INFO - DAG(s) 'tutorial_dag' retrieved from /home/airflow/.local/lib/python3.12/site-packages/airflow/example_dags/tutorial_dag.py
[2026-09-23T17:21:58.040+0000] {logging_mixin.py:190} INFO - [2026-09-23T17:21:58.040+0000] {dag.py:3239} INFO - Sync 1 DAGs
[2026-09-23T17:21:58.183+0000] {logging_mixin.py:190} INFO - [2026-09-23T17:21:58.182+0000] {dag.py:4180} INFO - Setting next_dagrun for tutorial_dag to None, run_after=None
[2026-09-23T17:21:58.284+0000] {processor.py:208} INFO - Processing /home/airflow/.local/lib/python3.12/site-packages/airflow/example_dags/tutorial_dag.py took 0.373 seconds
[2026-09-23T17:22:28.612+0000] {processor.py:186} INFO - Started process (PID=5120) to work on /home/airflow/.local/lib/python3.12/site-packages/airflow/example_dags/tutorial_dag.py
[2026-09-23T17:22:28.622+0000] {processor.py:914} INFO - Processing file /home/airflow/.local/lib/python3.12/site-packages/airflow/example_dags/tutorial_dag.py for tasks to queue
[2026-09-23T17:22:28.634+0000] {logging_mixin.py:190} INFO - [2026-09-23T17:22:28.632+0000] {dagbag.py:588} INFO - Filling up the DagBag from /home/airflow/.local/lib/python3.12/site-packages/airflow/example_dags/tutorial_dag.py
[2026-09-23T17:22:28.649+0000] {processor.py:925} INFO - DAG(s) 'tutorial_dag' retrieved from /home/airflow/.local/lib/python3.12/site-packages/airflow/example_dags/tutorial_dag.py
[2026-09-23T17:22:28.683+0000] {logging_mixin.py:190} INFO - [2026-09-23T17:22:28.682+0000] {dag.py:3239} INFO - Sync 1 DAGs
[2026-09-23T17:22:28.718+0000] {logging_mixin.py:190} INFO - [2026-09-23T17:22:28.717+0000] {dag.py:4180} INFO - Setting next_dagrun for tutorial_dag to None, run_after=None
[2026-09-23T17:22:28.762+0000] {processor.py:208} INFO - Processing /home/airflow/.local/lib/python3.12/site-packages/airflow/example_dags/tutorial_dag.py took 0.173 seconds
[2026-09-23T17:22:59.023+0000] {processor.py:186} INFO - Started process (PID=5192) to work on /home/airflow/.local/lib/python3.12/site-packages/airflow/example_dags/tutorial_dag.py
[2026-09-23T17:22:59.026+0000] {processor.py:914} INFO - Processing file /home/airflow/.local/lib/python3.12/site-packages/airflow/example_dags/tutorial_dag.py for tasks to queue
[2026-09-23T17:22:59.032+0000] {logging_mixin.py:190} INFO - [2026-09-23T17:22:59.032+0000] {dagbag.py:588} INFO - Filling up the DagBag from /home/airflow/.local/lib/python3.12/site-packages/airflow/example_dags/tutorial_dag.py
[2026-09-23T17:22:59.049+0000] {processor.py:925} INFO - DAG(s) 'tutorial_dag' retrieved from /home/airflow/.local/lib/python3.12/site-packages/airflow/example_dags/tutorial_dag.py
[2026-09-23T17:22:59.078+0000] {logging_mixin.py:190} INFO - [2026-09-23T17:22:59.077+0000] {dag.py:3239} INFO - Sync 1 DAGs
[2026-09-23T17:22:59.100+0000] {logging_mixin.py:190} INFO - [2026-09-23T17:22:59.100+0000] {dag.py:4180} INFO - Setting next_dagrun for tutorial_dag to None, run_after=None
[2026-09-23T17:22:59.128+0000] {processor.py:208} INFO - Processing /home/airflow/.local/lib/python3.12/site-packages/airflow/example_dags/tutorial_dag.py took 0.134 seconds
[2026-09-23T17:23:29.573+0000] {processor.py:186} INFO - Started process (PID=5266) to work on /home/airflow/.local/lib/python3.12/site-packages/airflow/example_dags/tutorial_dag.py
[2026-09-23T17:23:29.575+0000] {processor.py:914} INFO - Processing file /home/airflow/.local/lib/python3.12/site-packages/airflow/example_dags/tutorial_dag.py for tasks to queue
[2026-09-23T17:23:29.579+0000] {logging_mixin.py:190} INFO - [2026-09-23T17:23:29.578+0000] {dagbag.py:588} INFO - Filling up the DagBag from /home/airflow/.local/lib/python3.12/site-packages/airflow/example_dags/tutorial_dag.py
[2026-09-23T17:23:29.591+0000] {processor.py:925} INFO - DAG(s) 'tutorial_dag' retrieved from /home/airflow/.local/lib/python3.12/site-packages/airflow/example_dags/tutorial_dag.py
[2026-09-23T17:23:29.626+0000] {logging_mixin.py:190} INFO - [2026-09-23T17:23:29.625+0000] {dag.py:3239} INFO - Sync 1 DAGs
[2026-09-23T17:23:29.658+0000] {logging_mixin.py:190} INFO - [2026-09-23T17:23:29.657+0000] {dag.py:4180} INFO - Setting next_dagrun for tutorial_dag to None, run_after=None
[2026-09-23T17:23:29.696+0000] {processor.py:208} INFO - Processing /home/airflow/.local/lib/python3.12/site-packages/airflow/example_dags/tutorial_dag.py took 0.136 seconds
[2026-09-23T17:24:00.440+0000] {processor.py:186} INFO - Started process (PID=5340) to work on /home/airflow/.local/lib/python3.12/site-packages/airflow/example_dags/tutorial_dag.py
[2026-09-23T17:24:00.442+0000] {processor.py:914} INFO - Processing file /home/airflow/.local/lib/python3.12/site-packages/airflow/example_dags/tutorial_dag.py for tasks to queue
[2026-09-23T17:24:00.446+0000] {logging_mixin.py:190} INFO - [2026-09-23T17:24:00.445+0000] {dagbag.py:588} INFO - Filling up the DagBag from /home/airflow/.local/lib/python3.12/site-packages/airflow/example_dags/tutorial_dag.py
[2026-09-23T17:24:00.474+0000] {processor.py:925} INFO - DAG(s) 'tutorial_dag' retrieved from /home/airflow/.local/lib/python3.12/site-packages/airflow/example_dags/tutorial_dag.py
[2026-09-23T17:24:00.512+0000] {logging_mixin.py:190} INFO - [2026-09-23T17:24:00.512+0000] {dag.py:3239} INFO - Sync 1 DAGs
[2026-09-23T17:24:00.552+0000] {logging_mixin.py:190} INFO - [2026-09-23T17:24:00.552+0000] {dag.py:4180} INFO - Setting next_dagrun for tutorial_dag to None, run_after=None
[2026-09-23T17:24:00.630+0000] {processor.py:208} INFO - Processing /home/airflow/.local/lib/python3.12/site-packages/airflow/example_dags/tutorial_dag.py took 0.209 seconds
[2026-09-23T17:24:31.315+0000] {processor.py:186} INFO - Started process (PID=5407) to work on /home/airflow/.local/lib/python3.12/site-packages/airflow/example_dags/tutorial_dag.py
[2026-09-23T17:24:31.317+0000] {processor.py:914} INFO - Processing file /home/airflow/.local/lib/python3.12/site-packages/airflow/example_dags/tutorial_dag.py for tasks to queue
[2026-09-23T17:24:31.322+0000] {logging_mixin.py:190} INFO - [2026-09-23T17:24:31.320+0000] {dagbag.py:588} INFO - Filling up the DagBag from /home/airflow/.local/lib/python3.12/site-packages/airflow/example_dags/tutorial_dag.py
[2026-09-23T17:24:31.337+0000] {processor.py:925} INFO - DAG(s) 'tutorial_dag' retrieved from /home/airflow/.local/lib/python3.12/site-packages/airflow/example_dags/tutorial_dag.py
[2026-09-23T17:24:31.376+0000] {logging_mixin.py:190} INFO - [2026-09-23T17:24:31.376+0000] {dag.py:3239} INFO - Sync 1 DAGs
[2026-09-23T17:24:31.422+0000] {logging_mixin.py:190} INFO - [2026-09-23T17:24:31.421+0000] {dag.py:4180} INFO - Setting next_dagrun for tutorial_dag to None, run_after=None
[2026-09-23T17:24:31.458+0000] {processor.py:208} INFO - Processing /home/airflow/.local/lib/python3.12/site-packages/airflow/example_dags/tutorial_dag.py took 0.160 seconds
[2026-09-23T17:25:02.125+0000] {processor.py:186} INFO - Started process (PID=5480) to work on /home/airflow/.local/lib/python3.12/site-packages/airflow/example_dags/tutorial_dag.py
[2026-09-23T17:25:02.126+0000] {processor.py:914} INFO - Processing file /home/airflow/.local/lib/python3.12/site-packages/airflow/example_dags/tutorial_dag.py for tasks to queue
[2026-09-23T17:25:02.129+0000] {logging_mixin.py:190} INFO - [2026-09-23T17:25:02.129+0000] {dagbag.py:588} INFO - Filling up the DagBag from /home/airflow/.local/lib/python3.12/site-packages/airflow/example_dags/tutorial_dag.py
[2026-09-23T17:25:02.140+0000] {processor.py:925} INFO - DAG(s) 'tutorial_dag' retrieved from /home/airflow/.local/lib/python3.12/site-packages/airflow/example_dags/tutorial_dag.py
[2026-09-23T17:25:02.167+0000] {logging_mixin.py:190} INFO - [2026-09-23T17:25:02.167+0000] {dag.py:3239} INFO - Sync 1 DAGs
[2026-09-23T17:25:02.193+0000] {logging_mixin.py:190} INFO - [2026-09-23T17:25:02.193+0000] {dag.py:4180} INFO - Setting next_dagrun for tutorial_dag to None, run_after=None
[2026-09-23T17:25:02.221+0000] {processor.py:208} INFO - Processing /home/airflow/.local/lib/python3.12/site-packages/airflow/example_dags/tutorial_dag.py took 0.106 seconds
[2026-09-23T17:25:33.100+0000] {processor.py:186} INFO - Started process (PID=5554) to work on /home/airflow/.local/lib/python3.12/site-packages/airflow/example_dags/tutorial_dag.py
[2026-09-23T17:25:33.103+0000] {processor.py:914} INFO - Processing file /home/airflow/.local/lib/python3.12/site-packages/airflow/example_dags/tutorial_dag.py for tasks to queue
[2026-09-23T17:25:33.106+0000] {logging_mixin.py:190} INFO - [2026-09-23T17:25:33.106+0000] {dagbag.py:588} INFO - Filling up the DagBag from /home/airflow/.local/lib/python3.12/site-packages/airflow/example_dags/tutorial_dag.py
[2026-09-23T17:25:33.120+0000] {processor.py:925} INFO - DAG(s) 'tutorial_dag' retrieved from /home/airflow/.local/lib/python3.12/site-packages/airflow/example_dags/tutorial_dag.py
[2026-09-23T17:25:33.149+0000] {logging_mixin.py:190} INFO - [2026-09-23T17:25:33.149+0000] {dag.py:3239} INFO - Sync 1 DAGs
[2026-09-23T17:25:33.176+0000] {logging_mixin.py:190} INFO - [2026-09-23T17:25:33.176+0000] {dag.py:4180} INFO - Setting next_dagrun for tutorial_dag to None, run_after=None
[2026-09-23T17:25:33.211+0000] {processor.py:208} INFO - Processing /home/airflow/.local/lib/python3.12/site-packages/airflow/example_dags/tutorial_dag.py took 0.123 seconds
[2026-09-23T17:26:03.949+0000] {processor.py:186} INFO - Started process (PID=5624) to work on /home/airflow/.local/lib/python3.12/site-packages/airflow/example_dags/tutorial_dag.py
[2026-09-23T17:26:03.952+0000] {processor.py:914} INFO - Processing file /home/airflow/.local/lib/python3.12/site-packages/airflow/example_dags/tutorial_dag.py for tasks to queue
[2026-09-23T17:26:03.957+0000] {logging_mixin.py:190} INFO - [2026-09-23T17:26:03.956+0000] {dagbag.py:588} INFO - Filling up the DagBag from /home/airflow/.local/lib/python3.12/site-packages/airflow/example_dags/tutorial_dag.py
[2026-09-23T17:26:03.980+0000] {processor.py:925} INFO - DAG(s) 'tutorial_dag' retrieved from /home/airflow/.local/lib/python3.12/site-packages/airflow/example_dags/tutorial_dag.py
[2026-09-23T17:26:04.025+0000] {logging_mixin.py:190} INFO - [2026-09-23T17:26:04.025+0000] {dag.py:3239} INFO - Sync 1 DAGs
[2026-09-23T17:26:04.089+0000] {logging_mixin.py:190} INFO - [2026-09-23T17:26:04.086+0000] {dag.py:4180} INFO - Setting next_dagrun for tutorial_dag to None, run_after=None
[2026-09-23T17:26:04.242+0000] {processor.py:208} INFO - Processing /home/airflow/.local/lib/python3.12/site-packages/airflow/example_dags/tutorial_dag.py took 0.321 seconds
[2026-09-23T17:26:35.139+0000] {processor.py:186} INFO - Started process (PID=5697) to work on /home/airflow/.local/lib/python3.12/site-packages/airflow/example_dags/tutorial_dag.py
[2026-09-23T17:26:35.141+0000] {processor.py:914} INFO - Processing file /home/airflow/.local/lib/python3.12/site-packages/airflow/example_dags/tutorial_dag.py for tasks to queue
[2026-09-23T17:26:35.145+0000] {logging_mixin.py:190} INFO - [2026-09-23T17:26:35.145+0000] {dagbag.py:588} INFO - Filling up the DagBag from /home/airflow/.local/lib/python3.12/site-packages/airflow/example_dags/tutorial_dag.py
[2026-09-23T17:26:35.160+0000] {processor.py:925} INFO - DAG(s) 'tutorial_dag' retrieved from /home/airflow/.local/lib/python3.12/site-packages/airflow/example_dags/tutorial_dag.py
[2026-09-23T17:26:35.209+0000] {logging_mixin.py:190} INFO - [2026-09-23T17:26:35.209+0000] {dag.py:3239} INFO - Sync 1 DAGs
[2026-09-23T17:26:35.259+0000] {logging_mixin.py:190} INFO - [2026-09-23T17:26:35.259+0000] {dag.py:4180} INFO - Setting next_dagrun for tutorial_dag to None, run_after=None
[2026-09-23T17:26:35.409+0000] {processor.py:208} INFO - Processing /home/airflow/.local/lib/python3.12/site-packages/airflow/example_dags/tutorial_dag.py took 0.284 seconds
[2026-09-23T17:27:05.728+0000] {processor.py:186} INFO - Started process (PID=5769) to work on /home/airflow/.local/lib/python3.12/site-packages/airflow/example_dags/tutorial_dag.py
[2026-09-23T17:27:05.729+0000] {processor.py:914} INFO - Processing file /home/airflow/.local/lib/python3.12/site-packages/airflow/example_dags/tutorial_dag.py for tasks to queue
[2026-09-23T17:27:05.733+0000] {logging_mixin.py:190} INFO - [2026-09-23T17:27:05.733+0000] {dagbag.py:588} INFO - Filling up the DagBag from /home/airflow/.local/lib/python3.12/site-packages/airflow/example_dags/tutorial_dag.py
[2026-09-23T17:27:05.745+0000] {processor.py:925} INFO - DAG(s) 'tutorial_dag' retrieved from /home/airflow/.local/lib/python3.12/site-packages/airflow/example_dags/tutorial_dag.py
[2026-09-23T17:27:05.811+0000] {logging_mixin.py:190} INFO - [2026-09-23T17:27:05.811+0000] {dag.py:3239} INFO - Sync 1 DAGs
[2026-09-23T17:27:05.862+0000] {logging_mixin.py:190} INFO - [2026-09-23T17:27:05.861+0000] {dag.py:4180} INFO - Setting next_dagrun for tutorial_dag to None, run_after=None
[2026-09-23T17:27:05.946+0000] {processor.py:208} INFO - Processing /home/airflow/.local/lib/python3.12/site-packages/airflow/example_dags/tutorial_dag.py took 0.232 seconds
[2026-09-23T17:27:36.607+0000] {processor.py:186} INFO - Started process (PID=5835) to work on /home/airflow/.local/lib/python3.12/site-packages/airflow/example_dags/tutorial_dag.py
[2026-09-23T17:27:36.609+0000] {processor.py:914} INFO - Processing file /home/airflow/.local/lib/python3.12/site-packages/airflow/example_dags/tutorial_dag.py for tasks to queue
[2026-09-23T17:27:36.613+0000] {logging_mixin.py:190} INFO - [2026-09-23T17:27:36.612+0000] {dagbag.py:588} INFO - Filling up the DagBag from /home/airflow/.local/lib/python3.12/site-packages/airflow/example_dags/tutorial_dag.py
[2026-09-23T17:27:36.628+0000] {processor.py:925} INFO - DAG(s) 'tutorial_dag' retrieved from /home/airflow/.local/lib/python3.12/site-packages/airflow/example_dags/tutorial_dag.py
[2026-09-23T17:27:36.661+0000] {logging_mixin.py:190} INFO - [2026-09-23T17:27:36.660+0000] {dag.py:3239} INFO - Sync 1 DAGs
[2026-09-23T17:27:36.688+0000] {logging_mixin.py:190} INFO - [2026-09-23T17:27:36.688+0000] {dag.py:4180} INFO - Setting next_dagrun for tutorial_dag to None, run_after=None
[2026-09-23T17:27:36.719+0000] {processor.py:208} INFO - Processing /home/airflow/.local/lib/python3.12/site-packages/airflow/example_dags/tutorial_dag.py took 0.123 seconds
[2026-09-23T17:28:07.447+0000] {processor.py:186} INFO - Started process (PID=5908) to work on /home/airflow/.local/lib/python3.12/site-packages/airflow/example_dags/tutorial_dag.py
[2026-09-23T17:28:07.451+0000] {processor.py:914} INFO - Processing file /home/airflow/.local/lib/python3.12/site-packages/airflow/example_dags/tutorial_dag.py for tasks to queue
[2026-09-23T17:28:07.456+0000] {logging_mixin.py:190} INFO - [2026-09-23T17:28:07.455+0000] {dagbag.py:588} INFO - Filling up the DagBag from /home/airflow/.local/lib/python3.12/site-packages/airflow/example_dags/tutorial_dag.py
[2026-09-23T17:28:07.468+0000] {processor.py:925} INFO - DAG(s) 'tutorial_dag' retrieved from /home/airflow/.local/lib/python3.12/site-packages/airflow/example_dags/tutorial_dag.py
[2026-09-23T17:28:07.501+0000] {logging_mixin.py:190} INFO - [2026-09-23T17:28:07.500+0000] {dag.py:3239} INFO - Sync 1 DAGs
[2026-09-23T17:28:07.526+0000] {logging_mixin.py:190} INFO - [2026-09-23T17:28:07.526+0000] {dag.py:4180} INFO - Setting next_dagrun for tutorial_dag to None, run_after=None
[2026-09-23T17:28:07.559+0000] {processor.py:208} INFO - Processing /home/airflow/.local/lib/python3.12/site-packages/airflow/example_dags/tutorial_dag.py took 0.122 seconds
[2026-09-23T17:28:38.215+0000] {processor.py:186} INFO - Started process (PID=5983) to work on /home/airflow/.local/lib/python3.12/site-packages/airflow/example_dags/tutorial_dag.py
[2026-09-23T17:28:38.216+0000] {processor.py:914} INFO - Processing file /home/airflow/.local/lib/python3.12/site-packages/airflow/example_dags/tutorial_dag.py for tasks to queue
[2026-09-23T17:28:38.219+0000] {logging_mixin.py:190} INFO - [2026-09-23T17:28:38.219+0000] {dagbag.py:588} INFO - Filling up the DagBag from /home/airflow/.local/lib/python3.12/site-packages/airflow/example_dags/tutorial_dag.py
[2026-09-23T17:28:38.231+0000] {processor.py:925} INFO - DAG(s) 'tutorial_dag' retrieved from /home/airflow/.local/lib/python3.12/site-packages/airflow/example_dags/tutorial_dag.py
[2026-09-23T17:28:38.260+0000] {logging_mixin.py:190} INFO - [2026-09-23T17:28:38.260+0000] {dag.py:3239} INFO - Sync 1 DAGs
[2026-09-23T17:28:38.288+0000] {logging_mixin.py:190} INFO - [2026-09-23T17:28:38.287+0000] {dag.py:4180} INFO - Setting next_dagrun for tutorial_dag to None, run_after=None
[2026-09-23T17:28:38.325+0000] {processor.py:208} INFO - Processing /home/airflow/.local/lib/python3.12/site-packages/airflow/example_dags/tutorial_dag.py took 0.121 seconds
[2026-09-23T17:29:09.125+0000] {processor.py:186} INFO - Started process (PID=6057) to work on /home/airflow/.local/lib/python3.12/site-packages/airflow/example_dags/tutorial_dag.py
[2026-09-23T17:29:09.128+0000] {processor.py:914} INFO - Processing file /home/airflow/.local/lib/python3.12/site-packages/airflow/example_dags/tutorial_dag.py for tasks to queue
[2026-09-23T17:29:09.132+0000] {logging_mixin.py:190} INFO - [2026-09-23T17:29:09.131+0000] {dagbag.py:588} INFO - Filling up the DagBag from /home/airflow/.local/lib/python3.12/site-packages/airflow/example_dags/tutorial_dag.py
[2026-09-23T17:29:09.145+0000] {processor.py:925} INFO - DAG(s) 'tutorial_dag' retrieved from /home/airflow/.local/lib/python3.12/site-packages/airflow/example_dags/tutorial_dag.py
[2026-09-23T17:29:09.179+0000] {logging_mixin.py:190} INFO - [2026-09-23T17:29:09.179+0000] {dag.py:3239} INFO - Sync 1 DAGs
[2026-09-23T17:29:09.206+0000] {logging_mixin.py:190} INFO - [2026-09-23T17:29:09.206+0000] {dag.py:4180} INFO - Setting next_dagrun for tutorial_dag to None, run_after=None
[2026-09-23T17:29:09.240+0000] {processor.py:208} INFO - Processing /home/airflow/.local/lib/python3.12/site-packages/airflow/example_dags/tutorial_dag.py took 0.134 seconds
[2026-09-23T17:29:40.281+0000] {processor.py:186} INFO - Started process (PID=6131) to work on /home/airflow/.local/lib/python3.12/site-packages/airflow/example_dags/tutorial_dag.py
[2026-09-23T17:29:40.283+0000] {processor.py:914} INFO - Processing file /home/airflow/.local/lib/python3.12/site-packages/airflow/example_dags/tutorial_dag.py for tasks to queue
[2026-09-23T17:29:40.286+0000] {logging_mixin.py:190} INFO - [2026-09-23T17:29:40.286+0000] {dagbag.py:588} INFO - Filling up the DagBag from /home/airflow/.local/lib/python3.12/site-packages/airflow/example_dags/tutorial_dag.py
[2026-09-23T17:29:40.298+0000] {processor.py:925} INFO - DAG(s) 'tutorial_dag' retrieved from /home/airflow/.local/lib/python3.12/site-packages/airflow/example_dags/tutorial_dag.py
[2026-09-23T17:29:40.332+0000] {logging_mixin.py:190} INFO - [2026-09-23T17:29:40.332+0000] {dag.py:3239} INFO - Sync 1 DAGs
[2026-09-23T17:29:40.380+0000] {logging_mixin.py:190} INFO - [2026-09-23T17:29:40.378+0000] {dag.py:4180} INFO - Setting next_dagrun for tutorial_dag to None, run_after=None
[2026-09-23T17:29:40.466+0000] {processor.py:208} INFO - Processing /home/airflow/.local/lib/python3.12/site-packages/airflow/example_dags/tutorial_dag.py took 0.195 seconds
[2026-09-23T17:30:11.218+0000] {processor.py:186} INFO - Started process (PID=6205) to work on /home/airflow/.local/lib/python3.12/site-packages/airflow/example_dags/tutorial_dag.py
[2026-09-23T17:30:11.219+0000] {processor.py:914} INFO - Processing file /home/airflow/.local/lib/python3.12/site-packages/airflow/example_dags/tutorial_dag.py for tasks to queue
[2026-09-23T17:30:11.224+0000] {logging_mixin.py:190} INFO - [2026-09-23T17:30:11.223+0000] {dagbag.py:588} INFO - Filling up the DagBag from /home/airflow/.local/lib/python3.12/site-packages/airflow/example_dags/tutorial_dag.py
[2026-09-23T17:30:11.236+0000] {processor.py:925} INFO - DAG(s) 'tutorial_dag' retrieved from /home/airflow/.local/lib/python3.12/site-packages/airflow/example_dags/tutorial_dag.py
[2026-09-23T17:30:11.263+0000] {logging_mixin.py:190} INFO - [2026-09-23T17:30:11.263+0000] {dag.py:3239} INFO - Sync 1 DAGs
[2026-09-23T17:30:11.289+0000] {logging_mixin.py:190} INFO - [2026-09-23T17:30:11.288+0000] {dag.py:4180} INFO - Setting next_dagrun for tutorial_dag to None, run_after=None
[2026-09-23T17:30:11.347+0000] {processor.py:208} INFO - Processing /home/airflow/.local/lib/python3.12/site-packages/airflow/example_dags/tutorial_dag.py took 0.147 seconds
[2026-09-23T17:30:42.074+0000] {processor.py:186} INFO - Started process (PID=6279) to work on /home/airflow/.local/lib/python3.12/site-packages/airflow/example_dags/tutorial_dag.py
[2026-09-23T17:30:42.080+0000] {processor.py:914} INFO - Processing file /home/airflow/.local/lib/python3.12/site-packages/airflow/example_dags/tutorial_dag.py for tasks to queue
[2026-09-23T17:30:42.088+0000] {logging_mixin.py:190} INFO - [2026-09-23T17:30:42.087+0000] {dagbag.py:588} INFO - Filling up the DagBag from /home/airflow/.local/lib/python3.12/site-packages/airflow/example_dags/tutorial_dag.py
[2026-09-23T17:30:42.130+0000] {processor.py:925} INFO - DAG(s) 'tutorial_dag' retrieved from /home/airflow/.local/lib/python3.12/site-packages/airflow/example_dags/tutorial_dag.py
[2026-09-23T17:30:42.180+0000] {logging_mixin.py:190} INFO - [2026-09-23T17:30:42.180+0000] {dag.py:3239} INFO - Sync 1 DAGs
[2026-09-23T17:30:42.265+0000] {logging_mixin.py:190} INFO - [2026-09-23T17:30:42.263+0000] {dag.py:4180} INFO - Setting next_dagrun for tutorial_dag to None, run_after=None
[2026-09-23T17:30:42.370+0000] {processor.py:208} INFO - Processing /home/airflow/.local/lib/python3.12/site-packages/airflow/example_dags/tutorial_dag.py took 0.338 seconds
[2026-09-23T17:31:12.696+0000] {processor.py:186} INFO - Started process (PID=6353) to work on /home/airflow/.local/lib/python3.12/site-packages/airflow/example_dags/tutorial_dag.py
[2026-09-23T17:31:12.697+0000] {processor.py:914} INFO - Processing file /home/airflow/.local/lib/python3.12/site-packages/airflow/example_dags/tutorial_dag.py for tasks to queue
[2026-09-23T17:31:12.705+0000] {logging_mixin.py:190} INFO - [2026-09-23T17:31:12.704+0000] {dagbag.py:588} INFO - Filling up the DagBag from /home/airflow/.local/lib/python3.12/site-packages/airflow/example_dags/tutorial_dag.py
[2026-09-23T17:31:12.719+0000] {processor.py:925} INFO - DAG(s) 'tutorial_dag' retrieved from /home/airflow/.local/lib/python3.12/site-packages/airflow/example_dags/tutorial_dag.py
[2026-09-23T17:31:12.755+0000] {logging_mixin.py:190} INFO - [2026-09-23T17:31:12.754+0000] {dag.py:3239} INFO - Sync 1 DAGs
[2026-09-23T17:31:12.797+0000] {logging_mixin.py:190} INFO - [2026-09-23T17:31:12.797+0000] {dag.py:4180} INFO - Setting next_dagrun for tutorial_dag to None, run_after=None
[2026-09-23T17:31:12.854+0000] {processor.py:208} INFO - Processing /home/airflow/.local/lib/python3.12/site-packages/airflow/example_dags/tutorial_dag.py took 0.179 seconds
[2026-09-23T17:31:43.666+0000] {processor.py:186} INFO - Started process (PID=6427) to work on /home/airflow/.local/lib/python3.12/site-packages/airflow/example_dags/tutorial_dag.py
[2026-09-23T17:31:43.668+0000] {processor.py:914} INFO - Processing file /home/airflow/.local/lib/python3.12/site-packages/airflow/example_dags/tutorial_dag.py for tasks to queue
[2026-09-23T17:31:43.672+0000] {logging_mixin.py:190} INFO - [2026-09-23T17:31:43.671+0000] {dagbag.py:588} INFO - Filling up the DagBag from /home/airflow/.local/lib/python3.12/site-packages/airflow/example_dags/tutorial_dag.py
[2026-09-23T17:31:43.685+0000] {processor.py:925} INFO - DAG(s) 'tutorial_dag' retrieved from /home/airflow/.local/lib/python3.12/site-packages/airflow/example_dags/tutorial_dag.py
[2026-09-23T17:31:43.726+0000] {logging_mixin.py:190} INFO - [2026-09-23T17:31:43.725+0000] {dag.py:3239} INFO - Sync 1 DAGs
[2026-09-23T17:31:43.758+0000] {logging_mixin.py:190} INFO - [2026-09-23T17:31:43.758+0000] {dag.py:4180} INFO - Setting next_dagrun for tutorial_dag to None, run_after=None
[2026-09-23T17:31:43.785+0000] {processor.py:208} INFO - Processing /home/airflow/.local/lib/python3.12/site-packages/airflow/example_dags/tutorial_dag.py took 0.134 seconds
[2026-09-23T17:32:14.314+0000] {processor.py:186} INFO - Started process (PID=6500) to work on /home/airflow/.local/lib/python3.12/site-packages/airflow/example_dags/tutorial_dag.py
[2026-09-23T17:32:14.316+0000] {processor.py:914} INFO - Processing file /home/airflow/.local/lib/python3.12/site-packages/airflow/example_dags/tutorial_dag.py for tasks to queue
[2026-09-23T17:32:14.319+0000] {logging_mixin.py:190} INFO - [2026-09-23T17:32:14.319+0000] {dagbag.py:588} INFO - Filling up the DagBag from /home/airflow/.local/lib/python3.12/site-packages/airflow/example_dags/tutorial_dag.py
[2026-09-23T17:32:14.333+0000] {processor.py:925} INFO - DAG(s) 'tutorial_dag' retrieved from /home/airflow/.local/lib/python3.12/site-packages/airflow/example_dags/tutorial_dag.py
[2026-09-23T17:32:14.363+0000] {logging_mixin.py:190} INFO - [2026-09-23T17:32:14.362+0000] {dag.py:3239} INFO - Sync 1 DAGs
[2026-09-23T17:32:14.391+0000] {logging_mixin.py:190} INFO - [2026-09-23T17:32:14.391+0000] {dag.py:4180} INFO - Setting next_dagrun for tutorial_dag to None, run_after=None
[2026-09-23T17:32:14.440+0000] {processor.py:208} INFO - Processing /home/airflow/.local/lib/python3.12/site-packages/airflow/example_dags/tutorial_dag.py took 0.138 seconds
[2026-09-23T17:32:45.098+0000] {processor.py:186} INFO - Started process (PID=6574) to work on /home/airflow/.local/lib/python3.12/site-packages/airflow/example_dags/tutorial_dag.py
[2026-09-23T17:32:45.100+0000] {processor.py:914} INFO - Processing file /home/airflow/.local/lib/python3.12/site-packages/airflow/example_dags/tutorial_dag.py for tasks to queue
[2026-09-23T17:32:45.103+0000] {logging_mixin.py:190} INFO - [2026-09-23T17:32:45.102+0000] {dagbag.py:588} INFO - Filling up the DagBag from /home/airflow/.local/lib/python3.12/site-packages/airflow/example_dags/tutorial_dag.py
[2026-09-23T17:32:45.115+0000] {processor.py:925} INFO - DAG(s) 'tutorial_dag' retrieved from /home/airflow/.local/lib/python3.12/site-packages/airflow/example_dags/tutorial_dag.py
[2026-09-23T17:32:45.142+0000] {logging_mixin.py:190} INFO - [2026-09-23T17:32:45.142+0000] {dag.py:3239} INFO - Sync 1 DAGs
[2026-09-23T17:32:45.166+0000] {logging_mixin.py:190} INFO - [2026-09-23T17:32:45.166+0000] {dag.py:4180} INFO - Setting next_dagrun for tutorial_dag to None, run_after=None
[2026-09-23T17:32:45.192+0000] {processor.py:208} INFO - Processing /home/airflow/.local/lib/python3.12/site-packages/airflow/example_dags/tutorial_dag.py took 0.104 seconds
[2026-09-23T17:33:15.471+0000] {processor.py:186} INFO - Started process (PID=6641) to work on /home/airflow/.local/lib/python3.12/site-packages/airflow/example_dags/tutorial_dag.py
[2026-09-23T17:33:15.473+0000] {processor.py:914} INFO - Processing file /home/airflow/.local/lib/python3.12/site-packages/airflow/example_dags/tutorial_dag.py for tasks to queue
[2026-09-23T17:33:15.479+0000] {logging_mixin.py:190} INFO - [2026-09-23T17:33:15.479+0000] {dagbag.py:588} INFO - Filling up the DagBag from /home/airflow/.local/lib/python3.12/site-packages/airflow/example_dags/tutorial_dag.py
[2026-09-23T17:33:15.494+0000] {processor.py:925} INFO - DAG(s) 'tutorial_dag' retrieved from /home/airflow/.local/lib/python3.12/site-packages/airflow/example_dags/tutorial_dag.py
[2026-09-23T17:33:15.537+0000] {logging_mixin.py:190} INFO - [2026-09-23T17:33:15.536+0000] {dag.py:3239} INFO - Sync 1 DAGs
[2026-09-23T17:33:15.576+0000] {logging_mixin.py:190} INFO - [2026-09-23T17:33:15.575+0000] {dag.py:4180} INFO - Setting next_dagrun for tutorial_dag to None, run_after=None
[2026-09-23T17:33:15.622+0000] {processor.py:208} INFO - Processing /home/airflow/.local/lib/python3.12/site-packages/airflow/example_dags/tutorial_dag.py took 0.168 seconds
[2026-09-23T17:33:46.569+0000] {processor.py:186} INFO - Started process (PID=6715) to work on /home/airflow/.local/lib/python3.12/site-packages/airflow/example_dags/tutorial_dag.py
[2026-09-23T17:33:46.570+0000] {processor.py:914} INFO - Processing file /home/airflow/.local/lib/python3.12/site-packages/airflow/example_dags/tutorial_dag.py for tasks to queue
[2026-09-23T17:33:46.573+0000] {logging_mixin.py:190} INFO - [2026-09-23T17:33:46.573+0000] {dagbag.py:588} INFO - Filling up the DagBag from /home/airflow/.local/lib/python3.12/site-packages/airflow/example_dags/tutorial_dag.py
[2026-09-23T17:33:46.585+0000] {processor.py:925} INFO - DAG(s) 'tutorial_dag' retrieved from /home/airflow/.local/lib/python3.12/site-packages/airflow/example_dags/tutorial_dag.py
[2026-09-23T17:33:46.613+0000] {logging_mixin.py:190} INFO - [2026-09-23T17:33:46.613+0000] {dag.py:3239} INFO - Sync 1 DAGs
[2026-09-23T17:33:46.635+0000] {logging_mixin.py:190} INFO - [2026-09-23T17:33:46.635+0000] {dag.py:4180} INFO - Setting next_dagrun for tutorial_dag to None, run_after=None
[2026-09-23T17:33:46.659+0000] {processor.py:208} INFO - Processing /home/airflow/.local/lib/python3.12/site-packages/airflow/example_dags/tutorial_dag.py took 0.100 seconds
[2026-09-23T17:34:16.935+0000] {processor.py:186} INFO - Started process (PID=6789) to work on /home/airflow/.local/lib/python3.12/site-packages/airflow/example_dags/tutorial_dag.py
[2026-09-23T17:34:16.936+0000] {processor.py:914} INFO - Processing file /home/airflow/.local/lib/python3.12/site-packages/airflow/example_dags/tutorial_dag.py for tasks to queue
[2026-09-23T17:34:16.940+0000] {logging_mixin.py:190} INFO - [2026-09-23T17:34:16.940+0000] {dagbag.py:588} INFO - Filling up the DagBag from /home/airflow/.local/lib/python3.12/site-packages/airflow/example_dags/tutorial_dag.py
[2026-09-23T17:34:16.952+0000] {processor.py:925} INFO - DAG(s) 'tutorial_dag' retrieved from /home/airflow/.local/lib/python3.12/site-packages/airflow/example_dags/tutorial_dag.py
[2026-09-23T17:34:16.982+0000] {logging_mixin.py:190} INFO - [2026-09-23T17:34:16.982+0000] {dag.py:3239} INFO - Sync 1 DAGs
[2026-09-23T17:34:17.007+0000] {logging_mixin.py:190} INFO - [2026-09-23T17:34:17.007+0000] {dag.py:4180} INFO - Setting next_dagrun for tutorial_dag to None, run_after=None
[2026-09-23T17:34:17.061+0000] {processor.py:208} INFO - Processing /home/airflow/.local/lib/python3.12/site-packages/airflow/example_dags/tutorial_dag.py took 0.137 seconds
[2026-09-23T17:34:47.949+0000] {processor.py:186} INFO - Started process (PID=6863) to work on /home/airflow/.local/lib/python3.12/site-packages/airflow/example_dags/tutorial_dag.py
[2026-09-23T17:34:47.952+0000] {processor.py:914} INFO - Processing file /home/airflow/.local/lib/python3.12/site-packages/airflow/example_dags/tutorial_dag.py for tasks to queue
[2026-09-23T17:34:47.955+0000] {logging_mixin.py:190} INFO - [2026-09-23T17:34:47.955+0000] {dagbag.py:588} INFO - Filling up the DagBag from /home/airflow/.local/lib/python3.12/site-packages/airflow/example_dags/tutorial_dag.py
[2026-09-23T17:34:47.968+0000] {processor.py:925} INFO - DAG(s) 'tutorial_dag' retrieved from /home/airflow/.local/lib/python3.12/site-packages/airflow/example_dags/tutorial_dag.py
[2026-09-23T17:34:48.010+0000] {logging_mixin.py:190} INFO - [2026-09-23T17:34:48.010+0000] {dag.py:3239} INFO - Sync 1 DAGs
[2026-09-23T17:34:48.041+0000] {logging_mixin.py:190} INFO - [2026-09-23T17:34:48.040+0000] {dag.py:4180} INFO - Setting next_dagrun for tutorial_dag to None, run_after=None
[2026-09-23T17:34:48.079+0000] {processor.py:208} INFO - Processing /home/airflow/.local/lib/python3.12/site-packages/airflow/example_dags/tutorial_dag.py took 0.152 seconds
[2026-09-23T17:35:18.825+0000] {processor.py:186} INFO - Started process (PID=6936) to work on /home/airflow/.local/lib/python3.12/site-packages/airflow/example_dags/tutorial_dag.py
[2026-09-23T17:35:18.829+0000] {processor.py:914} INFO - Processing file /home/airflow/.local/lib/python3.12/site-packages/airflow/example_dags/tutorial_dag.py for tasks to queue
[2026-09-23T17:35:18.842+0000] {logging_mixin.py:190} INFO - [2026-09-23T17:35:18.838+0000] {dagbag.py:588} INFO - Filling up the DagBag from /home/airflow/.local/lib/python3.12/site-packages/airflow/example_dags/tutorial_dag.py
[2026-09-23T17:35:18.888+0000] {processor.py:925} INFO - DAG(s) 'tutorial_dag' retrieved from /home/airflow/.local/lib/python3.12/site-packages/airflow/example_dags/tutorial_dag.py
[2026-09-23T17:35:19.048+0000] {logging_mixin.py:190} INFO - [2026-09-23T17:35:19.048+0000] {dag.py:3239} INFO - Sync 1 DAGs
[2026-09-23T17:35:19.129+0000] {logging_mixin.py:190} INFO - [2026-09-23T17:35:19.128+0000] {dag.py:4180} INFO - Setting next_dagrun for tutorial_dag to None, run_after=None
[2026-09-23T17:35:19.375+0000] {processor.py:208} INFO - Processing /home/airflow/.local/lib/python3.12/site-packages/airflow/example_dags/tutorial_dag.py took 0.586 seconds
[2026-09-23T17:35:50.296+0000] {processor.py:186} INFO - Started process (PID=7002) to work on /home/airflow/.local/lib/python3.12/site-packages/airflow/example_dags/tutorial_dag.py
[2026-09-23T17:35:50.298+0000] {processor.py:914} INFO - Processing file /home/airflow/.local/lib/python3.12/site-packages/airflow/example_dags/tutorial_dag.py for tasks to queue
[2026-09-23T17:35:50.302+0000] {logging_mixin.py:190} INFO - [2026-09-23T17:35:50.302+0000] {dagbag.py:588} INFO - Filling up the DagBag from /home/airflow/.local/lib/python3.12/site-packages/airflow/example_dags/tutorial_dag.py
[2026-09-23T17:35:50.322+0000] {processor.py:925} INFO - DAG(s) 'tutorial_dag' retrieved from /home/airflow/.local/lib/python3.12/site-packages/airflow/example_dags/tutorial_dag.py
[2026-09-23T17:35:50.363+0000] {logging_mixin.py:190} INFO - [2026-09-23T17:35:50.362+0000] {dag.py:3239} INFO - Sync 1 DAGs
[2026-09-23T17:35:50.405+0000] {logging_mixin.py:190} INFO - [2026-09-23T17:35:50.405+0000] {dag.py:4180} INFO - Setting next_dagrun for tutorial_dag to None, run_after=None
[2026-09-23T17:35:50.446+0000] {processor.py:208} INFO - Processing /home/airflow/.local/lib/python3.12/site-packages/airflow/example_dags/tutorial_dag.py took 0.163 seconds
[2026-09-23T17:36:20.650+0000] {processor.py:186} INFO - Started process (PID=7075) to work on /home/airflow/.local/lib/python3.12/site-packages/airflow/example_dags/tutorial_dag.py
[2026-09-23T17:36:20.651+0000] {processor.py:914} INFO - Processing file /home/airflow/.local/lib/python3.12/site-packages/airflow/example_dags/tutorial_dag.py for tasks to queue
[2026-09-23T17:36:20.654+0000] {logging_mixin.py:190} INFO - [2026-09-23T17:36:20.653+0000] {dagbag.py:588} INFO - Filling up the DagBag from /home/airflow/.local/lib/python3.12/site-packages/airflow/example_dags/tutorial_dag.py
[2026-09-23T17:36:20.666+0000] {processor.py:925} INFO - DAG(s) 'tutorial_dag' retrieved from /home/airflow/.local/lib/python3.12/site-packages/airflow/example_dags/tutorial_dag.py
[2026-09-23T17:36:20.700+0000] {logging_mixin.py:190} INFO - [2026-09-23T17:36:20.699+0000] {dag.py:3239} INFO - Sync 1 DAGs
[2026-09-23T17:36:20.727+0000] {logging_mixin.py:190} INFO - [2026-09-23T17:36:20.726+0000] {dag.py:4180} INFO - Setting next_dagrun for tutorial_dag to None, run_after=None
[2026-09-23T17:36:20.774+0000] {processor.py:208} INFO - Processing /home/airflow/.local/lib/python3.12/site-packages/airflow/example_dags/tutorial_dag.py took 0.135 seconds
[2026-09-23T17:36:51.193+0000] {processor.py:186} INFO - Started process (PID=7148) to work on /home/airflow/.local/lib/python3.12/site-packages/airflow/example_dags/tutorial_dag.py
[2026-09-23T17:36:51.195+0000] {processor.py:914} INFO - Processing file /home/airflow/.local/lib/python3.12/site-packages/airflow/example_dags/tutorial_dag.py for tasks to queue
[2026-09-23T17:36:51.213+0000] {logging_mixin.py:190} INFO - [2026-09-23T17:36:51.206+0000] {dagbag.py:588} INFO - Filling up the DagBag from /home/airflow/.local/lib/python3.12/site-packages/airflow/example_dags/tutorial_dag.py
[2026-09-23T17:36:51.267+0000] {processor.py:925} INFO - DAG(s) 'tutorial_dag' retrieved from /home/airflow/.local/lib/python3.12/site-packages/airflow/example_dags/tutorial_dag.py
[2026-09-23T17:36:51.374+0000] {logging_mixin.py:190} INFO - [2026-09-23T17:36:51.374+0000] {dag.py:3239} INFO - Sync 1 DAGs
[2026-09-23T17:36:51.462+0000] {logging_mixin.py:190} INFO - [2026-09-23T17:36:51.461+0000] {dag.py:4180} INFO - Setting next_dagrun for tutorial_dag to None, run_after=None
[2026-09-23T17:36:51.569+0000] {processor.py:208} INFO - Processing /home/airflow/.local/lib/python3.12/site-packages/airflow/example_dags/tutorial_dag.py took 0.388 seconds
[2026-09-23T17:37:22.298+0000] {processor.py:186} INFO - Started process (PID=7221) to work on /home/airflow/.local/lib/python3.12/site-packages/airflow/example_dags/tutorial_dag.py
[2026-09-23T17:37:22.307+0000] {processor.py:914} INFO - Processing file /home/airflow/.local/lib/python3.12/site-packages/airflow/example_dags/tutorial_dag.py for tasks to queue
[2026-09-23T17:37:22.327+0000] {logging_mixin.py:190} INFO - [2026-09-23T17:37:22.323+0000] {dagbag.py:588} INFO - Filling up the DagBag from /home/airflow/.local/lib/python3.12/site-packages/airflow/example_dags/tutorial_dag.py
[2026-09-23T17:37:22.394+0000] {processor.py:925} INFO - DAG(s) 'tutorial_dag' retrieved from /home/airflow/.local/lib/python3.12/site-packages/airflow/example_dags/tutorial_dag.py
[2026-09-23T17:37:22.489+0000] {logging_mixin.py:190} INFO - [2026-09-23T17:37:22.489+0000] {dag.py:3239} INFO - Sync 1 DAGs
[2026-09-23T17:37:22.556+0000] {logging_mixin.py:190} INFO - [2026-09-23T17:37:22.555+0000] {dag.py:4180} INFO - Setting next_dagrun for tutorial_dag to None, run_after=None
[2026-09-23T17:37:22.643+0000] {processor.py:208} INFO - Processing /home/airflow/.local/lib/python3.12/site-packages/airflow/example_dags/tutorial_dag.py took 0.400 seconds
[2026-09-23T17:37:53.091+0000] {processor.py:186} INFO - Started process (PID=7294) to work on /home/airflow/.local/lib/python3.12/site-packages/airflow/example_dags/tutorial_dag.py
[2026-09-23T17:37:53.092+0000] {processor.py:914} INFO - Processing file /home/airflow/.local/lib/python3.12/site-packages/airflow/example_dags/tutorial_dag.py for tasks to queue
[2026-09-23T17:37:53.098+0000] {logging_mixin.py:190} INFO - [2026-09-23T17:37:53.098+0000] {dagbag.py:588} INFO - Filling up the DagBag from /home/airflow/.local/lib/python3.12/site-packages/airflow/example_dags/tutorial_dag.py
[2026-09-23T17:37:53.109+0000] {processor.py:925} INFO - DAG(s) 'tutorial_dag' retrieved from /home/airflow/.local/lib/python3.12/site-packages/airflow/example_dags/tutorial_dag.py
[2026-09-23T17:37:53.145+0000] {logging_mixin.py:190} INFO - [2026-09-23T17:37:53.145+0000] {dag.py:3239} INFO - Sync 1 DAGs
[2026-09-23T17:37:53.170+0000] {logging_mixin.py:190} INFO - [2026-09-23T17:37:53.170+0000] {dag.py:4180} INFO - Setting next_dagrun for tutorial_dag to None, run_after=None
[2026-09-23T17:37:53.204+0000] {processor.py:208} INFO - Processing /home/airflow/.local/lib/python3.12/site-packages/airflow/example_dags/tutorial_dag.py took 0.125 seconds
[2026-09-23T17:38:23.638+0000] {processor.py:186} INFO - Started process (PID=7361) to work on /home/airflow/.local/lib/python3.12/site-packages/airflow/example_dags/tutorial_dag.py
[2026-09-23T17:38:23.639+0000] {processor.py:914} INFO - Processing file /home/airflow/.local/lib/python3.12/site-packages/airflow/example_dags/tutorial_dag.py for tasks to queue
[2026-09-23T17:38:23.644+0000] {logging_mixin.py:190} INFO - [2026-09-23T17:38:23.643+0000] {dagbag.py:588} INFO - Filling up the DagBag from /home/airflow/.local/lib/python3.12/site-packages/airflow/example_dags/tutorial_dag.py
[2026-09-23T17:38:23.664+0000] {processor.py:925} INFO - DAG(s) 'tutorial_dag' retrieved from /home/airflow/.local/lib/python3.12/site-packages/airflow/example_dags/tutorial_dag.py
[2026-09-23T17:38:23.699+0000] {logging_mixin.py:190} INFO - [2026-09-23T17:38:23.699+0000] {dag.py:3239} INFO - Sync 1 DAGs
[2026-09-23T17:38:23.727+0000] {logging_mixin.py:190} INFO - [2026-09-23T17:38:23.727+0000] {dag.py:4180} INFO - Setting next_dagrun for tutorial_dag to None, run_after=None
[2026-09-23T17:38:23.764+0000] {processor.py:208} INFO - Processing /home/airflow/.local/lib/python3.12/site-packages/airflow/example_dags/tutorial_dag.py took 0.139 seconds
[2026-09-23T17:38:54.361+0000] {processor.py:186} INFO - Started process (PID=7434) to work on /home/airflow/.local/lib/python3.12/site-packages/airflow/example_dags/tutorial_dag.py
[2026-09-23T17:38:54.362+0000] {processor.py:914} INFO - Processing file /home/airflow/.local/lib/python3.12/site-packages/airflow/example_dags/tutorial_dag.py for tasks to queue
[2026-09-23T17:38:54.365+0000] {logging_mixin.py:190} INFO - [2026-09-23T17:38:54.364+0000] {dagbag.py:588} INFO - Filling up the DagBag from /home/airflow/.local/lib/python3.12/site-packages/airflow/example_dags/tutorial_dag.py
[2026-09-23T17:38:54.378+0000] {processor.py:925} INFO - DAG(s) 'tutorial_dag' retrieved from /home/airflow/.local/lib/python3.12/site-packages/airflow/example_dags/tutorial_dag.py
[2026-09-23T17:38:54.416+0000] {logging_mixin.py:190} INFO - [2026-09-23T17:38:54.416+0000] {dag.py:3239} INFO - Sync 1 DAGs
[2026-09-23T17:38:54.446+0000] {logging_mixin.py:190} INFO - [2026-09-23T17:38:54.446+0000] {dag.py:4180} INFO - Setting next_dagrun for tutorial_dag to None, run_after=None
[2026-09-23T17:38:54.487+0000] {processor.py:208} INFO - Processing /home/airflow/.local/lib/python3.12/site-packages/airflow/example_dags/tutorial_dag.py took 0.138 seconds
[2026-09-23T17:39:24.609+0000] {processor.py:186} INFO - Started process (PID=7508) to work on /home/airflow/.local/lib/python3.12/site-packages/airflow/example_dags/tutorial_dag.py
[2026-09-23T17:39:24.612+0000] {processor.py:914} INFO - Processing file /home/airflow/.local/lib/python3.12/site-packages/airflow/example_dags/tutorial_dag.py for tasks to queue
[2026-09-23T17:39:24.615+0000] {logging_mixin.py:190} INFO - [2026-09-23T17:39:24.614+0000] {dagbag.py:588} INFO - Filling up the DagBag from /home/airflow/.local/lib/python3.12/site-packages/airflow/example_dags/tutorial_dag.py
[2026-09-23T17:39:24.627+0000] {processor.py:925} INFO - DAG(s) 'tutorial_dag' retrieved from /home/airflow/.local/lib/python3.12/site-packages/airflow/example_dags/tutorial_dag.py
[2026-09-23T17:39:24.658+0000] {logging_mixin.py:190} INFO - [2026-09-23T17:39:24.657+0000] {dag.py:3239} INFO - Sync 1 DAGs
[2026-09-23T17:39:24.684+0000] {logging_mixin.py:190} INFO - [2026-09-23T17:39:24.684+0000] {dag.py:4180} INFO - Setting next_dagrun for tutorial_dag to None, run_after=None
[2026-09-23T17:39:24.719+0000] {processor.py:208} INFO - Processing /home/airflow/.local/lib/python3.12/site-packages/airflow/example_dags/tutorial_dag.py took 0.120 seconds
[2026-09-23T17:39:55.043+0000] {processor.py:186} INFO - Started process (PID=7580) to work on /home/airflow/.local/lib/python3.12/site-packages/airflow/example_dags/tutorial_dag.py
[2026-09-23T17:39:55.046+0000] {processor.py:914} INFO - Processing file /home/airflow/.local/lib/python3.12/site-packages/airflow/example_dags/tutorial_dag.py for tasks to queue
[2026-09-23T17:39:55.050+0000] {logging_mixin.py:190} INFO - [2026-09-23T17:39:55.049+0000] {dagbag.py:588} INFO - Filling up the DagBag from /home/airflow/.local/lib/python3.12/site-packages/airflow/example_dags/tutorial_dag.py
[2026-09-23T17:39:55.061+0000] {processor.py:925} INFO - DAG(s) 'tutorial_dag' retrieved from /home/airflow/.local/lib/python3.12/site-packages/airflow/example_dags/tutorial_dag.py
[2026-09-23T17:39:55.100+0000] {logging_mixin.py:190} INFO - [2026-09-23T17:39:55.099+0000] {dag.py:3239} INFO - Sync 1 DAGs
[2026-09-23T17:39:55.131+0000] {logging_mixin.py:190} INFO - [2026-09-23T17:39:55.131+0000] {dag.py:4180} INFO - Setting next_dagrun for tutorial_dag to None, run_after=None
[2026-09-23T17:39:55.183+0000] {processor.py:208} INFO - Processing /home/airflow/.local/lib/python3.12/site-packages/airflow/example_dags/tutorial_dag.py took 0.153 seconds
[2026-09-23T17:40:25.831+0000] {processor.py:186} INFO - Started process (PID=7653) to work on /home/airflow/.local/lib/python3.12/site-packages/airflow/example_dags/tutorial_dag.py
[2026-09-23T17:40:25.833+0000] {processor.py:914} INFO - Processing file /home/airflow/.local/lib/python3.12/site-packages/airflow/example_dags/tutorial_dag.py for tasks to queue
[2026-09-23T17:40:25.838+0000] {logging_mixin.py:190} INFO - [2026-09-23T17:40:25.837+0000] {dagbag.py:588} INFO - Filling up the DagBag from /home/airflow/.local/lib/python3.12/site-packages/airflow/example_dags/tutorial_dag.py
[2026-09-23T17:40:25.874+0000] {processor.py:925} INFO - DAG(s) 'tutorial_dag' retrieved from /home/airflow/.local/lib/python3.12/site-packages/airflow/example_dags/tutorial_dag.py
[2026-09-23T17:40:25.914+0000] {logging_mixin.py:190} INFO - [2026-09-23T17:40:25.913+0000] {dag.py:3239} INFO - Sync 1 DAGs
[2026-09-23T17:40:25.955+0000] {logging_mixin.py:190} INFO - [2026-09-23T17:40:25.954+0000] {dag.py:4180} INFO - Setting next_dagrun for tutorial_dag to None, run_after=None
[2026-09-23T17:40:25.996+0000] {processor.py:208} INFO - Processing /home/airflow/.local/lib/python3.12/site-packages/airflow/example_dags/tutorial_dag.py took 0.176 seconds
[2026-09-23T17:40:56.420+0000] {processor.py:186} INFO - Started process (PID=7728) to work on /home/airflow/.local/lib/python3.12/site-packages/airflow/example_dags/tutorial_dag.py
[2026-09-23T17:40:56.422+0000] {processor.py:914} INFO - Processing file /home/airflow/.local/lib/python3.12/site-packages/airflow/example_dags/tutorial_dag.py for tasks to queue
[2026-09-23T17:40:56.425+0000] {logging_mixin.py:190} INFO - [2026-09-23T17:40:56.425+0000] {dagbag.py:588} INFO - Filling up the DagBag from /home/airflow/.local/lib/python3.12/site-packages/airflow/example_dags/tutorial_dag.py
[2026-09-23T17:40:56.439+0000] {processor.py:925} INFO - DAG(s) 'tutorial_dag' retrieved from /home/airflow/.local/lib/python3.12/site-packages/airflow/example_dags/tutorial_dag.py
[2026-09-23T17:40:56.477+0000] {logging_mixin.py:190} INFO - [2026-09-23T17:40:56.476+0000] {dag.py:3239} INFO - Sync 1 DAGs
[2026-09-23T17:40:56.532+0000] {logging_mixin.py:190} INFO - [2026-09-23T17:40:56.531+0000] {dag.py:4180} INFO - Setting next_dagrun for tutorial_dag to None, run_after=None
[2026-09-23T17:40:56.611+0000] {processor.py:208} INFO - Processing /home/airflow/.local/lib/python3.12/site-packages/airflow/example_dags/tutorial_dag.py took 0.204 seconds
[2026-09-23T17:41:26.927+0000] {processor.py:186} INFO - Started process (PID=7799) to work on /home/airflow/.local/lib/python3.12/site-packages/airflow/example_dags/tutorial_dag.py
[2026-09-23T17:41:26.935+0000] {processor.py:914} INFO - Processing file /home/airflow/.local/lib/python3.12/site-packages/airflow/example_dags/tutorial_dag.py for tasks to queue
[2026-09-23T17:41:26.945+0000] {logging_mixin.py:190} INFO - [2026-09-23T17:41:26.945+0000] {dagbag.py:588} INFO - Filling up the DagBag from /home/airflow/.local/lib/python3.12/site-packages/airflow/example_dags/tutorial_dag.py
[2026-09-23T17:41:27.009+0000] {processor.py:925} INFO - DAG(s) 'tutorial_dag' retrieved from /home/airflow/.local/lib/python3.12/site-packages/airflow/example_dags/tutorial_dag.py
[2026-09-23T17:41:27.156+0000] {logging_mixin.py:190} INFO - [2026-09-23T17:41:27.155+0000] {dag.py:3239} INFO - Sync 1 DAGs
[2026-09-23T17:41:27.187+0000] {logging_mixin.py:190} INFO - [2026-09-23T17:41:27.187+0000] {dag.py:4180} INFO - Setting next_dagrun for tutorial_dag to None, run_after=None
[2026-09-23T17:41:27.246+0000] {processor.py:208} INFO - Processing /home/airflow/.local/lib/python3.12/site-packages/airflow/example_dags/tutorial_dag.py took 0.359 seconds
[2026-09-23T17:41:57.653+0000] {processor.py:186} INFO - Started process (PID=7871) to work on /home/airflow/.local/lib/python3.12/site-packages/airflow/example_dags/tutorial_dag.py
[2026-09-23T17:41:57.654+0000] {processor.py:914} INFO - Processing file /home/airflow/.local/lib/python3.12/site-packages/airflow/example_dags/tutorial_dag.py for tasks to queue
[2026-09-23T17:41:57.659+0000] {logging_mixin.py:190} INFO - [2026-09-23T17:41:57.658+0000] {dagbag.py:588} INFO - Filling up the DagBag from /home/airflow/.local/lib/python3.12/site-packages/airflow/example_dags/tutorial_dag.py
[2026-09-23T17:41:57.671+0000] {processor.py:925} INFO - DAG(s) 'tutorial_dag' retrieved from /home/airflow/.local/lib/python3.12/site-packages/airflow/example_dags/tutorial_dag.py
[2026-09-23T17:41:57.714+0000] {logging_mixin.py:190} INFO - [2026-09-23T17:41:57.714+0000] {dag.py:3239} INFO - Sync 1 DAGs
[2026-09-23T17:41:57.742+0000] {logging_mixin.py:190} INFO - [2026-09-23T17:41:57.741+0000] {dag.py:4180} INFO - Setting next_dagrun for tutorial_dag to None, run_after=None
[2026-09-23T17:41:57.773+0000] {processor.py:208} INFO - Processing /home/airflow/.local/lib/python3.12/site-packages/airflow/example_dags/tutorial_dag.py took 0.131 seconds
[2026-09-23T17:42:28.219+0000] {processor.py:186} INFO - Started process (PID=7944) to work on /home/airflow/.local/lib/python3.12/site-packages/airflow/example_dags/tutorial_dag.py
[2026-09-23T17:42:28.221+0000] {processor.py:914} INFO - Processing file /home/airflow/.local/lib/python3.12/site-packages/airflow/example_dags/tutorial_dag.py for tasks to queue
[2026-09-23T17:42:28.228+0000] {logging_mixin.py:190} INFO - [2026-09-23T17:42:28.228+0000] {dagbag.py:588} INFO - Filling up the DagBag from /home/airflow/.local/lib/python3.12/site-packages/airflow/example_dags/tutorial_dag.py
[2026-09-23T17:42:28.254+0000] {processor.py:925} INFO - DAG(s) 'tutorial_dag' retrieved from /home/airflow/.local/lib/python3.12/site-packages/airflow/example_dags/tutorial_dag.py
[2026-09-23T17:42:28.321+0000] {logging_mixin.py:190} INFO - [2026-09-23T17:42:28.321+0000] {dag.py:3239} INFO - Sync 1 DAGs
[2026-09-23T17:42:28.385+0000] {logging_mixin.py:190} INFO - [2026-09-23T17:42:28.385+0000] {dag.py:4180} INFO - Setting next_dagrun for tutorial_dag to None, run_after=None
[2026-09-23T17:42:28.464+0000] {processor.py:208} INFO - Processing /home/airflow/.local/lib/python3.12/site-packages/airflow/example_dags/tutorial_dag.py took 0.269 seconds
[2026-09-23T17:42:59.211+0000] {processor.py:186} INFO - Started process (PID=8011) to work on /home/airflow/.local/lib/python3.12/site-packages/airflow/example_dags/tutorial_dag.py
[2026-09-23T17:42:59.212+0000] {processor.py:914} INFO - Processing file /home/airflow/.local/lib/python3.12/site-packages/airflow/example_dags/tutorial_dag.py for tasks to queue
[2026-09-23T17:42:59.220+0000] {logging_mixin.py:190} INFO - [2026-09-23T17:42:59.220+0000] {dagbag.py:588} INFO - Filling up the DagBag from /home/airflow/.local/lib/python3.12/site-packages/airflow/example_dags/tutorial_dag.py
[2026-09-23T17:42:59.258+0000] {processor.py:925} INFO - DAG(s) 'tutorial_dag' retrieved from /home/airflow/.local/lib/python3.12/site-packages/airflow/example_dags/tutorial_dag.py
[2026-09-23T17:42:59.380+0000] {logging_mixin.py:190} INFO - [2026-09-23T17:42:59.380+0000] {dag.py:3239} INFO - Sync 1 DAGs
[2026-09-23T17:42:59.497+0000] {logging_mixin.py:190} INFO - [2026-09-23T17:42:59.497+0000] {dag.py:4180} INFO - Setting next_dagrun for tutorial_dag to None, run_after=None
[2026-09-23T17:42:59.612+0000] {processor.py:208} INFO - Processing /home/airflow/.local/lib/python3.12/site-packages/airflow/example_dags/tutorial_dag.py took 0.428 seconds
[2026-09-23T17:43:29.786+0000] {processor.py:186} INFO - Started process (PID=8084) to work on /home/airflow/.local/lib/python3.12/site-packages/airflow/example_dags/tutorial_dag.py
[2026-09-23T17:43:29.788+0000] {processor.py:914} INFO - Processing file /home/airflow/.local/lib/python3.12/site-packages/airflow/example_dags/tutorial_dag.py for tasks to queue
[2026-09-23T17:43:29.793+0000] {logging_mixin.py:190} INFO - [2026-09-23T17:43:29.792+0000] {dagbag.py:588} INFO - Filling up the DagBag from /home/airflow/.local/lib/python3.12/site-packages/airflow/example_dags/tutorial_dag.py
[2026-09-23T17:43:29.807+0000] {processor.py:925} INFO - DAG(s) 'tutorial_dag' retrieved from /home/airflow/.local/lib/python3.12/site-packages/airflow/example_dags/tutorial_dag.py
[2026-09-23T17:43:29.888+0000] {logging_mixin.py:190} INFO - [2026-09-23T17:43:29.888+0000] {dag.py:3239} INFO - Sync 1 DAGs
[2026-09-23T17:43:29.984+0000] {logging_mixin.py:190} INFO - [2026-09-23T17:43:29.983+0000] {dag.py:4180} INFO - Setting next_dagrun for tutorial_dag to None, run_after=None
[2026-09-23T17:43:30.088+0000] {processor.py:208} INFO - Processing /home/airflow/.local/lib/python3.12/site-packages/airflow/example_dags/tutorial_dag.py took 0.314 seconds
[2026-09-23T17:44:00.212+0000] {processor.py:186} INFO - Started process (PID=8159) to work on /home/airflow/.local/lib/python3.12/site-packages/airflow/example_dags/tutorial_dag.py
[2026-09-23T17:44:00.214+0000] {processor.py:914} INFO - Processing file /home/airflow/.local/lib/python3.12/site-packages/airflow/example_dags/tutorial_dag.py for tasks to queue
[2026-09-23T17:44:00.220+0000] {logging_mixin.py:190} INFO - [2026-09-23T17:44:00.219+0000] {dagbag.py:588} INFO - Filling up the DagBag from /home/airflow/.local/lib/python3.12/site-packages/airflow/example_dags/tutorial_dag.py
[2026-09-23T17:44:00.233+0000] {processor.py:925} INFO - DAG(s) 'tutorial_dag' retrieved from /home/airflow/.local/lib/python3.12/site-packages/airflow/example_dags/tutorial_dag.py
[2026-09-23T17:44:00.258+0000] {logging_mixin.py:190} INFO - [2026-09-23T17:44:00.258+0000] {dag.py:3239} INFO - Sync 1 DAGs
[2026-09-23T17:44:00.280+0000] {logging_mixin.py:190} INFO - [2026-09-23T17:44:00.280+0000] {dag.py:4180} INFO - Setting next_dagrun for tutorial_dag to None, run_after=None
[2026-09-23T17:44:00.304+0000] {processor.py:208} INFO - Processing /home/airflow/.local/lib/python3.12/site-packages/airflow/example_dags/tutorial_dag.py took 0.101 seconds
[2026-09-23T17:44:30.593+0000] {processor.py:186} INFO - Started process (PID=8232) to work on /home/airflow/.local/lib/python3.12/site-packages/airflow/example_dags/tutorial_dag.py
[2026-09-23T17:44:30.594+0000] {processor.py:914} INFO - Processing file /home/airflow/.local/lib/python3.12/site-packages/airflow/example_dags/tutorial_dag.py for tasks to queue
[2026-09-23T17:44:30.597+0000] {logging_mixin.py:190} INFO - [2026-09-23T17:44:30.597+0000] {dagbag.py:588} INFO - Filling up the DagBag from /home/airflow/.local/lib/python3.12/site-packages/airflow/example_dags/tutorial_dag.py
[2026-09-23T17:44:30.606+0000] {processor.py:925} INFO - DAG(s) 'tutorial_dag' retrieved from /home/airflow/.local/lib/python3.12/site-packages/airflow/example_dags/tutorial_dag.py
[2026-09-23T17:44:30.630+0000] {logging_mixin.py:190} INFO - [2026-09-23T17:44:30.630+0000] {dag.py:3239} INFO - Sync 1 DAGs
[2026-09-23T17:44:30.653+0000] {logging_mixin.py:190} INFO - [2026-09-23T17:44:30.653+0000] {dag.py:4180} INFO - Setting next_dagrun for tutorial_dag to None, run_after=None
[2026-09-23T17:44:30.682+0000] {processor.py:208} INFO - Processing /home/airflow/.local/lib/python3.12/site-packages/airflow/example_dags/tutorial_dag.py took 0.098 seconds
[2026-09-23T17:45:01.451+0000] {processor.py:186} INFO - Started process (PID=8306) to work on /home/airflow/.local/lib/python3.12/site-packages/airflow/example_dags/tutorial_dag.py
[2026-09-23T17:45:01.452+0000] {processor.py:914} INFO - Processing file /home/airflow/.local/lib/python3.12/site-packages/airflow/example_dags/tutorial_dag.py for tasks to queue
[2026-09-23T17:45:01.456+0000] {logging_mixin.py:190} INFO - [2026-09-23T17:45:01.456+0000] {dagbag.py:588} INFO - Filling up the DagBag from /home/airflow/.local/lib/python3.12/site-packages/airflow/example_dags/tutorial_dag.py
[2026-09-23T17:45:01.472+0000] {processor.py:925} INFO - DAG(s) 'tutorial_dag' retrieved from /home/airflow/.local/lib/python3.12/site-packages/airflow/example_dags/tutorial_dag.py
[2026-09-23T17:45:01.502+0000] {logging_mixin.py:190} INFO - [2026-09-23T17:45:01.502+0000] {dag.py:3239} INFO - Sync 1 DAGs
[2026-09-23T17:45:01.526+0000] {logging_mixin.py:190} INFO - [2026-09-23T17:45:01.526+0000] {dag.py:4180} INFO - Setting next_dagrun for tutorial_dag to None, run_after=None
[2026-09-23T17:45:01.554+0000] {processor.py:208} INFO - Processing /home/airflow/.local/lib/python3.12/site-packages/airflow/example_dags/tutorial_dag.py took 0.114 seconds
[2026-09-23T17:45:32.181+0000] {processor.py:186} INFO - Started process (PID=8379) to work on /home/airflow/.local/lib/python3.12/site-packages/airflow/example_dags/tutorial_dag.py
[2026-09-23T17:45:32.187+0000] {processor.py:914} INFO - Processing file /home/airflow/.local/lib/python3.12/site-packages/airflow/example_dags/tutorial_dag.py for tasks to queue
[2026-09-23T17:45:32.205+0000] {logging_mixin.py:190} INFO - [2026-09-23T17:45:32.190+0000] {dagbag.py:588} INFO - Filling up the DagBag from /home/airflow/.local/lib/python3.12/site-packages/airflow/example_dags/tutorial_dag.py
[2026-09-23T17:45:32.268+0000] {processor.py:925} INFO - DAG(s) 'tutorial_dag' retrieved from /home/airflow/.local/lib/python3.12/site-packages/airflow/example_dags/tutorial_dag.py
[2026-09-23T17:45:32.329+0000] {logging_mixin.py:190} INFO - [2026-09-23T17:45:32.328+0000] {dag.py:3239} INFO - Sync 1 DAGs
[2026-09-23T17:45:32.361+0000] {logging_mixin.py:190} INFO - [2026-09-23T17:45:32.360+0000] {dag.py:4180} INFO - Setting next_dagrun for tutorial_dag to None, run_after=None
[2026-09-23T17:45:32.442+0000] {processor.py:208} INFO - Processing /home/airflow/.local/lib/python3.12/site-packages/airflow/example_dags/tutorial_dag.py took 0.299 seconds
[2026-09-23T17:46:02.603+0000] {processor.py:186} INFO - Started process (PID=8453) to work on /home/airflow/.local/lib/python3.12/site-packages/airflow/example_dags/tutorial_dag.py
[2026-09-23T17:46:02.607+0000] {processor.py:914} INFO - Processing file /home/airflow/.local/lib/python3.12/site-packages/airflow/example_dags/tutorial_dag.py for tasks to queue
[2026-09-23T17:46:02.616+0000] {logging_mixin.py:190} INFO - [2026-09-23T17:46:02.615+0000] {dagbag.py:588} INFO - Filling up the DagBag from /home/airflow/.local/lib/python3.12/site-packages/airflow/example_dags/tutorial_dag.py
[2026-09-23T17:46:02.645+0000] {processor.py:925} INFO - DAG(s) 'tutorial_dag' retrieved from /home/airflow/.local/lib/python3.12/site-packages/airflow/example_dags/tutorial_dag.py
[2026-09-23T17:46:02.729+0000] {logging_mixin.py:190} INFO - [2026-09-23T17:46:02.728+0000] {dag.py:3239} INFO - Sync 1 DAGs
[2026-09-23T17:46:02.859+0000] {logging_mixin.py:190} INFO - [2026-09-23T17:46:02.859+0000] {dag.py:4180} INFO - Setting next_dagrun for tutorial_dag to None, run_after=None
[2026-09-23T17:46:02.913+0000] {processor.py:208} INFO - Processing /home/airflow/.local/lib/python3.12/site-packages/airflow/example_dags/tutorial_dag.py took 0.347 seconds
[2026-09-23T17:46:33.471+0000] {processor.py:186} INFO - Started process (PID=8520) to work on /home/airflow/.local/lib/python3.12/site-packages/airflow/example_dags/tutorial_dag.py
[2026-09-23T17:46:33.474+0000] {processor.py:914} INFO - Processing file /home/airflow/.local/lib/python3.12/site-packages/airflow/example_dags/tutorial_dag.py for tasks to queue
[2026-09-23T17:46:33.487+0000] {logging_mixin.py:190} INFO - [2026-09-23T17:46:33.485+0000] {dagbag.py:588} INFO - Filling up the DagBag from /home/airflow/.local/lib/python3.12/site-packages/airflow/example_dags/tutorial_dag.py
[2026-09-23T17:46:33.508+0000] {processor.py:925} INFO - DAG(s) 'tutorial_dag' retrieved from /home/airflow/.local/lib/python3.12/site-packages/airflow/example_dags/tutorial_dag.py
[2026-09-23T17:46:33.550+0000] {logging_mixin.py:190} INFO - [2026-09-23T17:46:33.550+0000] {dag.py:3239} INFO - Sync 1 DAGs
[2026-09-23T17:46:33.585+0000] {logging_mixin.py:190} INFO - [2026-09-23T17:46:33.584+0000] {dag.py:4180} INFO - Setting next_dagrun for tutorial_dag to None, run_after=None
[2026-09-23T17:46:33.659+0000] {processor.py:208} INFO - Processing /home/airflow/.local/lib/python3.12/site-packages/airflow/example_dags/tutorial_dag.py took 0.203 seconds
[2026-09-23T17:47:04.238+0000] {processor.py:186} INFO - Started process (PID=8594) to work on /home/airflow/.local/lib/python3.12/site-packages/airflow/example_dags/tutorial_dag.py
[2026-09-23T17:47:04.239+0000] {processor.py:914} INFO - Processing file /home/airflow/.local/lib/python3.12/site-packages/airflow/example_dags/tutorial_dag.py for tasks to queue
[2026-09-23T17:47:04.243+0000] {logging_mixin.py:190} INFO - [2026-09-23T17:47:04.242+0000] {dagbag.py:588} INFO - Filling up the DagBag from /home/airflow/.local/lib/python3.12/site-packages/airflow/example_dags/tutorial_dag.py
[2026-09-23T17:47:04.254+0000] {processor.py:925} INFO - DAG(s) 'tutorial_dag' retrieved from /home/airflow/.local/lib/python3.12/site-packages/airflow/example_dags/tutorial_dag.py
[2026-09-23T17:47:04.285+0000] {logging_mixin.py:190} INFO - [2026-09-23T17:47:04.285+0000] {dag.py:3239} INFO - Sync 1 DAGs
[2026-09-23T17:47:04.318+0000] {logging_mixin.py:190} INFO - [2026-09-23T17:47:04.317+0000] {dag.py:4180} INFO - Setting next_dagrun for tutorial_dag to None, run_after=None
[2026-09-23T17:47:04.354+0000] {processor.py:208} INFO - Processing /home/airflow/.local/lib/python3.12/site-packages/airflow/example_dags/tutorial_dag.py took 0.125 seconds
[2026-09-23T17:47:34.791+0000] {processor.py:186} INFO - Started process (PID=8668) to work on /home/airflow/.local/lib/python3.12/site-packages/airflow/example_dags/tutorial_dag.py
[2026-09-23T17:47:34.793+0000] {processor.py:914} INFO - Processing file /home/airflow/.local/lib/python3.12/site-packages/airflow/example_dags/tutorial_dag.py for tasks to queue
[2026-09-23T17:47:34.796+0000] {logging_mixin.py:190} INFO - [2026-09-23T17:47:34.796+0000] {dagbag.py:588} INFO - Filling up the DagBag from /home/airflow/.local/lib/python3.12/site-packages/airflow/example_dags/tutorial_dag.py
[2026-09-23T17:47:34.806+0000] {processor.py:925} INFO - DAG(s) 'tutorial_dag' retrieved from /home/airflow/.local/lib/python3.12/site-packages/airflow/example_dags/tutorial_dag.py
[2026-09-23T17:47:34.832+0000] {logging_mixin.py:190} INFO - [2026-09-23T17:47:34.832+0000] {dag.py:3239} INFO - Sync 1 DAGs
[2026-09-23T17:47:34.860+0000] {logging_mixin.py:190} INFO - [2026-09-23T17:47:34.860+0000] {dag.py:4180} INFO - Setting next_dagrun for tutorial_dag to None, run_after=None
[2026-09-23T17:47:34.888+0000] {processor.py:208} INFO - Processing /home/airflow/.local/lib/python3.12/site-packages/airflow/example_dags/tutorial_dag.py took 0.108 seconds
[2026-09-23T17:48:05.216+0000] {processor.py:186} INFO - Started process (PID=8741) to work on /home/airflow/.local/lib/python3.12/site-packages/airflow/example_dags/tutorial_dag.py
[2026-09-23T17:48:05.217+0000] {processor.py:914} INFO - Processing file /home/airflow/.local/lib/python3.12/site-packages/airflow/example_dags/tutorial_dag.py for tasks to queue
[2026-09-23T17:48:05.225+0000] {logging_mixin.py:190} INFO - [2026-09-23T17:48:05.225+0000] {dagbag.py:588} INFO - Filling up the DagBag from /home/airflow/.local/lib/python3.12/site-packages/airflow/example_dags/tutorial_dag.py
[2026-09-23T17:48:05.259+0000] {processor.py:925} INFO - DAG(s) 'tutorial_dag' retrieved from /home/airflow/.local/lib/python3.12/site-packages/airflow/example_dags/tutorial_dag.py
[2026-09-23T17:48:05.324+0000] {logging_mixin.py:190} INFO - [2026-09-23T17:48:05.323+0000] {dag.py:3239} INFO - Sync 1 DAGs
[2026-09-23T17:48:05.364+0000] {logging_mixin.py:190} INFO - [2026-09-23T17:48:05.363+0000] {dag.py:4180} INFO - Setting next_dagrun for tutorial_dag to None, run_after=None
[2026-09-23T17:48:05.424+0000] {processor.py:208} INFO - Processing /home/airflow/.local/lib/python3.12/site-packages/airflow/example_dags/tutorial_dag.py took 0.242 seconds
[2026-09-23T17:48:35.667+0000] {processor.py:186} INFO - Started process (PID=8815) to work on /home/airflow/.local/lib/python3.12/site-packages/airflow/example_dags/tutorial_dag.py
[2026-09-23T17:48:35.669+0000] {processor.py:914} INFO - Processing file /home/airflow/.local/lib/python3.12/site-packages/airflow/example_dags/tutorial_dag.py for tasks to queue
[2026-09-23T17:48:35.673+0000] {logging_mixin.py:190} INFO - [2026-09-23T17:48:35.673+0000] {dagbag.py:588} INFO - Filling up the DagBag from /home/airflow/.local/lib/python3.12/site-packages/airflow/example_dags/tutorial_dag.py
[2026-09-23T17:48:35.687+0000] {processor.py:925} INFO - DAG(s) 'tutorial_dag' retrieved from /home/airflow/.local/lib/python3.12/site-packages/airflow/example_dags/tutorial_dag.py
[2026-09-23T17:48:35.728+0000] {logging_mixin.py:190} INFO - [2026-09-23T17:48:35.727+0000] {dag.py:3239} INFO - Sync 1 DAGs
[2026-09-23T17:48:35.780+0000] {logging_mixin.py:190} INFO - [2026-09-23T17:48:35.776+0000] {dag.py:4180} INFO - Setting next_dagrun for tutorial_dag to None, run_after=None
[2026-09-23T17:48:35.855+0000] {processor.py:208} INFO - Processing /home/airflow/.local/lib/python3.12/site-packages/airflow/example_dags/tutorial_dag.py took 0.202 seconds
[2026-09-23T17:49:05.974+0000] {processor.py:186} INFO - Started process (PID=8887) to work on /home/airflow/.local/lib/python3.12/site-packages/airflow/example_dags/tutorial_dag.py
[2026-09-23T17:49:05.975+0000] {processor.py:914} INFO - Processing file /home/airflow/.local/lib/python3.12/site-packages/airflow/example_dags/tutorial_dag.py for tasks to queue
[2026-09-23T17:49:05.978+0000] {logging_mixin.py:190} INFO - [2026-09-23T17:49:05.977+0000] {dagbag.py:588} INFO - Filling up the DagBag from /home/airflow/.local/lib/python3.12/site-packages/airflow/example_dags/tutorial_dag.py
[2026-09-23T17:49:05.988+0000] {processor.py:925} INFO - DAG(s) 'tutorial_dag' retrieved from /home/airflow/.local/lib/python3.12/site-packages/airflow/example_dags/tutorial_dag.py
[2026-09-23T17:49:06.014+0000] {logging_mixin.py:190} INFO - [2026-09-23T17:49:06.014+0000] {dag.py:3239} INFO - Sync 1 DAGs
[2026-09-23T17:49:06.036+0000] {logging_mixin.py:190} INFO - [2026-09-23T17:49:06.036+0000] {dag.py:4180} INFO - Setting next_dagrun for tutorial_dag to None, run_after=None
[2026-09-23T17:49:06.059+0000] {processor.py:208} INFO - Processing /home/airflow/.local/lib/python3.12/site-packages/airflow/example_dags/tutorial_dag.py took 0.095 seconds
[2026-09-23T17:49:36.341+0000] {processor.py:186} INFO - Started process (PID=8955) to work on /home/airflow/.local/lib/python3.12/site-packages/airflow/example_dags/tutorial_dag.py
[2026-09-23T17:49:36.343+0000] {processor.py:914} INFO - Processing file /home/airflow/.local/lib/python3.12/site-packages/airflow/example_dags/tutorial_dag.py for tasks to queue
[2026-09-23T17:49:36.347+0000] {logging_mixin.py:190} INFO - [2026-09-23T17:49:36.346+0000] {dagbag.py:588} INFO - Filling up the DagBag from /home/airflow/.local/lib/python3.12/site-packages/airflow/example_dags/tutorial_dag.py
[2026-09-23T17:49:36.358+0000] {processor.py:925} INFO - DAG(s) 'tutorial_dag' retrieved from /home/airflow/.local/lib/python3.12/site-packages/airflow/example_dags/tutorial_dag.py
[2026-09-23T17:49:36.384+0000] {logging_mixin.py:190} INFO - [2026-09-23T17:49:36.383+0000] {dag.py:3239} INFO - Sync 1 DAGs
[2026-09-23T17:49:36.407+0000] {logging_mixin.py:190} INFO - [2026-09-23T17:49:36.407+0000] {dag.py:4180} INFO - Setting next_dagrun for tutorial_dag to None, run_after=None
[2026-09-23T17:49:36.430+0000] {processor.py:208} INFO - Processing /home/airflow/.local/lib/python3.12/site-packages/airflow/example_dags/tutorial_dag.py took 0.097 seconds
[2026-09-23T17:50:07.192+0000] {processor.py:186} INFO - Started process (PID=9029) to work on /home/airflow/.local/lib/python3.12/site-packages/airflow/example_dags/tutorial_dag.py
[2026-09-23T17:50:07.193+0000] {processor.py:914} INFO - Processing file /home/airflow/.local/lib/python3.12/site-packages/airflow/example_dags/tutorial_dag.py for tasks to queue
[2026-09-23T17:50:07.196+0000] {logging_mixin.py:190} INFO - [2026-09-23T17:50:07.196+0000] {dagbag.py:588} INFO - Filling up the DagBag from /home/airflow/.local/lib/python3.12/site-packages/airflow/example_dags/tutorial_dag.py
[2026-09-23T17:50:07.205+0000] {processor.py:925} INFO - DAG(s) 'tutorial_dag' retrieved from /home/airflow/.local/lib/python3.12/site-packages/airflow/example_dags/tutorial_dag.py
[2026-09-23T17:50:07.230+0000] {logging_mixin.py:190} INFO - [2026-09-23T17:50:07.229+0000] {dag.py:3239} INFO - Sync 1 DAGs
[2026-09-23T17:50:07.251+0000] {logging_mixin.py:190} INFO - [2026-09-23T17:50:07.251+0000] {dag.py:4180} INFO - Setting next_dagrun for tutorial_dag to None, run_after=None
[2026-09-23T17:50:07.274+0000] {processor.py:208} INFO - Processing /home/airflow/.local/lib/python3.12/site-packages/airflow/example_dags/tutorial_dag.py took 0.091 seconds
[2026-09-23T17:50:37.736+0000] {processor.py:186} INFO - Started process (PID=9102) to work on /home/airflow/.local/lib/python3.12/site-packages/airflow/example_dags/tutorial_dag.py
[2026-09-23T17:50:37.738+0000] {processor.py:914} INFO - Processing file /home/airflow/.local/lib/python3.12/site-packages/airflow/example_dags/tutorial_dag.py for tasks to queue
[2026-09-23T17:50:37.741+0000] {logging_mixin.py:190} INFO - [2026-09-23T17:50:37.741+0000] {dagbag.py:588} INFO - Filling up the DagBag from /home/airflow/.local/lib/python3.12/site-packages/airflow/example_dags/tutorial_dag.py
[2026-09-23T17:50:37.752+0000] {processor.py:925} INFO - DAG(s) 'tutorial_dag' retrieved from /home/airflow/.local/lib/python3.12/site-packages/airflow/example_dags/tutorial_dag.py
[2026-09-23T17:50:37.778+0000] {logging_mixin.py:190} INFO - [2026-09-23T17:50:37.778+0000] {dag.py:3239} INFO - Sync 1 DAGs
[2026-09-23T17:50:37.800+0000] {logging_mixin.py:190} INFO - [2026-09-23T17:50:37.800+0000] {dag.py:4180} INFO - Setting next_dagrun for tutorial_dag to None, run_after=None
[2026-09-23T17:50:37.823+0000] {processor.py:208} INFO - Processing /home/airflow/.local/lib/python3.12/site-packages/airflow/example_dags/tutorial_dag.py took 0.096 seconds
[2026-09-23T17:51:08.149+0000] {processor.py:186} INFO - Started process (PID=9176) to work on /home/airflow/.local/lib/python3.12/site-packages/airflow/example_dags/tutorial_dag.py
[2026-09-23T17:51:08.151+0000] {processor.py:914} INFO - Processing file /home/airflow/.local/lib/python3.12/site-packages/airflow/example_dags/tutorial_dag.py for tasks to queue
[2026-09-23T17:51:08.156+0000] {logging_mixin.py:190} INFO - [2026-09-23T17:51:08.155+0000] {dagbag.py:588} INFO - Filling up the DagBag from /home/airflow/.local/lib/python3.12/site-packages/airflow/example_dags/tutorial_dag.py
[2026-09-23T17:51:08.174+0000] {processor.py:925} INFO - DAG(s) 'tutorial_dag' retrieved from /home/airflow/.local/lib/python3.12/site-packages/airflow/example_dags/tutorial_dag.py
[2026-09-23T17:51:08.212+0000] {logging_mixin.py:190} INFO - [2026-09-23T17:51:08.211+0000] {dag.py:3239} INFO - Sync 1 DAGs
[2026-09-23T17:51:08.244+0000] {logging_mixin.py:190} INFO - [2026-09-23T17:51:08.244+0000] {dag.py:4180} INFO - Setting next_dagrun for tutorial_dag to None, run_after=None
[2026-09-23T17:51:08.295+0000] {processor.py:208} INFO - Processing /home/airflow/.local/lib/python3.12/site-packages/airflow/example_dags/tutorial_dag.py took 0.168 seconds
[2026-09-23T17:51:38.621+0000] {processor.py:186} INFO - Started process (PID=9246) to work on /home/airflow/.local/lib/python3.12/site-packages/airflow/example_dags/tutorial_dag.py
[2026-09-23T17:51:38.623+0000] {processor.py:914} INFO - Processing file /home/airflow/.local/lib/python3.12/site-packages/airflow/example_dags/tutorial_dag.py for tasks to queue
[2026-09-23T17:51:38.626+0000] {logging_mixin.py:190} INFO - [2026-09-23T17:51:38.626+0000] {dagbag.py:588} INFO - Filling up the DagBag from /home/airflow/.local/lib/python3.12/site-packages/airflow/example_dags/tutorial_dag.py
[2026-09-23T17:51:38.636+0000] {processor.py:925} INFO - DAG(s) 'tutorial_dag' retrieved from /home/airflow/.local/lib/python3.12/site-packages/airflow/example_dags/tutorial_dag.py
[2026-09-23T17:51:38.663+0000] {logging_mixin.py:190} INFO - [2026-09-23T17:51:38.662+0000] {dag.py:3239} INFO - Sync 1 DAGs
[2026-09-23T17:51:38.693+0000] {logging_mixin.py:190} INFO - [2026-09-23T17:51:38.693+0000] {dag.py:4180} INFO - Setting next_dagrun for tutorial_dag to None, run_after=None
[2026-09-23T17:51:38.732+0000] {processor.py:208} INFO - Processing /home/airflow/.local/lib/python3.12/site-packages/airflow/example_dags/tutorial_dag.py took 0.123 seconds
[2026-09-23T17:52:09.325+0000] {processor.py:186} INFO - Started process (PID=9319) to work on /home/airflow/.local/lib/python3.12/site-packages/airflow/example_dags/tutorial_dag.py
[2026-09-23T17:52:09.326+0000] {processor.py:914} INFO - Processing file /home/airflow/.local/lib/python3.12/site-packages/airflow/example_dags/tutorial_dag.py for tasks to queue
[2026-09-23T17:52:09.329+0000] {logging_mixin.py:190} INFO - [2026-09-23T17:52:09.329+0000] {dagbag.py:588} INFO - Filling up the DagBag from /home/airflow/.local/lib/python3.12/site-packages/airflow/example_dags/tutorial_dag.py
[2026-09-23T17:52:09.340+0000] {processor.py:925} INFO - DAG(s) 'tutorial_dag' retrieved from /home/airflow/.local/lib/python3.12/site-packages/airflow/example_dags/tutorial_dag.py
[2026-09-23T17:52:09.368+0000] {logging_mixin.py:190} INFO - [2026-09-23T17:52:09.368+0000] {dag.py:3239} INFO - Sync 1 DAGs
[2026-09-23T17:52:09.399+0000] {logging_mixin.py:190} INFO - [2026-09-23T17:52:09.397+0000] {dag.py:4180} INFO - Setting next_dagrun for tutorial_dag to None, run_after=None
[2026-09-23T17:52:09.424+0000] {processor.py:208} INFO - Processing /home/airflow/.local/lib/python3.12/site-packages/airflow/example_dags/tutorial_dag.py took 0.109 seconds
[2026-09-23T17:52:39.863+0000] {processor.py:186} INFO - Started process (PID=9393) to work on /home/airflow/.local/lib/python3.12/site-packages/airflow/example_dags/tutorial_dag.py
[2026-09-23T17:52:39.866+0000] {processor.py:914} INFO - Processing file /home/airflow/.local/lib/python3.12/site-packages/airflow/example_dags/tutorial_dag.py for tasks to queue
[2026-09-23T17:52:39.869+0000] {logging_mixin.py:190} INFO - [2026-09-23T17:52:39.868+0000] {dagbag.py:588} INFO - Filling up the DagBag from /home/airflow/.local/lib/python3.12/site-packages/airflow/example_dags/tutorial_dag.py
[2026-09-23T17:52:39.884+0000] {processor.py:925} INFO - DAG(s) 'tutorial_dag' retrieved from /home/airflow/.local/lib/python3.12/site-packages/airflow/example_dags/tutorial_dag.py
[2026-09-23T17:52:39.913+0000] {logging_mixin.py:190} INFO - [2026-09-23T17:52:39.913+0000] {dag.py:3239} INFO - Sync 1 DAGs
[2026-09-23T17:52:39.943+0000] {logging_mixin.py:190} INFO - [2026-09-23T17:52:39.943+0000] {dag.py:4180} INFO - Setting next_dagrun for tutorial_dag to None, run_after=None
[2026-09-23T17:52:39.969+0000] {processor.py:208} INFO - Processing /home/airflow/.local/lib/python3.12/site-packages/airflow/example_dags/tutorial_dag.py took 0.116 seconds
[2026-09-23T17:53:10.299+0000] {processor.py:186} INFO - Started process (PID=9467) to work on /home/airflow/.local/lib/python3.12/site-packages/airflow/example_dags/tutorial_dag.py
[2026-09-23T17:53:10.300+0000] {processor.py:914} INFO - Processing file /home/airflow/.local/lib/python3.12/site-packages/airflow/example_dags/tutorial_dag.py for tasks to queue
[2026-09-23T17:53:10.303+0000] {logging_mixin.py:190} INFO - [2026-09-23T17:53:10.303+0000] {dagbag.py:588} INFO - Filling up the DagBag from /home/airflow/.local/lib/python3.12/site-packages/airflow/example_dags/tutorial_dag.py
[2026-09-23T17:53:10.313+0000] {processor.py:925} INFO - DAG(s) 'tutorial_dag' retrieved from /home/airflow/.local/lib/python3.12/site-packages/airflow/example_dags/tutorial_dag.py
[2026-09-23T17:53:10.340+0000] {logging_mixin.py:190} INFO - [2026-09-23T17:53:10.340+0000] {dag.py:3239} INFO - Sync 1 DAGs
[2026-09-23T17:53:10.367+0000] {logging_mixin.py:190} INFO - [2026-09-23T17:53:10.366+0000] {dag.py:4180} INFO - Setting next_dagrun for tutorial_dag to None, run_after=None
[2026-09-23T17:53:10.406+0000] {processor.py:208} INFO - Processing /home/airflow/.local/lib/python3.12/site-packages/airflow/example_dags/tutorial_dag.py took 0.117 seconds
[2026-09-23T17:53:41.111+0000] {processor.py:186} INFO - Started process (PID=9541) to work on /home/airflow/.local/lib/python3.12/site-packages/airflow/example_dags/tutorial_dag.py
[2026-09-23T17:53:41.124+0000] {processor.py:914} INFO - Processing file /home/airflow/.local/lib/python3.12/site-packages/airflow/example_dags/tutorial_dag.py for tasks to queue
[2026-09-23T17:53:41.128+0000] {logging_mixin.py:190} INFO - [2026-09-23T17:53:41.128+0000] {dagbag.py:588} INFO - Filling up the DagBag from /home/airflow/.local/lib/python3.12/site-packages/airflow/example_dags/tutorial_dag.py
[2026-09-23T17:53:41.142+0000] {processor.py:925} INFO - DAG(s) 'tutorial_dag' retrieved from /home/airflow/.local/lib/python3.12/site-packages/airflow/example_dags/tutorial_dag.py
[2026-09-23T17:53:41.195+0000] {logging_mixin.py:190} INFO - [2026-09-23T17:53:41.194+0000] {dag.py:3239} INFO - Sync 1 DAGs
[2026-09-23T17:53:41.225+0000] {logging_mixin.py:190} INFO - [2026-09-23T17:53:41.225+0000] {dag.py:4180} INFO - Setting next_dagrun for tutorial_dag to None, run_after=None
[2026-09-23T17:53:41.264+0000] {processor.py:208} INFO - Processing /home/airflow/.local/lib/python3.12/site-packages/airflow/example_dags/tutorial_dag.py took 0.188 seconds
[2026-09-23T17:54:11.357+0000] {processor.py:186} INFO - Started process (PID=9613) to work on /home/airflow/.local/lib/python3.12/site-packages/airflow/example_dags/tutorial_dag.py
[2026-09-23T17:54:11.359+0000] {processor.py:914} INFO - Processing file /home/airflow/.local/lib/python3.12/site-packages/airflow/example_dags/tutorial_dag.py for tasks to queue
[2026-09-23T17:54:11.363+0000] {logging_mixin.py:190} INFO - [2026-09-23T17:54:11.362+0000] {dagbag.py:588} INFO - Filling up the DagBag from /home/airflow/.local/lib/python3.12/site-packages/airflow/example_dags/tutorial_dag.py
[2026-09-23T17:54:11.380+0000] {processor.py:925} INFO - DAG(s) 'tutorial_dag' retrieved from /home/airflow/.local/lib/python3.12/site-packages/airflow/example_dags/tutorial_dag.py
[2026-09-23T17:54:11.417+0000] {logging_mixin.py:190} INFO - [2026-09-23T17:54:11.416+0000] {dag.py:3239} INFO - Sync 1 DAGs
[2026-09-23T17:54:11.442+0000] {logging_mixin.py:190} INFO - [2026-09-23T17:54:11.441+0000] {dag.py:4180} INFO - Setting next_dagrun for tutorial_dag to None, run_after=None
[2026-09-23T17:54:11.472+0000] {processor.py:208} INFO - Processing /home/airflow/.local/lib/python3.12/site-packages/airflow/example_dags/tutorial_dag.py took 0.127 seconds
[2026-09-23T17:54:41.656+0000] {processor.py:186} INFO - Started process (PID=9688) to work on /home/airflow/.local/lib/python3.12/site-packages/airflow/example_dags/tutorial_dag.py
[2026-09-23T17:54:41.657+0000] {processor.py:914} INFO - Processing file /home/airflow/.local/lib/python3.12/site-packages/airflow/example_dags/tutorial_dag.py for tasks to queue
[2026-09-23T17:54:41.660+0000] {logging_mixin.py:190} INFO - [2026-09-23T17:54:41.660+0000] {dagbag.py:588} INFO - Filling up the DagBag from /home/airflow/.local/lib/python3.12/site-packages/airflow/example_dags/tutorial_dag.py
[2026-09-23T17:54:41.670+0000] {processor.py:925} INFO - DAG(s) 'tutorial_dag' retrieved from /home/airflow/.local/lib/python3.12/site-packages/airflow/example_dags/tutorial_dag.py
[2026-09-23T17:54:41.693+0000] {logging_mixin.py:190} INFO - [2026-09-23T17:54:41.693+0000] {dag.py:3239} INFO - Sync 1 DAGs
[2026-09-23T17:54:41.715+0000] {logging_mixin.py:190} INFO - [2026-09-23T17:54:41.715+0000] {dag.py:4180} INFO - Setting next_dagrun for tutorial_dag to None, run_after=None
[2026-09-23T17:54:41.737+0000] {processor.py:208} INFO - Processing /home/airflow/.local/lib/python3.12/site-packages/airflow/example_dags/tutorial_dag.py took 0.090 seconds
[2026-09-23T17:55:12.210+0000] {processor.py:186} INFO - Started process (PID=9762) to work on /home/airflow/.local/lib/python3.12/site-packages/airflow/example_dags/tutorial_dag.py
[2026-09-23T17:55:12.210+0000] {processor.py:914} INFO - Processing file /home/airflow/.local/lib/python3.12/site-packages/airflow/example_dags/tutorial_dag.py for tasks to queue
[2026-09-23T17:55:12.213+0000] {logging_mixin.py:190} INFO - [2026-09-23T17:55:12.213+0000] {dagbag.py:588} INFO - Filling up the DagBag from /home/airflow/.local/lib/python3.12/site-packages/airflow/example_dags/tutorial_dag.py
[2026-09-23T17:55:12.223+0000] {processor.py:925} INFO - DAG(s) 'tutorial_dag' retrieved from /home/airflow/.local/lib/python3.12/site-packages/airflow/example_dags/tutorial_dag.py
[2026-09-23T17:55:12.250+0000] {logging_mixin.py:190} INFO - [2026-09-23T17:55:12.249+0000] {dag.py:3239} INFO - Sync 1 DAGs
[2026-09-23T17:55:12.273+0000] {logging_mixin.py:190} INFO - [2026-09-23T17:55:12.273+0000] {dag.py:4180} INFO - Setting next_dagrun for tutorial_dag to None, run_after=None
[2026-09-23T17:55:12.296+0000] {processor.py:208} INFO - Processing /home/airflow/.local/lib/python3.12/site-packages/airflow/example_dags/tutorial_dag.py took 0.094 seconds
[2026-09-23T17:55:42.715+0000] {processor.py:186} INFO - Started process (PID=9836) to work on /home/airflow/.local/lib/python3.12/site-packages/airflow/example_dags/tutorial_dag.py
[2026-09-23T17:55:42.716+0000] {processor.py:914} INFO - Processing file /home/airflow/.local/lib/python3.12/site-packages/airflow/example_dags/tutorial_dag.py for tasks to queue
[2026-09-23T17:55:42.719+0000] {logging_mixin.py:190} INFO - [2026-09-23T17:55:42.718+0000] {dagbag.py:588} INFO - Filling up the DagBag from /home/airflow/.local/lib/python3.12/site-packages/airflow/example_dags/tutorial_dag.py
[2026-09-23T17:55:42.729+0000] {processor.py:925} INFO - DAG(s) 'tutorial_dag' retrieved from /home/airflow/.local/lib/python3.12/site-packages/airflow/example_dags/tutorial_dag.py
[2026-09-23T17:55:42.754+0000] {logging_mixin.py:190} INFO - [2026-09-23T17:55:42.754+0000] {dag.py:3239} INFO - Sync 1 DAGs
[2026-09-23T17:55:42.780+0000] {logging_mixin.py:190} INFO - [2026-09-23T17:55:42.779+0000] {dag.py:4180} INFO - Setting next_dagrun for tutorial_dag to None, run_after=None
[2026-09-23T17:55:42.809+0000] {processor.py:208} INFO - Processing /home/airflow/.local/lib/python3.12/site-packages/airflow/example_dags/tutorial_dag.py took 0.105 seconds
[2026-09-23T17:56:13.123+0000] {processor.py:186} INFO - Started process (PID=9903) to work on /home/airflow/.local/lib/python3.12/site-packages/airflow/example_dags/tutorial_dag.py
[2026-09-23T17:56:13.124+0000] {processor.py:914} INFO - Processing file /home/airflow/.local/lib/python3.12/site-packages/airflow/example_dags/tutorial_dag.py for tasks to queue
[2026-09-23T17:56:13.128+0000] {logging_mixin.py:190} INFO - [2026-09-23T17:56:13.127+0000] {dagbag.py:588} INFO - Filling up the DagBag from /home/airflow/.local/lib/python3.12/site-packages/airflow/example_dags/tutorial_dag.py
[2026-09-23T17:56:13.142+0000] {processor.py:925} INFO - DAG(s) 'tutorial_dag' retrieved from /home/airflow/.local/lib/python3.12/site-packages/airflow/example_dags/tutorial_dag.py
[2026-09-23T17:56:13.169+0000] {logging_mixin.py:190} INFO - [2026-09-23T17:56:13.169+0000] {dag.py:3239} INFO - Sync 1 DAGs
[2026-09-23T17:56:13.193+0000] {logging_mixin.py:190} INFO - [2026-09-23T17:56:13.192+0000] {dag.py:4180} INFO - Setting next_dagrun for tutorial_dag to None, run_after=None
[2026-09-23T17:56:13.222+0000] {processor.py:208} INFO - Processing /home/airflow/.local/lib/python3.12/site-packages/airflow/example_dags/tutorial_dag.py took 0.110 seconds
[2026-09-23T17:56:43.721+0000] {processor.py:186} INFO - Started process (PID=9977) to work on /home/airflow/.local/lib/python3.12/site-packages/airflow/example_dags/tutorial_dag.py
[2026-09-23T17:56:43.723+0000] {processor.py:914} INFO - Processing file /home/airflow/.local/lib/python3.12/site-packages/airflow/example_dags/tutorial_dag.py for tasks to queue
[2026-09-23T17:56:43.726+0000] {logging_mixin.py:190} INFO - [2026-09-23T17:56:43.725+0000] {dagbag.py:588} INFO - Filling up the DagBag from /home/airflow/.local/lib/python3.12/site-packages/airflow/example_dags/tutorial_dag.py
[2026-09-23T17:56:43.735+0000] {processor.py:925} INFO - DAG(s) 'tutorial_dag' retrieved from /home/airflow/.local/lib/python3.12/site-packages/airflow/example_dags/tutorial_dag.py
[2026-09-23T17:56:43.759+0000] {logging_mixin.py:190} INFO - [2026-09-23T17:56:43.758+0000] {dag.py:3239} INFO - Sync 1 DAGs
[2026-09-23T17:56:43.780+0000] {logging_mixin.py:190} INFO - [2026-09-23T17:56:43.780+0000] {dag.py:4180} INFO - Setting next_dagrun for tutorial_dag to None, run_after=None
[2026-09-23T17:56:43.802+0000] {processor.py:208} INFO - Processing /home/airflow/.local/lib/python3.12/site-packages/airflow/example_dags/tutorial_dag.py took 0.093 seconds
[2026-09-23T17:57:14.130+0000] {processor.py:186} INFO - Started process (PID=10051) to work on /home/airflow/.local/lib/python3.12/site-packages/airflow/example_dags/tutorial_dag.py
[2026-09-23T17:57:14.131+0000] {processor.py:914} INFO - Processing file /home/airflow/.local/lib/python3.12/site-packages/airflow/example_dags/tutorial_dag.py for tasks to queue
[2026-09-23T17:57:14.134+0000] {logging_mixin.py:190} INFO - [2026-09-23T17:57:14.133+0000] {dagbag.py:588} INFO - Filling up the DagBag from /home/airflow/.local/lib/python3.12/site-packages/airflow/example_dags/tutorial_dag.py
[2026-09-23T17:57:14.144+0000] {processor.py:925} INFO - DAG(s) 'tutorial_dag' retrieved from /home/airflow/.local/lib/python3.12/site-packages/airflow/example_dags/tutorial_dag.py
[2026-09-23T17:57:14.167+0000] {logging_mixin.py:190} INFO - [2026-09-23T17:57:14.167+0000] {dag.py:3239} INFO - Sync 1 DAGs
[2026-09-23T17:57:14.188+0000] {logging_mixin.py:190} INFO - [2026-09-23T17:57:14.188+0000] {dag.py:4180} INFO - Setting next_dagrun for tutorial_dag to None, run_after=None
[2026-09-23T17:57:14.209+0000] {processor.py:208} INFO - Processing /home/airflow/.local/lib/python3.12/site-packages/airflow/example_dags/tutorial_dag.py took 0.088 seconds
[2026-09-23T17:57:44.304+0000] {processor.py:186} INFO - Started process (PID=10124) to work on /home/airflow/.local/lib/python3.12/site-packages/airflow/example_dags/tutorial_dag.py
[2026-09-23T17:57:44.306+0000] {processor.py:914} INFO - Processing file /home/airflow/.local/lib/python3.12/site-packages/airflow/example_dags/tutorial_dag.py for tasks to queue
[2026-09-23T17:57:44.310+0000] {logging_mixin.py:190} INFO - [2026-09-23T17:57:44.309+0000] {dagbag.py:588} INFO - Filling up the DagBag from /home/airflow/.local/lib/python3.12/site-packages/airflow/example_dags/tutorial_dag.py
[2026-09-23T17:57:44.320+0000] {processor.py:925} INFO - DAG(s) 'tutorial_dag' retrieved from /home/airflow/.local/lib/python3.12/site-packages/airflow/example_dags/tutorial_dag.py
[2026-09-23T17:57:44.345+0000] {logging_mixin.py:190} INFO - [2026-09-23T17:57:44.344+0000] {dag.py:3239} INFO - Sync 1 DAGs
[2026-09-23T17:57:44.366+0000] {logging_mixin.py:190} INFO - [2026-09-23T17:57:44.366+0000] {dag.py:4180} INFO - Setting next_dagrun for tutorial_dag to None, run_after=None
[2026-09-23T17:57:44.389+0000] {processor.py:208} INFO - Processing /home/airflow/.local/lib/python3.12/site-packages/airflow/example_dags/tutorial_dag.py took 0.096 seconds
[2026-09-23T17:58:14.852+0000] {processor.py:186} INFO - Started process (PID=10197) to work on /home/airflow/.local/lib/python3.12/site-packages/airflow/example_dags/tutorial_dag.py
[2026-09-23T17:58:14.853+0000] {processor.py:914} INFO - Processing file /home/airflow/.local/lib/python3.12/site-packages/airflow/example_dags/tutorial_dag.py for tasks to queue
[2026-09-23T17:58:14.857+0000] {logging_mixin.py:190} INFO - [2026-09-23T17:58:14.857+0000] {dagbag.py:588} INFO - Filling up the DagBag from /home/airflow/.local/lib/python3.12/site-packages/airflow/example_dags/tutorial_dag.py
[2026-09-23T17:58:14.868+0000] {processor.py:925} INFO - DAG(s) 'tutorial_dag' retrieved from /home/airflow/.local/lib/python3.12/site-packages/airflow/example_dags/tutorial_dag.py
[2026-09-23T17:58:14.892+0000] {logging_mixin.py:190} INFO - [2026-09-23T17:58:14.892+0000] {dag.py:3239} INFO - Sync 1 DAGs
[2026-09-23T17:58:14.915+0000] {logging_mixin.py:190} INFO - [2026-09-23T17:58:14.914+0000] {dag.py:4180} INFO - Setting next_dagrun for tutorial_dag to None, run_after=None
[2026-09-23T17:58:14.936+0000] {processor.py:208} INFO - Processing /home/airflow/.local/lib/python3.12/site-packages/airflow/example_dags/tutorial_dag.py took 0.106 seconds
[2026-09-23T17:58:45.715+0000] {processor.py:186} INFO - Started process (PID=10271) to work on /home/airflow/.local/lib/python3.12/site-packages/airflow/example_dags/tutorial_dag.py
[2026-09-23T17:58:45.717+0000] {processor.py:914} INFO - Processing file /home/airflow/.local/lib/python3.12/site-packages/airflow/example_dags/tutorial_dag.py for tasks to queue
[2026-09-23T17:58:45.720+0000] {logging_mixin.py:190} INFO - [2026-09-23T17:58:45.719+0000] {dagbag.py:588} INFO - Filling up the DagBag from /home/airflow/.local/lib/python3.12/site-packages/airflow/example_dags/tutorial_dag.py
[2026-09-23T17:58:45.729+0000] {processor.py:925} INFO - DAG(s) 'tutorial_dag' retrieved from /home/airflow/.local/lib/python3.12/site-packages/airflow/example_dags/tutorial_dag.py
[2026-09-23T17:58:45.753+0000] {logging_mixin.py:190} INFO - [2026-09-23T17:58:45.753+0000] {dag.py:3239} INFO - Sync 1 DAGs
[2026-09-23T17:58:45.774+0000] {logging_mixin.py:190} INFO - [2026-09-23T17:58:45.774+0000] {dag.py:4180} INFO - Setting next_dagrun for tutorial_dag to None, run_after=None
[2026-09-23T17:58:45.795+0000] {processor.py:208} INFO - Processing /home/airflow/.local/lib/python3.12/site-packages/airflow/example_dags/tutorial_dag.py took 0.092 seconds
[2026-09-23T17:59:16.429+0000] {processor.py:186} INFO - Started process (PID=10346) to work on /home/airflow/.local/lib/python3.12/site-packages/airflow/example_dags/tutorial_dag.py
[2026-09-23T17:59:16.430+0000] {processor.py:914} INFO - Processing file /home/airflow/.local/lib/python3.12/site-packages/airflow/example_dags/tutorial_dag.py for tasks to queue
[2026-09-23T17:59:16.433+0000] {logging_mixin.py:190} INFO - [2026-09-23T17:59:16.432+0000] {dagbag.py:588} INFO - Filling up the DagBag from /home/airflow/.local/lib/python3.12/site-packages/airflow/example_dags/tutorial_dag.py
[2026-09-23T17:59:16.442+0000] {processor.py:925} INFO - DAG(s) 'tutorial_dag' retrieved from /home/airflow/.local/lib/python3.12/site-packages/airflow/example_dags/tutorial_dag.py
[2026-09-23T17:59:16.465+0000] {logging_mixin.py:190} INFO - [2026-09-23T17:59:16.465+0000] {dag.py:3239} INFO - Sync 1 DAGs
[2026-09-23T17:59:16.490+0000] {logging_mixin.py:190} INFO - [2026-09-23T17:59:16.490+0000] {dag.py:4180} INFO - Setting next_dagrun for tutorial_dag to None, run_after=None
[2026-09-23T17:59:16.514+0000] {processor.py:208} INFO - Processing /home/airflow/.local/lib/python3.12/site-packages/airflow/example_dags/tutorial_dag.py took 0.097 seconds
[2026-09-23T17:59:46.971+0000] {processor.py:186} INFO - Started process (PID=10420) to work on /home/airflow/.local/lib/python3.12/site-packages/airflow/example_dags/tutorial_dag.py
[2026-09-23T17:59:46.973+0000] {processor.py:914} INFO - Processing file /home/airflow/.local/lib/python3.12/site-packages/airflow/example_dags/tutorial_dag.py for tasks to queue
[2026-09-23T17:59:46.979+0000] {logging_mixin.py:190} INFO - [2026-09-23T17:59:46.978+0000] {dagbag.py:588} INFO - Filling up the DagBag from /home/airflow/.local/lib/python3.12/site-packages/airflow/example_dags/tutorial_dag.py
[2026-09-23T17:59:47.001+0000] {processor.py:925} INFO - DAG(s) 'tutorial_dag' retrieved from /home/airflow/.local/lib/python3.12/site-packages/airflow/example_dags/tutorial_dag.py
[2026-09-23T17:59:47.043+0000] {logging_mixin.py:190} INFO - [2026-09-23T17:59:47.042+0000] {dag.py:3239} INFO - Sync 1 DAGs
[2026-09-23T17:59:47.083+0000] {logging_mixin.py:190} INFO - [2026-09-23T17:59:47.083+0000] {dag.py:4180} INFO - Setting next_dagrun for tutorial_dag to None, run_after=None
[2026-09-23T17:59:47.134+0000] {processor.py:208} INFO - Processing /home/airflow/.local/lib/python3.12/site-packages/airflow/example_dags/tutorial_dag.py took 0.176 seconds
[2026-09-23T18:00:17.955+0000] {processor.py:186} INFO - Started process (PID=10493) to work on /home/airflow/.local/lib/python3.12/site-packages/airflow/example_dags/tutorial_dag.py
[2026-09-23T18:00:17.956+0000] {processor.py:914} INFO - Processing file /home/airflow/.local/lib/python3.12/site-packages/airflow/example_dags/tutorial_dag.py for tasks to queue
[2026-09-23T18:00:17.959+0000] {logging_mixin.py:190} INFO - [2026-09-23T18:00:17.959+0000] {dagbag.py:588} INFO - Filling up the DagBag from /home/airflow/.local/lib/python3.12/site-packages/airflow/example_dags/tutorial_dag.py
[2026-09-23T18:00:17.974+0000] {processor.py:925} INFO - DAG(s) 'tutorial_dag' retrieved from /home/airflow/.local/lib/python3.12/site-packages/airflow/example_dags/tutorial_dag.py
[2026-09-23T18:00:18.004+0000] {logging_mixin.py:190} INFO - [2026-09-23T18:00:18.004+0000] {dag.py:3239} INFO - Sync 1 DAGs
[2026-09-23T18:00:18.035+0000] {logging_mixin.py:190} INFO - [2026-09-23T18:00:18.034+0000] {dag.py:4180} INFO - Setting next_dagrun for tutorial_dag to None, run_after=None
[2026-09-23T18:00:18.070+0000] {processor.py:208} INFO - Processing /home/airflow/.local/lib/python3.12/site-packages/airflow/example_dags/tutorial_dag.py took 0.127 seconds
[2026-09-23T18:00:48.228+0000] {processor.py:186} INFO - Started process (PID=10567) to work on /home/airflow/.local/lib/python3.12/site-packages/airflow/example_dags/tutorial_dag.py
[2026-09-23T18:00:48.230+0000] {processor.py:914} INFO - Processing file /home/airflow/.local/lib/python3.12/site-packages/airflow/example_dags/tutorial_dag.py for tasks to queue
[2026-09-23T18:00:48.233+0000] {logging_mixin.py:190} INFO - [2026-09-23T18:00:48.232+0000] {dagbag.py:588} INFO - Filling up the DagBag from /home/airflow/.local/lib/python3.12/site-packages/airflow/example_dags/tutorial_dag.py
[2026-09-23T18:00:48.243+0000] {processor.py:925} INFO - DAG(s) 'tutorial_dag' retrieved from /home/airflow/.local/lib/python3.12/site-packages/airflow/example_dags/tutorial_dag.py
[2026-09-23T18:00:48.269+0000] {logging_mixin.py:190} INFO - [2026-09-23T18:00:48.268+0000] {dag.py:3239} INFO - Sync 1 DAGs
[2026-09-23T18:00:48.289+0000] {logging_mixin.py:190} INFO - [2026-09-23T18:00:48.289+0000] {dag.py:4180} INFO - Setting next_dagrun for tutorial_dag to None, run_after=None
[2026-09-23T18:00:48.311+0000] {processor.py:208} INFO - Processing /home/airflow/.local/lib/python3.12/site-packages/airflow/example_dags/tutorial_dag.py took 0.091 seconds
[2026-09-23T18:01:18.738+0000] {processor.py:186} INFO - Started process (PID=10641) to work on /home/airflow/.local/lib/python3.12/site-packages/airflow/example_dags/tutorial_dag.py
[2026-09-23T18:01:18.739+0000] {processor.py:914} INFO - Processing file /home/airflow/.local/lib/python3.12/site-packages/airflow/example_dags/tutorial_dag.py for tasks to queue
[2026-09-23T18:01:18.741+0000] {logging_mixin.py:190} INFO - [2026-09-23T18:01:18.741+0000] {dagbag.py:588} INFO - Filling up the DagBag from /home/airflow/.local/lib/python3.12/site-packages/airflow/example_dags/tutorial_dag.py
[2026-09-23T18:01:18.750+0000] {processor.py:925} INFO - DAG(s) 'tutorial_dag' retrieved from /home/airflow/.local/lib/python3.12/site-packages/airflow/example_dags/tutorial_dag.py
[2026-09-23T18:01:18.774+0000] {logging_mixin.py:190} INFO - [2026-09-23T18:01:18.774+0000] {dag.py:3239} INFO - Sync 1 DAGs
[2026-09-23T18:01:18.796+0000] {logging_mixin.py:190} INFO - [2026-09-23T18:01:18.796+0000] {dag.py:4180} INFO - Setting next_dagrun for tutorial_dag to None, run_after=None
[2026-09-23T18:01:18.816+0000] {processor.py:208} INFO - Processing /home/airflow/.local/lib/python3.12/site-packages/airflow/example_dags/tutorial_dag.py took 0.086 seconds
[2026-09-23T18:01:49.460+0000] {processor.py:186} INFO - Started process (PID=10714) to work on /home/airflow/.local/lib/python3.12/site-packages/airflow/example_dags/tutorial_dag.py
[2026-09-23T18:01:49.462+0000] {processor.py:914} INFO - Processing file /home/airflow/.local/lib/python3.12/site-packages/airflow/example_dags/tutorial_dag.py for tasks to queue
[2026-09-23T18:01:49.465+0000] {logging_mixin.py:190} INFO - [2026-09-23T18:01:49.465+0000] {dagbag.py:588} INFO - Filling up the DagBag from /home/airflow/.local/lib/python3.12/site-packages/airflow/example_dags/tutorial_dag.py
[2026-09-23T18:01:49.476+0000] {processor.py:925} INFO - DAG(s) 'tutorial_dag' retrieved from /home/airflow/.local/lib/python3.12/site-packages/airflow/example_dags/tutorial_dag.py
[2026-09-23T18:01:49.511+0000] {logging_mixin.py:190} INFO - [2026-09-23T18:01:49.511+0000] {dag.py:3239} INFO - Sync 1 DAGs
[2026-09-23T18:01:49.552+0000] {logging_mixin.py:190} INFO - [2026-09-23T18:01:49.552+0000] {dag.py:4180} INFO - Setting next_dagrun for tutorial_dag to None, run_after=None
[2026-09-23T18:01:49.589+0000] {processor.py:208} INFO - Processing /home/airflow/.local/lib/python3.12/site-packages/airflow/example_dags/tutorial_dag.py took 0.138 seconds
[2026-09-23T18:02:20.194+0000] {processor.py:186} INFO - Started process (PID=10787) to work on /home/airflow/.local/lib/python3.12/site-packages/airflow/example_dags/tutorial_dag.py
[2026-09-23T18:02:20.199+0000] {processor.py:914} INFO - Processing file /home/airflow/.local/lib/python3.12/site-packages/airflow/example_dags/tutorial_dag.py for tasks to queue
[2026-09-23T18:02:20.203+0000] {logging_mixin.py:190} INFO - [2026-09-23T18:02:20.202+0000] {dagbag.py:588} INFO - Filling up the DagBag from /home/airflow/.local/lib/python3.12/site-packages/airflow/example_dags/tutorial_dag.py
[2026-09-23T18:02:20.219+0000] {processor.py:925} INFO - DAG(s) 'tutorial_dag' retrieved from /home/airflow/.local/lib/python3.12/site-packages/airflow/example_dags/tutorial_dag.py
[2026-09-23T18:02:20.274+0000] {logging_mixin.py:190} INFO - [2026-09-23T18:02:20.274+0000] {dag.py:3239} INFO - Sync 1 DAGs
[2026-09-23T18:02:20.308+0000] {logging_mixin.py:190} INFO - [2026-09-23T18:02:20.307+0000] {dag.py:4180} INFO - Setting next_dagrun for tutorial_dag to None, run_after=None
[2026-09-23T18:02:20.352+0000] {processor.py:208} INFO - Processing /home/airflow/.local/lib/python3.12/site-packages/airflow/example_dags/tutorial_dag.py took 0.177 seconds
[2026-09-23T18:02:50.791+0000] {processor.py:186} INFO - Started process (PID=10853) to work on /home/airflow/.local/lib/python3.12/site-packages/airflow/example_dags/tutorial_dag.py
[2026-09-23T18:02:50.793+0000] {processor.py:914} INFO - Processing file /home/airflow/.local/lib/python3.12/site-packages/airflow/example_dags/tutorial_dag.py for tasks to queue
[2026-09-23T18:02:50.801+0000] {logging_mixin.py:190} INFO - [2026-09-23T18:02:50.798+0000] {dagbag.py:588} INFO - Filling up the DagBag from /home/airflow/.local/lib/python3.12/site-packages/airflow/example_dags/tutorial_dag.py
[2026-09-23T18:02:50.823+0000] {processor.py:925} INFO - DAG(s) 'tutorial_dag' retrieved from /home/airflow/.local/lib/python3.12/site-packages/airflow/example_dags/tutorial_dag.py
[2026-09-23T18:02:50.902+0000] {logging_mixin.py:190} INFO - [2026-09-23T18:02:50.894+0000] {dag.py:3239} INFO - Sync 1 DAGs
[2026-09-23T18:02:50.959+0000] {logging_mixin.py:190} INFO - [2026-09-23T18:02:50.958+0000] {dag.py:4180} INFO - Setting next_dagrun for tutorial_dag to None, run_after=None
[2026-09-23T18:02:51.040+0000] {processor.py:208} INFO - Processing /home/airflow/.local/lib/python3.12/site-packages/airflow/example_dags/tutorial_dag.py took 0.267 seconds
[2026-09-23T18:03:21.147+0000] {processor.py:186} INFO - Started process (PID=10927) to work on /home/airflow/.local/lib/python3.12/site-packages/airflow/example_dags/tutorial_dag.py
[2026-09-23T18:03:21.148+0000] {processor.py:914} INFO - Processing file /home/airflow/.local/lib/python3.12/site-packages/airflow/example_dags/tutorial_dag.py for tasks to queue
[2026-09-23T18:03:21.151+0000] {logging_mixin.py:190} INFO - [2026-09-23T18:03:21.150+0000] {dagbag.py:588} INFO - Filling up the DagBag from /home/airflow/.local/lib/python3.12/site-packages/airflow/example_dags/tutorial_dag.py
[2026-09-23T18:03:21.161+0000] {processor.py:925} INFO - DAG(s) 'tutorial_dag' retrieved from /home/airflow/.local/lib/python3.12/site-packages/airflow/example_dags/tutorial_dag.py
[2026-09-23T18:03:21.189+0000] {logging_mixin.py:190} INFO - [2026-09-23T18:03:21.189+0000] {dag.py:3239} INFO - Sync 1 DAGs
[2026-09-23T18:03:21.216+0000] {logging_mixin.py:190} INFO - [2026-09-23T18:03:21.216+0000] {dag.py:4180} INFO - Setting next_dagrun for tutorial_dag to None, run_after=None
[2026-09-23T18:03:21.246+0000] {processor.py:208} INFO - Processing /home/airflow/.local/lib/python3.12/site-packages/airflow/example_dags/tutorial_dag.py took 0.108 seconds
[2026-09-23T18:03:51.915+0000] {processor.py:186} INFO - Started process (PID=11001) to work on /home/airflow/.local/lib/python3.12/site-packages/airflow/example_dags/tutorial_dag.py
[2026-09-23T18:03:51.916+0000] {processor.py:914} INFO - Processing file /home/airflow/.local/lib/python3.12/site-packages/airflow/example_dags/tutorial_dag.py for tasks to queue
[2026-09-23T18:03:51.919+0000] {logging_mixin.py:190} INFO - [2026-09-23T18:03:51.918+0000] {dagbag.py:588} INFO - Filling up the DagBag from /home/airflow/.local/lib/python3.12/site-packages/airflow/example_dags/tutorial_dag.py
[2026-09-23T18:03:51.928+0000] {processor.py:925} INFO - DAG(s) 'tutorial_dag' retrieved from /home/airflow/.local/lib/python3.12/site-packages/airflow/example_dags/tutorial_dag.py
[2026-09-23T18:03:51.952+0000] {logging_mixin.py:190} INFO - [2026-09-23T18:03:51.952+0000] {dag.py:3239} INFO - Sync 1 DAGs
[2026-09-23T18:03:51.975+0000] {logging_mixin.py:190} INFO - [2026-09-23T18:03:51.974+0000] {dag.py:4180} INFO - Setting next_dagrun for tutorial_dag to None, run_after=None
[2026-09-23T18:03:51.998+0000] {processor.py:208} INFO - Processing /home/airflow/.local/lib/python3.12/site-packages/airflow/example_dags/tutorial_dag.py took 0.091 seconds
[2026-09-23T18:04:22.154+0000] {processor.py:186} INFO - Started process (PID=11074) to work on /home/airflow/.local/lib/python3.12/site-packages/airflow/example_dags/tutorial_dag.py
[2026-09-23T18:04:22.155+0000] {processor.py:914} INFO - Processing file /home/airflow/.local/lib/python3.12/site-packages/airflow/example_dags/tutorial_dag.py for tasks to queue
[2026-09-23T18:04:22.158+0000] {logging_mixin.py:190} INFO - [2026-09-23T18:04:22.157+0000] {dagbag.py:588} INFO - Filling up the DagBag from /home/airflow/.local/lib/python3.12/site-packages/airflow/example_dags/tutorial_dag.py
[2026-09-23T18:04:22.169+0000] {processor.py:925} INFO - DAG(s) 'tutorial_dag' retrieved from /home/airflow/.local/lib/python3.12/site-packages/airflow/example_dags/tutorial_dag.py
[2026-09-23T18:04:22.194+0000] {logging_mixin.py:190} INFO - [2026-09-23T18:04:22.193+0000] {dag.py:3239} INFO - Sync 1 DAGs
[2026-09-23T18:04:22.218+0000] {logging_mixin.py:190} INFO - [2026-09-23T18:04:22.217+0000] {dag.py:4180} INFO - Setting next_dagrun for tutorial_dag to None, run_after=None
[2026-09-23T18:04:22.241+0000] {processor.py:208} INFO - Processing /home/airflow/.local/lib/python3.12/site-packages/airflow/example_dags/tutorial_dag.py took 0.096 seconds
[2026-09-23T18:04:52.915+0000] {processor.py:186} INFO - Started process (PID=11148) to work on /home/airflow/.local/lib/python3.12/site-packages/airflow/example_dags/tutorial_dag.py
[2026-09-23T18:04:52.917+0000] {processor.py:914} INFO - Processing file /home/airflow/.local/lib/python3.12/site-packages/airflow/example_dags/tutorial_dag.py for tasks to queue
[2026-09-23T18:04:52.920+0000] {logging_mixin.py:190} INFO - [2026-09-23T18:04:52.920+0000] {dagbag.py:588} INFO - Filling up the DagBag from /home/airflow/.local/lib/python3.12/site-packages/airflow/example_dags/tutorial_dag.py
[2026-09-23T18:04:52.933+0000] {processor.py:925} INFO - DAG(s) 'tutorial_dag' retrieved from /home/airflow/.local/lib/python3.12/site-packages/airflow/example_dags/tutorial_dag.py
[2026-09-23T18:04:52.960+0000] {logging_mixin.py:190} INFO - [2026-09-23T18:04:52.959+0000] {dag.py:3239} INFO - Sync 1 DAGs
[2026-09-23T18:04:52.988+0000] {logging_mixin.py:190} INFO - [2026-09-23T18:04:52.988+0000] {dag.py:4180} INFO - Setting next_dagrun for tutorial_dag to None, run_after=None
[2026-09-23T18:04:53.021+0000] {processor.py:208} INFO - Processing /home/airflow/.local/lib/python3.12/site-packages/airflow/example_dags/tutorial_dag.py took 0.117 seconds
[2026-09-23T18:05:23.363+0000] {processor.py:186} INFO - Started process (PID=11221) to work on /home/airflow/.local/lib/python3.12/site-packages/airflow/example_dags/tutorial_dag.py
[2026-09-23T18:05:23.365+0000] {processor.py:914} INFO - Processing file /home/airflow/.local/lib/python3.12/site-packages/airflow/example_dags/tutorial_dag.py for tasks to queue
[2026-09-23T18:05:23.368+0000] {logging_mixin.py:190} INFO - [2026-09-23T18:05:23.367+0000] {dagbag.py:588} INFO - Filling up the DagBag from /home/airflow/.local/lib/python3.12/site-packages/airflow/example_dags/tutorial_dag.py
[2026-09-23T18:05:23.382+0000] {processor.py:925} INFO - DAG(s) 'tutorial_dag' retrieved from /home/airflow/.local/lib/python3.12/site-packages/airflow/example_dags/tutorial_dag.py
[2026-09-23T18:05:23.418+0000] {logging_mixin.py:190} INFO - [2026-09-23T18:05:23.417+0000] {dag.py:3239} INFO - Sync 1 DAGs
[2026-09-23T18:05:23.450+0000] {logging_mixin.py:190} INFO - [2026-09-23T18:05:23.450+0000] {dag.py:4180} INFO - Setting next_dagrun for tutorial_dag to None, run_after=None
[2026-09-23T18:05:23.478+0000] {processor.py:208} INFO - Processing /home/airflow/.local/lib/python3.12/site-packages/airflow/example_dags/tutorial_dag.py took 0.128 seconds
[2026-09-23T18:05:53.624+0000] {processor.py:186} INFO - Started process (PID=11294) to work on /home/airflow/.local/lib/python3.12/site-packages/airflow/example_dags/tutorial_dag.py
[2026-09-23T18:05:53.625+0000] {processor.py:914} INFO - Processing file /home/airflow/.local/lib/python3.12/site-packages/airflow/example_dags/tutorial_dag.py for tasks to queue
[2026-09-23T18:05:53.629+0000] {logging_mixin.py:190} INFO - [2026-09-23T18:05:53.628+0000] {dagbag.py:588} INFO - Filling up the DagBag from /home/airflow/.local/lib/python3.12/site-packages/airflow/example_dags/tutorial_dag.py
[2026-09-23T18:05:53.643+0000] {processor.py:925} INFO - DAG(s) 'tutorial_dag' retrieved from /home/airflow/.local/lib/python3.12/site-packages/airflow/example_dags/tutorial_dag.py
[2026-09-23T18:05:53.690+0000] {logging_mixin.py:190} INFO - [2026-09-23T18:05:53.689+0000] {dag.py:3239} INFO - Sync 1 DAGs
[2026-09-23T18:05:53.718+0000] {logging_mixin.py:190} INFO - [2026-09-23T18:05:53.717+0000] {dag.py:4180} INFO - Setting next_dagrun for tutorial_dag to None, run_after=None
[2026-09-23T18:05:53.750+0000] {processor.py:208} INFO - Processing /home/airflow/.local/lib/python3.12/site-packages/airflow/example_dags/tutorial_dag.py took 0.137 seconds
[2026-09-23T18:06:24.349+0000] {processor.py:186} INFO - Started process (PID=11367) to work on /home/airflow/.local/lib/python3.12/site-packages/airflow/example_dags/tutorial_dag.py
[2026-09-23T18:06:24.350+0000] {processor.py:914} INFO - Processing file /home/airflow/.local/lib/python3.12/site-packages/airflow/example_dags/tutorial_dag.py for tasks to queue
[2026-09-23T18:06:24.354+0000] {logging_mixin.py:190} INFO - [2026-09-23T18:06:24.353+0000] {dagbag.py:588} INFO - Filling up the DagBag from /home/airflow/.local/lib/python3.12/site-packages/airflow/example_dags/tutorial_dag.py
[2026-09-23T18:06:24.366+0000] {processor.py:925} INFO - DAG(s) 'tutorial_dag' retrieved from /home/airflow/.local/lib/python3.12/site-packages/airflow/example_dags/tutorial_dag.py
[2026-09-23T18:06:24.405+0000] {logging_mixin.py:190} INFO - [2026-09-23T18:06:24.404+0000] {dag.py:3239} INFO - Sync 1 DAGs
[2026-09-23T18:06:24.437+0000] {logging_mixin.py:190} INFO - [2026-09-23T18:06:24.436+0000] {dag.py:4180} INFO - Setting next_dagrun for tutorial_dag to None, run_after=None
[2026-09-23T18:06:24.507+0000] {processor.py:208} INFO - Processing /home/airflow/.local/lib/python3.12/site-packages/airflow/example_dags/tutorial_dag.py took 0.168 seconds
[2026-09-23T18:06:54.896+0000] {processor.py:186} INFO - Started process (PID=11441) to work on /home/airflow/.local/lib/python3.12/site-packages/airflow/example_dags/tutorial_dag.py
[2026-09-23T18:06:54.898+0000] {processor.py:914} INFO - Processing file /home/airflow/.local/lib/python3.12/site-packages/airflow/example_dags/tutorial_dag.py for tasks to queue
[2026-09-23T18:06:54.901+0000] {logging_mixin.py:190} INFO - [2026-09-23T18:06:54.901+0000] {dagbag.py:588} INFO - Filling up the DagBag from /home/airflow/.local/lib/python3.12/site-packages/airflow/example_dags/tutorial_dag.py
[2026-09-23T18:06:54.912+0000] {processor.py:925} INFO - DAG(s) 'tutorial_dag' retrieved from /home/airflow/.local/lib/python3.12/site-packages/airflow/example_dags/tutorial_dag.py
[2026-09-23T18:06:54.943+0000] {logging_mixin.py:190} INFO - [2026-09-23T18:06:54.943+0000] {dag.py:3239} INFO - Sync 1 DAGs
[2026-09-23T18:06:54.967+0000] {logging_mixin.py:190} INFO - [2026-09-23T18:06:54.967+0000] {dag.py:4180} INFO - Setting next_dagrun for tutorial_dag to None, run_after=None
[2026-09-23T18:06:54.993+0000] {processor.py:208} INFO - Processing /home/airflow/.local/lib/python3.12/site-packages/airflow/example_dags/tutorial_dag.py took 0.106 seconds
[2026-09-23T18:07:25.166+0000] {processor.py:186} INFO - Started process (PID=11514) to work on /home/airflow/.local/lib/python3.12/site-packages/airflow/example_dags/tutorial_dag.py
[2026-09-23T18:07:25.167+0000] {processor.py:914} INFO - Processing file /home/airflow/.local/lib/python3.12/site-packages/airflow/example_dags/tutorial_dag.py for tasks to queue
[2026-09-23T18:07:25.173+0000] {logging_mixin.py:190} INFO - [2026-09-23T18:07:25.173+0000] {dagbag.py:588} INFO - Filling up the DagBag from /home/airflow/.local/lib/python3.12/site-packages/airflow/example_dags/tutorial_dag.py
[2026-09-23T18:07:25.186+0000] {processor.py:925} INFO - DAG(s) 'tutorial_dag' retrieved from /home/airflow/.local/lib/python3.12/site-packages/airflow/example_dags/tutorial_dag.py
[2026-09-23T18:07:25.238+0000] {logging_mixin.py:190} INFO - [2026-09-23T18:07:25.238+0000] {dag.py:3239} INFO - Sync 1 DAGs
[2026-09-23T18:07:25.270+0000] {logging_mixin.py:190} INFO - [2026-09-23T18:07:25.269+0000] {dag.py:4180} INFO - Setting next_dagrun for tutorial_dag to None, run_after=None
[2026-09-23T18:07:25.302+0000] {processor.py:208} INFO - Processing /home/airflow/.local/lib/python3.12/site-packages/airflow/example_dags/tutorial_dag.py took 0.148 seconds
[2026-09-23T18:07:56.726+0000] {processor.py:186} INFO - Started process (PID=11587) to work on /home/airflow/.local/lib/python3.12/site-packages/airflow/example_dags/tutorial_dag.py
[2026-09-23T18:07:56.728+0000] {processor.py:914} INFO - Processing file /home/airflow/.local/lib/python3.12/site-packages/airflow/example_dags/tutorial_dag.py for tasks to queue
[2026-09-23T18:07:56.736+0000] {logging_mixin.py:190} INFO - [2026-09-23T18:07:56.736+0000] {dagbag.py:588} INFO - Filling up the DagBag from /home/airflow/.local/lib/python3.12/site-packages/airflow/example_dags/tutorial_dag.py
[2026-09-23T18:07:56.749+0000] {processor.py:925} INFO - DAG(s) 'tutorial_dag' retrieved from /home/airflow/.local/lib/python3.12/site-packages/airflow/example_dags/tutorial_dag.py
[2026-09-23T18:07:56.787+0000] {logging_mixin.py:190} INFO - [2026-09-23T18:07:56.787+0000] {dag.py:3239} INFO - Sync 1 DAGs
[2026-09-23T18:07:57.103+0000] {logging_mixin.py:190} INFO - [2026-09-23T18:07:57.103+0000] {dag.py:4180} INFO - Setting next_dagrun for tutorial_dag to None, run_after=None
[2026-09-23T18:07:57.129+0000] {processor.py:208} INFO - Processing /home/airflow/.local/lib/python3.12/site-packages/airflow/example_dags/tutorial_dag.py took 0.416 seconds
[2026-09-23T18:08:27.354+0000] {processor.py:186} INFO - Started process (PID=11650) to work on /home/airflow/.local/lib/python3.12/site-packages/airflow/example_dags/tutorial_dag.py
[2026-09-23T18:08:27.355+0000] {processor.py:914} INFO - Processing file /home/airflow/.local/lib/python3.12/site-packages/airflow/example_dags/tutorial_dag.py for tasks to queue
[2026-09-23T18:08:27.359+0000] {logging_mixin.py:190} INFO - [2026-09-23T18:08:27.358+0000] {dagbag.py:588} INFO - Filling up the DagBag from /home/airflow/.local/lib/python3.12/site-packages/airflow/example_dags/tutorial_dag.py
[2026-09-23T18:08:27.370+0000] {processor.py:925} INFO - DAG(s) 'tutorial_dag' retrieved from /home/airflow/.local/lib/python3.12/site-packages/airflow/example_dags/tutorial_dag.py
[2026-09-23T18:08:27.402+0000] {logging_mixin.py:190} INFO - [2026-09-23T18:08:27.401+0000] {dag.py:3239} INFO - Sync 1 DAGs
[2026-09-23T18:08:27.429+0000] {logging_mixin.py:190} INFO - [2026-09-23T18:08:27.429+0000] {dag.py:4180} INFO - Setting next_dagrun for tutorial_dag to None, run_after=None
[2026-09-23T18:08:27.465+0000] {processor.py:208} INFO - Processing /home/airflow/.local/lib/python3.12/site-packages/airflow/example_dags/tutorial_dag.py took 0.122 seconds
[2026-09-23T18:08:58.176+0000] {processor.py:186} INFO - Started process (PID=11724) to work on /home/airflow/.local/lib/python3.12/site-packages/airflow/example_dags/tutorial_dag.py
[2026-09-23T18:08:58.178+0000] {processor.py:914} INFO - Processing file /home/airflow/.local/lib/python3.12/site-packages/airflow/example_dags/tutorial_dag.py for tasks to queue
[2026-09-23T18:08:58.182+0000] {logging_mixin.py:190} INFO - [2026-09-23T18:08:58.182+0000] {dagbag.py:588} INFO - Filling up the DagBag from /home/airflow/.local/lib/python3.12/site-packages/airflow/example_dags/tutorial_dag.py
[2026-09-23T18:08:58.195+0000] {processor.py:925} INFO - DAG(s) 'tutorial_dag' retrieved from /home/airflow/.local/lib/python3.12/site-packages/airflow/example_dags/tutorial_dag.py
[2026-09-23T18:08:58.225+0000] {logging_mixin.py:190} INFO - [2026-09-23T18:08:58.225+0000] {dag.py:3239} INFO - Sync 1 DAGs
[2026-09-23T18:08:58.250+0000] {logging_mixin.py:190} INFO - [2026-09-23T18:08:58.249+0000] {dag.py:4180} INFO - Setting next_dagrun for tutorial_dag to None, run_after=None
[2026-09-23T18:08:58.276+0000] {processor.py:208} INFO - Processing /home/airflow/.local/lib/python3.12/site-packages/airflow/example_dags/tutorial_dag.py took 0.110 seconds
[2026-09-23T18:09:28.623+0000] {processor.py:186} INFO - Started process (PID=11798) to work on /home/airflow/.local/lib/python3.12/site-packages/airflow/example_dags/tutorial_dag.py
[2026-09-23T18:09:28.624+0000] {processor.py:914} INFO - Processing file /home/airflow/.local/lib/python3.12/site-packages/airflow/example_dags/tutorial_dag.py for tasks to queue
[2026-09-23T18:09:28.628+0000] {logging_mixin.py:190} INFO - [2026-09-23T18:09:28.627+0000] {dagbag.py:588} INFO - Filling up the DagBag from /home/airflow/.local/lib/python3.12/site-packages/airflow/example_dags/tutorial_dag.py
[2026-09-23T18:09:28.638+0000] {processor.py:925} INFO - DAG(s) 'tutorial_dag' retrieved from /home/airflow/.local/lib/python3.12/site-packages/airflow/example_dags/tutorial_dag.py
[2026-09-23T18:09:28.667+0000] {logging_mixin.py:190} INFO - [2026-09-23T18:09:28.667+0000] {dag.py:3239} INFO - Sync 1 DAGs
[2026-09-23T18:09:28.696+0000] {logging_mixin.py:190} INFO - [2026-09-23T18:09:28.696+0000] {dag.py:4180} INFO - Setting next_dagrun for tutorial_dag to None, run_after=None
[2026-09-23T18:09:28.720+0000] {processor.py:208} INFO - Processing /home/airflow/.local/lib/python3.12/site-packages/airflow/example_dags/tutorial_dag.py took 0.109 seconds
[2026-09-23T18:09:59.112+0000] {processor.py:186} INFO - Started process (PID=11873) to work on /home/airflow/.local/lib/python3.12/site-packages/airflow/example_dags/tutorial_dag.py
[2026-09-23T18:09:59.113+0000] {processor.py:914} INFO - Processing file /home/airflow/.local/lib/python3.12/site-packages/airflow/example_dags/tutorial_dag.py for tasks to queue
[2026-09-23T18:09:59.118+0000] {logging_mixin.py:190} INFO - [2026-09-23T18:09:59.117+0000] {dagbag.py:588} INFO - Filling up the DagBag from /home/airflow/.local/lib/python3.12/site-packages/airflow/example_dags/tutorial_dag.py
[2026-09-23T18:09:59.130+0000] {processor.py:925} INFO - DAG(s) 'tutorial_dag' retrieved from /home/airflow/.local/lib/python3.12/site-packages/airflow/example_dags/tutorial_dag.py
[2026-09-23T18:09:59.162+0000] {logging_mixin.py:190} INFO - [2026-09-23T18:09:59.161+0000] {dag.py:3239} INFO - Sync 1 DAGs
[2026-09-23T18:09:59.189+0000] {logging_mixin.py:190} INFO - [2026-09-23T18:09:59.189+0000] {dag.py:4180} INFO - Setting next_dagrun for tutorial_dag to None, run_after=None
[2026-09-23T18:09:59.221+0000] {processor.py:208} INFO - Processing /home/airflow/.local/lib/python3.12/site-packages/airflow/example_dags/tutorial_dag.py took 0.119 seconds
[2026-09-23T18:10:29.422+0000] {processor.py:186} INFO - Started process (PID=11947) to work on /home/airflow/.local/lib/python3.12/site-packages/airflow/example_dags/tutorial_dag.py
[2026-09-23T18:10:29.424+0000] {processor.py:914} INFO - Processing file /home/airflow/.local/lib/python3.12/site-packages/airflow/example_dags/tutorial_dag.py for tasks to queue
[2026-09-23T18:10:29.428+0000] {logging_mixin.py:190} INFO - [2026-09-23T18:10:29.427+0000] {dagbag.py:588} INFO - Filling up the DagBag from /home/airflow/.local/lib/python3.12/site-packages/airflow/example_dags/tutorial_dag.py
[2026-09-23T18:10:29.440+0000] {processor.py:925} INFO - DAG(s) 'tutorial_dag' retrieved from /home/airflow/.local/lib/python3.12/site-packages/airflow/example_dags/tutorial_dag.py
[2026-09-23T18:10:29.471+0000] {logging_mixin.py:190} INFO - [2026-09-23T18:10:29.471+0000] {dag.py:3239} INFO - Sync 1 DAGs
[2026-09-23T18:10:29.496+0000] {logging_mixin.py:190} INFO - [2026-09-23T18:10:29.495+0000] {dag.py:4180} INFO - Setting next_dagrun for tutorial_dag to None, run_after=None
[2026-09-23T18:10:29.527+0000] {processor.py:208} INFO - Processing /home/airflow/.local/lib/python3.12/site-packages/airflow/example_dags/tutorial_dag.py took 0.117 seconds
[2026-09-23T18:11:00.406+0000] {processor.py:186} INFO - Started process (PID=12020) to work on /home/airflow/.local/lib/python3.12/site-packages/airflow/example_dags/tutorial_dag.py
[2026-09-23T18:11:00.409+0000] {processor.py:914} INFO - Processing file /home/airflow/.local/lib/python3.12/site-packages/airflow/example_dags/tutorial_dag.py for tasks to queue
[2026-09-23T18:11:00.413+0000] {logging_mixin.py:190} INFO - [2026-09-23T18:11:00.412+0000] {dagbag.py:588} INFO - Filling up the DagBag from /home/airflow/.local/lib/python3.12/site-packages/airflow/example_dags/tutorial_dag.py
[2026-09-23T18:11:00.427+0000] {processor.py:925} INFO - DAG(s) 'tutorial_dag' retrieved from /home/airflow/.local/lib/python3.12/site-packages/airflow/example_dags/tutorial_dag.py
[2026-09-23T18:11:00.460+0000] {logging_mixin.py:190} INFO - [2026-09-23T18:11:00.460+0000] {dag.py:3239} INFO - Sync 1 DAGs
[2026-09-23T18:11:00.488+0000] {logging_mixin.py:190} INFO - [2026-09-23T18:11:00.487+0000] {dag.py:4180} INFO - Setting next_dagrun for tutorial_dag to None, run_after=None
[2026-09-23T18:11:00.531+0000] {processor.py:208} INFO - Processing /home/airflow/.local/lib/python3.12/site-packages/airflow/example_dags/tutorial_dag.py took 0.136 seconds
[2026-09-23T18:11:30.628+0000] {processor.py:186} INFO - Started process (PID=12093) to work on /home/airflow/.local/lib/python3.12/site-packages/airflow/example_dags/tutorial_dag.py
[2026-09-23T18:11:30.629+0000] {processor.py:914} INFO - Processing file /home/airflow/.local/lib/python3.12/site-packages/airflow/example_dags/tutorial_dag.py for tasks to queue
[2026-09-23T18:11:30.633+0000] {logging_mixin.py:190} INFO - [2026-09-23T18:11:30.632+0000] {dagbag.py:588} INFO - Filling up the DagBag from /home/airflow/.local/lib/python3.12/site-packages/airflow/example_dags/tutorial_dag.py
[2026-09-23T18:11:30.646+0000] {processor.py:925} INFO - DAG(s) 'tutorial_dag' retrieved from /home/airflow/.local/lib/python3.12/site-packages/airflow/example_dags/tutorial_dag.py
[2026-09-23T18:11:30.678+0000] {logging_mixin.py:190} INFO - [2026-09-23T18:11:30.678+0000] {dag.py:3239} INFO - Sync 1 DAGs
[2026-09-23T18:11:30.702+0000] {logging_mixin.py:190} INFO - [2026-09-23T18:11:30.701+0000] {dag.py:4180} INFO - Setting next_dagrun for tutorial_dag to None, run_after=None
[2026-09-23T18:11:30.727+0000] {processor.py:208} INFO - Processing /home/airflow/.local/lib/python3.12/site-packages/airflow/example_dags/tutorial_dag.py took 0.109 seconds
[2026-09-23T18:12:00.783+0000] {processor.py:186} INFO - Started process (PID=12166) to work on /home/airflow/.local/lib/python3.12/site-packages/airflow/example_dags/tutorial_dag.py
[2026-09-23T18:12:00.784+0000] {processor.py:914} INFO - Processing file /home/airflow/.local/lib/python3.12/site-packages/airflow/example_dags/tutorial_dag.py for tasks to queue
[2026-09-23T18:12:00.787+0000] {logging_mixin.py:190} INFO - [2026-09-23T18:12:00.787+0000] {dagbag.py:588} INFO - Filling up the DagBag from /home/airflow/.local/lib/python3.12/site-packages/airflow/example_dags/tutorial_dag.py
[2026-09-23T18:12:00.797+0000] {processor.py:925} INFO - DAG(s) 'tutorial_dag' retrieved from /home/airflow/.local/lib/python3.12/site-packages/airflow/example_dags/tutorial_dag.py
[2026-09-23T18:12:00.823+0000] {logging_mixin.py:190} INFO - [2026-09-23T18:12:00.822+0000] {dag.py:3239} INFO - Sync 1 DAGs
[2026-09-23T18:12:00.847+0000] {logging_mixin.py:190} INFO - [2026-09-23T18:12:00.847+0000] {dag.py:4180} INFO - Setting next_dagrun for tutorial_dag to None, run_after=None
[2026-09-23T18:12:00.873+0000] {processor.py:208} INFO - Processing /home/airflow/.local/lib/python3.12/site-packages/airflow/example_dags/tutorial_dag.py took 0.100 seconds
[2026-09-23T18:12:31.459+0000] {processor.py:186} INFO - Started process (PID=12238) to work on /home/airflow/.local/lib/python3.12/site-packages/airflow/example_dags/tutorial_dag.py
[2026-09-23T18:12:31.461+0000] {processor.py:914} INFO - Processing file /home/airflow/.local/lib/python3.12/site-packages/airflow/example_dags/tutorial_dag.py for tasks to queue
[2026-09-23T18:12:31.465+0000] {logging_mixin.py:190} INFO - [2026-09-23T18:12:31.464+0000] {dagbag.py:588} INFO - Filling up the DagBag from /home/airflow/.local/lib/python3.12/site-packages/airflow/example_dags/tutorial_dag.py
[2026-09-23T18:12:31.476+0000] {processor.py:925} INFO - DAG(s) 'tutorial_dag' retrieved from /home/airflow/.local/lib/python3.12/site-packages/airflow/example_dags/tutorial_dag.py
[2026-09-23T18:12:31.502+0000] {logging_mixin.py:190} INFO - [2026-09-23T18:12:31.502+0000] {dag.py:3239} INFO - Sync 1 DAGs
[2026-09-23T18:12:31.524+0000] {logging_mixin.py:190} INFO - [2026-09-23T18:12:31.524+0000] {dag.py:4180} INFO - Setting next_dagrun for tutorial_dag to None, run_after=None
[2026-09-23T18:12:31.552+0000] {processor.py:208} INFO - Processing /home/airflow/.local/lib/python3.12/site-packages/airflow/example_dags/tutorial_dag.py took 0.103 seconds
[2026-09-23T18:13:01.689+0000] {processor.py:186} INFO - Started process (PID=12313) to work on /home/airflow/.local/lib/python3.12/site-packages/airflow/example_dags/tutorial_dag.py
[2026-09-23T18:13:01.691+0000] {processor.py:914} INFO - Processing file /home/airflow/.local/lib/python3.12/site-packages/airflow/example_dags/tutorial_dag.py for tasks to queue
[2026-09-23T18:13:01.695+0000] {logging_mixin.py:190} INFO - [2026-09-23T18:13:01.694+0000] {dagbag.py:588} INFO - Filling up the DagBag from /home/airflow/.local/lib/python3.12/site-packages/airflow/example_dags/tutorial_dag.py
[2026-09-23T18:13:01.705+0000] {processor.py:925} INFO - DAG(s) 'tutorial_dag' retrieved from /home/airflow/.local/lib/python3.12/site-packages/airflow/example_dags/tutorial_dag.py
[2026-09-23T18:13:01.730+0000] {logging_mixin.py:190} INFO - [2026-09-23T18:13:01.729+0000] {dag.py:3239} INFO - Sync 1 DAGs
[2026-09-23T18:13:01.752+0000] {logging_mixin.py:190} INFO - [2026-09-23T18:13:01.752+0000] {dag.py:4180} INFO - Setting next_dagrun for tutorial_dag to None, run_after=None
[2026-09-23T18:13:01.774+0000] {processor.py:208} INFO - Processing /home/airflow/.local/lib/python3.12/site-packages/airflow/example_dags/tutorial_dag.py took 0.096 seconds
[2026-09-23T18:13:32.229+0000] {processor.py:186} INFO - Started process (PID=12388) to work on /home/airflow/.local/lib/python3.12/site-packages/airflow/example_dags/tutorial_dag.py
[2026-09-23T18:13:32.232+0000] {processor.py:914} INFO - Processing file /home/airflow/.local/lib/python3.12/site-packages/airflow/example_dags/tutorial_dag.py for tasks to queue
[2026-09-23T18:13:32.235+0000] {logging_mixin.py:190} INFO - [2026-09-23T18:13:32.235+0000] {dagbag.py:588} INFO - Filling up the DagBag from /home/airflow/.local/lib/python3.12/site-packages/airflow/example_dags/tutorial_dag.py
[2026-09-23T18:13:32.244+0000] {processor.py:925} INFO - DAG(s) 'tutorial_dag' retrieved from /home/airflow/.local/lib/python3.12/site-packages/airflow/example_dags/tutorial_dag.py
[2026-09-23T18:13:32.267+0000] {logging_mixin.py:190} INFO - [2026-09-23T18:13:32.267+0000] {dag.py:3239} INFO - Sync 1 DAGs
[2026-09-23T18:13:32.289+0000] {logging_mixin.py:190} INFO - [2026-09-23T18:13:32.289+0000] {dag.py:4180} INFO - Setting next_dagrun for tutorial_dag to None, run_after=None
[2026-09-23T18:13:32.313+0000] {processor.py:208} INFO - Processing /home/airflow/.local/lib/python3.12/site-packages/airflow/example_dags/tutorial_dag.py took 0.094 seconds
[2026-09-23T18:14:02.509+0000] {processor.py:186} INFO - Started process (PID=12461) to work on /home/airflow/.local/lib/python3.12/site-packages/airflow/example_dags/tutorial_dag.py
[2026-09-23T18:14:02.510+0000] {processor.py:914} INFO - Processing file /home/airflow/.local/lib/python3.12/site-packages/airflow/example_dags/tutorial_dag.py for tasks to queue
[2026-09-23T18:14:02.513+0000] {logging_mixin.py:190} INFO - [2026-09-23T18:14:02.513+0000] {dagbag.py:588} INFO - Filling up the DagBag from /home/airflow/.local/lib/python3.12/site-packages/airflow/example_dags/tutorial_dag.py
[2026-09-23T18:14:02.524+0000] {processor.py:925} INFO - DAG(s) 'tutorial_dag' retrieved from /home/airflow/.local/lib/python3.12/site-packages/airflow/example_dags/tutorial_dag.py
[2026-09-23T18:14:02.548+0000] {logging_mixin.py:190} INFO - [2026-09-23T18:14:02.548+0000] {dag.py:3239} INFO - Sync 1 DAGs
[2026-09-23T18:14:02.570+0000] {logging_mixin.py:190} INFO - [2026-09-23T18:14:02.570+0000] {dag.py:4180} INFO - Setting next_dagrun for tutorial_dag to None, run_after=None
[2026-09-23T18:14:02.592+0000] {processor.py:208} INFO - Processing /home/airflow/.local/lib/python3.12/site-packages/airflow/example_dags/tutorial_dag.py took 0.095 seconds
[2026-09-23T18:14:32.832+0000] {processor.py:186} INFO - Started process (PID=12535) to work on /home/airflow/.local/lib/python3.12/site-packages/airflow/example_dags/tutorial_dag.py
[2026-09-23T18:14:32.834+0000] {processor.py:914} INFO - Processing file /home/airflow/.local/lib/python3.12/site-packages/airflow/example_dags/tutorial_dag.py for tasks to queue
[2026-09-23T18:14:32.837+0000] {logging_mixin.py:190} INFO - [2026-09-23T18:14:32.837+0000] {dagbag.py:588} INFO - Filling up the DagBag from /home/airflow/.local/lib/python3.12/site-packages/airflow/example_dags/tutorial_dag.py
[2026-09-23T18:14:32.847+0000] {processor.py:925} INFO - DAG(s) 'tutorial_dag' retrieved from /home/airflow/.local/lib/python3.12/site-packages/airflow/example_dags/tutorial_dag.py
[2026-09-23T18:14:32.871+0000] {logging_mixin.py:190} INFO - [2026-09-23T18:14:32.871+0000] {dag.py:3239} INFO - Sync 1 DAGs
[2026-09-23T18:14:32.893+0000] {logging_mixin.py:190} INFO - [2026-09-23T18:14:32.892+0000] {dag.py:4180} INFO - Setting next_dagrun for tutorial_dag to None, run_after=None
[2026-09-23T18:14:32.914+0000] {processor.py:208} INFO - Processing /home/airflow/.local/lib/python3.12/site-packages/airflow/example_dags/tutorial_dag.py took 0.095 seconds
[2026-09-23T18:15:03.023+0000] {processor.py:186} INFO - Started process (PID=12610) to work on /home/airflow/.local/lib/python3.12/site-packages/airflow/example_dags/tutorial_dag.py
[2026-09-23T18:15:03.023+0000] {processor.py:914} INFO - Processing file /home/airflow/.local/lib/python3.12/site-packages/airflow/example_dags/tutorial_dag.py for tasks to queue
[2026-09-23T18:15:03.026+0000] {logging_mixin.py:190} INFO - [2026-09-23T18:15:03.026+0000] {dagbag.py:588} INFO - Filling up the DagBag from /home/airflow/.local/lib/python3.12/site-packages/airflow/example_dags/tutorial_dag.py
[2026-09-23T18:15:03.035+0000] {processor.py:925} INFO - DAG(s) 'tutorial_dag' retrieved from /home/airflow/.local/lib/python3.12/site-packages/airflow/example_dags/tutorial_dag.py
[2026-09-23T18:15:03.058+0000] {logging_mixin.py:190} INFO - [2026-09-23T18:15:03.058+0000] {dag.py:3239} INFO - Sync 1 DAGs
[2026-09-23T18:15:03.078+0000] {logging_mixin.py:190} INFO - [2026-09-23T18:15:03.078+0000] {dag.py:4180} INFO - Setting next_dagrun for tutorial_dag to None, run_after=None
[2026-09-23T18:15:03.100+0000] {processor.py:208} INFO - Processing /home/airflow/.local/lib/python3.12/site-packages/airflow/example_dags/tutorial_dag.py took 0.088 seconds
[2026-09-23T18:15:33.382+0000] {processor.py:186} INFO - Started process (PID=12684) to work on /home/airflow/.local/lib/python3.12/site-packages/airflow/example_dags/tutorial_dag.py
[2026-09-23T18:15:33.383+0000] {processor.py:914} INFO - Processing file /home/airflow/.local/lib/python3.12/site-packages/airflow/example_dags/tutorial_dag.py for tasks to queue
[2026-09-23T18:15:33.387+0000] {logging_mixin.py:190} INFO - [2026-09-23T18:15:33.386+0000] {dagbag.py:588} INFO - Filling up the DagBag from /home/airflow/.local/lib/python3.12/site-packages/airflow/example_dags/tutorial_dag.py
[2026-09-23T18:15:33.395+0000] {processor.py:925} INFO - DAG(s) 'tutorial_dag' retrieved from /home/airflow/.local/lib/python3.12/site-packages/airflow/example_dags/tutorial_dag.py
[2026-09-23T18:15:33.416+0000] {logging_mixin.py:190} INFO - [2026-09-23T18:15:33.416+0000] {dag.py:3239} INFO - Sync 1 DAGs
[2026-09-23T18:15:33.436+0000] {logging_mixin.py:190} INFO - [2026-09-23T18:15:33.436+0000] {dag.py:4180} INFO - Setting next_dagrun for tutorial_dag to None, run_after=None
[2026-09-23T18:15:33.457+0000] {processor.py:208} INFO - Processing /home/airflow/.local/lib/python3.12/site-packages/airflow/example_dags/tutorial_dag.py took 0.084 seconds
[2026-09-23T18:16:03.742+0000] {processor.py:186} INFO - Started process (PID=12758) to work on /home/airflow/.local/lib/python3.12/site-packages/airflow/example_dags/tutorial_dag.py
[2026-09-23T18:16:03.743+0000] {processor.py:914} INFO - Processing file /home/airflow/.local/lib/python3.12/site-packages/airflow/example_dags/tutorial_dag.py for tasks to queue
[2026-09-23T18:16:03.747+0000] {logging_mixin.py:190} INFO - [2026-09-23T18:16:03.746+0000] {dagbag.py:588} INFO - Filling up the DagBag from /home/airflow/.local/lib/python3.12/site-packages/airflow/example_dags/tutorial_dag.py
[2026-09-23T18:16:03.755+0000] {processor.py:925} INFO - DAG(s) 'tutorial_dag' retrieved from /home/airflow/.local/lib/python3.12/site-packages/airflow/example_dags/tutorial_dag.py
[2026-09-23T18:16:03.775+0000] {logging_mixin.py:190} INFO - [2026-09-23T18:16:03.775+0000] {dag.py:3239} INFO - Sync 1 DAGs
[2026-09-23T18:16:03.794+0000] {logging_mixin.py:190} INFO - [2026-09-23T18:16:03.794+0000] {dag.py:4180} INFO - Setting next_dagrun for tutorial_dag to None, run_after=None
[2026-09-23T18:16:03.814+0000] {processor.py:208} INFO - Processing /home/airflow/.local/lib/python3.12/site-packages/airflow/example_dags/tutorial_dag.py took 0.080 seconds
[2026-09-23T18:16:34.088+0000] {processor.py:186} INFO - Started process (PID=12832) to work on /home/airflow/.local/lib/python3.12/site-packages/airflow/example_dags/tutorial_dag.py
[2026-09-23T18:16:34.089+0000] {processor.py:914} INFO - Processing file /home/airflow/.local/lib/python3.12/site-packages/airflow/example_dags/tutorial_dag.py for tasks to queue
[2026-09-23T18:16:34.092+0000] {logging_mixin.py:190} INFO - [2026-09-23T18:16:34.092+0000] {dagbag.py:588} INFO - Filling up the DagBag from /home/airflow/.local/lib/python3.12/site-packages/airflow/example_dags/tutorial_dag.py
[2026-09-23T18:16:34.101+0000] {processor.py:925} INFO - DAG(s) 'tutorial_dag' retrieved from /home/airflow/.local/lib/python3.12/site-packages/airflow/example_dags/tutorial_dag.py
[2026-09-23T18:16:34.122+0000] {logging_mixin.py:190} INFO - [2026-09-23T18:16:34.121+0000] {dag.py:3239} INFO - Sync 1 DAGs
[2026-09-23T18:16:34.140+0000] {logging_mixin.py:190} INFO - [2026-09-23T18:16:34.140+0000] {dag.py:4180} INFO - Setting next_dagrun for tutorial_dag to None, run_after=None
[2026-09-23T18:16:34.161+0000] {processor.py:208} INFO - Processing /home/airflow/.local/lib/python3.12/site-packages/airflow/example_dags/tutorial_dag.py took 0.081 seconds
[2026-09-23T18:17:04.398+0000] {processor.py:186} INFO - Started process (PID=12907) to work on /home/airflow/.local/lib/python3.12/site-packages/airflow/example_dags/tutorial_dag.py
[2026-09-23T18:17:04.399+0000] {processor.py:914} INFO - Processing file /home/airflow/.local/lib/python3.12/site-packages/airflow/example_dags/tutorial_dag.py for tasks to queue
[2026-09-23T18:17:04.402+0000] {logging_mixin.py:190} INFO - [2026-09-23T18:17:04.401+0000] {dagbag.py:588} INFO - Filling up the DagBag from /home/airflow/.local/lib/python3.12/site-packages/airflow/example_dags/tutorial_dag.py
[2026-09-23T18:17:04.410+0000] {processor.py:925} INFO - DAG(s) 'tutorial_dag' retrieved from /home/airflow/.local/lib/python3.12/site-packages/airflow/example_dags/tutorial_dag.py
[2026-09-23T18:17:04.432+0000] {logging_mixin.py:190} INFO - [2026-09-23T18:17:04.432+0000] {dag.py:3239} INFO - Sync 1 DAGs
[2026-09-23T18:17:04.451+0000] {logging_mixin.py:190} INFO - [2026-09-23T18:17:04.451+0000] {dag.py:4180} INFO - Setting next_dagrun for tutorial_dag to None, run_after=None
[2026-09-23T18:17:04.475+0000] {processor.py:208} INFO - Processing /home/airflow/.local/lib/python3.12/site-packages/airflow/example_dags/tutorial_dag.py took 0.085 seconds
[2026-09-23T18:17:34.807+0000] {processor.py:186} INFO - Started process (PID=12981) to work on /home/airflow/.local/lib/python3.12/site-packages/airflow/example_dags/tutorial_dag.py
[2026-09-23T18:17:34.808+0000] {processor.py:914} INFO - Processing file /home/airflow/.local/lib/python3.12/site-packages/airflow/example_dags/tutorial_dag.py for tasks to queue
[2026-09-23T18:17:34.811+0000] {logging_mixin.py:190} INFO - [2026-09-23T18:17:34.811+0000] {dagbag.py:588} INFO - Filling up the DagBag from /home/airflow/.local/lib/python3.12/site-packages/airflow/example_dags/tutorial_dag.py
[2026-09-23T18:17:34.820+0000] {processor.py:925} INFO - DAG(s) 'tutorial_dag' retrieved from /home/airflow/.local/lib/python3.12/site-packages/airflow/example_dags/tutorial_dag.py
[2026-09-23T18:17:34.844+0000] {logging_mixin.py:190} INFO - [2026-09-23T18:17:34.844+0000] {dag.py:3239} INFO - Sync 1 DAGs
[2026-09-23T18:17:34.864+0000] {logging_mixin.py:190} INFO - [2026-09-23T18:17:34.864+0000] {dag.py:4180} INFO - Setting next_dagrun for tutorial_dag to None, run_after=None
[2026-09-23T18:17:34.884+0000] {processor.py:208} INFO - Processing /home/airflow/.local/lib/python3.12/site-packages/airflow/example_dags/tutorial_dag.py took 0.086 seconds
[2026-09-23T18:18:05.324+0000] {processor.py:186} INFO - Started process (PID=13053) to work on /home/airflow/.local/lib/python3.12/site-packages/airflow/example_dags/tutorial_dag.py
[2026-09-23T18:18:05.325+0000] {processor.py:914} INFO - Processing file /home/airflow/.local/lib/python3.12/site-packages/airflow/example_dags/tutorial_dag.py for tasks to queue
[2026-09-23T18:18:05.330+0000] {logging_mixin.py:190} INFO - [2026-09-23T18:18:05.330+0000] {dagbag.py:588} INFO - Filling up the DagBag from /home/airflow/.local/lib/python3.12/site-packages/airflow/example_dags/tutorial_dag.py
[2026-09-23T18:18:05.342+0000] {processor.py:925} INFO - DAG(s) 'tutorial_dag' retrieved from /home/airflow/.local/lib/python3.12/site-packages/airflow/example_dags/tutorial_dag.py
[2026-09-23T18:18:05.369+0000] {logging_mixin.py:190} INFO - [2026-09-23T18:18:05.369+0000] {dag.py:3239} INFO - Sync 1 DAGs
[2026-09-23T18:18:05.392+0000] {logging_mixin.py:190} INFO - [2026-09-23T18:18:05.392+0000] {dag.py:4180} INFO - Setting next_dagrun for tutorial_dag to None, run_after=None
[2026-09-23T18:18:05.415+0000] {processor.py:208} INFO - Processing /home/airflow/.local/lib/python3.12/site-packages/airflow/example_dags/tutorial_dag.py took 0.101 seconds
[2026-09-23T18:18:35.525+0000] {processor.py:186} INFO - Started process (PID=13127) to work on /home/airflow/.local/lib/python3.12/site-packages/airflow/example_dags/tutorial_dag.py
[2026-09-23T18:18:35.527+0000] {processor.py:914} INFO - Processing file /home/airflow/.local/lib/python3.12/site-packages/airflow/example_dags/tutorial_dag.py for tasks to queue
[2026-09-23T18:18:35.530+0000] {logging_mixin.py:190} INFO - [2026-09-23T18:18:35.529+0000] {dagbag.py:588} INFO - Filling up the DagBag from /home/airflow/.local/lib/python3.12/site-packages/airflow/example_dags/tutorial_dag.py
[2026-09-23T18:18:35.539+0000] {processor.py:925} INFO - DAG(s) 'tutorial_dag' retrieved from /home/airflow/.local/lib/python3.12/site-packages/airflow/example_dags/tutorial_dag.py
[2026-09-23T18:18:35.565+0000] {logging_mixin.py:190} INFO - [2026-09-23T18:18:35.565+0000] {dag.py:3239} INFO - Sync 1 DAGs
[2026-09-23T18:18:35.589+0000] {logging_mixin.py:190} INFO - [2026-09-23T18:18:35.588+0000] {dag.py:4180} INFO - Setting next_dagrun for tutorial_dag to None, run_after=None
[2026-09-23T18:18:35.612+0000] {processor.py:208} INFO - Processing /home/airflow/.local/lib/python3.12/site-packages/airflow/example_dags/tutorial_dag.py took 0.095 seconds
[2026-09-23T18:19:06.248+0000] {processor.py:186} INFO - Started process (PID=13201) to work on /home/airflow/.local/lib/python3.12/site-packages/airflow/example_dags/tutorial_dag.py
[2026-09-23T18:19:06.249+0000] {processor.py:914} INFO - Processing file /home/airflow/.local/lib/python3.12/site-packages/airflow/example_dags/tutorial_dag.py for tasks to queue
[2026-09-23T18:19:06.251+0000] {logging_mixin.py:190} INFO - [2026-09-23T18:19:06.251+0000] {dagbag.py:588} INFO - Filling up the DagBag from /home/airflow/.local/lib/python3.12/site-packages/airflow/example_dags/tutorial_dag.py
[2026-09-23T18:19:06.261+0000] {processor.py:925} INFO - DAG(s) 'tutorial_dag' retrieved from /home/airflow/.local/lib/python3.12/site-packages/airflow/example_dags/tutorial_dag.py
[2026-09-23T18:19:06.284+0000] {logging_mixin.py:190} INFO - [2026-09-23T18:19:06.283+0000] {dag.py:3239} INFO - Sync 1 DAGs
[2026-09-23T18:19:06.303+0000] {logging_mixin.py:190} INFO - [2026-09-23T18:19:06.302+0000] {dag.py:4180} INFO - Setting next_dagrun for tutorial_dag to None, run_after=None
[2026-09-23T18:19:06.323+0000] {processor.py:208} INFO - Processing /home/airflow/.local/lib/python3.12/site-packages/airflow/example_dags/tutorial_dag.py took 0.083 seconds
[2026-09-23T18:19:36.848+0000] {processor.py:186} INFO - Started process (PID=13274) to work on /home/airflow/.local/lib/python3.12/site-packages/airflow/example_dags/tutorial_dag.py
[2026-09-23T18:19:36.849+0000] {processor.py:914} INFO - Processing file /home/airflow/.local/lib/python3.12/site-packages/airflow/example_dags/tutorial_dag.py for tasks to queue
[2026-09-23T18:19:36.852+0000] {logging_mixin.py:190} INFO - [2026-09-23T18:19:36.851+0000] {dagbag.py:588} INFO - Filling up the DagBag from /home/airflow/.local/lib/python3.12/site-packages/airflow/example_dags/tutorial_dag.py
[2026-09-23T18:19:36.861+0000] {processor.py:925} INFO - DAG(s) 'tutorial_dag' retrieved from /home/airflow/.local/lib/python3.12/site-packages/airflow/example_dags/tutorial_dag.py
[2026-09-23T18:19:36.882+0000] {logging_mixin.py:190} INFO - [2026-09-23T18:19:36.882+0000] {dag.py:3239} INFO - Sync 1 DAGs
[2026-09-23T18:19:36.901+0000] {logging_mixin.py:190} INFO - [2026-09-23T18:19:36.900+0000] {dag.py:4180} INFO - Setting next_dagrun for tutorial_dag to None, run_after=None
[2026-09-23T18:19:36.920+0000] {processor.py:208} INFO - Processing /home/airflow/.local/lib/python3.12/site-packages/airflow/example_dags/tutorial_dag.py took 0.081 seconds
[2026-09-23T18:20:07.600+0000] {processor.py:186} INFO - Started process (PID=13348) to work on /home/airflow/.local/lib/python3.12/site-packages/airflow/example_dags/tutorial_dag.py
[2026-09-23T18:20:07.601+0000] {processor.py:914} INFO - Processing file /home/airflow/.local/lib/python3.12/site-packages/airflow/example_dags/tutorial_dag.py for tasks to queue
[2026-09-23T18:20:07.604+0000] {logging_mixin.py:190} INFO - [2026-09-23T18:20:07.603+0000] {dagbag.py:588} INFO - Filling up the DagBag from /home/airflow/.local/lib/python3.12/site-packages/airflow/example_dags/tutorial_dag.py
[2026-09-23T18:20:07.613+0000] {processor.py:925} INFO - DAG(s) 'tutorial_dag' retrieved from /home/airflow/.local/lib/python3.12/site-packages/airflow/example_dags/tutorial_dag.py
[2026-09-23T18:20:07.635+0000] {logging_mixin.py:190} INFO - [2026-09-23T18:20:07.635+0000] {dag.py:3239} INFO - Sync 1 DAGs
[2026-09-23T18:20:07.660+0000] {logging_mixin.py:190} INFO - [2026-09-23T18:20:07.660+0000] {dag.py:4180} INFO - Setting next_dagrun for tutorial_dag to None, run_after=None
[2026-09-23T18:20:07.683+0000] {processor.py:208} INFO - Processing /home/airflow/.local/lib/python3.12/site-packages/airflow/example_dags/tutorial_dag.py took 0.095 seconds
[2026-09-23T18:20:38.000+0000] {processor.py:186} INFO - Started process (PID=13422) to work on /home/airflow/.local/lib/python3.12/site-packages/airflow/example_dags/tutorial_dag.py
[2026-09-23T18:20:38.002+0000] {processor.py:914} INFO - Processing file /home/airflow/.local/lib/python3.12/site-packages/airflow/example_dags/tutorial_dag.py for tasks to queue
[2026-09-23T18:20:38.006+0000] {logging_mixin.py:190} INFO - [2026-09-23T18:20:38.006+0000] {dagbag.py:588} INFO - Filling up the DagBag from /home/airflow/.local/lib/python3.12/site-packages/airflow/example_dags/tutorial_dag.py
[2026-09-23T18:20:38.016+0000] {processor.py:925} INFO - DAG(s) 'tutorial_dag' retrieved from /home/airflow/.local/lib/python3.12/site-packages/airflow/example_dags/tutorial_dag.py
[2026-09-23T18:20:38.039+0000] {logging_mixin.py:190} INFO - [2026-09-23T18:20:38.039+0000] {dag.py:3239} INFO - Sync 1 DAGs
[2026-09-23T18:20:38.058+0000] {logging_mixin.py:190} INFO - [2026-09-23T18:20:38.058+0000] {dag.py:4180} INFO - Setting next_dagrun for tutorial_dag to None, run_after=None
[2026-09-23T18:20:38.079+0000] {processor.py:208} INFO - Processing /home/airflow/.local/lib/python3.12/site-packages/airflow/example_dags/tutorial_dag.py took 0.091 seconds
[2026-09-23T18:21:08.416+0000] {processor.py:186} INFO - Started process (PID=13496) to work on /home/airflow/.local/lib/python3.12/site-packages/airflow/example_dags/tutorial_dag.py
[2026-09-23T18:21:08.416+0000] {processor.py:914} INFO - Processing file /home/airflow/.local/lib/python3.12/site-packages/airflow/example_dags/tutorial_dag.py for tasks to queue
[2026-09-23T18:21:08.419+0000] {logging_mixin.py:190} INFO - [2026-09-23T18:21:08.419+0000] {dagbag.py:588} INFO - Filling up the DagBag from /home/airflow/.local/lib/python3.12/site-packages/airflow/example_dags/tutorial_dag.py
[2026-09-23T18:21:08.428+0000] {processor.py:925} INFO - DAG(s) 'tutorial_dag' retrieved from /home/airflow/.local/lib/python3.12/site-packages/airflow/example_dags/tutorial_dag.py
[2026-09-23T18:21:08.451+0000] {logging_mixin.py:190} INFO - [2026-09-23T18:21:08.451+0000] {dag.py:3239} INFO - Sync 1 DAGs
[2026-09-23T18:21:08.471+0000] {logging_mixin.py:190} INFO - [2026-09-23T18:21:08.470+0000] {dag.py:4180} INFO - Setting next_dagrun for tutorial_dag to None, run_after=None
[2026-09-23T18:21:08.491+0000] {processor.py:208} INFO - Processing /home/airflow/.local/lib/python3.12/site-packages/airflow/example_dags/tutorial_dag.py took 0.085 seconds
[2026-09-23T18:21:39.135+0000] {processor.py:186} INFO - Started process (PID=13570) to work on /home/airflow/.local/lib/python3.12/site-packages/airflow/example_dags/tutorial_dag.py
[2026-09-23T18:21:39.137+0000] {processor.py:914} INFO - Processing file /home/airflow/.local/lib/python3.12/site-packages/airflow/example_dags/tutorial_dag.py for tasks to queue
[2026-09-23T18:21:39.142+0000] {logging_mixin.py:190} INFO - [2026-09-23T18:21:39.141+0000] {dagbag.py:588} INFO - Filling up the DagBag from /home/airflow/.local/lib/python3.12/site-packages/airflow/example_dags/tutorial_dag.py
[2026-09-23T18:21:39.152+0000] {processor.py:925} INFO - DAG(s) 'tutorial_dag' retrieved from /home/airflow/.local/lib/python3.12/site-packages/airflow/example_dags/tutorial_dag.py
[2026-09-23T18:21:39.177+0000] {logging_mixin.py:190} INFO - [2026-09-23T18:21:39.176+0000] {dag.py:3239} INFO - Sync 1 DAGs
[2026-09-23T18:21:39.196+0000] {logging_mixin.py:190} INFO - [2026-09-23T18:21:39.196+0000] {dag.py:4180} INFO - Setting next_dagrun for tutorial_dag to None, run_after=None
[2026-09-23T18:21:39.216+0000] {processor.py:208} INFO - Processing /home/airflow/.local/lib/python3.12/site-packages/airflow/example_dags/tutorial_dag.py took 0.107 seconds
[2026-09-23T18:22:09.764+0000] {processor.py:186} INFO - Started process (PID=13645) to work on /home/airflow/.local/lib/python3.12/site-packages/airflow/example_dags/tutorial_dag.py
[2026-09-23T18:22:09.766+0000] {processor.py:914} INFO - Processing file /home/airflow/.local/lib/python3.12/site-packages/airflow/example_dags/tutorial_dag.py for tasks to queue
[2026-09-23T18:22:09.769+0000] {logging_mixin.py:190} INFO - [2026-09-23T18:22:09.769+0000] {dagbag.py:588} INFO - Filling up the DagBag from /home/airflow/.local/lib/python3.12/site-packages/airflow/example_dags/tutorial_dag.py
[2026-09-23T18:22:09.781+0000] {processor.py:925} INFO - DAG(s) 'tutorial_dag' retrieved from /home/airflow/.local/lib/python3.12/site-packages/airflow/example_dags/tutorial_dag.py
[2026-09-23T18:22:09.805+0000] {logging_mixin.py:190} INFO - [2026-09-23T18:22:09.805+0000] {dag.py:3239} INFO - Sync 1 DAGs
[2026-09-23T18:22:09.826+0000] {logging_mixin.py:190} INFO - [2026-09-23T18:22:09.825+0000] {dag.py:4180} INFO - Setting next_dagrun for tutorial_dag to None, run_after=None
[2026-09-23T18:22:09.845+0000] {processor.py:208} INFO - Processing /home/airflow/.local/lib/python3.12/site-packages/airflow/example_dags/tutorial_dag.py took 0.092 seconds
[2026-09-23T18:22:40.060+0000] {processor.py:186} INFO - Started process (PID=13719) to work on /home/airflow/.local/lib/python3.12/site-packages/airflow/example_dags/tutorial_dag.py
[2026-09-23T18:22:40.061+0000] {processor.py:914} INFO - Processing file /home/airflow/.local/lib/python3.12/site-packages/airflow/example_dags/tutorial_dag.py for tasks to queue
[2026-09-23T18:22:40.064+0000] {logging_mixin.py:190} INFO - [2026-09-23T18:22:40.063+0000] {dagbag.py:588} INFO - Filling up the DagBag from /home/airflow/.local/lib/python3.12/site-packages/airflow/example_dags/tutorial_dag.py
[2026-09-23T18:22:40.073+0000] {processor.py:925} INFO - DAG(s) 'tutorial_dag' retrieved from /home/airflow/.local/lib/python3.12/site-packages/airflow/example_dags/tutorial_dag.py
[2026-09-23T18:22:40.098+0000] {logging_mixin.py:190} INFO - [2026-09-23T18:22:40.097+0000] {dag.py:3239} INFO - Sync 1 DAGs
[2026-09-23T18:22:40.121+0000] {logging_mixin.py:190} INFO - [2026-09-23T18:22:40.120+0000] {dag.py:4180} INFO - Setting next_dagrun for tutorial_dag to None, run_after=None
[2026-09-23T18:22:40.145+0000] {processor.py:208} INFO - Processing /home/airflow/.local/lib/python3.12/site-packages/airflow/example_dags/tutorial_dag.py took 0.094 seconds
[2026-09-23T18:23:10.550+0000] {processor.py:186} INFO - Started process (PID=13782) to work on /home/airflow/.local/lib/python3.12/site-packages/airflow/example_dags/tutorial_dag.py
[2026-09-23T18:23:10.551+0000] {processor.py:914} INFO - Processing file /home/airflow/.local/lib/python3.12/site-packages/airflow/example_dags/tutorial_dag.py for tasks to queue
[2026-09-23T18:23:10.554+0000] {logging_mixin.py:190} INFO - [2026-09-23T18:23:10.553+0000] {dagbag.py:588} INFO - Filling up the DagBag from /home/airflow/.local/lib/python3.12/site-packages/airflow/example_dags/tutorial_dag.py
[2026-09-23T18:23:10.565+0000] {processor.py:925} INFO - DAG(s) 'tutorial_dag' retrieved from /home/airflow/.local/lib/python3.12/site-packages/airflow/example_dags/tutorial_dag.py
[2026-09-23T18:23:10.591+0000] {logging_mixin.py:190} INFO - [2026-09-23T18:23:10.591+0000] {dag.py:3239} INFO - Sync 1 DAGs
[2026-09-23T18:23:10.613+0000] {logging_mixin.py:190} INFO - [2026-09-23T18:23:10.613+0000] {dag.py:4180} INFO - Setting next_dagrun for tutorial_dag to None, run_after=None
[2026-09-23T18:23:10.642+0000] {processor.py:208} INFO - Processing /home/airflow/.local/lib/python3.12/site-packages/airflow/example_dags/tutorial_dag.py took 0.101 seconds
[2026-09-23T18:23:41.837+0000] {processor.py:186} INFO - Started process (PID=13856) to work on /home/airflow/.local/lib/python3.12/site-packages/airflow/example_dags/tutorial_dag.py
[2026-09-23T18:23:41.838+0000] {processor.py:914} INFO - Processing file /home/airflow/.local/lib/python3.12/site-packages/airflow/example_dags/tutorial_dag.py for tasks to queue
[2026-09-23T18:23:41.841+0000] {logging_mixin.py:190} INFO - [2026-09-23T18:23:41.841+0000] {dagbag.py:588} INFO - Filling up the DagBag from /home/airflow/.local/lib/python3.12/site-packages/airflow/example_dags/tutorial_dag.py
[2026-09-23T18:23:41.850+0000] {processor.py:925} INFO - DAG(s) 'tutorial_dag' retrieved from /home/airflow/.local/lib/python3.12/site-packages/airflow/example_dags/tutorial_dag.py
[2026-09-23T18:23:41.874+0000] {logging_mixin.py:190} INFO - [2026-09-23T18:23:41.874+0000] {dag.py:3239} INFO - Sync 1 DAGs
[2026-09-23T18:23:41.894+0000] {logging_mixin.py:190} INFO - [2026-09-23T18:23:41.893+0000] {dag.py:4180} INFO - Setting next_dagrun for tutorial_dag to None, run_after=None
[2026-09-23T18:23:41.913+0000] {processor.py:208} INFO - Processing /home/airflow/.local/lib/python3.12/site-packages/airflow/example_dags/tutorial_dag.py took 0.085 seconds
[2026-09-23T18:24:12.628+0000] {processor.py:186} INFO - Started process (PID=13927) to work on /home/airflow/.local/lib/python3.12/site-packages/airflow/example_dags/tutorial_dag.py
[2026-09-23T18:24:12.630+0000] {processor.py:914} INFO - Processing file /home/airflow/.local/lib/python3.12/site-packages/airflow/example_dags/tutorial_dag.py for tasks to queue
[2026-09-23T18:24:12.633+0000] {logging_mixin.py:190} INFO - [2026-09-23T18:24:12.632+0000] {dagbag.py:588} INFO - Filling up the DagBag from /home/airflow/.local/lib/python3.12/site-packages/airflow/example_dags/tutorial_dag.py
[2026-09-23T18:24:12.646+0000] {processor.py:925} INFO - DAG(s) 'tutorial_dag' retrieved from /home/airflow/.local/lib/python3.12/site-packages/airflow/example_dags/tutorial_dag.py
[2026-09-23T18:24:12.675+0000] {logging_mixin.py:190} INFO - [2026-09-23T18:24:12.675+0000] {dag.py:3239} INFO - Sync 1 DAGs
[2026-09-23T18:24:12.700+0000] {logging_mixin.py:190} INFO - [2026-09-23T18:24:12.699+0000] {dag.py:4180} INFO - Setting next_dagrun for tutorial_dag to None, run_after=None
[2026-09-23T18:24:12.722+0000] {processor.py:208} INFO - Processing /home/airflow/.local/lib/python3.12/site-packages/airflow/example_dags/tutorial_dag.py took 0.106 seconds
[2026-09-23T18:24:43.025+0000] {processor.py:186} INFO - Started process (PID=14001) to work on /home/airflow/.local/lib/python3.12/site-packages/airflow/example_dags/tutorial_dag.py
[2026-09-23T18:24:43.027+0000] {processor.py:914} INFO - Processing file /home/airflow/.local/lib/python3.12/site-packages/airflow/example_dags/tutorial_dag.py for tasks to queue
[2026-09-23T18:24:43.030+0000] {logging_mixin.py:190} INFO - [2026-09-23T18:24:43.029+0000] {dagbag.py:588} INFO - Filling up the DagBag from /home/airflow/.local/lib/python3.12/site-packages/airflow/example_dags/tutorial_dag.py
[2026-09-23T18:24:43.040+0000] {processor.py:925} INFO - DAG(s) 'tutorial_dag' retrieved from /home/airflow/.local/lib/python3.12/site-packages/airflow/example_dags/tutorial_dag.py
[2026-09-23T18:24:43.066+0000] {logging_mixin.py:190} INFO - [2026-09-23T18:24:43.065+0000] {dag.py:3239} INFO - Sync 1 DAGs
[2026-09-23T18:24:43.087+0000] {logging_mixin.py:190} INFO - [2026-09-23T18:24:43.087+0000] {dag.py:4180} INFO - Setting next_dagrun for tutorial_dag to None, run_after=None
[2026-09-23T18:24:43.110+0000] {processor.py:208} INFO - Processing /home/airflow/.local/lib/python3.12/site-packages/airflow/example_dags/tutorial_dag.py took 0.094 seconds
[2026-09-23T18:25:13.294+0000] {processor.py:186} INFO - Started process (PID=14075) to work on /home/airflow/.local/lib/python3.12/site-packages/airflow/example_dags/tutorial_dag.py
[2026-09-23T18:25:13.295+0000] {processor.py:914} INFO - Processing file /home/airflow/.local/lib/python3.12/site-packages/airflow/example_dags/tutorial_dag.py for tasks to queue
[2026-09-23T18:25:13.298+0000] {logging_mixin.py:190} INFO - [2026-09-23T18:25:13.298+0000] {dagbag.py:588} INFO - Filling up the DagBag from /home/airflow/.local/lib/python3.12/site-packages/airflow/example_dags/tutorial_dag.py
[2026-09-23T18:25:13.308+0000] {processor.py:925} INFO - DAG(s) 'tutorial_dag' retrieved from /home/airflow/.local/lib/python3.12/site-packages/airflow/example_dags/tutorial_dag.py
[2026-09-23T18:25:13.334+0000] {logging_mixin.py:190} INFO - [2026-09-23T18:25:13.334+0000] {dag.py:3239} INFO - Sync 1 DAGs
[2026-09-23T18:25:13.357+0000] {logging_mixin.py:190} INFO - [2026-09-23T18:25:13.356+0000] {dag.py:4180} INFO - Setting next_dagrun for tutorial_dag to None, run_after=None
[2026-09-23T18:25:13.380+0000] {processor.py:208} INFO - Processing /home/airflow/.local/lib/python3.12/site-packages/airflow/example_dags/tutorial_dag.py took 0.101 seconds
[2026-09-23T18:25:43.737+0000] {processor.py:186} INFO - Started process (PID=14149) to work on /home/airflow/.local/lib/python3.12/site-packages/airflow/example_dags/tutorial_dag.py
[2026-09-23T18:25:43.739+0000] {processor.py:914} INFO - Processing file /home/airflow/.local/lib/python3.12/site-packages/airflow/example_dags/tutorial_dag.py for tasks to queue
[2026-09-23T18:25:43.742+0000] {logging_mixin.py:190} INFO - [2026-09-23T18:25:43.742+0000] {dagbag.py:588} INFO - Filling up the DagBag from /home/airflow/.local/lib/python3.12/site-packages/airflow/example_dags/tutorial_dag.py
[2026-09-23T18:25:43.754+0000] {processor.py:925} INFO - DAG(s) 'tutorial_dag' retrieved from /home/airflow/.local/lib/python3.12/site-packages/airflow/example_dags/tutorial_dag.py
[2026-09-23T18:25:43.782+0000] {logging_mixin.py:190} INFO - [2026-09-23T18:25:43.781+0000] {dag.py:3239} INFO - Sync 1 DAGs
[2026-09-23T18:25:43.805+0000] {logging_mixin.py:190} INFO - [2026-09-23T18:25:43.805+0000] {dag.py:4180} INFO - Setting next_dagrun for tutorial_dag to None, run_after=None
[2026-09-23T18:25:43.829+0000] {processor.py:208} INFO - Processing /home/airflow/.local/lib/python3.12/site-packages/airflow/example_dags/tutorial_dag.py took 0.105 seconds
[2026-09-23T18:26:14.666+0000] {processor.py:186} INFO - Started process (PID=14223) to work on /home/airflow/.local/lib/python3.12/site-packages/airflow/example_dags/tutorial_dag.py
[2026-09-23T18:26:14.667+0000] {processor.py:914} INFO - Processing file /home/airflow/.local/lib/python3.12/site-packages/airflow/example_dags/tutorial_dag.py for tasks to queue
[2026-09-23T18:26:14.670+0000] {logging_mixin.py:190} INFO - [2026-09-23T18:26:14.669+0000] {dagbag.py:588} INFO - Filling up the DagBag from /home/airflow/.local/lib/python3.12/site-packages/airflow/example_dags/tutorial_dag.py
[2026-09-23T18:26:14.680+0000] {processor.py:925} INFO - DAG(s) 'tutorial_dag' retrieved from /home/airflow/.local/lib/python3.12/site-packages/airflow/example_dags/tutorial_dag.py
[2026-09-23T18:26:14.707+0000] {logging_mixin.py:190} INFO - [2026-09-23T18:26:14.706+0000] {dag.py:3239} INFO - Sync 1 DAGs
[2026-09-23T18:26:14.728+0000] {logging_mixin.py:190} INFO - [2026-09-23T18:26:14.728+0000] {dag.py:4180} INFO - Setting next_dagrun for tutorial_dag to None, run_after=None
[2026-09-23T18:26:14.750+0000] {processor.py:208} INFO - Processing /home/airflow/.local/lib/python3.12/site-packages/airflow/example_dags/tutorial_dag.py took 0.097 seconds
[2026-09-23T18:26:44.866+0000] {processor.py:186} INFO - Started process (PID=14297) to work on /home/airflow/.local/lib/python3.12/site-packages/airflow/example_dags/tutorial_dag.py
[2026-09-23T18:26:44.868+0000] {processor.py:914} INFO - Processing file /home/airflow/.local/lib/python3.12/site-packages/airflow/example_dags/tutorial_dag.py for tasks to queue
[2026-09-23T18:26:44.871+0000] {logging_mixin.py:190} INFO - [2026-09-23T18:26:44.870+0000] {dagbag.py:588} INFO - Filling up the DagBag from /home/airflow/.local/lib/python3.12/site-packages/airflow/example_dags/tutorial_dag.py
[2026-09-23T18:26:44.880+0000] {processor.py:925} INFO - DAG(s) 'tutorial_dag' retrieved from /home/airflow/.local/lib/python3.12/site-packages/airflow/example_dags/tutorial_dag.py
[2026-09-23T18:26:44.904+0000] {logging_mixin.py:190} INFO - [2026-09-23T18:26:44.903+0000] {dag.py:3239} INFO - Sync 1 DAGs
[2026-09-23T18:26:44.925+0000] {logging_mixin.py:190} INFO - [2026-09-23T18:26:44.925+0000] {dag.py:4180} INFO - Setting next_dagrun for tutorial_dag to None, run_after=None
[2026-09-23T18:26:44.947+0000] {processor.py:208} INFO - Processing /home/airflow/.local/lib/python3.12/site-packages/airflow/example_dags/tutorial_dag.py took 0.090 seconds
[2026-09-23T18:27:16.066+0000] {processor.py:186} INFO - Started process (PID=14369) to work on /home/airflow/.local/lib/python3.12/site-packages/airflow/example_dags/tutorial_dag.py
[2026-09-23T18:27:16.067+0000] {processor.py:914} INFO - Processing file /home/airflow/.local/lib/python3.12/site-packages/airflow/example_dags/tutorial_dag.py for tasks to queue
[2026-09-23T18:27:16.070+0000] {logging_mixin.py:190} INFO - [2026-09-23T18:27:16.069+0000] {dagbag.py:588} INFO - Filling up the DagBag from /home/airflow/.local/lib/python3.12/site-packages/airflow/example_dags/tutorial_dag.py
[2026-09-23T18:27:16.081+0000] {processor.py:925} INFO - DAG(s) 'tutorial_dag' retrieved from /home/airflow/.local/lib/python3.12/site-packages/airflow/example_dags/tutorial_dag.py
[2026-09-23T18:27:16.109+0000] {logging_mixin.py:190} INFO - [2026-09-23T18:27:16.108+0000] {dag.py:3239} INFO - Sync 1 DAGs
[2026-09-23T18:27:16.134+0000] {logging_mixin.py:190} INFO - [2026-09-23T18:27:16.134+0000] {dag.py:4180} INFO - Setting next_dagrun for tutorial_dag to None, run_after=None
[2026-09-23T18:27:16.160+0000] {processor.py:208} INFO - Processing /home/airflow/.local/lib/python3.12/site-packages/airflow/example_dags/tutorial_dag.py took 0.104 seconds
[2026-09-23T18:27:46.359+0000] {processor.py:186} INFO - Started process (PID=14439) to work on /home/airflow/.local/lib/python3.12/site-packages/airflow/example_dags/tutorial_dag.py
[2026-09-23T18:27:46.361+0000] {processor.py:914} INFO - Processing file /home/airflow/.local/lib/python3.12/site-packages/airflow/example_dags/tutorial_dag.py for tasks to queue
[2026-09-23T18:27:46.364+0000] {logging_mixin.py:190} INFO - [2026-09-23T18:27:46.363+0000] {dagbag.py:588} INFO - Filling up the DagBag from /home/airflow/.local/lib/python3.12/site-packages/airflow/example_dags/tutorial_dag.py
[2026-09-23T18:27:46.373+0000] {processor.py:925} INFO - DAG(s) 'tutorial_dag' retrieved from /home/airflow/.local/lib/python3.12/site-packages/airflow/example_dags/tutorial_dag.py
[2026-09-23T18:27:46.400+0000] {logging_mixin.py:190} INFO - [2026-09-23T18:27:46.400+0000] {dag.py:3239} INFO - Sync 1 DAGs
[2026-09-23T18:27:46.422+0000] {logging_mixin.py:190} INFO - [2026-09-23T18:27:46.422+0000] {dag.py:4180} INFO - Setting next_dagrun for tutorial_dag to None, run_after=None
[2026-09-23T18:27:46.445+0000] {processor.py:208} INFO - Processing /home/airflow/.local/lib/python3.12/site-packages/airflow/example_dags/tutorial_dag.py took 0.099 seconds
[2026-09-23T18:28:16.752+0000] {processor.py:186} INFO - Started process (PID=14513) to work on /home/airflow/.local/lib/python3.12/site-packages/airflow/example_dags/tutorial_dag.py
[2026-09-23T18:28:16.753+0000] {processor.py:914} INFO - Processing file /home/airflow/.local/lib/python3.12/site-packages/airflow/example_dags/tutorial_dag.py for tasks to queue
[2026-09-23T18:28:16.756+0000] {logging_mixin.py:190} INFO - [2026-09-23T18:28:16.756+0000] {dagbag.py:588} INFO - Filling up the DagBag from /home/airflow/.local/lib/python3.12/site-packages/airflow/example_dags/tutorial_dag.py
[2026-09-23T18:28:16.769+0000] {processor.py:925} INFO - DAG(s) 'tutorial_dag' retrieved from /home/airflow/.local/lib/python3.12/site-packages/airflow/example_dags/tutorial_dag.py
[2026-09-23T18:28:16.800+0000] {logging_mixin.py:190} INFO - [2026-09-23T18:28:16.800+0000] {dag.py:3239} INFO - Sync 1 DAGs
[2026-09-23T18:28:16.822+0000] {logging_mixin.py:190} INFO - [2026-09-23T18:28:16.822+0000] {dag.py:4180} INFO - Setting next_dagrun for tutorial_dag to None, run_after=None
[2026-09-23T18:28:16.845+0000] {processor.py:208} INFO - Processing /home/airflow/.local/lib/python3.12/site-packages/airflow/example_dags/tutorial_dag.py took 0.105 seconds
[2026-09-23T18:28:47.309+0000] {processor.py:186} INFO - Started process (PID=14588) to work on /home/airflow/.local/lib/python3.12/site-packages/airflow/example_dags/tutorial_dag.py
[2026-09-23T18:28:47.311+0000] {processor.py:914} INFO - Processing file /home/airflow/.local/lib/python3.12/site-packages/airflow/example_dags/tutorial_dag.py for tasks to queue
[2026-09-23T18:28:47.314+0000] {logging_mixin.py:190} INFO - [2026-09-23T18:28:47.313+0000] {dagbag.py:588} INFO - Filling up the DagBag from /home/airflow/.local/lib/python3.12/site-packages/airflow/example_dags/tutorial_dag.py
[2026-09-23T18:28:47.324+0000] {processor.py:925} INFO - DAG(s) 'tutorial_dag' retrieved from /home/airflow/.local/lib/python3.12/site-packages/airflow/example_dags/tutorial_dag.py
[2026-09-23T18:28:47.349+0000] {logging_mixin.py:190} INFO - [2026-09-23T18:28:47.349+0000] {dag.py:3239} INFO - Sync 1 DAGs
[2026-09-23T18:28:47.371+0000] {logging_mixin.py:190} INFO - [2026-09-23T18:28:47.371+0000] {dag.py:4180} INFO - Setting next_dagrun for tutorial_dag to None, run_after=None
[2026-09-23T18:28:47.395+0000] {processor.py:208} INFO - Processing /home/airflow/.local/lib/python3.12/site-packages/airflow/example_dags/tutorial_dag.py took 0.096 seconds
[2026-09-23T18:29:17.577+0000] {processor.py:186} INFO - Started process (PID=14662) to work on /home/airflow/.local/lib/python3.12/site-packages/airflow/example_dags/tutorial_dag.py
[2026-09-23T18:29:17.577+0000] {processor.py:914} INFO - Processing file /home/airflow/.local/lib/python3.12/site-packages/airflow/example_dags/tutorial_dag.py for tasks to queue
[2026-09-23T18:29:17.580+0000] {logging_mixin.py:190} INFO - [2026-09-23T18:29:17.580+0000] {dagbag.py:588} INFO - Filling up the DagBag from /home/airflow/.local/lib/python3.12/site-packages/airflow/example_dags/tutorial_dag.py
[2026-09-23T18:29:17.590+0000] {processor.py:925} INFO - DAG(s) 'tutorial_dag' retrieved from /home/airflow/.local/lib/python3.12/site-packages/airflow/example_dags/tutorial_dag.py
[2026-09-23T18:29:17.615+0000] {logging_mixin.py:190} INFO - [2026-09-23T18:29:17.615+0000] {dag.py:3239} INFO - Sync 1 DAGs
[2026-09-23T18:29:17.638+0000] {logging_mixin.py:190} INFO - [2026-09-23T18:29:17.638+0000] {dag.py:4180} INFO - Setting next_dagrun for tutorial_dag to None, run_after=None
[2026-09-23T18:29:17.665+0000] {processor.py:208} INFO - Processing /home/airflow/.local/lib/python3.12/site-packages/airflow/example_dags/tutorial_dag.py took 0.099 seconds
[2026-09-23T18:29:48.185+0000] {processor.py:186} INFO - Started process (PID=14735) to work on /home/airflow/.local/lib/python3.12/site-packages/airflow/example_dags/tutorial_dag.py
[2026-09-23T18:29:48.187+0000] {processor.py:914} INFO - Processing file /home/airflow/.local/lib/python3.12/site-packages/airflow/example_dags/tutorial_dag.py for tasks to queue
[2026-09-23T18:29:48.190+0000] {logging_mixin.py:190} INFO - [2026-09-23T18:29:48.189+0000] {dagbag.py:588} INFO - Filling up the DagBag from /home/airflow/.local/lib/python3.12/site-packages/airflow/example_dags/tutorial_dag.py
[2026-09-23T18:29:48.200+0000] {processor.py:925} INFO - DAG(s) 'tutorial_dag' retrieved from /home/airflow/.local/lib/python3.12/site-packages/airflow/example_dags/tutorial_dag.py
[2026-09-23T18:29:48.226+0000] {logging_mixin.py:190} INFO - [2026-09-23T18:29:48.226+0000] {dag.py:3239} INFO - Sync 1 DAGs
[2026-09-23T18:29:48.248+0000] {logging_mixin.py:190} INFO - [2026-09-23T18:29:48.248+0000] {dag.py:4180} INFO - Setting next_dagrun for tutorial_dag to None, run_after=None
[2026-09-23T18:29:48.270+0000] {processor.py:208} INFO - Processing /home/airflow/.local/lib/python3.12/site-packages/airflow/example_dags/tutorial_dag.py took 0.098 seconds
[2026-09-23T18:30:18.394+0000] {processor.py:186} INFO - Started process (PID=14808) to work on /home/airflow/.local/lib/python3.12/site-packages/airflow/example_dags/tutorial_dag.py
[2026-09-23T18:30:18.395+0000] {processor.py:914} INFO - Processing file /home/airflow/.local/lib/python3.12/site-packages/airflow/example_dags/tutorial_dag.py for tasks to queue
[2026-09-23T18:30:18.398+0000] {logging_mixin.py:190} INFO - [2026-09-23T18:30:18.397+0000] {dagbag.py:588} INFO - Filling up the DagBag from /home/airflow/.local/lib/python3.12/site-packages/airflow/example_dags/tutorial_dag.py
[2026-09-23T18:30:18.407+0000] {processor.py:925} INFO - DAG(s) 'tutorial_dag' retrieved from /home/airflow/.local/lib/python3.12/site-packages/airflow/example_dags/tutorial_dag.py
[2026-09-23T18:30:18.433+0000] {logging_mixin.py:190} INFO - [2026-09-23T18:30:18.432+0000] {dag.py:3239} INFO - Sync 1 DAGs
[2026-09-23T18:30:18.454+0000] {logging_mixin.py:190} INFO - [2026-09-23T18:30:18.454+0000] {dag.py:4180} INFO - Setting next_dagrun for tutorial_dag to None, run_after=None
[2026-09-23T18:30:18.478+0000] {processor.py:208} INFO - Processing /home/airflow/.local/lib/python3.12/site-packages/airflow/example_dags/tutorial_dag.py took 0.096 seconds
[2026-09-23T18:30:49.257+0000] {processor.py:186} INFO - Started process (PID=14881) to work on /home/airflow/.local/lib/python3.12/site-packages/airflow/example_dags/tutorial_dag.py
[2026-09-23T18:30:49.259+0000] {processor.py:914} INFO - Processing file /home/airflow/.local/lib/python3.12/site-packages/airflow/example_dags/tutorial_dag.py for tasks to queue
[2026-09-23T18:30:49.261+0000] {logging_mixin.py:190} INFO - [2026-09-23T18:30:49.261+0000] {dagbag.py:588} INFO - Filling up the DagBag from /home/airflow/.local/lib/python3.12/site-packages/airflow/example_dags/tutorial_dag.py
[2026-09-23T18:30:49.271+0000] {processor.py:925} INFO - DAG(s) 'tutorial_dag' retrieved from /home/airflow/.local/lib/python3.12/site-packages/airflow/example_dags/tutorial_dag.py
[2026-09-23T18:30:49.296+0000] {logging_mixin.py:190} INFO - [2026-09-23T18:30:49.296+0000] {dag.py:3239} INFO - Sync 1 DAGs
[2026-09-23T18:30:49.319+0000] {logging_mixin.py:190} INFO - [2026-09-23T18:30:49.319+0000] {dag.py:4180} INFO - Setting next_dagrun for tutorial_dag to None, run_after=None
[2026-09-23T18:30:49.343+0000] {processor.py:208} INFO - Processing /home/airflow/.local/lib/python3.12/site-packages/airflow/example_dags/tutorial_dag.py took 0.098 seconds
[2026-09-23T18:31:19.729+0000] {processor.py:186} INFO - Started process (PID=14955) to work on /home/airflow/.local/lib/python3.12/site-packages/airflow/example_dags/tutorial_dag.py
[2026-09-23T18:31:19.730+0000] {processor.py:914} INFO - Processing file /home/airflow/.local/lib/python3.12/site-packages/airflow/example_dags/tutorial_dag.py for tasks to queue
[2026-09-23T18:31:19.733+0000] {logging_mixin.py:190} INFO - [2026-09-23T18:31:19.733+0000] {dagbag.py:588} INFO - Filling up the DagBag from /home/airflow/.local/lib/python3.12/site-packages/airflow/example_dags/tutorial_dag.py
[2026-09-23T18:31:19.745+0000] {processor.py:925} INFO - DAG(s) 'tutorial_dag' retrieved from /home/airflow/.local/lib/python3.12/site-packages/airflow/example_dags/tutorial_dag.py
[2026-09-23T18:31:19.774+0000] {logging_mixin.py:190} INFO - [2026-09-23T18:31:19.774+0000] {dag.py:3239} INFO - Sync 1 DAGs
[2026-09-23T18:31:19.797+0000] {logging_mixin.py:190} INFO - [2026-09-23T18:31:19.797+0000] {dag.py:4180} INFO - Setting next_dagrun for tutorial_dag to None, run_after=None
[2026-09-23T18:31:19.825+0000] {processor.py:208} INFO - Processing /home/airflow/.local/lib/python3.12/site-packages/airflow/example_dags/tutorial_dag.py took 0.106 seconds
[2026-09-23T18:31:50.338+0000] {processor.py:186} INFO - Started process (PID=15029) to work on /home/airflow/.local/lib/python3.12/site-packages/airflow/example_dags/tutorial_dag.py
[2026-09-23T18:31:50.340+0000] {processor.py:914} INFO - Processing file /home/airflow/.local/lib/python3.12/site-packages/airflow/example_dags/tutorial_dag.py for tasks to queue
[2026-09-23T18:31:50.344+0000] {logging_mixin.py:190} INFO - [2026-09-23T18:31:50.343+0000] {dagbag.py:588} INFO - Filling up the DagBag from /home/airflow/.local/lib/python3.12/site-packages/airflow/example_dags/tutorial_dag.py
[2026-09-23T18:31:50.354+0000] {processor.py:925} INFO - DAG(s) 'tutorial_dag' retrieved from /home/airflow/.local/lib/python3.12/site-packages/airflow/example_dags/tutorial_dag.py
[2026-09-23T18:31:50.378+0000] {logging_mixin.py:190} INFO - [2026-09-23T18:31:50.378+0000] {dag.py:3239} INFO - Sync 1 DAGs
[2026-09-23T18:31:50.400+0000] {logging_mixin.py:190} INFO - [2026-09-23T18:31:50.399+0000] {dag.py:4180} INFO - Setting next_dagrun for tutorial_dag to None, run_after=None
[2026-09-23T18:31:50.423+0000] {processor.py:208} INFO - Processing /home/airflow/.local/lib/python3.12/site-packages/airflow/example_dags/tutorial_dag.py took 0.095 seconds
[2026-09-23T18:32:20.590+0000] {processor.py:186} INFO - Started process (PID=15103) to work on /home/airflow/.local/lib/python3.12/site-packages/airflow/example_dags/tutorial_dag.py
[2026-09-23T18:32:20.591+0000] {processor.py:914} INFO - Processing file /home/airflow/.local/lib/python3.12/site-packages/airflow/example_dags/tutorial_dag.py for tasks to queue
[2026-09-23T18:32:20.594+0000] {logging_mixin.py:190} INFO - [2026-09-23T18:32:20.593+0000] {dagbag.py:588} INFO - Filling up the DagBag from /home/airflow/.local/lib/python3.12/site-packages/airflow/example_dags/tutorial_dag.py
[2026-09-23T18:32:20.603+0000] {processor.py:925} INFO - DAG(s) 'tutorial_dag' retrieved from /home/airflow/.local/lib/python3.12/site-packages/airflow/example_dags/tutorial_dag.py
[2026-09-23T18:32:20.629+0000] {logging_mixin.py:190} INFO - [2026-09-23T18:32:20.629+0000] {dag.py:3239} INFO - Sync 1 DAGs
[2026-09-23T18:32:20.656+0000] {logging_mixin.py:190} INFO - [2026-09-23T18:32:20.655+0000] {dag.py:4180} INFO - Setting next_dagrun for tutorial_dag to None, run_after=None
[2026-09-23T18:32:20.690+0000] {processor.py:208} INFO - Processing /home/airflow/.local/lib/python3.12/site-packages/airflow/example_dags/tutorial_dag.py took 0.110 seconds
[2026-09-23T18:32:50.748+0000] {processor.py:186} INFO - Started process (PID=15177) to work on /home/airflow/.local/lib/python3.12/site-packages/airflow/example_dags/tutorial_dag.py
[2026-09-23T18:32:50.750+0000] {processor.py:914} INFO - Processing file /home/airflow/.local/lib/python3.12/site-packages/airflow/example_dags/tutorial_dag.py for tasks to queue
[2026-09-23T18:32:50.752+0000] {logging_mixin.py:190} INFO - [2026-09-23T18:32:50.752+0000] {dagbag.py:588} INFO - Filling up the DagBag from /home/airflow/.local/lib/python3.12/site-packages/airflow/example_dags/tutorial_dag.py
[2026-09-23T18:32:50.761+0000] {processor.py:925} INFO - DAG(s) 'tutorial_dag' retrieved from /home/airflow/.local/lib/python3.12/site-packages/airflow/example_dags/tutorial_dag.py
[2026-09-23T18:32:50.783+0000] {logging_mixin.py:190} INFO - [2026-09-23T18:32:50.783+0000] {dag.py:3239} INFO - Sync 1 DAGs
[2026-09-23T18:32:50.803+0000] {logging_mixin.py:190} INFO - [2026-09-23T18:32:50.802+0000] {dag.py:4180} INFO - Setting next_dagrun for tutorial_dag to None, run_after=None
[2026-09-23T18:32:50.823+0000] {processor.py:208} INFO - Processing /home/airflow/.local/lib/python3.12/site-packages/airflow/example_dags/tutorial_dag.py took 0.083 seconds
[2026-09-23T18:33:21.576+0000] {processor.py:186} INFO - Started process (PID=15251) to work on /home/airflow/.local/lib/python3.12/site-packages/airflow/example_dags/tutorial_dag.py
[2026-09-23T18:33:21.578+0000] {processor.py:914} INFO - Processing file /home/airflow/.local/lib/python3.12/site-packages/airflow/example_dags/tutorial_dag.py for tasks to queue
[2026-09-23T18:33:21.581+0000] {logging_mixin.py:190} INFO - [2026-09-23T18:33:21.580+0000] {dagbag.py:588} INFO - Filling up the DagBag from /home/airflow/.local/lib/python3.12/site-packages/airflow/example_dags/tutorial_dag.py
[2026-09-23T18:33:21.596+0000] {processor.py:925} INFO - DAG(s) 'tutorial_dag' retrieved from /home/airflow/.local/lib/python3.12/site-packages/airflow/example_dags/tutorial_dag.py
[2026-09-23T18:33:21.623+0000] {logging_mixin.py:190} INFO - [2026-09-23T18:33:21.623+0000] {dag.py:3239} INFO - Sync 1 DAGs
[2026-09-23T18:33:21.649+0000] {logging_mixin.py:190} INFO - [2026-09-23T18:33:21.649+0000] {dag.py:4180} INFO - Setting next_dagrun for tutorial_dag to None, run_after=None
[2026-09-23T18:33:21.686+0000] {processor.py:208} INFO - Processing /home/airflow/.local/lib/python3.12/site-packages/airflow/example_dags/tutorial_dag.py took 0.118 seconds
[2026-09-23T18:33:52.300+0000] {processor.py:186} INFO - Started process (PID=15325) to work on /home/airflow/.local/lib/python3.12/site-packages/airflow/example_dags/tutorial_dag.py
[2026-09-23T18:33:52.302+0000] {processor.py:914} INFO - Processing file /home/airflow/.local/lib/python3.12/site-packages/airflow/example_dags/tutorial_dag.py for tasks to queue
[2026-09-23T18:33:52.305+0000] {logging_mixin.py:190} INFO - [2026-09-23T18:33:52.304+0000] {dagbag.py:588} INFO - Filling up the DagBag from /home/airflow/.local/lib/python3.12/site-packages/airflow/example_dags/tutorial_dag.py
[2026-09-23T18:33:52.315+0000] {processor.py:925} INFO - DAG(s) 'tutorial_dag' retrieved from /home/airflow/.local/lib/python3.12/site-packages/airflow/example_dags/tutorial_dag.py
[2026-09-23T18:33:52.349+0000] {logging_mixin.py:190} INFO - [2026-09-23T18:33:52.349+0000] {dag.py:3239} INFO - Sync 1 DAGs
[2026-09-23T18:33:52.380+0000] {logging_mixin.py:190} INFO - [2026-09-23T18:33:52.379+0000] {dag.py:4180} INFO - Setting next_dagrun for tutorial_dag to None, run_after=None
[2026-09-23T18:33:52.404+0000] {processor.py:208} INFO - Processing /home/airflow/.local/lib/python3.12/site-packages/airflow/example_dags/tutorial_dag.py took 0.113 seconds
[2026-09-23T18:34:22.687+0000] {processor.py:186} INFO - Started process (PID=15398) to work on /home/airflow/.local/lib/python3.12/site-packages/airflow/example_dags/tutorial_dag.py
[2026-09-23T18:34:22.689+0000] {processor.py:914} INFO - Processing file /home/airflow/.local/lib/python3.12/site-packages/airflow/example_dags/tutorial_dag.py for tasks to queue
[2026-09-23T18:34:22.692+0000] {logging_mixin.py:190} INFO - [2026-09-23T18:34:22.692+0000] {dagbag.py:588} INFO - Filling up the DagBag from /home/airflow/.local/lib/python3.12/site-packages/airflow/example_dags/tutorial_dag.py
[2026-09-23T18:34:22.704+0000] {processor.py:925} INFO - DAG(s) 'tutorial_dag' retrieved from /home/airflow/.local/lib/python3.12/site-packages/airflow/example_dags/tutorial_dag.py
[2026-09-23T18:34:22.733+0000] {logging_mixin.py:190} INFO - [2026-09-23T18:34:22.732+0000] {dag.py:3239} INFO - Sync 1 DAGs
[2026-09-23T18:34:22.754+0000] {logging_mixin.py:190} INFO - [2026-09-23T18:34:22.754+0000] {dag.py:4180} INFO - Setting next_dagrun for tutorial_dag to None, run_after=None
[2026-09-23T18:34:22.777+0000] {processor.py:208} INFO - Processing /home/airflow/.local/lib/python3.12/site-packages/airflow/example_dags/tutorial_dag.py took 0.098 seconds
[2026-09-23T18:34:53.310+0000] {processor.py:186} INFO - Started process (PID=15472) to work on /home/airflow/.local/lib/python3.12/site-packages/airflow/example_dags/tutorial_dag.py
[2026-09-23T18:34:53.312+0000] {processor.py:914} INFO - Processing file /home/airflow/.local/lib/python3.12/site-packages/airflow/example_dags/tutorial_dag.py for tasks to queue
[2026-09-23T18:34:53.316+0000] {logging_mixin.py:190} INFO - [2026-09-23T18:34:53.316+0000] {dagbag.py:588} INFO - Filling up the DagBag from /home/airflow/.local/lib/python3.12/site-packages/airflow/example_dags/tutorial_dag.py
[2026-09-23T18:34:53.328+0000] {processor.py:925} INFO - DAG(s) 'tutorial_dag' retrieved from /home/airflow/.local/lib/python3.12/site-packages/airflow/example_dags/tutorial_dag.py
[2026-09-23T18:34:53.354+0000] {logging_mixin.py:190} INFO - [2026-09-23T18:34:53.353+0000] {dag.py:3239} INFO - Sync 1 DAGs
[2026-09-23T18:34:53.376+0000] {logging_mixin.py:190} INFO - [2026-09-23T18:34:53.376+0000] {dag.py:4180} INFO - Setting next_dagrun for tutorial_dag to None, run_after=None
[2026-09-23T18:34:53.402+0000] {processor.py:208} INFO - Processing /home/airflow/.local/lib/python3.12/site-packages/airflow/example_dags/tutorial_dag.py took 0.100 seconds
[2026-09-23T18:35:23.520+0000] {processor.py:186} INFO - Started process (PID=15546) to work on /home/airflow/.local/lib/python3.12/site-packages/airflow/example_dags/tutorial_dag.py
[2026-09-23T18:35:23.521+0000] {processor.py:914} INFO - Processing file /home/airflow/.local/lib/python3.12/site-packages/airflow/example_dags/tutorial_dag.py for tasks to queue
[2026-09-23T18:35:23.524+0000] {logging_mixin.py:190} INFO - [2026-09-23T18:35:23.523+0000] {dagbag.py:588} INFO - Filling up the DagBag from /home/airflow/.local/lib/python3.12/site-packages/airflow/example_dags/tutorial_dag.py
[2026-09-23T18:35:23.533+0000] {processor.py:925} INFO - DAG(s) 'tutorial_dag' retrieved from /home/airflow/.local/lib/python3.12/site-packages/airflow/example_dags/tutorial_dag.py
[2026-09-23T18:35:23.559+0000] {logging_mixin.py:190} INFO - [2026-09-23T18:35:23.558+0000] {dag.py:3239} INFO - Sync 1 DAGs
[2026-09-23T18:35:23.582+0000] {logging_mixin.py:190} INFO - [2026-09-23T18:35:23.582+0000] {dag.py:4180} INFO - Setting next_dagrun for tutorial_dag to None, run_after=None
[2026-09-23T18:35:23.607+0000] {processor.py:208} INFO - Processing /home/airflow/.local/lib/python3.12/site-packages/airflow/example_dags/tutorial_dag.py took 0.096 seconds
[2026-09-23T18:35:53.938+0000] {processor.py:186} INFO - Started process (PID=15620) to work on /home/airflow/.local/lib/python3.12/site-packages/airflow/example_dags/tutorial_dag.py
[2026-09-23T18:35:53.939+0000] {processor.py:914} INFO - Processing file /home/airflow/.local/lib/python3.12/site-packages/airflow/example_dags/tutorial_dag.py for tasks to queue
[2026-09-23T18:35:53.942+0000] {logging_mixin.py:190} INFO - [2026-09-23T18:35:53.942+0000] {dagbag.py:588} INFO - Filling up the DagBag from /home/airflow/.local/lib/python3.12/site-packages/airflow/example_dags/tutorial_dag.py
[2026-09-23T18:35:53.953+0000] {processor.py:925} INFO - DAG(s) 'tutorial_dag' retrieved from /home/airflow/.local/lib/python3.12/site-packages/airflow/example_dags/tutorial_dag.py
[2026-09-23T18:35:53.982+0000] {logging_mixin.py:190} INFO - [2026-09-23T18:35:53.981+0000] {dag.py:3239} INFO - Sync 1 DAGs
[2026-09-23T18:35:54.005+0000] {logging_mixin.py:190} INFO - [2026-09-23T18:35:54.005+0000] {dag.py:4180} INFO - Setting next_dagrun for tutorial_dag to None, run_after=None
[2026-09-23T18:35:54.032+0000] {processor.py:208} INFO - Processing /home/airflow/.local/lib/python3.12/site-packages/airflow/example_dags/tutorial_dag.py took 0.104 seconds
[2026-09-23T18:36:24.107+0000] {processor.py:186} INFO - Started process (PID=15695) to work on /home/airflow/.local/lib/python3.12/site-packages/airflow/example_dags/tutorial_dag.py
[2026-09-23T18:36:24.108+0000] {processor.py:914} INFO - Processing file /home/airflow/.local/lib/python3.12/site-packages/airflow/example_dags/tutorial_dag.py for tasks to queue
[2026-09-23T18:36:24.110+0000] {logging_mixin.py:190} INFO - [2026-09-23T18:36:24.110+0000] {dagbag.py:588} INFO - Filling up the DagBag from /home/airflow/.local/lib/python3.12/site-packages/airflow/example_dags/tutorial_dag.py
[2026-09-23T18:36:24.121+0000] {processor.py:925} INFO - DAG(s) 'tutorial_dag' retrieved from /home/airflow/.local/lib/python3.12/site-packages/airflow/example_dags/tutorial_dag.py
[2026-09-23T18:36:24.145+0000] {logging_mixin.py:190} INFO - [2026-09-23T18:36:24.144+0000] {dag.py:3239} INFO - Sync 1 DAGs
[2026-09-23T18:36:24.166+0000] {logging_mixin.py:190} INFO - [2026-09-23T18:36:24.165+0000] {dag.py:4180} INFO - Setting next_dagrun for tutorial_dag to None, run_after=None
[2026-09-23T18:36:24.187+0000] {processor.py:208} INFO - Processing /home/airflow/.local/lib/python3.12/site-packages/airflow/example_dags/tutorial_dag.py took 0.090 seconds
[2026-09-23T18:36:54.307+0000] {processor.py:186} INFO - Started process (PID=15769) to work on /home/airflow/.local/lib/python3.12/site-packages/airflow/example_dags/tutorial_dag.py
[2026-09-23T18:36:54.309+0000] {processor.py:914} INFO - Processing file /home/airflow/.local/lib/python3.12/site-packages/airflow/example_dags/tutorial_dag.py for tasks to queue
[2026-09-23T18:36:54.312+0000] {logging_mixin.py:190} INFO - [2026-09-23T18:36:54.312+0000] {dagbag.py:588} INFO - Filling up the DagBag from /home/airflow/.local/lib/python3.12/site-packages/airflow/example_dags/tutorial_dag.py
[2026-09-23T18:36:54.325+0000] {processor.py:925} INFO - DAG(s) 'tutorial_dag' retrieved from /home/airflow/.local/lib/python3.12/site-packages/airflow/example_dags/tutorial_dag.py
[2026-09-23T18:36:54.350+0000] {logging_mixin.py:190} INFO - [2026-09-23T18:36:54.349+0000] {dag.py:3239} INFO - Sync 1 DAGs
[2026-09-23T18:36:54.373+0000] {logging_mixin.py:190} INFO - [2026-09-23T18:36:54.373+0000] {dag.py:4180} INFO - Setting next_dagrun for tutorial_dag to None, run_after=None
[2026-09-23T18:36:54.398+0000] {processor.py:208} INFO - Processing /home/airflow/.local/lib/python3.12/site-packages/airflow/example_dags/tutorial_dag.py took 0.102 seconds
[2026-09-23T18:37:24.763+0000] {processor.py:186} INFO - Started process (PID=15843) to work on /home/airflow/.local/lib/python3.12/site-packages/airflow/example_dags/tutorial_dag.py
[2026-09-23T18:37:24.764+0000] {processor.py:914} INFO - Processing file /home/airflow/.local/lib/python3.12/site-packages/airflow/example_dags/tutorial_dag.py for tasks to queue
[2026-09-23T18:37:24.767+0000] {logging_mixin.py:190} INFO - [2026-09-23T18:37:24.767+0000] {dagbag.py:588} INFO - Filling up the DagBag from /home/airflow/.local/lib/python3.12/site-packages/airflow/example_dags/tutorial_dag.py
[2026-09-23T18:37:24.779+0000] {processor.py:925} INFO - DAG(s) 'tutorial_dag' retrieved from /home/airflow/.local/lib/python3.12/site-packages/airflow/example_dags/tutorial_dag.py
[2026-09-23T18:37:24.809+0000] {logging_mixin.py:190} INFO - [2026-09-23T18:37:24.809+0000] {dag.py:3239} INFO - Sync 1 DAGs
[2026-09-23T18:37:24.837+0000] {logging_mixin.py:190} INFO - [2026-09-23T18:37:24.836+0000] {dag.py:4180} INFO - Setting next_dagrun for tutorial_dag to None, run_after=None
[2026-09-23T18:37:24.865+0000] {processor.py:208} INFO - Processing /home/airflow/.local/lib/python3.12/site-packages/airflow/example_dags/tutorial_dag.py took 0.111 seconds
[2026-09-23T18:37:55.254+0000] {processor.py:186} INFO - Started process (PID=15917) to work on /home/airflow/.local/lib/python3.12/site-packages/airflow/example_dags/tutorial_dag.py
[2026-09-23T18:37:55.256+0000] {processor.py:914} INFO - Processing file /home/airflow/.local/lib/python3.12/site-packages/airflow/example_dags/tutorial_dag.py for tasks to queue
[2026-09-23T18:37:55.266+0000] {logging_mixin.py:190} INFO - [2026-09-23T18:37:55.265+0000] {dagbag.py:588} INFO - Filling up the DagBag from /home/airflow/.local/lib/python3.12/site-packages/airflow/example_dags/tutorial_dag.py
[2026-09-23T18:37:55.283+0000] {processor.py:925} INFO - DAG(s) 'tutorial_dag' retrieved from /home/airflow/.local/lib/python3.12/site-packages/airflow/example_dags/tutorial_dag.py
[2026-09-23T18:37:55.317+0000] {logging_mixin.py:190} INFO - [2026-09-23T18:37:55.317+0000] {dag.py:3239} INFO - Sync 1 DAGs
[2026-09-23T18:37:55.350+0000] {logging_mixin.py:190} INFO - [2026-09-23T18:37:55.350+0000] {dag.py:4180} INFO - Setting next_dagrun for tutorial_dag to None, run_after=None
[2026-09-23T18:37:55.378+0000] {processor.py:208} INFO - Processing /home/airflow/.local/lib/python3.12/site-packages/airflow/example_dags/tutorial_dag.py took 0.136 seconds
[2026-09-23T18:38:25.623+0000] {processor.py:186} INFO - Started process (PID=15990) to work on /home/airflow/.local/lib/python3.12/site-packages/airflow/example_dags/tutorial_dag.py
[2026-09-23T18:38:25.624+0000] {processor.py:914} INFO - Processing file /home/airflow/.local/lib/python3.12/site-packages/airflow/example_dags/tutorial_dag.py for tasks to queue
[2026-09-23T18:38:25.627+0000] {logging_mixin.py:190} INFO - [2026-09-23T18:38:25.627+0000] {dagbag.py:588} INFO - Filling up the DagBag from /home/airflow/.local/lib/python3.12/site-packages/airflow/example_dags/tutorial_dag.py
[2026-09-23T18:38:25.639+0000] {processor.py:925} INFO - DAG(s) 'tutorial_dag' retrieved from /home/airflow/.local/lib/python3.12/site-packages/airflow/example_dags/tutorial_dag.py
[2026-09-23T18:38:25.685+0000] {logging_mixin.py:190} INFO - [2026-09-23T18:38:25.685+0000] {dag.py:3239} INFO - Sync 1 DAGs
[2026-09-23T18:38:25.708+0000] {logging_mixin.py:190} INFO - [2026-09-23T18:38:25.708+0000] {dag.py:4180} INFO - Setting next_dagrun for tutorial_dag to None, run_after=None
[2026-09-23T18:38:25.732+0000] {processor.py:208} INFO - Processing /home/airflow/.local/lib/python3.12/site-packages/airflow/example_dags/tutorial_dag.py took 0.118 seconds
[2026-09-23T18:38:56.787+0000] {processor.py:186} INFO - Started process (PID=16065) to work on /home/airflow/.local/lib/python3.12/site-packages/airflow/example_dags/tutorial_dag.py
[2026-09-23T18:38:56.788+0000] {processor.py:914} INFO - Processing file /home/airflow/.local/lib/python3.12/site-packages/airflow/example_dags/tutorial_dag.py for tasks to queue
[2026-09-23T18:38:56.791+0000] {logging_mixin.py:190} INFO - [2026-09-23T18:38:56.790+0000] {dagbag.py:588} INFO - Filling up the DagBag from /home/airflow/.local/lib/python3.12/site-packages/airflow/example_dags/tutorial_dag.py
[2026-09-23T18:38:56.800+0000] {processor.py:925} INFO - DAG(s) 'tutorial_dag' retrieved from /home/airflow/.local/lib/python3.12/site-packages/airflow/example_dags/tutorial_dag.py
[2026-09-23T18:38:56.822+0000] {logging_mixin.py:190} INFO - [2026-09-23T18:38:56.822+0000] {dag.py:3239} INFO - Sync 1 DAGs
[2026-09-23T18:38:56.841+0000] {logging_mixin.py:190} INFO - [2026-09-23T18:38:56.841+0000] {dag.py:4180} INFO - Setting next_dagrun for tutorial_dag to None, run_after=None
[2026-09-23T18:38:56.861+0000] {processor.py:208} INFO - Processing /home/airflow/.local/lib/python3.12/site-packages/airflow/example_dags/tutorial_dag.py took 0.083 seconds
[2026-09-23T18:39:27.988+0000] {processor.py:186} INFO - Started process (PID=16139) to work on /home/airflow/.local/lib/python3.12/site-packages/airflow/example_dags/tutorial_dag.py
[2026-09-23T18:39:27.989+0000] {processor.py:914} INFO - Processing file /home/airflow/.local/lib/python3.12/site-packages/airflow/example_dags/tutorial_dag.py for tasks to queue
[2026-09-23T18:39:27.992+0000] {logging_mixin.py:190} INFO - [2026-09-23T18:39:27.991+0000] {dagbag.py:588} INFO - Filling up the DagBag from /home/airflow/.local/lib/python3.12/site-packages/airflow/example_dags/tutorial_dag.py
[2026-09-23T18:39:28.003+0000] {processor.py:925} INFO - DAG(s) 'tutorial_dag' retrieved from /home/airflow/.local/lib/python3.12/site-packages/airflow/example_dags/tutorial_dag.py
[2026-09-23T18:39:28.028+0000] {logging_mixin.py:190} INFO - [2026-09-23T18:39:28.028+0000] {dag.py:3239} INFO - Sync 1 DAGs
[2026-09-23T18:39:28.052+0000] {logging_mixin.py:190} INFO - [2026-09-23T18:39:28.051+0000] {dag.py:4180} INFO - Setting next_dagrun for tutorial_dag to None, run_after=None
[2026-09-23T18:39:28.081+0000] {processor.py:208} INFO - Processing /home/airflow/.local/lib/python3.12/site-packages/airflow/example_dags/tutorial_dag.py took 0.103 seconds
[2026-09-23T18:39:59.225+0000] {processor.py:186} INFO - Started process (PID=16213) to work on /home/airflow/.local/lib/python3.12/site-packages/airflow/example_dags/tutorial_dag.py
[2026-09-23T18:39:59.227+0000] {processor.py:914} INFO - Processing file /home/airflow/.local/lib/python3.12/site-packages/airflow/example_dags/tutorial_dag.py for tasks to queue
[2026-09-23T18:39:59.230+0000] {logging_mixin.py:190} INFO - [2026-09-23T18:39:59.229+0000] {dagbag.py:588} INFO - Filling up the DagBag from /home/airflow/.local/lib/python3.12/site-packages/airflow/example_dags/tutorial_dag.py
[2026-09-23T18:39:59.243+0000] {processor.py:925} INFO - DAG(s) 'tutorial_dag' retrieved from /home/airflow/.local/lib/python3.12/site-packages/airflow/example_dags/tutorial_dag.py
[2026-09-23T18:39:59.275+0000] {logging_mixin.py:190} INFO - [2026-09-23T18:39:59.275+0000] {dag.py:3239} INFO - Sync 1 DAGs
[2026-09-23T18:39:59.302+0000] {logging_mixin.py:190} INFO - [2026-09-23T18:39:59.301+0000] {dag.py:4180} INFO - Setting next_dagrun for tutorial_dag to None, run_after=None
[2026-09-23T18:39:59.328+0000] {processor.py:208} INFO - Processing /home/airflow/.local/lib/python3.12/site-packages/airflow/example_dags/tutorial_dag.py took 0.113 seconds
[2026-09-23T18:40:29.583+0000] {processor.py:186} INFO - Started process (PID=16285) to work on /home/airflow/.local/lib/python3.12/site-packages/airflow/example_dags/tutorial_dag.py
[2026-09-23T18:40:29.584+0000] {processor.py:914} INFO - Processing file /home/airflow/.local/lib/python3.12/site-packages/airflow/example_dags/tutorial_dag.py for tasks to queue
[2026-09-23T18:40:29.587+0000] {logging_mixin.py:190} INFO - [2026-09-23T18:40:29.587+0000] {dagbag.py:588} INFO - Filling up the DagBag from /home/airflow/.local/lib/python3.12/site-packages/airflow/example_dags/tutorial_dag.py
[2026-09-23T18:40:29.598+0000] {processor.py:925} INFO - DAG(s) 'tutorial_dag' retrieved from /home/airflow/.local/lib/python3.12/site-packages/airflow/example_dags/tutorial_dag.py
[2026-09-23T18:40:29.625+0000] {logging_mixin.py:190} INFO - [2026-09-23T18:40:29.625+0000] {dag.py:3239} INFO - Sync 1 DAGs
[2026-09-23T18:40:29.654+0000] {logging_mixin.py:190} INFO - [2026-09-23T18:40:29.653+0000] {dag.py:4180} INFO - Setting next_dagrun for tutorial_dag to None, run_after=None
[2026-09-23T18:40:29.687+0000] {processor.py:208} INFO - Processing /home/airflow/.local/lib/python3.12/site-packages/airflow/example_dags/tutorial_dag.py took 0.117 seconds
[2026-09-23T18:40:59.956+0000] {processor.py:186} INFO - Started process (PID=16359) to work on /home/airflow/.local/lib/python3.12/site-packages/airflow/example_dags/tutorial_dag.py
[2026-09-23T18:40:59.958+0000] {processor.py:914} INFO - Processing file /home/airflow/.local/lib/python3.12/site-packages/airflow/example_dags/tutorial_dag.py for tasks to queue
[2026-09-23T18:40:59.961+0000] {logging_mixin.py:190} INFO - [2026-09-23T18:40:59.960+0000] {dagbag.py:588} INFO - Filling up the DagBag from /home/airflow/.local/lib/python3.12/site-packages/airflow/example_dags/tutorial_dag.py
[2026-09-23T18:40:59.972+0000] {processor.py:925} INFO - DAG(s) 'tutorial_dag' retrieved from /home/airflow/.local/lib/python3.12/site-packages/airflow/example_dags/tutorial_dag.py
[2026-09-23T18:41:00.005+0000] {logging_mixin.py:190} INFO - [2026-09-23T18:41:00.005+0000] {dag.py:3239} INFO - Sync 1 DAGs
[2026-09-23T18:41:00.030+0000] {logging_mixin.py:190} INFO - [2026-09-23T18:41:00.029+0000] {dag.py:4180} INFO - Setting next_dagrun for tutorial_dag to None, run_after=None
[2026-09-23T18:41:00.056+0000] {processor.py:208} INFO - Processing /home/airflow/.local/lib/python3.12/site-packages/airflow/example_dags/tutorial_dag.py took 0.109 seconds
[2026-09-23T18:41:30.145+0000] {processor.py:186} INFO - Started process (PID=16433) to work on /home/airflow/.local/lib/python3.12/site-packages/airflow/example_dags/tutorial_dag.py
[2026-09-23T18:41:30.146+0000] {processor.py:914} INFO - Processing file /home/airflow/.local/lib/python3.12/site-packages/airflow/example_dags/tutorial_dag.py for tasks to queue
[2026-09-23T18:41:30.148+0000] {logging_mixin.py:190} INFO - [2026-09-23T18:41:30.148+0000] {dagbag.py:588} INFO - Filling up the DagBag from /home/airflow/.local/lib/python3.12/site-packages/airflow/example_dags/tutorial_dag.py
[2026-09-23T18:41:30.157+0000] {processor.py:925} INFO - DAG(s) 'tutorial_dag' retrieved from /home/airflow/.local/lib/python3.12/site-packages/airflow/example_dags/tutorial_dag.py
[2026-09-23T18:41:30.179+0000] {logging_mixin.py:190} INFO - [2026-09-23T18:41:30.179+0000] {dag.py:3239} INFO - Sync 1 DAGs
[2026-09-23T18:41:30.198+0000] {logging_mixin.py:190} INFO - [2026-09-23T18:41:30.198+0000] {dag.py:4180} INFO - Setting next_dagrun for tutorial_dag to None, run_after=None
[2026-09-23T18:41:30.220+0000] {processor.py:208} INFO - Processing /home/airflow/.local/lib/python3.12/site-packages/airflow/example_dags/tutorial_dag.py took 0.083 seconds
[2026-09-23T18:42:00.623+0000] {processor.py:186} INFO - Started process (PID=16507) to work on /home/airflow/.local/lib/python3.12/site-packages/airflow/example_dags/tutorial_dag.py
[2026-09-23T18:42:00.625+0000] {processor.py:914} INFO - Processing file /home/airflow/.local/lib/python3.12/site-packages/airflow/example_dags/tutorial_dag.py for tasks to queue
[2026-09-23T18:42:00.628+0000] {logging_mixin.py:190} INFO - [2026-09-23T18:42:00.627+0000] {dagbag.py:588} INFO - Filling up the DagBag from /home/airflow/.local/lib/python3.12/site-packages/airflow/example_dags/tutorial_dag.py
[2026-09-23T18:42:00.637+0000] {processor.py:925} INFO - DAG(s) 'tutorial_dag' retrieved from /home/airflow/.local/lib/python3.12/site-packages/airflow/example_dags/tutorial_dag.py
[2026-09-23T18:42:00.671+0000] {logging_mixin.py:190} INFO - [2026-09-23T18:42:00.670+0000] {dag.py:3239} INFO - Sync 1 DAGs
[2026-09-23T18:42:00.693+0000] {logging_mixin.py:190} INFO - [2026-09-23T18:42:00.693+0000] {dag.py:4180} INFO - Setting next_dagrun for tutorial_dag to None, run_after=None
[2026-09-23T18:42:00.716+0000] {processor.py:208} INFO - Processing /home/airflow/.local/lib/python3.12/site-packages/airflow/example_dags/tutorial_dag.py took 0.103 seconds
[2026-09-23T18:42:30.921+0000] {processor.py:186} INFO - Started process (PID=16580) to work on /home/airflow/.local/lib/python3.12/site-packages/airflow/example_dags/tutorial_dag.py
[2026-09-23T18:42:30.922+0000] {processor.py:914} INFO - Processing file /home/airflow/.local/lib/python3.12/site-packages/airflow/example_dags/tutorial_dag.py for tasks to queue
[2026-09-23T18:42:30.925+0000] {logging_mixin.py:190} INFO - [2026-09-23T18:42:30.925+0000] {dagbag.py:588} INFO - Filling up the DagBag from /home/airflow/.local/lib/python3.12/site-packages/airflow/example_dags/tutorial_dag.py
[2026-09-23T18:42:30.935+0000] {processor.py:925} INFO - DAG(s) 'tutorial_dag' retrieved from /home/airflow/.local/lib/python3.12/site-packages/airflow/example_dags/tutorial_dag.py
[2026-09-23T18:42:30.960+0000] {logging_mixin.py:190} INFO - [2026-09-23T18:42:30.960+0000] {dag.py:3239} INFO - Sync 1 DAGs
[2026-09-23T18:42:30.983+0000] {logging_mixin.py:190} INFO - [2026-09-23T18:42:30.982+0000] {dag.py:4180} INFO - Setting next_dagrun for tutorial_dag to None, run_after=None
[2026-09-23T18:42:31.006+0000] {processor.py:208} INFO - Processing /home/airflow/.local/lib/python3.12/site-packages/airflow/example_dags/tutorial_dag.py took 0.095 seconds
[2026-09-23T18:43:01.969+0000] {processor.py:186} INFO - Started process (PID=16655) to work on /home/airflow/.local/lib/python3.12/site-packages/airflow/example_dags/tutorial_dag.py
[2026-09-23T18:43:01.970+0000] {processor.py:914} INFO - Processing file /home/airflow/.local/lib/python3.12/site-packages/airflow/example_dags/tutorial_dag.py for tasks to queue
[2026-09-23T18:43:01.973+0000] {logging_mixin.py:190} INFO - [2026-09-23T18:43:01.973+0000] {dagbag.py:588} INFO - Filling up the DagBag from /home/airflow/.local/lib/python3.12/site-packages/airflow/example_dags/tutorial_dag.py
[2026-09-23T18:43:01.983+0000] {processor.py:925} INFO - DAG(s) 'tutorial_dag' retrieved from /home/airflow/.local/lib/python3.12/site-packages/airflow/example_dags/tutorial_dag.py
[2026-09-23T18:43:02.011+0000] {logging_mixin.py:190} INFO - [2026-09-23T18:43:02.011+0000] {dag.py:3239} INFO - Sync 1 DAGs
[2026-09-23T18:43:02.035+0000] {logging_mixin.py:190} INFO - [2026-09-23T18:43:02.035+0000] {dag.py:4180} INFO - Setting next_dagrun for tutorial_dag to None, run_after=None
[2026-09-23T18:43:02.059+0000] {processor.py:208} INFO - Processing /home/airflow/.local/lib/python3.12/site-packages/airflow/example_dags/tutorial_dag.py took 0.100 seconds
[2026-09-23T18:43:32.125+0000] {processor.py:186} INFO - Started process (PID=16726) to work on /home/airflow/.local/lib/python3.12/site-packages/airflow/example_dags/tutorial_dag.py
[2026-09-23T18:43:32.126+0000] {processor.py:914} INFO - Processing file /home/airflow/.local/lib/python3.12/site-packages/airflow/example_dags/tutorial_dag.py for tasks to queue
[2026-09-23T18:43:32.129+0000] {logging_mixin.py:190} INFO - [2026-09-23T18:43:32.128+0000] {dagbag.py:588} INFO - Filling up the DagBag from /home/airflow/.local/lib/python3.12/site-packages/airflow/example_dags/tutorial_dag.py
[2026-09-23T18:43:32.142+0000] {processor.py:925} INFO - DAG(s) 'tutorial_dag' retrieved from /home/airflow/.local/lib/python3.12/site-packages/airflow/example_dags/tutorial_dag.py
[2026-09-23T18:43:32.167+0000] {logging_mixin.py:190} INFO - [2026-09-23T18:43:32.167+0000] {dag.py:3239} INFO - Sync 1 DAGs
[2026-09-23T18:43:32.195+0000] {logging_mixin.py:190} INFO - [2026-09-23T18:43:32.194+0000] {dag.py:4180} INFO - Setting next_dagrun for tutorial_dag to None, run_after=None
[2026-09-23T18:43:32.222+0000] {processor.py:208} INFO - Processing /home/airflow/.local/lib/python3.12/site-packages/airflow/example_dags/tutorial_dag.py took 0.107 seconds
[2026-09-23T18:44:02.298+0000] {processor.py:186} INFO - Started process (PID=16800) to work on /home/airflow/.local/lib/python3.12/site-packages/airflow/example_dags/tutorial_dag.py
[2026-09-23T18:44:02.300+0000] {processor.py:914} INFO - Processing file /home/airflow/.local/lib/python3.12/site-packages/airflow/example_dags/tutorial_dag.py for tasks to queue
[2026-09-23T18:44:02.303+0000] {logging_mixin.py:190} INFO - [2026-09-23T18:44:02.302+0000] {dagbag.py:588} INFO - Filling up the DagBag from /home/airflow/.local/lib/python3.12/site-packages/airflow/example_dags/tutorial_dag.py
[2026-09-23T18:44:02.312+0000] {processor.py:925} INFO - DAG(s) 'tutorial_dag' retrieved from /home/airflow/.local/lib/python3.12/site-packages/airflow/example_dags/tutorial_dag.py
[2026-09-23T18:44:02.336+0000] {logging_mixin.py:190} INFO - [2026-09-23T18:44:02.336+0000] {dag.py:3239} INFO - Sync 1 DAGs
[2026-09-23T18:44:02.360+0000] {logging_mixin.py:190} INFO - [2026-09-23T18:44:02.359+0000] {dag.py:4180} INFO - Setting next_dagrun for tutorial_dag to None, run_after=None
[2026-09-23T18:44:02.385+0000] {processor.py:208} INFO - Processing /home/airflow/.local/lib/python3.12/site-packages/airflow/example_dags/tutorial_dag.py took 0.096 seconds
[2026-09-23T18:44:32.648+0000] {processor.py:186} INFO - Started process (PID=16874) to work on /home/airflow/.local/lib/python3.12/site-packages/airflow/example_dags/tutorial_dag.py
[2026-09-23T18:44:32.649+0000] {processor.py:914} INFO - Processing file /home/airflow/.local/lib/python3.12/site-packages/airflow/example_dags/tutorial_dag.py for tasks to queue
[2026-09-23T18:44:32.653+0000] {logging_mixin.py:190} INFO - [2026-09-23T18:44:32.652+0000] {dagbag.py:588} INFO - Filling up the DagBag from /home/airflow/.local/lib/python3.12/site-packages/airflow/example_dags/tutorial_dag.py
[2026-09-23T18:44:32.667+0000] {processor.py:925} INFO - DAG(s) 'tutorial_dag' retrieved from /home/airflow/.local/lib/python3.12/site-packages/airflow/example_dags/tutorial_dag.py
[2026-09-23T18:44:32.694+0000] {logging_mixin.py:190} INFO - [2026-09-23T18:44:32.694+0000] {dag.py:3239} INFO - Sync 1 DAGs
[2026-09-23T18:44:32.715+0000] {logging_mixin.py:190} INFO - [2026-09-23T18:44:32.715+0000] {dag.py:4180} INFO - Setting next_dagrun for tutorial_dag to None, run_after=None
[2026-09-23T18:44:32.738+0000] {processor.py:208} INFO - Processing /home/airflow/.local/lib/python3.12/site-packages/airflow/example_dags/tutorial_dag.py took 0.103 seconds
[2026-09-23T18:45:03.077+0000] {processor.py:186} INFO - Started process (PID=16948) to work on /home/airflow/.local/lib/python3.12/site-packages/airflow/example_dags/tutorial_dag.py
[2026-09-23T18:45:03.079+0000] {processor.py:914} INFO - Processing file /home/airflow/.local/lib/python3.12/site-packages/airflow/example_dags/tutorial_dag.py for tasks to queue
[2026-09-23T18:45:03.081+0000] {logging_mixin.py:190} INFO - [2026-09-23T18:45:03.081+0000] {dagbag.py:588} INFO - Filling up the DagBag from /home/airflow/.local/lib/python3.12/site-packages/airflow/example_dags/tutorial_dag.py
[2026-09-23T18:45:03.090+0000] {processor.py:925} INFO - DAG(s) 'tutorial_dag' retrieved from /home/airflow/.local/lib/python3.12/site-packages/airflow/example_dags/tutorial_dag.py
[2026-09-23T18:45:03.112+0000] {logging_mixin.py:190} INFO - [2026-09-23T18:45:03.112+0000] {dag.py:3239} INFO - Sync 1 DAGs
[2026-09-23T18:45:03.132+0000] {logging_mixin.py:190} INFO - [2026-09-23T18:45:03.131+0000] {dag.py:4180} INFO - Setting next_dagrun for tutorial_dag to None, run_after=None
[2026-09-23T18:45:03.152+0000] {processor.py:208} INFO - Processing /home/airflow/.local/lib/python3.12/site-packages/airflow/example_dags/tutorial_dag.py took 0.083 seconds
[2026-09-23T18:45:33.592+0000] {processor.py:186} INFO - Started process (PID=17022) to work on /home/airflow/.local/lib/python3.12/site-packages/airflow/example_dags/tutorial_dag.py
[2026-09-23T18:45:33.593+0000] {processor.py:914} INFO - Processing file /home/airflow/.local/lib/python3.12/site-packages/airflow/example_dags/tutorial_dag.py for tasks to queue
[2026-09-23T18:45:33.598+0000] {logging_mixin.py:190} INFO - [2026-09-23T18:45:33.598+0000] {dagbag.py:588} INFO - Filling up the DagBag from /home/airflow/.local/lib/python3.12/site-packages/airflow/example_dags/tutorial_dag.py
[2026-09-23T18:45:33.609+0000] {processor.py:925} INFO - DAG(s) 'tutorial_dag' retrieved from /home/airflow/.local/lib/python3.12/site-packages/airflow/example_dags/tutorial_dag.py
[2026-09-23T18:45:33.634+0000] {logging_mixin.py:190} INFO - [2026-09-23T18:45:33.634+0000] {dag.py:3239} INFO - Sync 1 DAGs
[2026-09-23T18:45:33.660+0000] {logging_mixin.py:190} INFO - [2026-09-23T18:45:33.660+0000] {dag.py:4180} INFO - Setting next_dagrun for tutorial_dag to None, run_after=None
[2026-09-23T18:45:33.682+0000] {processor.py:208} INFO - Processing /home/airflow/.local/lib/python3.12/site-packages/airflow/example_dags/tutorial_dag.py took 0.099 seconds
[2026-09-23T18:46:03.810+0000] {processor.py:186} INFO - Started process (PID=17095) to work on /home/airflow/.local/lib/python3.12/site-packages/airflow/example_dags/tutorial_dag.py
[2026-09-23T18:46:03.812+0000] {processor.py:914} INFO - Processing file /home/airflow/.local/lib/python3.12/site-packages/airflow/example_dags/tutorial_dag.py for tasks to queue
[2026-09-23T18:46:03.814+0000] {logging_mixin.py:190} INFO - [2026-09-23T18:46:03.814+0000] {dagbag.py:588} INFO - Filling up the DagBag from /home/airflow/.local/lib/python3.12/site-packages/airflow/example_dags/tutorial_dag.py
[2026-09-23T18:46:03.824+0000] {processor.py:925} INFO - DAG(s) 'tutorial_dag' retrieved from /home/airflow/.local/lib/python3.12/site-packages/airflow/example_dags/tutorial_dag.py
[2026-09-23T18:46:03.850+0000] {logging_mixin.py:190} INFO - [2026-09-23T18:46:03.850+0000] {dag.py:3239} INFO - Sync 1 DAGs
[2026-09-23T18:46:03.872+0000] {logging_mixin.py:190} INFO - [2026-09-23T18:46:03.872+0000] {dag.py:4180} INFO - Setting next_dagrun for tutorial_dag to None, run_after=None
[2026-09-23T18:46:03.897+0000] {processor.py:208} INFO - Processing /home/airflow/.local/lib/python3.12/site-packages/airflow/example_dags/tutorial_dag.py took 0.095 seconds
[2026-09-23T18:46:34.361+0000] {processor.py:186} INFO - Started process (PID=17169) to work on /home/airflow/.local/lib/python3.12/site-packages/airflow/example_dags/tutorial_dag.py
[2026-09-23T18:46:34.362+0000] {processor.py:914} INFO - Processing file /home/airflow/.local/lib/python3.12/site-packages/airflow/example_dags/tutorial_dag.py for tasks to queue
[2026-09-23T18:46:34.366+0000] {logging_mixin.py:190} INFO - [2026-09-23T18:46:34.365+0000] {dagbag.py:588} INFO - Filling up the DagBag from /home/airflow/.local/lib/python3.12/site-packages/airflow/example_dags/tutorial_dag.py
[2026-09-23T18:46:34.387+0000] {processor.py:925} INFO - DAG(s) 'tutorial_dag' retrieved from /home/airflow/.local/lib/python3.12/site-packages/airflow/example_dags/tutorial_dag.py
[2026-09-23T18:46:34.416+0000] {logging_mixin.py:190} INFO - [2026-09-23T18:46:34.415+0000] {dag.py:3239} INFO - Sync 1 DAGs
[2026-09-23T18:46:34.436+0000] {logging_mixin.py:190} INFO - [2026-09-23T18:46:34.436+0000] {dag.py:4180} INFO - Setting next_dagrun for tutorial_dag to None, run_after=None
[2026-09-23T18:46:34.459+0000] {processor.py:208} INFO - Processing /home/airflow/.local/lib/python3.12/site-packages/airflow/example_dags/tutorial_dag.py took 0.107 seconds
[2026-09-23T18:47:04.901+0000] {processor.py:186} INFO - Started process (PID=17243) to work on /home/airflow/.local/lib/python3.12/site-packages/airflow/example_dags/tutorial_dag.py
[2026-09-23T18:47:04.903+0000] {processor.py:914} INFO - Processing file /home/airflow/.local/lib/python3.12/site-packages/airflow/example_dags/tutorial_dag.py for tasks to queue
[2026-09-23T18:47:04.906+0000] {logging_mixin.py:190} INFO - [2026-09-23T18:47:04.906+0000] {dagbag.py:588} INFO - Filling up the DagBag from /home/airflow/.local/lib/python3.12/site-packages/airflow/example_dags/tutorial_dag.py
[2026-09-23T18:47:04.918+0000] {processor.py:925} INFO - DAG(s) 'tutorial_dag' retrieved from /home/airflow/.local/lib/python3.12/site-packages/airflow/example_dags/tutorial_dag.py
[2026-09-23T18:47:04.944+0000] {logging_mixin.py:190} INFO - [2026-09-23T18:47:04.944+0000] {dag.py:3239} INFO - Sync 1 DAGs
[2026-09-23T18:47:04.964+0000] {logging_mixin.py:190} INFO - [2026-09-23T18:47:04.963+0000] {dag.py:4180} INFO - Setting next_dagrun for tutorial_dag to None, run_after=None
[2026-09-23T18:47:04.987+0000] {processor.py:208} INFO - Processing /home/airflow/.local/lib/python3.12/site-packages/airflow/example_dags/tutorial_dag.py took 0.093 seconds
[2026-09-23T18:47:35.072+0000] {processor.py:186} INFO - Started process (PID=17317) to work on /home/airflow/.local/lib/python3.12/site-packages/airflow/example_dags/tutorial_dag.py
[2026-09-23T18:47:35.073+0000] {processor.py:914} INFO - Processing file /home/airflow/.local/lib/python3.12/site-packages/airflow/example_dags/tutorial_dag.py for tasks to queue
[2026-09-23T18:47:35.078+0000] {logging_mixin.py:190} INFO - [2026-09-23T18:47:35.077+0000] {dagbag.py:588} INFO - Filling up the DagBag from /home/airflow/.local/lib/python3.12/site-packages/airflow/example_dags/tutorial_dag.py
[2026-09-23T18:47:35.088+0000] {processor.py:925} INFO - DAG(s) 'tutorial_dag' retrieved from /home/airflow/.local/lib/python3.12/site-packages/airflow/example_dags/tutorial_dag.py
[2026-09-23T18:47:35.115+0000] {logging_mixin.py:190} INFO - [2026-09-23T18:47:35.115+0000] {dag.py:3239} INFO - Sync 1 DAGs
[2026-09-23T18:47:35.139+0000] {logging_mixin.py:190} INFO - [2026-09-23T18:47:35.139+0000] {dag.py:4180} INFO - Setting next_dagrun for tutorial_dag to None, run_after=None
[2026-09-23T18:47:35.161+0000] {processor.py:208} INFO - Processing /home/airflow/.local/lib/python3.12/site-packages/airflow/example_dags/tutorial_dag.py took 0.097 seconds
[2026-09-23T18:48:05.537+0000] {processor.py:186} INFO - Started process (PID=17391) to work on /home/airflow/.local/lib/python3.12/site-packages/airflow/example_dags/tutorial_dag.py
[2026-09-23T18:48:05.538+0000] {processor.py:914} INFO - Processing file /home/airflow/.local/lib/python3.12/site-packages/airflow/example_dags/tutorial_dag.py for tasks to queue
[2026-09-23T18:48:05.541+0000] {logging_mixin.py:190} INFO - [2026-09-23T18:48:05.540+0000] {dagbag.py:588} INFO - Filling up the DagBag from /home/airflow/.local/lib/python3.12/site-packages/airflow/example_dags/tutorial_dag.py
[2026-09-23T18:48:05.549+0000] {processor.py:925} INFO - DAG(s) 'tutorial_dag' retrieved from /home/airflow/.local/lib/python3.12/site-packages/airflow/example_dags/tutorial_dag.py
[2026-09-23T18:48:05.572+0000] {logging_mixin.py:190} INFO - [2026-09-23T18:48:05.572+0000] {dag.py:3239} INFO - Sync 1 DAGs
[2026-09-23T18:48:05.591+0000] {logging_mixin.py:190} INFO - [2026-09-23T18:48:05.591+0000] {dag.py:4180} INFO - Setting next_dagrun for tutorial_dag to None, run_after=None
[2026-09-23T18:48:05.614+0000] {processor.py:208} INFO - Processing /home/airflow/.local/lib/python3.12/site-packages/airflow/example_dags/tutorial_dag.py took 0.085 seconds
[2026-09-23T18:48:36.072+0000] {processor.py:186} INFO - Started process (PID=17465) to work on /home/airflow/.local/lib/python3.12/site-packages/airflow/example_dags/tutorial_dag.py
[2026-09-23T18:48:36.074+0000] {processor.py:914} INFO - Processing file /home/airflow/.local/lib/python3.12/site-packages/airflow/example_dags/tutorial_dag.py for tasks to queue
[2026-09-23T18:48:36.078+0000] {logging_mixin.py:190} INFO - [2026-09-23T18:48:36.077+0000] {dagbag.py:588} INFO - Filling up the DagBag from /home/airflow/.local/lib/python3.12/site-packages/airflow/example_dags/tutorial_dag.py
[2026-09-23T18:48:36.090+0000] {processor.py:925} INFO - DAG(s) 'tutorial_dag' retrieved from /home/airflow/.local/lib/python3.12/site-packages/airflow/example_dags/tutorial_dag.py
[2026-09-23T18:48:36.114+0000] {logging_mixin.py:190} INFO - [2026-09-23T18:48:36.114+0000] {dag.py:3239} INFO - Sync 1 DAGs
[2026-09-23T18:48:36.134+0000] {logging_mixin.py:190} INFO - [2026-09-23T18:48:36.134+0000] {dag.py:4180} INFO - Setting next_dagrun for tutorial_dag to None, run_after=None
[2026-09-23T18:48:36.158+0000] {processor.py:208} INFO - Processing /home/airflow/.local/lib/python3.12/site-packages/airflow/example_dags/tutorial_dag.py took 0.094 seconds
[2026-09-23T18:49:06.508+0000] {processor.py:186} INFO - Started process (PID=17539) to work on /home/airflow/.local/lib/python3.12/site-packages/airflow/example_dags/tutorial_dag.py
[2026-09-23T18:49:06.509+0000] {processor.py:914} INFO - Processing file /home/airflow/.local/lib/python3.12/site-packages/airflow/example_dags/tutorial_dag.py for tasks to queue
[2026-09-23T18:49:06.513+0000] {logging_mixin.py:190} INFO - [2026-09-23T18:49:06.512+0000] {dagbag.py:588} INFO - Filling up the DagBag from /home/airflow/.local/lib/python3.12/site-packages/airflow/example_dags/tutorial_dag.py
[2026-09-23T18:49:06.523+0000] {processor.py:925} INFO - DAG(s) 'tutorial_dag' retrieved from /home/airflow/.local/lib/python3.12/site-packages/airflow/example_dags/tutorial_dag.py
[2026-09-23T18:49:06.550+0000] {logging_mixin.py:190} INFO - [2026-09-23T18:49:06.550+0000] {dag.py:3239} INFO - Sync 1 DAGs
[2026-09-23T18:49:06.576+0000] {logging_mixin.py:190} INFO - [2026-09-23T18:49:06.576+0000] {dag.py:4180} INFO - Setting next_dagrun for tutorial_dag to None, run_after=None
[2026-09-23T18:49:06.601+0000] {processor.py:208} INFO - Processing /home/airflow/.local/lib/python3.12/site-packages/airflow/example_dags/tutorial_dag.py took 0.101 seconds
[2026-09-23T18:49:37.018+0000] {processor.py:186} INFO - Started process (PID=17613) to work on /home/airflow/.local/lib/python3.12/site-packages/airflow/example_dags/tutorial_dag.py
[2026-09-23T18:49:37.020+0000] {processor.py:914} INFO - Processing file /home/airflow/.local/lib/python3.12/site-packages/airflow/example_dags/tutorial_dag.py for tasks to queue
[2026-09-23T18:49:37.024+0000] {logging_mixin.py:190} INFO - [2026-09-23T18:49:37.023+0000] {dagbag.py:588} INFO - Filling up the DagBag from /home/airflow/.local/lib/python3.12/site-packages/airflow/example_dags/tutorial_dag.py
[2026-09-23T18:49:37.034+0000] {processor.py:925} INFO - DAG(s) 'tutorial_dag' retrieved from /home/airflow/.local/lib/python3.12/site-packages/airflow/example_dags/tutorial_dag.py
[2026-09-23T18:49:37.059+0000] {logging_mixin.py:190} INFO - [2026-09-23T18:49:37.059+0000] {dag.py:3239} INFO - Sync 1 DAGs
[2026-09-23T18:49:37.081+0000] {logging_mixin.py:190} INFO - [2026-09-23T18:49:37.080+0000] {dag.py:4180} INFO - Setting next_dagrun for tutorial_dag to None, run_after=None
[2026-09-23T18:49:37.102+0000] {processor.py:208} INFO - Processing /home/airflow/.local/lib/python3.12/site-packages/airflow/example_dags/tutorial_dag.py took 0.092 seconds
[2026-09-23T18:50:07.196+0000] {processor.py:186} INFO - Started process (PID=17687) to work on /home/airflow/.local/lib/python3.12/site-packages/airflow/example_dags/tutorial_dag.py
[2026-09-23T18:50:07.197+0000] {processor.py:914} INFO - Processing file /home/airflow/.local/lib/python3.12/site-packages/airflow/example_dags/tutorial_dag.py for tasks to queue
[2026-09-23T18:50:07.200+0000] {logging_mixin.py:190} INFO - [2026-09-23T18:50:07.199+0000] {dagbag.py:588} INFO - Filling up the DagBag from /home/airflow/.local/lib/python3.12/site-packages/airflow/example_dags/tutorial_dag.py
[2026-09-23T18:50:07.210+0000] {processor.py:925} INFO - DAG(s) 'tutorial_dag' retrieved from /home/airflow/.local/lib/python3.12/site-packages/airflow/example_dags/tutorial_dag.py
[2026-09-23T18:50:07.234+0000] {logging_mixin.py:190} INFO - [2026-09-23T18:50:07.234+0000] {dag.py:3239} INFO - Sync 1 DAGs
[2026-09-23T18:50:07.255+0000] {logging_mixin.py:190} INFO - [2026-09-23T18:50:07.255+0000] {dag.py:4180} INFO - Setting next_dagrun for tutorial_dag to None, run_after=None
[2026-09-23T18:50:07.279+0000] {processor.py:208} INFO - Processing /home/airflow/.local/lib/python3.12/site-packages/airflow/example_dags/tutorial_dag.py took 0.091 seconds
[2026-09-23T18:50:37.771+0000] {processor.py:186} INFO - Started process (PID=17761) to work on /home/airflow/.local/lib/python3.12/site-packages/airflow/example_dags/tutorial_dag.py
[2026-09-23T18:50:37.772+0000] {processor.py:914} INFO - Processing file /home/airflow/.local/lib/python3.12/site-packages/airflow/example_dags/tutorial_dag.py for tasks to queue
[2026-09-23T18:50:37.776+0000] {logging_mixin.py:190} INFO - [2026-09-23T18:50:37.775+0000] {dagbag.py:588} INFO - Filling up the DagBag from /home/airflow/.local/lib/python3.12/site-packages/airflow/example_dags/tutorial_dag.py
[2026-09-23T18:50:37.788+0000] {processor.py:925} INFO - DAG(s) 'tutorial_dag' retrieved from /home/airflow/.local/lib/python3.12/site-packages/airflow/example_dags/tutorial_dag.py
[2026-09-23T18:50:37.815+0000] {logging_mixin.py:190} INFO - [2026-09-23T18:50:37.815+0000] {dag.py:3239} INFO - Sync 1 DAGs
[2026-09-23T18:50:37.837+0000] {logging_mixin.py:190} INFO - [2026-09-23T18:50:37.836+0000] {dag.py:4180} INFO - Setting next_dagrun for tutorial_dag to None, run_after=None
[2026-09-23T18:50:37.866+0000] {processor.py:208} INFO - Processing /home/airflow/.local/lib/python3.12/site-packages/airflow/example_dags/tutorial_dag.py took 0.105 seconds
[2026-09-23T18:51:08.428+0000] {processor.py:186} INFO - Started process (PID=17834) to work on /home/airflow/.local/lib/python3.12/site-packages/airflow/example_dags/tutorial_dag.py
[2026-09-23T18:51:08.429+0000] {processor.py:914} INFO - Processing file /home/airflow/.local/lib/python3.12/site-packages/airflow/example_dags/tutorial_dag.py for tasks to queue
[2026-09-23T18:51:08.433+0000] {logging_mixin.py:190} INFO - [2026-09-23T18:51:08.432+0000] {dagbag.py:588} INFO - Filling up the DagBag from /home/airflow/.local/lib/python3.12/site-packages/airflow/example_dags/tutorial_dag.py
[2026-09-23T18:51:08.444+0000] {processor.py:925} INFO - DAG(s) 'tutorial_dag' retrieved from /home/airflow/.local/lib/python3.12/site-packages/airflow/example_dags/tutorial_dag.py
[2026-09-23T18:51:08.475+0000] {logging_mixin.py:190} INFO - [2026-09-23T18:51:08.475+0000] {dag.py:3239} INFO - Sync 1 DAGs
[2026-09-23T18:51:08.503+0000] {logging_mixin.py:190} INFO - [2026-09-23T18:51:08.503+0000] {dag.py:4180} INFO - Setting next_dagrun for tutorial_dag to None, run_after=None
[2026-09-23T18:51:08.530+0000] {processor.py:208} INFO - Processing /home/airflow/.local/lib/python3.12/site-packages/airflow/example_dags/tutorial_dag.py took 0.110 seconds
[2026-09-23T18:51:38.772+0000] {processor.py:186} INFO - Started process (PID=17909) to work on /home/airflow/.local/lib/python3.12/site-packages/airflow/example_dags/tutorial_dag.py
[2026-09-23T18:51:38.774+0000] {processor.py:914} INFO - Processing file /home/airflow/.local/lib/python3.12/site-packages/airflow/example_dags/tutorial_dag.py for tasks to queue
[2026-09-23T18:51:38.777+0000] {logging_mixin.py:190} INFO - [2026-09-23T18:51:38.777+0000] {dagbag.py:588} INFO - Filling up the DagBag from /home/airflow/.local/lib/python3.12/site-packages/airflow/example_dags/tutorial_dag.py
[2026-09-23T18:51:38.789+0000] {processor.py:925} INFO - DAG(s) 'tutorial_dag' retrieved from /home/airflow/.local/lib/python3.12/site-packages/airflow/example_dags/tutorial_dag.py
[2026-09-23T18:51:38.817+0000] {logging_mixin.py:190} INFO - [2026-09-23T18:51:38.817+0000] {dag.py:3239} INFO - Sync 1 DAGs
[2026-09-23T18:51:38.838+0000] {logging_mixin.py:190} INFO - [2026-09-23T18:51:38.838+0000] {dag.py:4180} INFO - Setting next_dagrun for tutorial_dag to None, run_after=None
[2026-09-23T18:51:38.862+0000] {processor.py:208} INFO - Processing /home/airflow/.local/lib/python3.12/site-packages/airflow/example_dags/tutorial_dag.py took 0.098 seconds
[2026-09-23T18:52:08.908+0000] {processor.py:186} INFO - Started process (PID=17983) to work on /home/airflow/.local/lib/python3.12/site-packages/airflow/example_dags/tutorial_dag.py
[2026-09-23T18:52:08.909+0000] {processor.py:914} INFO - Processing file /home/airflow/.local/lib/python3.12/site-packages/airflow/example_dags/tutorial_dag.py for tasks to queue
[2026-09-23T18:52:08.912+0000] {logging_mixin.py:190} INFO - [2026-09-23T18:52:08.911+0000] {dagbag.py:588} INFO - Filling up the DagBag from /home/airflow/.local/lib/python3.12/site-packages/airflow/example_dags/tutorial_dag.py
[2026-09-23T18:52:08.922+0000] {processor.py:925} INFO - DAG(s) 'tutorial_dag' retrieved from /home/airflow/.local/lib/python3.12/site-packages/airflow/example_dags/tutorial_dag.py
[2026-09-23T18:52:08.947+0000] {logging_mixin.py:190} INFO - [2026-09-23T18:52:08.946+0000] {dag.py:3239} INFO - Sync 1 DAGs
[2026-09-23T18:52:08.970+0000] {logging_mixin.py:190} INFO - [2026-09-23T18:52:08.970+0000] {dag.py:4180} INFO - Setting next_dagrun for tutorial_dag to None, run_after=None
[2026-09-23T18:52:08.994+0000] {processor.py:208} INFO - Processing /home/airflow/.local/lib/python3.12/site-packages/airflow/example_dags/tutorial_dag.py took 0.094 seconds
[2026-09-23T18:52:39.224+0000] {processor.py:186} INFO - Started process (PID=18057) to work on /home/airflow/.local/lib/python3.12/site-packages/airflow/example_dags/tutorial_dag.py
[2026-09-23T18:52:39.225+0000] {processor.py:914} INFO - Processing file /home/airflow/.local/lib/python3.12/site-packages/airflow/example_dags/tutorial_dag.py for tasks to queue
[2026-09-23T18:52:39.228+0000] {logging_mixin.py:190} INFO - [2026-09-23T18:52:39.228+0000] {dagbag.py:588} INFO - Filling up the DagBag from /home/airflow/.local/lib/python3.12/site-packages/airflow/example_dags/tutorial_dag.py
[2026-09-23T18:52:39.238+0000] {processor.py:925} INFO - DAG(s) 'tutorial_dag' retrieved from /home/airflow/.local/lib/python3.12/site-packages/airflow/example_dags/tutorial_dag.py
[2026-09-23T18:52:39.264+0000] {logging_mixin.py:190} INFO - [2026-09-23T18:52:39.263+0000] {dag.py:3239} INFO - Sync 1 DAGs
[2026-09-23T18:52:39.285+0000] {logging_mixin.py:190} INFO - [2026-09-23T18:52:39.285+0000] {dag.py:4180} INFO - Setting next_dagrun for tutorial_dag to None, run_after=None
[2026-09-23T18:52:39.309+0000] {processor.py:208} INFO - Processing /home/airflow/.local/lib/python3.12/site-packages/airflow/example_dags/tutorial_dag.py took 0.093 seconds
[2026-09-23T18:53:09.756+0000] {processor.py:186} INFO - Started process (PID=18131) to work on /home/airflow/.local/lib/python3.12/site-packages/airflow/example_dags/tutorial_dag.py
[2026-09-23T18:53:09.757+0000] {processor.py:914} INFO - Processing file /home/airflow/.local/lib/python3.12/site-packages/airflow/example_dags/tutorial_dag.py for tasks to queue
[2026-09-23T18:53:09.760+0000] {logging_mixin.py:190} INFO - [2026-09-23T18:53:09.760+0000] {dagbag.py:588} INFO - Filling up the DagBag from /home/airflow/.local/lib/python3.12/site-packages/airflow/example_dags/tutorial_dag.py
[2026-09-23T18:53:09.772+0000] {processor.py:925} INFO - DAG(s) 'tutorial_dag' retrieved from /home/airflow/.local/lib/python3.12/site-packages/airflow/example_dags/tutorial_dag.py
[2026-09-23T18:53:09.798+0000] {logging_mixin.py:190} INFO - [2026-09-23T18:53:09.797+0000] {dag.py:3239} INFO - Sync 1 DAGs
[2026-09-23T18:53:09.819+0000] {logging_mixin.py:190} INFO - [2026-09-23T18:53:09.819+0000] {dag.py:4180} INFO - Setting next_dagrun for tutorial_dag to None, run_after=None
[2026-09-23T18:53:09.847+0000] {processor.py:208} INFO - Processing /home/airflow/.local/lib/python3.12/site-packages/airflow/example_dags/tutorial_dag.py took 0.099 seconds
[2026-09-23T18:53:40.768+0000] {processor.py:186} INFO - Started process (PID=18206) to work on /home/airflow/.local/lib/python3.12/site-packages/airflow/example_dags/tutorial_dag.py
[2026-09-23T18:53:40.770+0000] {processor.py:914} INFO - Processing file /home/airflow/.local/lib/python3.12/site-packages/airflow/example_dags/tutorial_dag.py for tasks to queue
[2026-09-23T18:53:40.773+0000] {logging_mixin.py:190} INFO - [2026-09-23T18:53:40.772+0000] {dagbag.py:588} INFO - Filling up the DagBag from /home/airflow/.local/lib/python3.12/site-packages/airflow/example_dags/tutorial_dag.py
[2026-09-23T18:53:40.784+0000] {processor.py:925} INFO - DAG(s) 'tutorial_dag' retrieved from /home/airflow/.local/lib/python3.12/site-packages/airflow/example_dags/tutorial_dag.py
[2026-09-23T18:53:40.807+0000] {logging_mixin.py:190} INFO - [2026-09-23T18:53:40.807+0000] {dag.py:3239} INFO - Sync 1 DAGs
[2026-09-23T18:53:40.828+0000] {logging_mixin.py:190} INFO - [2026-09-23T18:53:40.828+0000] {dag.py:4180} INFO - Setting next_dagrun for tutorial_dag to None, run_after=None
[2026-09-23T18:53:40.849+0000] {processor.py:208} INFO - Processing /home/airflow/.local/lib/python3.12/site-packages/airflow/example_dags/tutorial_dag.py took 0.090 seconds
[2026-09-23T18:54:11.880+0000] {processor.py:186} INFO - Started process (PID=18269) to work on /home/airflow/.local/lib/python3.12/site-packages/airflow/example_dags/tutorial_dag.py
[2026-09-23T18:54:11.881+0000] {processor.py:914} INFO - Processing file /home/airflow/.local/lib/python3.12/site-packages/airflow/example_dags/tutorial_dag.py for tasks to queue
[2026-09-23T18:54:11.884+0000] {logging_mixin.py:190} INFO - [2026-09-23T18:54:11.884+0000] {dagbag.py:588} INFO - Filling up the DagBag from /home/airflow/.local/lib/python3.12/site-packages/airflow/example_dags/tutorial_dag.py
[2026-09-23T18:54:11.896+0000] {processor.py:925} INFO - DAG(s) 'tutorial_dag' retrieved from /home/airflow/.local/lib/python3.12/site-packages/airflow/example_dags/tutorial_dag.py
[2026-09-23T18:54:11.925+0000] {logging_mixin.py:190} INFO - [2026-09-23T18:54:11.924+0000] {dag.py:3239} INFO - Sync 1 DAGs
[2026-09-23T18:54:11.946+0000] {logging_mixin.py:190} INFO - [2026-09-23T18:54:11.946+0000] {dag.py:4180} INFO - Setting next_dagrun for tutorial_dag to None, run_after=None
[2026-09-23T18:54:11.969+0000] {processor.py:208} INFO - Processing /home/airflow/.local/lib/python3.12/site-packages/airflow/example_dags/tutorial_dag.py took 0.097 seconds
[2026-09-23T18:54:43.039+0000] {processor.py:186} INFO - Started process (PID=18342) to work on /home/airflow/.local/lib/python3.12/site-packages/airflow/example_dags/tutorial_dag.py
[2026-09-23T18:54:43.041+0000] {processor.py:914} INFO - Processing file /home/airflow/.local/lib/python3.12/site-packages/airflow/example_dags/tutorial_dag.py for tasks to queue
[2026-09-23T18:54:43.044+0000] {logging_mixin.py:190} INFO - [2026-09-23T18:54:43.043+0000] {dagbag.py:588} INFO - Filling up the DagBag from /home/airflow/.local/lib/python3.12/site-packages/airflow/example_dags/tutorial_dag.py
[2026-09-23T18:54:43.058+0000] {processor.py:925} INFO - DAG(s) 'tutorial_dag' retrieved from /home/airflow/.local/lib/python3.12/site-packages/airflow/example_dags/tutorial_dag.py
[2026-09-23T18:54:43.085+0000] {logging_mixin.py:190} INFO - [2026-09-23T18:54:43.085+0000] {dag.py:3239} INFO - Sync 1 DAGs
[2026-09-23T18:54:43.112+0000] {logging_mixin.py:190} INFO - [2026-09-23T18:54:43.112+0000] {dag.py:4180} INFO - Setting next_dagrun for tutorial_dag to None, run_after=None
[2026-09-23T18:54:43.139+0000] {processor.py:208} INFO - Processing /home/airflow/.local/lib/python3.12/site-packages/airflow/example_dags/tutorial_dag.py took 0.110 seconds
[2026-09-23T18:55:13.747+0000] {processor.py:186} INFO - Started process (PID=18405) to work on /home/airflow/.local/lib/python3.12/site-packages/airflow/example_dags/tutorial_dag.py
[2026-09-23T18:55:13.748+0000] {processor.py:914} INFO - Processing file /home/airflow/.local/lib/python3.12/site-packages/airflow/example_dags/tutorial_dag.py for tasks to queue
[2026-09-23T18:55:13.750+0000] {logging_mixin.py:190} INFO - [2026-09-23T18:55:13.750+0000] {dagbag.py:588} INFO - Filling up the DagBag from /home/airflow/.local/lib/python3.12/site-packages/airflow/example_dags/tutorial_dag.py
[2026-09-23T18:55:13.760+0000] {processor.py:925} INFO - DAG(s) 'tutorial_dag' retrieved from /home/airflow/.local/lib/python3.12/site-packages/airflow/example_dags/tutorial_dag.py
[2026-09-23T18:55:13.786+0000] {logging_mixin.py:190} INFO - [2026-09-23T18:55:13.785+0000] {dag.py:3239} INFO - Sync 1 DAGs
[2026-09-23T18:55:13.809+0000] {logging_mixin.py:190} INFO - [2026-09-23T18:55:13.809+0000] {dag.py:4180} INFO - Setting next_dagrun for tutorial_dag to None, run_after=None
[2026-09-23T18:55:13.834+0000] {processor.py:208} INFO - Processing /home/airflow/.local/lib/python3.12/site-packages/airflow/example_dags/tutorial_dag.py took 0.097 seconds
[2026-09-23T18:55:44.739+0000] {processor.py:186} INFO - Started process (PID=18475) to work on /home/airflow/.local/lib/python3.12/site-packages/airflow/example_dags/tutorial_dag.py
[2026-09-23T18:55:44.740+0000] {processor.py:914} INFO - Processing file /home/airflow/.local/lib/python3.12/site-packages/airflow/example_dags/tutorial_dag.py for tasks to queue
[2026-09-23T18:55:44.744+0000] {logging_mixin.py:190} INFO - [2026-09-23T18:55:44.743+0000] {dagbag.py:588} INFO - Filling up the DagBag from /home/airflow/.local/lib/python3.12/site-packages/airflow/example_dags/tutorial_dag.py
[2026-09-23T18:55:44.755+0000] {processor.py:925} INFO - DAG(s) 'tutorial_dag' retrieved from /home/airflow/.local/lib/python3.12/site-packages/airflow/example_dags/tutorial_dag.py
[2026-09-23T18:55:44.785+0000] {logging_mixin.py:190} INFO - [2026-09-23T18:55:44.785+0000] {dag.py:3239} INFO - Sync 1 DAGs
[2026-09-23T18:55:44.810+0000] {logging_mixin.py:190} INFO - [2026-09-23T18:55:44.810+0000] {dag.py:4180} INFO - Setting next_dagrun for tutorial_dag to None, run_after=None
[2026-09-23T18:55:44.835+0000] {processor.py:208} INFO - Processing /home/airflow/.local/lib/python3.12/site-packages/airflow/example_dags/tutorial_dag.py took 0.106 seconds
[2026-09-23T18:56:15.415+0000] {processor.py:186} INFO - Started process (PID=18545) to work on /home/airflow/.local/lib/python3.12/site-packages/airflow/example_dags/tutorial_dag.py
[2026-09-23T18:56:15.417+0000] {processor.py:914} INFO - Processing file /home/airflow/.local/lib/python3.12/site-packages/airflow/example_dags/tutorial_dag.py for tasks to queue
[2026-09-23T18:56:15.419+0000] {logging_mixin.py:190} INFO - [2026-09-23T18:56:15.419+0000] {dagbag.py:588} INFO - Filling up the DagBag from /home/airflow/.local/lib/python3.12/site-packages/airflow/example_dags/tutorial_dag.py
[2026-09-23T18:56:15.429+0000] {processor.py:925} INFO - DAG(s) 'tutorial_dag' retrieved from /home/airflow/.local/lib/python3.12/site-packages/airflow/example_dags/tutorial_dag.py
[2026-09-23T18:56:15.455+0000] {logging_mixin.py:190} INFO - [2026-09-23T18:56:15.454+0000] {dag.py:3239} INFO - Sync 1 DAGs
[2026-09-23T18:56:15.476+0000] {logging_mixin.py:190} INFO - [2026-09-23T18:56:15.475+0000] {dag.py:4180} INFO - Setting next_dagrun for tutorial_dag to None, run_after=None
[2026-09-23T18:56:15.498+0000] {processor.py:208} INFO - Processing /home/airflow/.local/lib/python3.12/site-packages/airflow/example_dags/tutorial_dag.py took 0.092 seconds
[2026-09-23T18:56:45.635+0000] {processor.py:186} INFO - Started process (PID=18619) to work on /home/airflow/.local/lib/python3.12/site-packages/airflow/example_dags/tutorial_dag.py
[2026-09-23T18:56:45.636+0000] {processor.py:914} INFO - Processing file /home/airflow/.local/lib/python3.12/site-packages/airflow/example_dags/tutorial_dag.py for tasks to queue
[2026-09-23T18:56:45.641+0000] {logging_mixin.py:190} INFO - [2026-09-23T18:56:45.640+0000] {dagbag.py:588} INFO - Filling up the DagBag from /home/airflow/.local/lib/python3.12/site-packages/airflow/example_dags/tutorial_dag.py
[2026-09-23T18:56:45.653+0000] {processor.py:925} INFO - DAG(s) 'tutorial_dag' retrieved from /home/airflow/.local/lib/python3.12/site-packages/airflow/example_dags/tutorial_dag.py
[2026-09-23T18:56:45.678+0000] {logging_mixin.py:190} INFO - [2026-09-23T18:56:45.678+0000] {dag.py:3239} INFO - Sync 1 DAGs
[2026-09-23T18:56:45.699+0000] {logging_mixin.py:190} INFO - [2026-09-23T18:56:45.699+0000] {dag.py:4180} INFO - Setting next_dagrun for tutorial_dag to None, run_after=None
[2026-09-23T18:56:45.720+0000] {processor.py:208} INFO - Processing /home/airflow/.local/lib/python3.12/site-packages/airflow/example_dags/tutorial_dag.py took 0.094 seconds
[2026-09-23T18:57:16.065+0000] {processor.py:186} INFO - Started process (PID=18693) to work on /home/airflow/.local/lib/python3.12/site-packages/airflow/example_dags/tutorial_dag.py
[2026-09-23T18:57:16.066+0000] {processor.py:914} INFO - Processing file /home/airflow/.local/lib/python3.12/site-packages/airflow/example_dags/tutorial_dag.py for tasks to queue
[2026-09-23T18:57:16.069+0000] {logging_mixin.py:190} INFO - [2026-09-23T18:57:16.068+0000] {dagbag.py:588} INFO - Filling up the DagBag from /home/airflow/.local/lib/python3.12/site-packages/airflow/example_dags/tutorial_dag.py
[2026-09-23T18:57:16.077+0000] {processor.py:925} INFO - DAG(s) 'tutorial_dag' retrieved from /home/airflow/.local/lib/python3.12/site-packages/airflow/example_dags/tutorial_dag.py
[2026-09-23T18:57:16.100+0000] {logging_mixin.py:190} INFO - [2026-09-23T18:57:16.100+0000] {dag.py:3239} INFO - Sync 1 DAGs
[2026-09-23T18:57:16.122+0000] {logging_mixin.py:190} INFO - [2026-09-23T18:57:16.121+0000] {dag.py:4180} INFO - Setting next_dagrun for tutorial_dag to None, run_after=None
[2026-09-23T18:57:16.143+0000] {processor.py:208} INFO - Processing /home/airflow/.local/lib/python3.12/site-packages/airflow/example_dags/tutorial_dag.py took 0.086 seconds
[2026-09-23T18:57:46.636+0000] {processor.py:186} INFO - Started process (PID=18767) to work on /home/airflow/.local/lib/python3.12/site-packages/airflow/example_dags/tutorial_dag.py
[2026-09-23T18:57:46.637+0000] {processor.py:914} INFO - Processing file /home/airflow/.local/lib/python3.12/site-packages/airflow/example_dags/tutorial_dag.py for tasks to queue
[2026-09-23T18:57:46.642+0000] {logging_mixin.py:190} INFO - [2026-09-23T18:57:46.642+0000] {dagbag.py:588} INFO - Filling up the DagBag from /home/airflow/.local/lib/python3.12/site-packages/airflow/example_dags/tutorial_dag.py
[2026-09-23T18:57:46.657+0000] {processor.py:925} INFO - DAG(s) 'tutorial_dag' retrieved from /home/airflow/.local/lib/python3.12/site-packages/airflow/example_dags/tutorial_dag.py
[2026-09-23T18:57:46.682+0000] {logging_mixin.py:190} INFO - [2026-09-23T18:57:46.682+0000] {dag.py:3239} INFO - Sync 1 DAGs
[2026-09-23T18:57:46.703+0000] {logging_mixin.py:190} INFO - [2026-09-23T18:57:46.703+0000] {dag.py:4180} INFO - Setting next_dagrun for tutorial_dag to None, run_after=None
[2026-09-23T18:57:46.899+0000] {processor.py:208} INFO - Processing /home/airflow/.local/lib/python3.12/site-packages/airflow/example_dags/tutorial_dag.py took 0.271 seconds
[2026-09-23T18:58:17.054+0000] {processor.py:186} INFO - Started process (PID=18841) to work on /home/airflow/.local/lib/python3.12/site-packages/airflow/example_dags/tutorial_dag.py
[2026-09-23T18:58:17.055+0000] {processor.py:914} INFO - Processing file /home/airflow/.local/lib/python3.12/site-packages/airflow/example_dags/tutorial_dag.py for tasks to queue
[2026-09-23T18:58:17.058+0000] {logging_mixin.py:190} INFO - [2026-09-23T18:58:17.057+0000] {dagbag.py:588} INFO - Filling up the DagBag from /home/airflow/.local/lib/python3.12/site-packages/airflow/example_dags/tutorial_dag.py
[2026-09-23T18:58:17.068+0000] {processor.py:925} INFO - DAG(s) 'tutorial_dag' retrieved from /home/airflow/.local/lib/python3.12/site-packages/airflow/example_dags/tutorial_dag.py
[2026-09-23T18:58:17.090+0000] {logging_mixin.py:190} INFO - [2026-09-23T18:58:17.090+0000] {dag.py:3239} INFO - Sync 1 DAGs
[2026-09-23T18:58:17.110+0000] {logging_mixin.py:190} INFO - [2026-09-23T18:58:17.110+0000] {dag.py:4180} INFO - Setting next_dagrun for tutorial_dag to None, run_after=None
[2026-09-23T18:58:17.133+0000] {processor.py:208} INFO - Processing /home/airflow/.local/lib/python3.12/site-packages/airflow/example_dags/tutorial_dag.py took 0.088 seconds
[2026-09-23T18:58:47.803+0000] {processor.py:186} INFO - Started process (PID=18914) to work on /home/airflow/.local/lib/python3.12/site-packages/airflow/example_dags/tutorial_dag.py
[2026-09-23T18:58:47.804+0000] {processor.py:914} INFO - Processing file /home/airflow/.local/lib/python3.12/site-packages/airflow/example_dags/tutorial_dag.py for tasks to queue
[2026-09-23T18:58:47.807+0000] {logging_mixin.py:190} INFO - [2026-09-23T18:58:47.807+0000] {dagbag.py:588} INFO - Filling up the DagBag from /home/airflow/.local/lib/python3.12/site-packages/airflow/example_dags/tutorial_dag.py
[2026-09-23T18:58:47.817+0000] {processor.py:925} INFO - DAG(s) 'tutorial_dag' retrieved from /home/airflow/.local/lib/python3.12/site-packages/airflow/example_dags/tutorial_dag.py
[2026-09-23T18:58:47.842+0000] {logging_mixin.py:190} INFO - [2026-09-23T18:58:47.842+0000] {dag.py:3239} INFO - Sync 1 DAGs
[2026-09-23T18:58:47.868+0000] {logging_mixin.py:190} INFO - [2026-09-23T18:58:47.867+0000] {dag.py:4180} INFO - Setting next_dagrun for tutorial_dag to None, run_after=None
[2026-09-23T18:58:47.896+0000] {processor.py:208} INFO - Processing /home/airflow/.local/lib/python3.12/site-packages/airflow/example_dags/tutorial_dag.py took 0.104 seconds
[2026-09-23T18:59:18.496+0000] {processor.py:186} INFO - Started process (PID=18987) to work on /home/airflow/.local/lib/python3.12/site-packages/airflow/example_dags/tutorial_dag.py
[2026-09-23T18:59:18.497+0000] {processor.py:914} INFO - Processing file /home/airflow/.local/lib/python3.12/site-packages/airflow/example_dags/tutorial_dag.py for tasks to queue
[2026-09-23T18:59:18.501+0000] {logging_mixin.py:190} INFO - [2026-09-23T18:59:18.501+0000] {dagbag.py:588} INFO - Filling up the DagBag from /home/airflow/.local/lib/python3.12/site-packages/airflow/example_dags/tutorial_dag.py
[2026-09-23T18:59:18.512+0000] {processor.py:925} INFO - DAG(s) 'tutorial_dag' retrieved from /home/airflow/.local/lib/python3.12/site-packages/airflow/example_dags/tutorial_dag.py
[2026-09-23T18:59:18.539+0000] {logging_mixin.py:190} INFO - [2026-09-23T18:59:18.539+0000] {dag.py:3239} INFO - Sync 1 DAGs
[2026-09-23T18:59:18.566+0000] {logging_mixin.py:190} INFO - [2026-09-23T18:59:18.565+0000] {dag.py:4180} INFO - Setting next_dagrun for tutorial_dag to None, run_after=None
[2026-09-23T18:59:18.591+0000] {processor.py:208} INFO - Processing /home/airflow/.local/lib/python3.12/site-packages/airflow/example_dags/tutorial_dag.py took 0.103 seconds
[2026-09-23T18:59:49.090+0000] {processor.py:186} INFO - Started process (PID=19061) to work on /home/airflow/.local/lib/python3.12/site-packages/airflow/example_dags/tutorial_dag.py
[2026-09-23T18:59:49.092+0000] {processor.py:914} INFO - Processing file /home/airflow/.local/lib/python3.12/site-packages/airflow/example_dags/tutorial_dag.py for tasks to queue
[2026-09-23T18:59:49.095+0000] {logging_mixin.py:190} INFO - [2026-09-23T18:59:49.095+0000] {dagbag.py:588} INFO - Filling up the DagBag from /home/airflow/.local/lib/python3.12/site-packages/airflow/example_dags/tutorial_dag.py
[2026-09-23T18:59:49.103+0000] {processor.py:925} INFO - DAG(s) 'tutorial_dag' retrieved from /home/airflow/.local/lib/python3.12/site-packages/airflow/example_dags/tutorial_dag.py
[2026-09-23T18:59:49.125+0000] {logging_mixin.py:190} INFO - [2026-09-23T18:59:49.125+0000] {dag.py:3239} INFO - Sync 1 DAGs
[2026-09-23T18:59:49.144+0000] {logging_mixin.py:190} INFO - [2026-09-23T18:59:49.144+0000] {dag.py:4180} INFO - Setting next_dagrun for tutorial_dag to None, run_after=None
[2026-09-23T18:59:49.166+0000] {processor.py:208} INFO - Processing /home/airflow/.local/lib/python3.12/site-packages/airflow/example_dags/tutorial_dag.py took 0.083 seconds
[2026-09-23T19:00:19.351+0000] {processor.py:186} INFO - Started process (PID=19136) to work on /home/airflow/.local/lib/python3.12/site-packages/airflow/example_dags/tutorial_dag.py
[2026-09-23T19:00:19.352+0000] {processor.py:914} INFO - Processing file /home/airflow/.local/lib/python3.12/site-packages/airflow/example_dags/tutorial_dag.py for tasks to queue
[2026-09-23T19:00:19.355+0000] {logging_mixin.py:190} INFO - [2026-09-23T19:00:19.355+0000] {dagbag.py:588} INFO - Filling up the DagBag from /home/airflow/.local/lib/python3.12/site-packages/airflow/example_dags/tutorial_dag.py
[2026-09-23T19:00:19.363+0000] {processor.py:925} INFO - DAG(s) 'tutorial_dag' retrieved from /home/airflow/.local/lib/python3.12/site-packages/airflow/example_dags/tutorial_dag.py
[2026-09-23T19:00:19.386+0000] {logging_mixin.py:190} INFO - [2026-09-23T19:00:19.385+0000] {dag.py:3239} INFO - Sync 1 DAGs
[2026-09-23T19:00:19.405+0000] {logging_mixin.py:190} INFO - [2026-09-23T19:00:19.405+0000] {dag.py:4180} INFO - Setting next_dagrun for tutorial_dag to None, run_after=None
[2026-09-23T19:00:19.429+0000] {processor.py:208} INFO - Processing /home/airflow/.local/lib/python3.12/site-packages/airflow/example_dags/tutorial_dag.py took 0.085 seconds
[2026-09-23T19:00:49.572+0000] {processor.py:186} INFO - Started process (PID=19209) to work on /home/airflow/.local/lib/python3.12/site-packages/airflow/example_dags/tutorial_dag.py
[2026-09-23T19:00:49.574+0000] {processor.py:914} INFO - Processing file /home/airflow/.local/lib/python3.12/site-packages/airflow/example_dags/tutorial_dag.py for tasks to queue
[2026-09-23T19:00:49.577+0000] {logging_mixin.py:190} INFO - [2026-09-23T19:00:49.577+0000] {dagbag.py:588} INFO - Filling up the DagBag from /home/airflow/.local/lib/python3.12/site-packages/airflow/example_dags/tutorial_dag.py
[2026-09-23T19:00:49.585+0000] {processor.py:925} INFO - DAG(s) 'tutorial_dag' retrieved from /home/airflow/.local/lib/python3.12/site-packages/airflow/example_dags/tutorial_dag.py
[2026-09-23T19:00:49.607+0000] {logging_mixin.py:190} INFO - [2026-09-23T19:00:49.607+0000] {dag.py:3239} INFO - Sync 1 DAGs
[2026-09-23T19:00:49.626+0000] {logging_mixin.py:190} INFO - [2026-09-23T19:00:49.626+0000] {dag.py:4180} INFO - Setting next_dagrun for tutorial_dag to None, run_after=None
[2026-09-23T19:00:49.651+0000] {processor.py:208} INFO - Processing /home/airflow/.local/lib/python3.12/site-packages/airflow/example_dags/tutorial_dag.py took 0.087 seconds
[2026-09-23T19:01:19.841+0000] {processor.py:186} INFO - Started process (PID=19283) to work on /home/airflow/.local/lib/python3.12/site-packages/airflow/example_dags/tutorial_dag.py
[2026-09-23T19:01:19.841+0000] {processor.py:914} INFO - Processing file /home/airflow/.local/lib/python3.12/site-packages/airflow/example_dags/tutorial_dag.py for tasks to queue
[2026-09-23T19:01:19.844+0000] {logging_mixin.py:190} INFO - [2026-09-23T19:01:19.843+0000] {dagbag.py:588} INFO - Filling up the DagBag from /home/airflow/.local/lib/python3.12/site-packages/airflow/example_dags/tutorial_dag.py
[2026-09-23T19:01:19.852+0000] {processor.py:925} INFO - DAG(s) 'tutorial_dag' retrieved from /home/airflow/.local/lib/python3.12/site-packages/airflow/example_dags/tutorial_dag.py
[2026-09-23T19:01:19.875+0000] {logging_mixin.py:190} INFO - [2026-09-23T19:01:19.875+0000] {dag.py:3239} INFO - Sync 1 DAGs
[2026-09-23T19:01:19.895+0000] {logging_mixin.py:190} INFO - [2026-09-23T19:01:19.895+0000] {dag.py:4180} INFO - Setting next_dagrun for tutorial_dag to None, run_after=None
[2026-09-23T19:01:19.916+0000] {processor.py:208} INFO - Processing /home/airflow/.local/lib/python3.12/site-packages/airflow/example_dags/tutorial_dag.py took 0.083 seconds
[2026-09-23T19:01:50.258+0000] {processor.py:186} INFO - Started process (PID=19357) to work on /home/airflow/.local/lib/python3.12/site-packages/airflow/example_dags/tutorial_dag.py
[2026-09-23T19:01:50.259+0000] {processor.py:914} INFO - Processing file /home/airflow/.local/lib/python3.12/site-packages/airflow/example_dags/tutorial_dag.py for tasks to queue
[2026-09-23T19:01:50.262+0000] {logging_mixin.py:190} INFO - [2026-09-23T19:01:50.262+0000] {dagbag.py:588} INFO - Filling up the DagBag from /home/airflow/.local/lib/python3.12/site-packages/airflow/example_dags/tutorial_dag.py
[2026-09-23T19:01:50.271+0000] {processor.py:925} INFO - DAG(s) 'tutorial_dag' retrieved from /home/airflow/.local/lib/python3.12/site-packages/airflow/example_dags/tutorial_dag.py
[2026-09-23T19:01:50.293+0000] {logging_mixin.py:190} INFO - [2026-09-23T19:01:50.293+0000] {dag.py:3239} INFO - Sync 1 DAGs
[2026-09-23T19:01:50.312+0000] {logging_mixin.py:190} INFO - [2026-09-23T19:01:50.311+0000] {dag.py:4180} INFO - Setting next_dagrun for tutorial_dag to None, run_after=None
[2026-09-23T19:01:50.335+0000] {processor.py:208} INFO - Processing /home/airflow/.local/lib/python3.12/site-packages/airflow/example_dags/tutorial_dag.py took 0.086 seconds
[2026-09-23T19:02:20.737+0000] {processor.py:186} INFO - Started process (PID=19431) to work on /home/airflow/.local/lib/python3.12/site-packages/airflow/example_dags/tutorial_dag.py
[2026-09-23T19:02:20.738+0000] {processor.py:914} INFO - Processing file /home/airflow/.local/lib/python3.12/site-packages/airflow/example_dags/tutorial_dag.py for tasks to queue
[2026-09-23T19:02:20.742+0000] {logging_mixin.py:190} INFO - [2026-09-23T19:02:20.741+0000] {dagbag.py:588} INFO - Filling up the DagBag from /home/airflow/.local/lib/python3.12/site-packages/airflow/example_dags/tutorial_dag.py
[2026-09-23T19:02:20.752+0000] {processor.py:925} INFO - DAG(s) 'tutorial_dag' retrieved from /home/airflow/.local/lib/python3.12/site-packages/airflow/example_dags/tutorial_dag.py
[2026-09-23T19:02:20.774+0000] {logging_mixin.py:190} INFO - [2026-09-23T19:02:20.774+0000] {dag.py:3239} INFO - Sync 1 DAGs
[2026-09-23T19:02:20.797+0000] {logging_mixin.py:190} INFO - [2026-09-23T19:02:20.796+0000] {dag.py:4180} INFO - Setting next_dagrun for tutorial_dag to None, run_after=None
[2026-09-23T19:02:20.817+0000] {processor.py:208} INFO - Processing /home/airflow/.local/lib/python3.12/site-packages/airflow/example_dags/tutorial_dag.py took 0.088 seconds
[2026-09-23T19:02:51.081+0000] {processor.py:186} INFO - Started process (PID=19504) to work on /home/airflow/.local/lib/python3.12/site-packages/airflow/example_dags/tutorial_dag.py
[2026-09-23T19:02:51.082+0000] {processor.py:914} INFO - Processing file /home/airflow/.local/lib/python3.12/site-packages/airflow/example_dags/tutorial_dag.py for tasks to queue
[2026-09-23T19:02:51.086+0000] {logging_mixin.py:190} INFO - [2026-09-23T19:02:51.085+0000] {dagbag.py:588} INFO - Filling up the DagBag from /home/airflow/.local/lib/python3.12/site-packages/airflow/example_dags/tutorial_dag.py
[2026-09-23T19:02:51.096+0000] {processor.py:925} INFO - DAG(s) 'tutorial_dag' retrieved from /home/airflow/.local/lib/python3.12/site-packages/airflow/example_dags/tutorial_dag.py
[2026-09-23T19:02:51.121+0000] {logging_mixin.py:190} INFO - [2026-09-23T19:02:51.121+0000] {dag.py:3239} INFO - Sync 1 DAGs
[2026-09-23T19:02:51.143+0000] {logging_mixin.py:190} INFO - [2026-09-23T19:02:51.142+0000] {dag.py:4180} INFO - Setting next_dagrun for tutorial_dag to None, run_after=None
[2026-09-23T19:02:51.167+0000] {processor.py:208} INFO - Processing /home/airflow/.local/lib/python3.12/site-packages/airflow/example_dags/tutorial_dag.py took 0.095 seconds
[2026-09-23T19:03:21.945+0000] {processor.py:186} INFO - Started process (PID=19578) to work on /home/airflow/.local/lib/python3.12/site-packages/airflow/example_dags/tutorial_dag.py
[2026-09-23T19:03:21.946+0000] {processor.py:914} INFO - Processing file /home/airflow/.local/lib/python3.12/site-packages/airflow/example_dags/tutorial_dag.py for tasks to queue
[2026-09-23T19:03:21.949+0000] {logging_mixin.py:190} INFO - [2026-09-23T19:03:21.948+0000] {dagbag.py:588} INFO - Filling up the DagBag from /home/airflow/.local/lib/python3.12/site-packages/airflow/example_dags/tutorial_dag.py
[2026-09-23T19:03:21.959+0000] {processor.py:925} INFO - DAG(s) 'tutorial_dag' retrieved from /home/airflow/.local/lib/python3.12/site-packages/airflow/example_dags/tutorial_dag.py
[2026-09-23T19:03:21.984+0000] {logging_mixin.py:190} INFO - [2026-09-23T19:03:21.984+0000] {dag.py:3239} INFO - Sync 1 DAGs
[2026-09-23T19:03:22.004+0000] {logging_mixin.py:190} INFO - [2026-09-23T19:03:22.004+0000] {dag.py:4180} INFO - Setting next_dagrun for tutorial_dag to None, run_after=None
[2026-09-23T19:03:22.028+0000] {processor.py:208} INFO - Processing /home/airflow/.local/lib/python3.12/site-packages/airflow/example_dags/tutorial_dag.py took 0.091 seconds
[2026-09-23T19:03:52.810+0000] {processor.py:186} INFO - Started process (PID=19652) to work on /home/airflow/.local/lib/python3.12/site-packages/airflow/example_dags/tutorial_dag.py
[2026-09-23T19:03:52.812+0000] {processor.py:914} INFO - Processing file /home/airflow/.local/lib/python3.12/site-packages/airflow/example_dags/tutorial_dag.py for tasks to queue
[2026-09-23T19:03:52.815+0000] {logging_mixin.py:190} INFO - [2026-09-23T19:03:52.815+0000] {dagbag.py:588} INFO - Filling up the DagBag from /home/airflow/.local/lib/python3.12/site-packages/airflow/example_dags/tutorial_dag.py
[2026-09-23T19:03:52.825+0000] {processor.py:925} INFO - DAG(s) 'tutorial_dag' retrieved from /home/airflow/.local/lib/python3.12/site-packages/airflow/example_dags/tutorial_dag.py
[2026-09-23T19:03:52.850+0000] {logging_mixin.py:190} INFO - [2026-09-23T19:03:52.849+0000] {dag.py:3239} INFO - Sync 1 DAGs
[2026-09-23T19:03:52.871+0000] {logging_mixin.py:190} INFO - [2026-09-23T19:03:52.871+0000] {dag.py:4180} INFO - Setting next_dagrun for tutorial_dag to None, run_after=None
[2026-09-23T19:03:52.893+0000] {processor.py:208} INFO - Processing /home/airflow/.local/lib/python3.12/site-packages/airflow/example_dags/tutorial_dag.py took 0.092 seconds
[2026-09-23T19:04:23.015+0000] {processor.py:186} INFO - Started process (PID=19726) to work on /home/airflow/.local/lib/python3.12/site-packages/airflow/example_dags/tutorial_dag.py
[2026-09-23T19:04:23.016+0000] {processor.py:914} INFO - Processing file /home/airflow/.local/lib/python3.12/site-packages/airflow/example_dags/tutorial_dag.py for tasks to queue
[2026-09-23T19:04:23.020+0000] {logging_mixin.py:190} INFO - [2026-09-23T19:04:23.019+0000] {dagbag.py:588} INFO - Filling up the DagBag from /home/airflow/.local/lib/python3.12/site-packages/airflow/example_dags/tutorial_dag.py
[2026-09-23T19:04:23.030+0000] {processor.py:925} INFO - DAG(s) 'tutorial_dag' retrieved from /home/airflow/.local/lib/python3.12/site-packages/airflow/example_dags/tutorial_dag.py
[2026-09-23T19:04:23.056+0000] {logging_mixin.py:190} INFO - [2026-09-23T19:04:23.056+0000] {dag.py:3239} INFO - Sync 1 DAGs
[2026-09-23T19:04:23.078+0000] {logging_mixin.py:190} INFO - [2026-09-23T19:04:23.078+0000] {dag.py:4180} INFO - Setting next_dagrun for tutorial_dag to None, run_after=None
[2026-09-23T19:04:23.103+0000] {processor.py:208} INFO - Processing /home/airflow/.local/lib/python3.12/site-packages/airflow/example_dags/tutorial_dag.py took 0.096 seconds
[2026-09-23T19:04:53.512+0000] {processor.py:186} INFO - Started process (PID=19800) to work on /home/airflow/.local/lib/python3.12/site-packages/airflow/example_dags/tutorial_dag.py
[2026-09-23T19:04:53.514+0000] {processor.py:914} INFO - Processing file /home/airflow/.local/lib/python3.12/site-packages/airflow/example_dags/tutorial_dag.py for tasks to queue
[2026-09-23T19:04:53.517+0000] {logging_mixin.py:190} INFO - [2026-09-23T19:04:53.517+0000] {dagbag.py:588} INFO - Filling up the DagBag from /home/airflow/.local/lib/python3.12/site-packages/airflow/example_dags/tutorial_dag.py
[2026-09-23T19:04:53.527+0000] {processor.py:925} INFO - DAG(s) 'tutorial_dag' retrieved from /home/airflow/.local/lib/python3.12/site-packages/airflow/example_dags/tutorial_dag.py
[2026-09-23T19:04:53.550+0000] {logging_mixin.py:190} INFO - [2026-09-23T19:04:53.550+0000] {dag.py:3239} INFO - Sync 1 DAGs
[2026-09-23T19:04:53.573+0000] {logging_mixin.py:190} INFO - [2026-09-23T19:04:53.572+0000] {dag.py:4180} INFO - Setting next_dagrun for tutorial_dag to None, run_after=None
[2026-09-23T19:04:53.595+0000] {processor.py:208} INFO - Processing /home/airflow/.local/lib/python3.12/site-packages/airflow/example_dags/tutorial_dag.py took 0.091 seconds
[2026-09-23T19:05:23.962+0000] {processor.py:186} INFO - Started process (PID=19874) to work on /home/airflow/.local/lib/python3.12/site-packages/airflow/example_dags/tutorial_dag.py
[2026-09-23T19:05:23.963+0000] {processor.py:914} INFO - Processing file /home/airflow/.local/lib/python3.12/site-packages/airflow/example_dags/tutorial_dag.py for tasks to queue
[2026-09-23T19:05:23.966+0000] {logging_mixin.py:190} INFO - [2026-09-23T19:05:23.966+0000] {dagbag.py:588} INFO - Filling up the DagBag from /home/airflow/.local/lib/python3.12/site-packages/airflow/example_dags/tutorial_dag.py
[2026-09-23T19:05:23.976+0000] {processor.py:925} INFO - DAG(s) 'tutorial_dag' retrieved from /home/airflow/.local/lib/python3.12/site-packages/airflow/example_dags/tutorial_dag.py
[2026-09-23T19:05:24.000+0000] {logging_mixin.py:190} INFO - [2026-09-23T19:05:24.000+0000] {dag.py:3239} INFO - Sync 1 DAGs
[2026-09-23T19:05:24.021+0000] {logging_mixin.py:190} INFO - [2026-09-23T19:05:24.020+0000] {dag.py:4180} INFO - Setting next_dagrun for tutorial_dag to None, run_after=None
[2026-09-23T19:05:24.043+0000] {processor.py:208} INFO - Processing /home/airflow/.local/lib/python3.12/site-packages/airflow/example_dags/tutorial_dag.py took 0.089 seconds
[2026-09-23T19:05:54.350+0000] {processor.py:186} INFO - Started process (PID=19948) to work on /home/airflow/.local/lib/python3.12/site-packages/airflow/example_dags/tutorial_dag.py
[2026-09-23T19:05:54.352+0000] {processor.py:914} INFO - Processing file /home/airflow/.local/lib/python3.12/site-packages/airflow/example_dags/tutorial_dag.py for tasks to queue
[2026-09-23T19:05:54.356+0000] {logging_mixin.py:190} INFO - [2026-09-23T19:05:54.355+0000] {dagbag.py:588} INFO - Filling up the DagBag from /home/airflow/.local/lib/python3.12/site-packages/airflow/example_dags/tutorial_dag.py
[2026-09-23T19:05:54.365+0000] {processor.py:925} INFO - DAG(s) 'tutorial_dag' retrieved from /home/airflow/.local/lib/python3.12/site-packages/airflow/example_dags/tutorial_dag.py
[2026-09-23T19:05:54.391+0000] {logging_mixin.py:190} INFO - [2026-09-23T19:05:54.390+0000] {dag.py:3239} INFO - Sync 1 DAGs
[2026-09-23T19:05:54.413+0000] {logging_mixin.py:190} INFO - [2026-09-23T19:05:54.413+0000] {dag.py:4180} INFO - Setting next_dagrun for tutorial_dag to None, run_after=None
[2026-09-23T19:05:54.439+0000] {processor.py:208} INFO - Processing /home/airflow/.local/lib/python3.12/site-packages/airflow/example_dags/tutorial_dag.py took 0.096 seconds
[2026-09-23T19:06:24.549+0000] {processor.py:186} INFO - Started process (PID=20021) to work on /home/airflow/.local/lib/python3.12/site-packages/airflow/example_dags/tutorial_dag.py
[2026-09-23T19:06:24.550+0000] {processor.py:914} INFO - Processing file /home/airflow/.local/lib/python3.12/site-packages/airflow/example_dags/tutorial_dag.py for tasks to queue
[2026-09-23T19:06:24.553+0000] {logging_mixin.py:190} INFO - [2026-09-23T19:06:24.553+0000] {dagbag.py:588} INFO - Filling up the DagBag from /home/airflow/.local/lib/python3.12/site-packages/airflow/example_dags/tutorial_dag.py
[2026-09-23T19:06:24.563+0000] {processor.py:925} INFO - DAG(s) 'tutorial_dag' retrieved from /home/airflow/.local/lib/python3.12/site-packages/airflow/example_dags/tutorial_dag.py
[2026-09-23T19:06:24.591+0000] {logging_mixin.py:190} INFO - [2026-09-23T19:06:24.590+0000] {dag.py:3239} INFO - Sync 1 DAGs
[2026-09-23T19:06:24.612+0000] {logging_mixin.py:190} INFO - [2026-09-23T19:06:24.612+0000] {dag.py:4180} INFO - Setting next_dagrun for tutorial_dag to None, run_after=None
[2026-09-23T19:06:24.635+0000] {processor.py:208} INFO - Processing /home/airflow/.local/lib/python3.12/site-packages/airflow/example_dags/tutorial_dag.py took 0.095 seconds
[2026-09-23T19:06:55.154+0000] {processor.py:186} INFO - Started process (PID=20095) to work on /home/airflow/.local/lib/python3.12/site-packages/airflow/example_dags/tutorial_dag.py
[2026-09-23T19:06:55.156+0000] {processor.py:914} INFO - Processing file /home/airflow/.local/lib/python3.12/site-packages/airflow/example_dags/tutorial_dag.py for tasks to queue
[2026-09-23T19:06:55.159+0000] {logging_mixin.py:190} INFO - [2026-09-23T19:06:55.159+0000] {dagbag.py:588} INFO - Filling up the DagBag from /home/airflow/.local/lib/python3.12/site-packages/airflow/example_dags/tutorial_dag.py
[2026-09-23T19:06:55.169+0000] {processor.py:925} INFO - DAG(s) 'tutorial_dag' retrieved from /home/airflow/.local/lib/python3.12/site-packages/airflow/example_dags/tutorial_dag.py
[2026-09-23T19:06:55.196+0000] {logging_mixin.py:190} INFO - [2026-09-23T19:06:55.195+0000] {dag.py:3239} INFO - Sync 1 DAGs
[2026-09-23T19:06:55.218+0000] {logging_mixin.py:190} INFO - [2026-09-23T19:06:55.218+0000] {dag.py:4180} INFO - Setting next_dagrun for tutorial_dag to None, run_after=None
[2026-09-23T19:06:55.244+0000] {processor.py:208} INFO - Processing /home/airflow/.local/lib/python3.12/site-packages/airflow/example_dags/tutorial_dag.py took 0.099 seconds
[2026-09-23T19:07:26.009+0000] {processor.py:186} INFO - Started process (PID=20169) to work on /home/airflow/.local/lib/python3.12/site-packages/airflow/example_dags/tutorial_dag.py
[2026-09-23T19:07:26.010+0000] {processor.py:914} INFO - Processing file /home/airflow/.local/lib/python3.12/site-packages/airflow/example_dags/tutorial_dag.py for tasks to queue
[2026-09-23T19:07:26.013+0000] {logging_mixin.py:190} INFO - [2026-09-23T19:07:26.013+0000] {dagbag.py:588} INFO - Filling up the DagBag from /home/airflow/.local/lib/python3.12/site-packages/airflow/example_dags/tutorial_dag.py
[2026-09-23T19:07:26.022+0000] {processor.py:925} INFO - DAG(s) 'tutorial_dag' retrieved from /home/airflow/.local/lib/python3.12/site-packages/airflow/example_dags/tutorial_dag.py
[2026-09-23T19:07:26.044+0000] {logging_mixin.py:190} INFO - [2026-09-23T19:07:26.043+0000] {dag.py:3239} INFO - Sync 1 DAGs
[2026-09-23T19:07:26.063+0000] {logging_mixin.py:190} INFO - [2026-09-23T19:07:26.063+0000] {dag.py:4180} INFO - Setting next_dagrun for tutorial_dag to None, run_after=None
[2026-09-23T19:07:26.083+0000] {processor.py:208} INFO - Processing /home/airflow/.local/lib/python3.12/site-packages/airflow/example_dags/tutorial_dag.py took 0.081 seconds
[2026-09-23T19:07:56.158+0000] {processor.py:186} INFO - Started process (PID=20242) to work on /home/airflow/.local/lib/python3.12/site-packages/airflow/example_dags/tutorial_dag.py
[2026-09-23T19:07:56.159+0000] {processor.py:914} INFO - Processing file /home/airflow/.local/lib/python3.12/site-packages/airflow/example_dags/tutorial_dag.py for tasks to queue
[2026-09-23T19:07:56.162+0000] {logging_mixin.py:190} INFO - [2026-09-23T19:07:56.162+0000] {dagbag.py:588} INFO - Filling up the DagBag from /home/airflow/.local/lib/python3.12/site-packages/airflow/example_dags/tutorial_dag.py
[2026-09-23T19:07:56.171+0000] {processor.py:925} INFO - DAG(s) 'tutorial_dag' retrieved from /home/airflow/.local/lib/python3.12/site-packages/airflow/example_dags/tutorial_dag.py
[2026-09-23T19:07:56.193+0000] {logging_mixin.py:190} INFO - [2026-09-23T19:07:56.193+0000] {dag.py:3239} INFO - Sync 1 DAGs
[2026-09-23T19:07:56.212+0000] {logging_mixin.py:190} INFO - [2026-09-23T19:07:56.212+0000] {dag.py:4180} INFO - Setting next_dagrun for tutorial_dag to None, run_after=None
[2026-09-23T19:07:56.233+0000] {processor.py:208} INFO - Processing /home/airflow/.local/lib/python3.12/site-packages/airflow/example_dags/tutorial_dag.py took 0.083 seconds
[2026-09-23T19:08:26.384+0000] {processor.py:186} INFO - Started process (PID=20316) to work on /home/airflow/.local/lib/python3.12/site-packages/airflow/example_dags/tutorial_dag.py
[2026-09-23T19:08:26.384+0000] {processor.py:914} INFO - Processing file /home/airflow/.local/lib/python3.12/site-packages/airflow/example_dags/tutorial_dag.py for tasks to queue
[2026-09-23T19:08:26.387+0000] {logging_mixin.py:190} INFO - [2026-09-23T19:08:26.387+0000] {dagbag.py:588} INFO - Filling up the DagBag from /home/airflow/.local/lib/python3.12/site-packages/airflow/example_dags/tutorial_dag.py
[2026-09-23T19:08:26.395+0000] {processor.py:925} INFO - DAG(s) 'tutorial_dag' retrieved from /home/airflow/.local/lib/python3.12/site-packages/airflow/example_dags/tutorial_dag.py
[2026-09-23T19:08:26.418+0000] {logging_mixin.py:190} INFO - [2026-09-23T19:08:26.417+0000] {dag.py:3239} INFO - Sync 1 DAGs
[2026-09-23T19:08:26.437+0000] {logging_mixin.py:190} INFO - [2026-09-23T19:08:26.437+0000] {dag.py:4180} INFO - Setting next_dagrun for tutorial_dag to None, run_after=None
[2026-09-23T19:08:26.458+0000] {processor.py:208} INFO - Processing /home/airflow/.local/lib/python3.12/site-packages/airflow/example_dags/tutorial_dag.py took 0.082 seconds
[2026-09-23T19:08:56.954+0000] {processor.py:186} INFO - Started process (PID=20390) to work on /home/airflow/.local/lib/python3.12/site-packages/airflow/example_dags/tutorial_dag.py
[2026-09-23T19:08:56.957+0000] {processor.py:914} INFO - Processing file /home/airflow/.local/lib/python3.12/site-packages/airflow/example_dags/tutorial_dag.py for tasks to queue
[2026-09-23T19:08:56.962+0000] {logging_mixin.py:190} INFO - [2026-09-23T19:08:56.961+0000] {dagbag.py:588} INFO - Filling up the DagBag from /home/airflow/.local/lib/python3.12/site-packages/airflow/example_dags/tutorial_dag.py
[2026-09-23T19:08:56.971+0000] {processor.py:925} INFO - DAG(s) 'tutorial_dag' retrieved from /home/airflow/.local/lib/python3.12/site-packages/airflow/example_dags/tutorial_dag.py
[2026-09-23T19:08:56.995+0000] {logging_mixin.py:190} INFO - [2026-09-23T19:08:56.995+0000] {dag.py:3239} INFO - Sync 1 DAGs
[2026-09-23T19:08:57.015+0000] {logging_mixin.py:190} INFO - [2026-09-23T19:08:57.015+0000] {dag.py:4180} INFO - Setting next_dagrun for tutorial_dag to None, run_after=None
[2026-09-23T19:08:57.037+0000] {processor.py:208} INFO - Processing /home/airflow/.local/lib/python3.12/site-packages/airflow/example_dags/tutorial_dag.py took 0.093 seconds
[2026-09-23T19:09:27.102+0000] {processor.py:186} INFO - Started process (PID=20464) to work on /home/airflow/.local/lib/python3.12/site-packages/airflow/example_dags/tutorial_dag.py
[2026-09-23T19:09:27.103+0000] {processor.py:914} INFO - Processing file /home/airflow/.local/lib/python3.12/site-packages/airflow/example_dags/tutorial_dag.py for tasks to queue
[2026-09-23T19:09:27.107+0000] {logging_mixin.py:190} INFO - [2026-09-23T19:09:27.107+0000] {dagbag.py:588} INFO - Filling up the DagBag from /home/airflow/.local/lib/python3.12/site-packages/airflow/example_dags/tutorial_dag.py
[2026-09-23T19:09:27.118+0000] {processor.py:925} INFO - DAG(s) 'tutorial_dag' retrieved from /home/airflow/.local/lib/python3.12/site-packages/airflow/example_dags/tutorial_dag.py
[2026-09-23T19:09:27.144+0000] {logging_mixin.py:190} INFO - [2026-09-23T19:09:27.143+0000] {dag.py:3239} INFO - Sync 1 DAGs
[2026-09-23T19:09:27.166+0000] {logging_mixin.py:190} INFO - [2026-09-23T19:09:27.166+0000] {dag.py:4180} INFO - Setting next_dagrun for tutorial_dag to None, run_after=None
[2026-09-23T19:09:27.194+0000] {processor.py:208} INFO - Processing /home/airflow/.local/lib/python3.12/site-packages/airflow/example_dags/tutorial_dag.py took 0.103 seconds
[2026-09-23T19:09:57.275+0000] {processor.py:186} INFO - Started process (PID=20537) to work on /home/airflow/.local/lib/python3.12/site-packages/airflow/example_dags/tutorial_dag.py
[2026-09-23T19:09:57.277+0000] {processor.py:914} INFO - Processing file /home/airflow/.local/lib/python3.12/site-packages/airflow/example_dags/tutorial_dag.py for tasks to queue
[2026-09-23T19:09:57.279+0000] {logging_mixin.py:190} INFO - [2026-09-23T19:09:57.279+0000] {dagbag.py:588} INFO - Filling up the DagBag from /home/airflow/.local/lib/python3.12/site-packages/airflow/example_dags/tutorial_dag.py
[2026-09-23T19:09:57.288+0000] {processor.py:925} INFO - DAG(s) 'tutorial_dag' retrieved from /home/airflow/.local/lib/python3.12/site-packages/airflow/example_dags/tutorial_dag.py
[2026-09-23T19:09:57.310+0000] {logging_mixin.py:190} INFO - [2026-09-23T19:09:57.310+0000] {dag.py:3239} INFO - Sync 1 DAGs
[2026-09-23T19:09:57.329+0000] {logging_mixin.py:190} INFO - [2026-09-23T19:09:57.329+0000] {dag.py:4180} INFO - Setting next_dagrun for tutorial_dag to None, run_after=None
[2026-09-23T19:09:57.349+0000] {processor.py:208} INFO - Processing /home/airflow/.local/lib/python3.12/site-packages/airflow/example_dags/tutorial_dag.py took 0.082 seconds
[2026-09-23T19:10:28.252+0000] {processor.py:186} INFO - Started process (PID=20611) to work on /home/airflow/.local/lib/python3.12/site-packages/airflow/example_dags/tutorial_dag.py
[2026-09-23T19:10:28.253+0000] {processor.py:914} INFO - Processing file /home/airflow/.local/lib/python3.12/site-packages/airflow/example_dags/tutorial_dag.py for tasks to queue
[2026-09-23T19:10:28.256+0000] {logging_mixin.py:190} INFO - [2026-09-23T19:10:28.255+0000] {dagbag.py:588} INFO - Filling up the DagBag from /home/airflow/.local/lib/python3.12/site-packages/airflow/example_dags/tutorial_dag.py
[2026-09-23T19:10:28.267+0000] {processor.py:925} INFO - DAG(s) 'tutorial_dag' retrieved from /home/airflow/.local/lib/python3.12/site-packages/airflow/example_dags/tutorial_dag.py
[2026-09-23T19:10:28.292+0000] {logging_mixin.py:190} INFO - [2026-09-23T19:10:28.291+0000] {dag.py:3239} INFO - Sync 1 DAGs
[2026-09-23T19:10:28.311+0000] {logging_mixin.py:190} INFO - [2026-09-23T19:10:28.311+0000] {dag.py:4180} INFO - Setting next_dagrun for tutorial_dag to None, run_after=None
[2026-09-23T19:10:28.331+0000] {processor.py:208} INFO - Processing /home/airflow/.local/lib/python3.12/site-packages/airflow/example_dags/tutorial_dag.py took 0.088 seconds
[2026-09-23T19:10:58.977+0000] {processor.py:186} INFO - Started process (PID=20685) to work on /home/airflow/.local/lib/python3.12/site-packages/airflow/example_dags/tutorial_dag.py
[2026-09-23T19:10:58.979+0000] {processor.py:914} INFO - Processing file /home/airflow/.local/lib/python3.12/site-packages/airflow/example_dags/tutorial_dag.py for tasks to queue
[2026-09-23T19:10:58.983+0000] {logging_mixin.py:190} INFO - [2026-09-23T19:10:58.982+0000] {dagbag.py:588} INFO - Filling up the DagBag from /home/airflow/.local/lib/python3.12/site-packages/airflow/example_dags/tutorial_dag.py
[2026-09-23T19:10:58.995+0000] {processor.py:925} INFO - DAG(s) 'tutorial_dag' retrieved from /home/airflow/.local/lib/python3.12/site-packages/airflow/example_dags/tutorial_dag.py
[2026-09-23T19:10:59.021+0000] {logging_mixin.py:190} INFO - [2026-09-23T19:10:59.021+0000] {dag.py:3239} INFO - Sync 1 DAGs
[2026-09-23T19:10:59.043+0000] {logging_mixin.py:190} INFO - [2026-09-23T19:10:59.042+0000] {dag.py:4180} INFO - Setting next_dagrun for tutorial_dag to None, run_after=None
[2026-09-23T19:10:59.064+0000] {processor.py:208} INFO - Processing /home/airflow/.local/lib/python3.12/site-packages/airflow/example_dags/tutorial_dag.py took 0.096 seconds
[2026-09-23T19:11:29.918+0000] {processor.py:186} INFO - Started process (PID=20756) to work on /home/airflow/.local/lib/python3.12/site-packages/airflow/example_dags/tutorial_dag.py
[2026-09-23T19:11:29.918+0000] {processor.py:914} INFO - Processing file /home/airflow/.local/lib/python3.12/site-packages/airflow/example_dags/tutorial_dag.py for tasks to queue
[2026-09-23T19:11:29.921+0000] {logging_mixin.py:190} INFO - [2026-09-23T19:11:29.921+0000] {dagbag.py:588} INFO - Filling up the DagBag from /home/airflow/.local/lib/python3.12/site-packages/airflow/example_dags/tutorial_dag.py
[2026-09-23T19:11:29.931+0000] {processor.py:925} INFO - DAG(s) 'tutorial_dag' retrieved from /home/airflow/.local/lib/python3.12/site-packages/airflow/example_dags/tutorial_dag.py
[2026-09-23T19:11:29.956+0000] {logging_mixin.py:190} INFO - [2026-09-23T19:11:29.956+0000] {dag.py:3239} INFO - Sync 1 DAGs
[2026-09-23T19:11:29.981+0000] {logging_mixin.py:190} INFO - [2026-09-23T19:11:29.981+0000] {dag.py:4180} INFO - Setting next_dagrun for tutorial_dag to None, run_after=None
[2026-09-23T19:11:30.007+0000] {processor.py:208} INFO - Processing /home/airflow/.local/lib/python3.12/site-packages/airflow/example_dags/tutorial_dag.py took 0.101 seconds
[2026-09-23T19:12:00.078+0000] {processor.py:186} INFO - Started process (PID=20823) to work on /home/airflow/.local/lib/python3.12/site-packages/airflow/example_dags/tutorial_dag.py
[2026-09-23T19:12:00.080+0000] {processor.py:914} INFO - Processing file /home/airflow/.local/lib/python3.12/site-packages/airflow/example_dags/tutorial_dag.py for tasks to queue
[2026-09-23T19:12:00.084+0000] {logging_mixin.py:190} INFO - [2026-09-23T19:12:00.083+0000] {dagbag.py:588} INFO - Filling up the DagBag from /home/airflow/.local/lib/python3.12/site-packages/airflow/example_dags/tutorial_dag.py
[2026-09-23T19:12:00.096+0000] {processor.py:925} INFO - DAG(s) 'tutorial_dag' retrieved from /home/airflow/.local/lib/python3.12/site-packages/airflow/example_dags/tutorial_dag.py
[2026-09-23T19:12:00.125+0000] {logging_mixin.py:190} INFO - [2026-09-23T19:12:00.124+0000] {dag.py:3239} INFO - Sync 1 DAGs
[2026-09-23T19:12:00.151+0000] {logging_mixin.py:190} INFO - [2026-09-23T19:12:00.151+0000] {dag.py:4180} INFO - Setting next_dagrun for tutorial_dag to None, run_after=None
[2026-09-23T19:12:00.175+0000] {processor.py:208} INFO - Processing /home/airflow/.local/lib/python3.12/site-packages/airflow/example_dags/tutorial_dag.py took 0.108 seconds
[2026-09-23T19:12:30.354+0000] {processor.py:186} INFO - Started process (PID=20894) to work on /home/airflow/.local/lib/python3.12/site-packages/airflow/example_dags/tutorial_dag.py
[2026-09-23T19:12:30.356+0000] {processor.py:914} INFO - Processing file /home/airflow/.local/lib/python3.12/site-packages/airflow/example_dags/tutorial_dag.py for tasks to queue
[2026-09-23T19:12:30.359+0000] {logging_mixin.py:190} INFO - [2026-09-23T19:12:30.358+0000] {dagbag.py:588} INFO - Filling up the DagBag from /home/airflow/.local/lib/python3.12/site-packages/airflow/example_dags/tutorial_dag.py
[2026-09-23T19:12:30.368+0000] {processor.py:925} INFO - DAG(s) 'tutorial_dag' retrieved from /home/airflow/.local/lib/python3.12/site-packages/airflow/example_dags/tutorial_dag.py
[2026-09-23T19:12:30.394+0000] {logging_mixin.py:190} INFO - [2026-09-23T19:12:30.393+0000] {dag.py:3239} INFO - Sync 1 DAGs
[2026-09-23T19:12:30.416+0000] {logging_mixin.py:190} INFO - [2026-09-23T19:12:30.416+0000] {dag.py:4180} INFO - Setting next_dagrun for tutorial_dag to None, run_after=None
[2026-09-23T19:12:30.439+0000] {processor.py:208} INFO - Processing /home/airflow/.local/lib/python3.12/site-packages/airflow/example_dags/tutorial_dag.py took 0.095 seconds
[2026-09-23T19:13:00.849+0000] {processor.py:186} INFO - Started process (PID=20968) to work on /home/airflow/.local/lib/python3.12/site-packages/airflow/example_dags/tutorial_dag.py
[2026-09-23T19:13:00.850+0000] {processor.py:914} INFO - Processing file /home/airflow/.local/lib/python3.12/site-packages/airflow/example_dags/tutorial_dag.py for tasks to queue
[2026-09-23T19:13:00.853+0000] {logging_mixin.py:190} INFO - [2026-09-23T19:13:00.852+0000] {dagbag.py:588} INFO - Filling up the DagBag from /home/airflow/.local/lib/python3.12/site-packages/airflow/example_dags/tutorial_dag.py
[2026-09-23T19:13:00.863+0000] {processor.py:925} INFO - DAG(s) 'tutorial_dag' retrieved from /home/airflow/.local/lib/python3.12/site-packages/airflow/example_dags/tutorial_dag.py
[2026-09-23T19:13:00.889+0000] {logging_mixin.py:190} INFO - [2026-09-23T19:13:00.888+0000] {dag.py:3239} INFO - Sync 1 DAGs
[2026-09-23T19:13:00.912+0000] {logging_mixin.py:190} INFO - [2026-09-23T19:13:00.911+0000] {dag.py:4180} INFO - Setting next_dagrun for tutorial_dag to None, run_after=None
[2026-09-23T19:13:00.937+0000] {processor.py:208} INFO - Processing /home/airflow/.local/lib/python3.12/site-packages/airflow/example_dags/tutorial_dag.py took 0.097 seconds
[2026-09-23T19:13:31.368+0000] {processor.py:186} INFO - Started process (PID=21037) to work on /home/airflow/.local/lib/python3.12/site-packages/airflow/example_dags/tutorial_dag.py
[2026-09-23T19:13:31.369+0000] {processor.py:914} INFO - Processing file /home/airflow/.local/lib/python3.12/site-packages/airflow/example_dags/tutorial_dag.py for tasks to queue
[2026-09-23T19:13:31.373+0000] {logging_mixin.py:190} INFO - [2026-09-23T19:13:31.372+0000] {dagbag.py:588} INFO - Filling up the DagBag from /home/airflow/.local/lib/python3.12/site-packages/airflow/example_dags/tutorial_dag.py
[2026-09-23T19:13:31.385+0000] {processor.py:925} INFO - DAG(s) 'tutorial_dag' retrieved from /home/airflow/.local/lib/python3.12/site-packages/airflow/example_dags/tutorial_dag.py
[2026-09-23T19:13:31.414+0000] {logging_mixin.py:190} INFO - [2026-09-23T19:13:31.414+0000] {dag.py:3239} INFO - Sync 1 DAGs
[2026-09-23T19:13:31.439+0000] {logging_mixin.py:190} INFO - [2026-09-23T19:13:31.439+0000] {dag.py:4180} INFO - Setting next_dagrun for tutorial_dag to None, run_after=None
[2026-09-23T19:13:31.468+0000] {processor.py:208} INFO - Processing /home/airflow/.local/lib/python3.12/site-packages/airflow/example_dags/tutorial_dag.py took 0.109 seconds
[2026-09-23T19:14:02.345+0000] {processor.py:186} INFO - Started process (PID=21111) to work on /home/airflow/.local/lib/python3.12/site-packages/airflow/example_dags/tutorial_dag.py
[2026-09-23T19:14:02.346+0000] {processor.py:914} INFO - Processing file /home/airflow/.local/lib/python3.12/site-packages/airflow/example_dags/tutorial_dag.py for tasks to queue
[2026-09-23T19:14:02.348+0000] {logging_mixin.py:190} INFO - [2026-09-23T19:14:02.348+0000] {dagbag.py:588} INFO - Filling up the DagBag from /home/airflow/.local/lib/python3.12/site-packages/airflow/example_dags/tutorial_dag.py
[2026-09-23T19:14:02.358+0000] {processor.py:925} INFO - DAG(s) 'tutorial_dag' retrieved from /home/airflow/.local/lib/python3.12/site-packages/airflow/example_dags/tutorial_dag.py
[2026-09-23T19:14:02.383+0000] {logging_mixin.py:190} INFO - [2026-09-23T19:14:02.383+0000] {dag.py:3239} INFO - Sync 1 DAGs
[2026-09-23T19:14:02.405+0000] {logging_mixin.py:190} INFO - [2026-09-23T19:14:02.404+0000] {dag.py:4180} INFO - Setting next_dagrun for tutorial_dag to None, run_after=None
[2026-09-23T19:14:02.427+0000] {processor.py:208} INFO - Processing /home/airflow/.local/lib/python3.12/site-packages/airflow/example_dags/tutorial_dag.py took 0.091 seconds
[2026-09-23T19:14:32.632+0000] {processor.py:186} INFO - Started process (PID=21185) to work on /home/airflow/.local/lib/python3.12/site-packages/airflow/example_dags/tutorial_dag.py
[2026-09-23T19:14:32.634+0000] {processor.py:914} INFO - Processing file /home/airflow/.local/lib/python3.12/site-packages/airflow/example_dags/tutorial_dag.py for tasks to queue
[2026-09-23T19:14:32.637+0000] {logging_mixin.py:190} INFO - [2026-09-23T19:14:32.637+0000] {dagbag.py:588} INFO - Filling up the DagBag from /home/airflow/.local/lib/python3.12/site-packages/airflow/example_dags/tutorial_dag.py
[2026-09-23T19:14:32.655+0000] {processor.py:925} INFO - DAG(s) 'tutorial_dag' retrieved from /home/airflow/.local/lib/python3.12/site-packages/airflow/example_dags/tutorial_dag.py
[2026-09-23T19:14:32.687+0000] {logging_mixin.py:190} INFO - [2026-09-23T19:14:32.686+0000] {dag.py:3239} INFO - Sync 1 DAGs
[2026-09-23T19:14:32.711+0000] {logging_mixin.py:190} INFO - [2026-09-23T19:14:32.710+0000] {dag.py:4180} INFO - Setting next_dagrun for tutorial_dag to None, run_after=None
[2026-09-23T19:14:32.739+0000] {processor.py:208} INFO - Processing /home/airflow/.local/lib/python3.12/site-packages/airflow/example_dags/tutorial_dag.py took 0.116 seconds
[2026-09-23T19:15:02.828+0000] {processor.py:186} INFO - Started process (PID=21259) to work on /home/airflow/.local/lib/python3.12/site-packages/airflow/example_dags/tutorial_dag.py
[2026-09-23T19:15:02.830+0000] {processor.py:914} INFO - Processing file /home/airflow/.local/lib/python3.12/site-packages/airflow/example_dags/tutorial_dag.py for tasks to queue
[2026-09-23T19:15:02.832+0000] {logging_mixin.py:190} INFO - [2026-09-23T19:15:02.832+0000] {dagbag.py:588} INFO - Filling up the DagBag from /home/airflow/.local/lib/python3.12/site-packages/airflow/example_dags/tutorial_dag.py
[2026-09-23T19:15:02.842+0000] {processor.py:925} INFO - DAG(s) 'tutorial_dag' retrieved from /home/airflow/.local/lib/python3.12/site-packages/airflow/example_dags/tutorial_dag.py
[2026-09-23T19:15:02.868+0000] {logging_mixin.py:190} INFO - [2026-09-23T19:15:02.868+0000] {dag.py:3239} INFO - Sync 1 DAGs
[2026-09-23T19:15:02.894+0000] {logging_mixin.py:190} INFO - [2026-09-23T19:15:02.894+0000] {dag.py:4180} INFO - Setting next_dagrun for tutorial_dag to None, run_after=None
[2026-09-23T19:15:02.922+0000] {processor.py:208} INFO - Processing /home/airflow/.local/lib/python3.12/site-packages/airflow/example_dags/tutorial_dag.py took 0.103 seconds
[2026-09-23T19:15:33.353+0000] {processor.py:186} INFO - Started process (PID=21333) to work on /home/airflow/.local/lib/python3.12/site-packages/airflow/example_dags/tutorial_dag.py
[2026-09-23T19:15:33.353+0000] {processor.py:914} INFO - Processing file /home/airflow/.local/lib/python3.12/site-packages/airflow/example_dags/tutorial_dag.py for tasks to queue
[2026-09-23T19:15:33.356+0000] {logging_mixin.py:190} INFO - [2026-09-23T19:15:33.356+0000] {dagbag.py:588} INFO - Filling up the DagBag from /home/airflow/.local/lib/python3.12/site-packages/airflow/example_dags/tutorial_dag.py
[2026-09-23T19:15:33.366+0000] {processor.py:925} INFO - DAG(s) 'tutorial_dag' retrieved from /home/airflow/.local/lib/python3.12/site-packages/airflow/example_dags/tutorial_dag.py
[2026-09-23T19:15:33.392+0000] {logging_mixin.py:190} INFO - [2026-09-23T19:15:33.391+0000] {dag.py:3239} INFO - Sync 1 DAGs
[2026-09-23T19:15:33.415+0000] {logging_mixin.py:190} INFO - [2026-09-23T19:15:33.415+0000] {dag.py:4180} INFO - Setting next_dagrun for tutorial_dag to None, run_after=None
[2026-09-23T19:15:33.438+0000] {processor.py:208} INFO - Processing /home/airflow/.local/lib/python3.12/site-packages/airflow/example_dags/tutorial_dag.py took 0.096 seconds
[2026-09-23T19:16:04.141+0000] {processor.py:186} INFO - Started process (PID=21405) to work on /home/airflow/.local/lib/python3.12/site-packages/airflow/example_dags/tutorial_dag.py
[2026-09-23T19:16:04.143+0000] {processor.py:914} INFO - Processing file /home/airflow/.local/lib/python3.12/site-packages/airflow/example_dags/tutorial_dag.py for tasks to queue
[2026-09-23T19:16:04.146+0000] {logging_mixin.py:190} INFO - [2026-09-23T19:16:04.145+0000] {dagbag.py:588} INFO - Filling up the DagBag from /home/airflow/.local/lib/python3.12/site-packages/airflow/example_dags/tutorial_dag.py
[2026-09-23T19:16:04.155+0000] {processor.py:925} INFO - DAG(s) 'tutorial_dag' retrieved from /home/airflow/.local/lib/python3.12/site-packages/airflow/example_dags/tutorial_dag.py
[2026-09-23T19:16:04.179+0000] {logging_mixin.py:190} INFO - [2026-09-23T19:16:04.179+0000] {dag.py:3239} INFO - Sync 1 DAGs
[2026-09-23T19:16:04.205+0000] {logging_mixin.py:190} INFO - [2026-09-23T19:16:04.205+0000] {dag.py:4180} INFO - Setting next_dagrun for tutorial_dag to None, run_after=None
[2026-09-23T19:16:04.233+0000] {processor.py:208} INFO - Processing /home/airflow/.local/lib/python3.12/site-packages/airflow/example_dags/tutorial_dag.py took 0.101 seconds
[2026-09-23T19:16:34.325+0000] {processor.py:186} INFO - Started process (PID=21480) to work on /home/airflow/.local/lib/python3.12/site-packages/airflow/example_dags/tutorial_dag.py
[2026-09-23T19:16:34.326+0000] {processor.py:914} INFO - Processing file /home/airflow/.local/lib/python3.12/site-packages/airflow/example_dags/tutorial_dag.py for tasks to queue
[2026-09-23T19:16:34.329+0000] {logging_mixin.py:190} INFO - [2026-09-23T19:16:34.328+0000] {dagbag.py:588} INFO - Filling up the DagBag from /home/airflow/.local/lib/python3.12/site-packages/airflow/example_dags/tutorial_dag.py
[2026-09-23T19:16:34.339+0000] {processor.py:925} INFO - DAG(s) 'tutorial_dag' retrieved from /home/airflow/.local/lib/python3.12/site-packages/airflow/example_dags/tutorial_dag.py
[2026-09-23T19:16:34.366+0000] {logging_mixin.py:190} INFO - [2026-09-23T19:16:34.366+0000] {dag.py:3239} INFO - Sync 1 DAGs
[2026-09-23T19:16:34.393+0000] {logging_mixin.py:190} INFO - [2026-09-23T19:16:34.393+0000] {dag.py:4180} INFO - Setting next_dagrun for tutorial_dag to None, run_after=None
[2026-09-23T19:16:34.418+0000] {processor.py:208} INFO - Processing /home/airflow/.local/lib/python3.12/site-packages/airflow/example_dags/tutorial_dag.py took 0.104 seconds
[2026-09-23T19:17:04.586+0000] {processor.py:186} INFO - Started process (PID=21553) to work on /home/airflow/.local/lib/python3.12/site-packages/airflow/example_dags/tutorial_dag.py
[2026-09-23T19:17:04.588+0000] {processor.py:914} INFO - Processing file /home/airflow/.local/lib/python3.12/site-packages/airflow/example_dags/tutorial_dag.py for tasks to queue
[2026-09-23T19:17:04.591+0000] {logging_mixin.py:190} INFO - [2026-09-23T19:17:04.590+0000] {dagbag.py:588} INFO - Filling up the DagBag from /home/airflow/.local/lib/python3.12/site-packages/airflow/example_dags/tutorial_dag.py
[2026-09-23T19:17:04.602+0000] {processor.py:925} INFO - DAG(s) 'tutorial_dag' retrieved from /home/airflow/.local/lib/python3.12/site-packages/airflow/example_dags/tutorial_dag.py
[2026-09-23T19:17:04.630+0000] {logging_mixin.py:190} INFO - [2026-09-23T19:17:04.629+0000] {dag.py:3239} INFO - Sync 1 DAGs
[2026-09-23T19:17:04.656+0000] {logging_mixin.py:190} INFO - [2026-09-23T19:17:04.656+0000] {dag.py:4180} INFO - Setting next_dagrun for tutorial_dag to None, run_after=None
[2026-09-23T19:17:04.684+0000] {processor.py:208} INFO - Processing /home/airflow/.local/lib/python3.12/site-packages/airflow/example_dags/tutorial_dag.py took 0.106 seconds
[2026-09-23T19:17:34.944+0000] {processor.py:186} INFO - Started process (PID=21628) to work on /home/airflow/.local/lib/python3.12/site-packages/airflow/example_dags/tutorial_dag.py
[2026-09-23T19:17:34.945+0000] {processor.py:914} INFO - Processing file /home/airflow/.local/lib/python3.12/site-packages/airflow/example_dags/tutorial_dag.py for tasks to queue
[2026-09-23T19:17:34.948+0000] {logging_mixin.py:190} INFO - [2026-09-23T19:17:34.948+0000] {dagbag.py:588} INFO - Filling up the DagBag from /home/airflow/.local/lib/python3.12/site-packages/airflow/example_dags/tutorial_dag.py
[2026-09-23T19:17:34.957+0000] {processor.py:925} INFO - DAG(s) 'tutorial_dag' retrieved from /home/airflow/.local/lib/python3.12/site-packages/airflow/example_dags/tutorial_dag.py
[2026-09-23T19:17:34.982+0000] {logging_mixin.py:190} INFO - [2026-09-23T19:17:34.981+0000] {dag.py:3239} INFO - Sync 1 DAGs
[2026-09-23T19:17:35.005+0000] {logging_mixin.py:190} INFO - [2026-09-23T19:17:35.004+0000] {dag.py:4180} INFO - Setting next_dagrun for tutorial_dag to None, run_after=None
[2026-09-23T19:17:35.029+0000] {processor.py:208} INFO - Processing /home/airflow/.local/lib/python3.12/site-packages/airflow/example_dags/tutorial_dag.py took 0.094 seconds
[2026-09-23T19:18:05.354+0000] {processor.py:186} INFO - Started process (PID=21702) to work on /home/airflow/.local/lib/python3.12/site-packages/airflow/example_dags/tutorial_dag.py
[2026-09-23T19:18:05.356+0000] {processor.py:914} INFO - Processing file /home/airflow/.local/lib/python3.12/site-packages/airflow/example_dags/tutorial_dag.py for tasks to queue
[2026-09-23T19:18:05.364+0000] {logging_mixin.py:190} INFO - [2026-09-23T19:18:05.363+0000] {dagbag.py:588} INFO - Filling up the DagBag from /home/airflow/.local/lib/python3.12/site-packages/airflow/example_dags/tutorial_dag.py
[2026-09-23T19:18:05.374+0000] {processor.py:925} INFO - DAG(s) 'tutorial_dag' retrieved from /home/airflow/.local/lib/python3.12/site-packages/airflow/example_dags/tutorial_dag.py
[2026-09-23T19:18:05.402+0000] {logging_mixin.py:190} INFO - [2026-09-23T19:18:05.402+0000] {dag.py:3239} INFO - Sync 1 DAGs
[2026-09-23T19:18:05.427+0000] {logging_mixin.py:190} INFO - [2026-09-23T19:18:05.427+0000] {dag.py:4180} INFO - Setting next_dagrun for tutorial_dag to None, run_after=None
[2026-09-23T19:18:05.449+0000] {processor.py:208} INFO - Processing /home/airflow/.local/lib/python3.12/site-packages/airflow/example_dags/tutorial_dag.py took 0.110 seconds
[2026-09-23T19:18:35.850+0000] {processor.py:186} INFO - Started process (PID=21770) to work on /home/airflow/.local/lib/python3.12/site-packages/airflow/example_dags/tutorial_dag.py
[2026-09-23T19:18:35.851+0000] {processor.py:914} INFO - Processing file /home/airflow/.local/lib/python3.12/site-packages/airflow/example_dags/tutorial_dag.py for tasks to queue
[2026-09-23T19:18:35.855+0000] {logging_mixin.py:190} INFO - [2026-09-23T19:18:35.854+0000] {dagbag.py:588} INFO - Filling up the DagBag from /home/airflow/.local/lib/python3.12/site-packages/airflow/example_dags/tutorial_dag.py
[2026-09-23T19:18:35.865+0000] {processor.py:925} INFO - DAG(s) 'tutorial_dag' retrieved from /home/airflow/.local/lib/python3.12/site-packages/airflow/example_dags/tutorial_dag.py
[2026-09-23T19:18:35.891+0000] {logging_mixin.py:190} INFO - [2026-09-23T19:18:35.891+0000] {dag.py:3239} INFO - Sync 1 DAGs
[2026-09-23T19:18:35.914+0000] {logging_mixin.py:190} INFO - [2026-09-23T19:18:35.914+0000] {dag.py:4180} INFO - Setting next_dagrun for tutorial_dag to None, run_after=None
[2026-09-23T19:18:35.938+0000] {processor.py:208} INFO - Processing /home/airflow/.local/lib/python3.12/site-packages/airflow/example_dags/tutorial_dag.py took 0.100 seconds
[2026-09-23T19:19:06.003+0000] {processor.py:186} INFO - Started process (PID=21844) to work on /home/airflow/.local/lib/python3.12/site-packages/airflow/example_dags/tutorial_dag.py
[2026-09-23T19:19:06.005+0000] {processor.py:914} INFO - Processing file /home/airflow/.local/lib/python3.12/site-packages/airflow/example_dags/tutorial_dag.py for tasks to queue
[2026-09-23T19:19:06.009+0000] {logging_mixin.py:190} INFO - [2026-09-23T19:19:06.008+0000] {dagbag.py:588} INFO - Filling up the DagBag from /home/airflow/.local/lib/python3.12/site-packages/airflow/example_dags/tutorial_dag.py
[2026-09-23T19:19:06.020+0000] {processor.py:925} INFO - DAG(s) 'tutorial_dag' retrieved from /home/airflow/.local/lib/python3.12/site-packages/airflow/example_dags/tutorial_dag.py
[2026-09-23T19:19:06.050+0000] {logging_mixin.py:190} INFO - [2026-09-23T19:19:06.049+0000] {dag.py:3239} INFO - Sync 1 DAGs
[2026-09-23T19:19:06.078+0000] {logging_mixin.py:190} INFO - [2026-09-23T19:19:06.077+0000] {dag.py:4180} INFO - Setting next_dagrun for tutorial_dag to None, run_after=None
[2026-09-23T19:19:06.108+0000] {processor.py:208} INFO - Processing /home/airflow/.local/lib/python3.12/site-packages/airflow/example_dags/tutorial_dag.py took 0.116 seconds
[2026-09-23T19:19:36.398+0000] {processor.py:186} INFO - Started process (PID=21918) to work on /home/airflow/.local/lib/python3.12/site-packages/airflow/example_dags/tutorial_dag.py
[2026-09-23T19:19:36.399+0000] {processor.py:914} INFO - Processing file /home/airflow/.local/lib/python3.12/site-packages/airflow/example_dags/tutorial_dag.py for tasks to queue
[2026-09-23T19:19:36.404+0000] {logging_mixin.py:190} INFO - [2026-09-23T19:19:36.403+0000] {dagbag.py:588} INFO - Filling up the DagBag from /home/airflow/.local/lib/python3.12/site-packages/airflow/example_dags/tutorial_dag.py
[2026-09-23T19:19:36.417+0000] {processor.py:925} INFO - DAG(s) 'tutorial_dag' retrieved from /home/airflow/.local/lib/python3.12/site-packages/airflow/example_dags/tutorial_dag.py
[2026-09-23T19:19:36.446+0000] {logging_mixin.py:190} INFO - [2026-09-23T19:19:36.446+0000] {dag.py:3239} INFO - Sync 1 DAGs
[2026-09-23T19:19:36.469+0000] {logging_mixin.py:190} INFO - [2026-09-23T19:19:36.469+0000] {dag.py:4180} INFO - Setting next_dagrun for tutorial_dag to None, run_after=None
[2026-09-23T19:19:36.503+0000] {processor.py:208} INFO - Processing /home/airflow/.local/lib/python3.12/site-packages/airflow/example_dags/tutorial_dag.py took 0.117 seconds
[2026-09-23T19:20:06.760+0000] {processor.py:186} INFO - Started process (PID=21992) to work on /home/airflow/.local/lib/python3.12/site-packages/airflow/example_dags/tutorial_dag.py
[2026-09-23T19:20:06.763+0000] {processor.py:914} INFO - Processing file /home/airflow/.local/lib/python3.12/site-packages/airflow/example_dags/tutorial_dag.py for tasks to queue
[2026-09-23T19:20:06.770+0000] {logging_mixin.py:190} INFO - [2026-09-23T19:20:06.769+0000] {dagbag.py:588} INFO - Filling up the DagBag from /home/airflow/.local/lib/python3.12/site-packages/airflow/example_dags/tutorial_dag.py
[2026-09-23T19:20:06.784+0000] {processor.py:925} INFO - DAG(s) 'tutorial_dag' retrieved from /home/airflow/.local/lib/python3.12/site-packages/airflow/example_dags/tutorial_dag.py
[2026-09-23T19:20:06.815+0000] {logging_mixin.py:190} INFO - [2026-09-23T19:20:06.814+0000] {dag.py:3239} INFO - Sync 1 DAGs
[2026-09-23T19:20:06.843+0000] {logging_mixin.py:190} INFO - [2026-09-23T19:20:06.843+0000] {dag.py:4180} INFO - Setting next_dagrun for tutorial_dag to None, run_after=None
[2026-09-23T19:20:06.872+0000] {processor.py:208} INFO - Processing /home/airflow/.local/lib/python3.12/site-packages/airflow/example_dags/tutorial_dag.py took 0.127 seconds
[2026-09-23T19:20:37.126+0000] {processor.py:186} INFO - Started process (PID=22066) to work on /home/airflow/.local/lib/python3.12/site-packages/airflow/example_dags/tutorial_dag.py
[2026-09-23T19:20:37.128+0000] {processor.py:914} INFO - Processing file /home/airflow/.local/lib/python3.12/site-packages/airflow/example_dags/tutorial_dag.py for tasks to queue
[2026-09-23T19:20:37.132+0000] {logging_mixin.py:190} INFO - [2026-09-23T19:20:37.131+0000] {dagbag.py:588} INFO - Filling up the DagBag from /home/airflow/.local/lib/python3.12/site-packages/airflow/example_dags/tutorial_dag.py
[2026-09-23T19:20:37.146+0000] {processor.py:925} INFO - DAG(s) 'tutorial_dag' retrieved from /home/airflow/.local/lib/python3.12/site-packages/airflow/example_dags/tutorial_dag.py
[2026-09-23T19:20:37.180+0000] {logging_mixin.py:190} INFO - [2026-09-23T19:20:37.180+0000] {dag.py:3239} INFO - Sync 1 DAGs
[2026-09-23T19:20:37.206+0000] {logging_mixin.py:190} INFO - [2026-09-23T19:20:37.205+0000] {dag.py:4180} INFO - Setting next_dagrun for tutorial_dag to None, run_after=None
[2026-09-23T19:20:37.236+0000] {processor.py:208} INFO - Processing /home/airflow/.local/lib/python3.12/site-packages/airflow/example_dags/tutorial_dag.py took 0.120 seconds
[2026-09-23T19:21:07.688+0000] {processor.py:186} INFO - Started process (PID=22141) to work on /home/airflow/.local/lib/python3.12/site-packages/airflow/example_dags/tutorial_dag.py
[2026-09-23T19:21:07.692+0000] {processor.py:914} INFO - Processing file /home/airflow/.local/lib/python3.12/site-packages/airflow/example_dags/tutorial_dag.py for tasks to queue
[2026-09-23T19:21:07.699+0000] {logging_mixin.py:190} INFO - [2026-09-23T19:21:07.698+0000] {dagbag.py:588} INFO - Filling up the DagBag from /home/airflow/.local/lib/python3.12/site-packages/airflow/example_dags/tutorial_dag.py
[2026-09-23T19:21:07.716+0000] {processor.py:925} INFO - DAG(s) 'tutorial_dag' retrieved from /home/airflow/.local/lib/python3.12/site-packages/airflow/example_dags/tutorial_dag.py
[2026-09-23T19:21:07.755+0000] {logging_mixin.py:190} INFO - [2026-09-23T19:21:07.754+0000] {dag.py:3239} INFO - Sync 1 DAGs
[2026-09-23T19:21:07.788+0000] {logging_mixin.py:190} INFO - [2026-09-23T19:21:07.787+0000] {dag.py:4180} INFO - Setting next_dagrun for tutorial_dag to None, run_after=None
[2026-09-23T19:21:07.823+0000] {processor.py:208} INFO - Processing /home/airflow/.local/lib/python3.12/site-packages/airflow/example_dags/tutorial_dag.py took 0.151 seconds
[2026-09-23T19:21:38.163+0000] {processor.py:186} INFO - Started process (PID=22214) to work on /home/airflow/.local/lib/python3.12/site-packages/airflow/example_dags/tutorial_dag.py
[2026-09-23T19:21:38.165+0000] {processor.py:914} INFO - Processing file /home/airflow/.local/lib/python3.12/site-packages/airflow/example_dags/tutorial_dag.py for tasks to queue
[2026-09-23T19:21:38.170+0000] {logging_mixin.py:190} INFO - [2026-09-23T19:21:38.170+0000] {dagbag.py:588} INFO - Filling up the DagBag from /home/airflow/.local/lib/python3.12/site-packages/airflow/example_dags/tutorial_dag.py
[2026-09-23T19:21:38.184+0000] {processor.py:925} INFO - DAG(s) 'tutorial_dag' retrieved from /home/airflow/.local/lib/python3.12/site-packages/airflow/example_dags/tutorial_dag.py
[2026-09-23T19:21:38.214+0000] {logging_mixin.py:190} INFO - [2026-09-23T19:21:38.214+0000] {dag.py:3239} INFO - Sync 1 DAGs
[2026-09-23T19:21:38.239+0000] {logging_mixin.py:190} INFO - [2026-09-23T19:21:38.239+0000] {dag.py:4180} INFO - Setting next_dagrun for tutorial_dag to None, run_after=None
[2026-09-23T19:21:38.268+0000] {processor.py:208} INFO - Processing /home/airflow/.local/lib/python3.12/site-packages/airflow/example_dags/tutorial_dag.py took 0.118 seconds
[2026-09-23T19:22:09.148+0000] {processor.py:186} INFO - Started process (PID=22288) to work on /home/airflow/.local/lib/python3.12/site-packages/airflow/example_dags/tutorial_dag.py
[2026-09-23T19:22:09.149+0000] {processor.py:914} INFO - Processing file /home/airflow/.local/lib/python3.12/site-packages/airflow/example_dags/tutorial_dag.py for tasks to queue
[2026-09-23T19:22:09.152+0000] {logging_mixin.py:190} INFO - [2026-09-23T19:22:09.151+0000] {dagbag.py:588} INFO - Filling up the DagBag from /home/airflow/.local/lib/python3.12/site-packages/airflow/example_dags/tutorial_dag.py
[2026-09-23T19:22:09.161+0000] {processor.py:925} INFO - DAG(s) 'tutorial_dag' retrieved from /home/airflow/.local/lib/python3.12/site-packages/airflow/example_dags/tutorial_dag.py
[2026-09-23T19:22:09.187+0000] {logging_mixin.py:190} INFO - [2026-09-23T19:22:09.186+0000] {dag.py:3239} INFO - Sync 1 DAGs
[2026-09-23T19:22:09.211+0000] {logging_mixin.py:190} INFO - [2026-09-23T19:22:09.211+0000] {dag.py:4180} INFO - Setting next_dagrun for tutorial_dag to None, run_after=None
[2026-09-23T19:22:09.236+0000] {processor.py:208} INFO - Processing /home/airflow/.local/lib/python3.12/site-packages/airflow/example_dags/tutorial_dag.py took 0.097 seconds
[2026-09-23T19:22:39.396+0000] {processor.py:186} INFO - Started process (PID=22362) to work on /home/airflow/.local/lib/python3.12/site-packages/airflow/example_dags/tutorial_dag.py
[2026-09-23T19:22:39.397+0000] {processor.py:914} INFO - Processing file /home/airflow/.local/lib/python3.12/site-packages/airflow/example_dags/tutorial_dag.py for tasks to queue
[2026-09-23T19:22:39.400+0000] {logging_mixin.py:190} INFO - [2026-09-23T19:22:39.400+0000] {dagbag.py:588} INFO - Filling up the DagBag from /home/airflow/.local/lib/python3.12/site-packages/airflow/example_dags/tutorial_dag.py
[2026-09-23T19:22:39.413+0000] {processor.py:925} INFO - DAG(s) 'tutorial_dag' retrieved from /home/airflow/.local/lib/python3.12/site-packages/airflow/example_dags/tutorial_dag.py
[2026-09-23T19:22:39.447+0000] {logging_mixin.py:190} INFO - [2026-09-23T19:22:39.446+0000] {dag.py:3239} INFO - Sync 1 DAGs
[2026-09-23T19:22:39.487+0000] {logging_mixin.py:190} INFO - [2026-09-23T19:22:39.486+0000] {dag.py:4180} INFO - Setting next_dagrun for tutorial_dag to None, run_after=None
[2026-09-23T19:22:39.514+0000] {processor.py:208} INFO - Processing /home/airflow/.local/lib/python3.12/site-packages/airflow/example_dags/tutorial_dag.py took 0.129 seconds
[2026-09-23T19:23:09.731+0000] {processor.py:186} INFO - Started process (PID=22437) to work on /home/airflow/.local/lib/python3.12/site-packages/airflow/example_dags/tutorial_dag.py
[2026-09-23T19:23:09.732+0000] {processor.py:914} INFO - Processing file /home/airflow/.local/lib/python3.12/site-packages/airflow/example_dags/tutorial_dag.py for tasks to queue
[2026-09-23T19:23:09.736+0000] {logging_mixin.py:190} INFO - [2026-09-23T19:23:09.735+0000] {dagbag.py:588} INFO - Filling up the DagBag from /home/airflow/.local/lib/python3.12/site-packages/airflow/example_dags/tutorial_dag.py
[2026-09-23T19:23:09.748+0000] {processor.py:925} INFO - DAG(s) 'tutorial_dag' retrieved from /home/airflow/.local/lib/python3.12/site-packages/airflow/example_dags/tutorial_dag.py
[2026-09-23T19:23:09.792+0000] {logging_mixin.py:190} INFO - [2026-09-23T19:23:09.792+0000] {dag.py:3239} INFO - Sync 1 DAGs
[2026-09-23T19:23:09.821+0000] {logging_mixin.py:190} INFO - [2026-09-23T19:23:09.821+0000] {dag.py:4180} INFO - Setting next_dagrun for tutorial_dag to None, run_after=None
[2026-09-23T19:23:09.850+0000] {processor.py:208} INFO - Processing /home/airflow/.local/lib/python3.12/site-packages/airflow/example_dags/tutorial_dag.py took 0.133 seconds
[2026-09-23T19:23:40.130+0000] {processor.py:186} INFO - Started process (PID=22510) to work on /home/airflow/.local/lib/python3.12/site-packages/airflow/example_dags/tutorial_dag.py
[2026-09-23T19:23:40.132+0000] {processor.py:914} INFO - Processing file /home/airflow/.local/lib/python3.12/site-packages/airflow/example_dags/tutorial_dag.py for tasks to queue
[2026-09-23T19:23:40.141+0000] {logging_mixin.py:190} INFO - [2026-09-23T19:23:40.139+0000] {dagbag.py:588} INFO - Filling up the DagBag from /home/airflow/.local/lib/python3.12/site-packages/airflow/example_dags/tutorial_dag.py
[2026-09-23T19:23:40.160+0000] {processor.py:925} INFO - DAG(s) 'tutorial_dag' retrieved from /home/airflow/.local/lib/python3.12/site-packages/airflow/example_dags/tutorial_dag.py
[2026-09-23T19:23:40.193+0000] {logging_mixin.py:190} INFO - [2026-09-23T19:23:40.192+0000] {dag.py:3239} INFO - Sync 1 DAGs
[2026-09-23T19:23:40.218+0000] {logging_mixin.py:190} INFO - [2026-09-23T19:23:40.217+0000] {dag.py:4180} INFO - Setting next_dagrun for tutorial_dag to None, run_after=None
[2026-09-23T19:23:40.246+0000] {processor.py:208} INFO - Processing /home/airflow/.local/lib/python3.12/site-packages/airflow/example_dags/tutorial_dag.py took 0.127 seconds
[2026-09-23T19:24:10.638+0000] {processor.py:186} INFO - Started process (PID=22584) to work on /home/airflow/.local/lib/python3.12/site-packages/airflow/example_dags/tutorial_dag.py
[2026-09-23T19:24:10.648+0000] {processor.py:914} INFO - Processing file /home/airflow/.local/lib/python3.12/site-packages/airflow/example_dags/tutorial_dag.py for tasks to queue
[2026-09-23T19:24:10.659+0000] {logging_mixin.py:190} INFO - [2026-09-23T19:24:10.658+0000] {dagbag.py:588} INFO - Filling up the DagBag from /home/airflow/.local/lib/python3.12/site-packages/airflow/example_dags/tutorial_dag.py
[2026-09-23T19:24:10.674+0000] {processor.py:925} INFO - DAG(s) 'tutorial_dag' retrieved from /home/airflow/.local/lib/python3.12/site-packages/airflow/example_dags/tutorial_dag.py
[2026-09-23T19:24:10.709+0000] {logging_mixin.py:190} INFO - [2026-09-23T19:24:10.709+0000] {dag.py:3239} INFO - Sync 1 DAGs
[2026-09-23T19:24:10.734+0000] {logging_mixin.py:190} INFO - [2026-09-23T19:24:10.734+0000] {dag.py:4180} INFO - Setting next_dagrun for tutorial_dag to None, run_after=None
[2026-09-23T19:24:10.777+0000] {processor.py:208} INFO - Processing /home/airflow/.local/lib/python3.12/site-packages/airflow/example_dags/tutorial_dag.py took 0.149 seconds
[2026-09-23T19:24:40.932+0000] {processor.py:186} INFO - Started process (PID=22658) to work on /home/airflow/.local/lib/python3.12/site-packages/airflow/example_dags/tutorial_dag.py
[2026-09-23T19:24:40.934+0000] {processor.py:914} INFO - Processing file /home/airflow/.local/lib/python3.12/site-packages/airflow/example_dags/tutorial_dag.py for tasks to queue
[2026-09-23T19:24:40.938+0000] {logging_mixin.py:190} INFO - [2026-09-23T19:24:40.937+0000] {dagbag.py:588} INFO - Filling up the DagBag from /home/airflow/.local/lib/python3.12/site-packages/airflow/example_dags/tutorial_dag.py
[2026-09-23T19:24:40.950+0000] {processor.py:925} INFO - DAG(s) 'tutorial_dag' retrieved from /home/airflow/.local/lib/python3.12/site-packages/airflow/example_dags/tutorial_dag.py
[2026-09-23T19:24:40.990+0000] {logging_mixin.py:190} INFO - [2026-09-23T19:24:40.990+0000] {dag.py:3239} INFO - Sync 1 DAGs
[2026-09-23T19:24:41.016+0000] {logging_mixin.py:190} INFO - [2026-09-23T19:24:41.015+0000] {dag.py:4180} INFO - Setting next_dagrun for tutorial_dag to None, run_after=None
[2026-09-23T19:24:41.048+0000] {processor.py:208} INFO - Processing /home/airflow/.local/lib/python3.12/site-packages/airflow/example_dags/tutorial_dag.py took 0.125 seconds
[2026-09-23T19:25:11.220+0000] {processor.py:186} INFO - Started process (PID=22731) to work on /home/airflow/.local/lib/python3.12/site-packages/airflow/example_dags/tutorial_dag.py
[2026-09-23T19:25:11.221+0000] {processor.py:914} INFO - Processing file /home/airflow/.local/lib/python3.12/site-packages/airflow/example_dags/tutorial_dag.py for tasks to queue
[2026-09-23T19:25:11.224+0000] {logging_mixin.py:190} INFO - [2026-09-23T19:25:11.223+0000] {dagbag.py:588} INFO - Filling up the DagBag from /home/airflow/.local/lib/python3.12/site-packages/airflow/example_dags/tutorial_dag.py
[2026-09-23T19:25:11.236+0000] {processor.py:925} INFO - DAG(s) 'tutorial_dag' retrieved from /home/airflow/.local/lib/python3.12/site-packages/airflow/example_dags/tutorial_dag.py
[2026-09-23T19:25:11.265+0000] {logging_mixin.py:190} INFO - [2026-09-23T19:25:11.265+0000] {dag.py:3239} INFO - Sync 1 DAGs
[2026-09-23T19:25:11.290+0000] {logging_mixin.py:190} INFO - [2026-09-23T19:25:11.289+0000] {dag.py:4180} INFO - Setting next_dagrun for tutorial_dag to None, run_after=None
[2026-09-23T19:25:11.333+0000] {processor.py:208} INFO - Processing /home/airflow/.local/lib/python3.12/site-packages/airflow/example_dags/tutorial_dag.py took 0.122 seconds
[2026-09-23T19:25:42.310+0000] {processor.py:186} INFO - Started process (PID=22805) to work on /home/airflow/.local/lib/python3.12/site-packages/airflow/example_dags/tutorial_dag.py
[2026-09-23T19:25:42.312+0000] {processor.py:914} INFO - Processing file /home/airflow/.local/lib/python3.12/site-packages/airflow/example_dags/tutorial_dag.py for tasks to queue
[2026-09-23T19:25:42.315+0000] {logging_mixin.py:190} INFO - [2026-09-23T19:25:42.315+0000] {dagbag.py:588} INFO - Filling up the DagBag from /home/airflow/.local/lib/python3.12/site-packages/airflow/example_dags/tutorial_dag.py
[2026-09-23T19:25:42.327+0000] {processor.py:925} INFO - DAG(s) 'tutorial_dag' retrieved from /home/airflow/.local/lib/python3.12/site-packages/airflow/example_dags/tutorial_dag.py
[2026-09-23T19:25:42.356+0000] {logging_mixin.py:190} INFO - [2026-09-23T19:25:42.356+0000] {dag.py:3239} INFO - Sync 1 DAGs
[2026-09-23T19:25:42.381+0000] {logging_mixin.py:190} INFO - [2026-09-23T19:25:42.381+0000] {dag.py:4180} INFO - Setting next_dagrun for tutorial_dag to None, run_after=None
[2026-09-23T19:25:42.416+0000] {processor.py:208} INFO - Processing /home/airflow/.local/lib/python3.12/site-packages/airflow/example_dags/tutorial_dag.py took 0.116 seconds
[2026-09-23T19:26:12.704+0000] {processor.py:186} INFO - Started process (PID=22879) to work on /home/airflow/.local/lib/python3.12/site-packages/airflow/example_dags/tutorial_dag.py
[2026-09-23T19:26:12.705+0000] {processor.py:914} INFO - Processing file /home/airflow/.local/lib/python3.12/site-packages/airflow/example_dags/tutorial_dag.py for tasks to queue
[2026-09-23T19:26:12.708+0000] {logging_mixin.py:190} INFO - [2026-09-23T19:26:12.708+0000] {dagbag.py:588} INFO - Filling up the DagBag from /home/airflow/.local/lib/python3.12/site-packages/airflow/example_dags/tutorial_dag.py
[2026-09-23T19:26:12.720+0000] {processor.py:925} INFO - DAG(s) 'tutorial_dag' retrieved from /home/airflow/.local/lib/python3.12/site-packages/airflow/example_dags/tutorial_dag.py
[2026-09-23T19:26:12.752+0000] {logging_mixin.py:190} INFO - [2026-09-23T19:26:12.751+0000] {dag.py:3239} INFO - Sync 1 DAGs
[2026-09-23T19:26:12.777+0000] {logging_mixin.py:190} INFO - [2026-09-23T19:26:12.777+0000] {dag.py:4180} INFO - Setting next_dagrun for tutorial_dag to None, run_after=None
[2026-09-23T19:26:12.827+0000] {processor.py:208} INFO - Processing /home/airflow/.local/lib/python3.12/site-packages/airflow/example_dags/tutorial_dag.py took 0.133 seconds
[2026-09-23T19:26:43.701+0000] {processor.py:186} INFO - Started process (PID=22953) to work on /home/airflow/.local/lib/python3.12/site-packages/airflow/example_dags/tutorial_dag.py
[2026-09-23T19:26:43.703+0000] {processor.py:914} INFO - Processing file /home/airflow/.local/lib/python3.12/site-packages/airflow/example_dags/tutorial_dag.py for tasks to queue
[2026-09-23T19:26:43.706+0000] {logging_mixin.py:190} INFO - [2026-09-23T19:26:43.706+0000] {dagbag.py:588} INFO - Filling up the DagBag from /home/airflow/.local/lib/python3.12/site-packages/airflow/example_dags/tutorial_dag.py
[2026-09-23T19:26:43.720+0000] {processor.py:925} INFO - DAG(s) 'tutorial_dag' retrieved from /home/airflow/.local/lib/python3.12/site-packages/airflow/example_dags/tutorial_dag.py
[2026-09-23T19:26:43.750+0000] {logging_mixin.py:190} INFO - [2026-09-23T19:26:43.750+0000] {dag.py:3239} INFO - Sync 1 DAGs
[2026-09-23T19:26:43.777+0000] {logging_mixin.py:190} INFO - [2026-09-23T19:26:43.777+0000] {dag.py:4180} INFO - Setting next_dagrun for tutorial_dag to None, run_after=None
[2026-09-23T19:26:43.808+0000] {processor.py:208} INFO - Processing /home/airflow/.local/lib/python3.12/site-packages/airflow/example_dags/tutorial_dag.py took 0.124 seconds
[2026-09-23T19:27:14.188+0000] {processor.py:186} INFO - Started process (PID=23027) to work on /home/airflow/.local/lib/python3.12/site-packages/airflow/example_dags/tutorial_dag.py
[2026-09-23T19:27:14.189+0000] {processor.py:914} INFO - Processing file /home/airflow/.local/lib/python3.12/site-packages/airflow/example_dags/tutorial_dag.py for tasks to queue
[2026-09-23T19:27:14.193+0000] {logging_mixin.py:190} INFO - [2026-09-23T19:27:14.192+0000] {dagbag.py:588} INFO - Filling up the DagBag from /home/airflow/.local/lib/python3.12/site-packages/airflow/example_dags/tutorial_dag.py
[2026-09-23T19:27:14.206+0000] {processor.py:925} INFO - DAG(s) 'tutorial_dag' retrieved from /home/airflow/.local/lib/python3.12/site-packages/airflow/example_dags/tutorial_dag.py
[2026-09-23T19:27:14.236+0000] {logging_mixin.py:190} INFO - [2026-09-23T19:27:14.236+0000] {dag.py:3239} INFO - Sync 1 DAGs
[2026-09-23T19:27:14.261+0000] {logging_mixin.py:190} INFO - [2026-09-23T19:27:14.261+0000] {dag.py:4180} INFO - Setting next_dagrun for tutorial_dag to None, run_after=None
[2026-09-23T19:27:14.288+0000] {processor.py:208} INFO - Processing /home/airflow/.local/lib/python3.12/site-packages/airflow/example_dags/tutorial_dag.py took 0.111 seconds
[2026-09-23T19:27:45.041+0000] {processor.py:186} INFO - Started process (PID=23098) to work on /home/airflow/.local/lib/python3.12/site-packages/airflow/example_dags/tutorial_dag.py
[2026-09-23T19:27:45.043+0000] {processor.py:914} INFO - Processing file /home/airflow/.local/lib/python3.12/site-packages/airflow/example_dags/tutorial_dag.py for tasks to queue
[2026-09-23T19:27:45.047+0000] {logging_mixin.py:190} INFO - [2026-09-23T19:27:45.046+0000] {dagbag.py:588} INFO - Filling up the DagBag from /home/airflow/.local/lib/python3.12/site-packages/airflow/example_dags/tutorial_dag.py
[2026-09-23T19:27:45.058+0000] {processor.py:925} INFO - DAG(s) 'tutorial_dag' retrieved from /home/airflow/.local/lib/python3.12/site-packages/airflow/example_dags/tutorial_dag.py
[2026-09-23T19:27:45.088+0000] {logging_mixin.py:190} INFO - [2026-09-23T19:27:45.087+0000] {dag.py:3239} INFO - Sync 1 DAGs
[2026-09-23T19:27:45.112+0000] {logging_mixin.py:190} INFO - [2026-09-23T19:27:45.112+0000] {dag.py:4180} INFO - Setting next_dagrun for tutorial_dag to None, run_after=None
[2026-09-23T19:27:45.138+0000] {processor.py:208} INFO - Processing /home/airflow/.local/lib/python3.12/site-packages/airflow/example_dags/tutorial_dag.py took 0.106 seconds
[2026-09-23T19:28:15.345+0000] {processor.py:186} INFO - Started process (PID=23171) to work on /home/airflow/.local/lib/python3.12/site-packages/airflow/example_dags/tutorial_dag.py
[2026-09-23T19:28:15.346+0000] {processor.py:914} INFO - Processing file /home/airflow/.local/lib/python3.12/site-packages/airflow/example_dags/tutorial_dag.py for tasks to queue
[2026-09-23T19:28:15.349+0000] {logging_mixin.py:190} INFO - [2026-09-23T19:28:15.349+0000] {dagbag.py:588} INFO - Filling up the DagBag from /home/airflow/.local/lib/python3.12/site-packages/airflow/example_dags/tutorial_dag.py
[2026-09-23T19:28:15.357+0000] {processor.py:925} INFO - DAG(s) 'tutorial_dag' retrieved from /home/airflow/.local/lib/python3.12/site-packages/airflow/example_dags/tutorial_dag.py
[2026-09-23T19:28:15.382+0000] {logging_mixin.py:190} INFO - [2026-09-23T19:28:15.382+0000] {dag.py:3239} INFO - Sync 1 DAGs
[2026-09-23T19:28:15.407+0000] {logging_mixin.py:190} INFO - [2026-09-23T19:28:15.407+0000] {dag.py:4180} INFO - Setting next_dagrun for tutorial_dag to None, run_after=None
[2026-09-23T19:28:15.430+0000] {processor.py:208} INFO - Processing /home/airflow/.local/lib/python3.12/site-packages/airflow/example_dags/tutorial_dag.py took 0.094 seconds
[2026-09-23T19:28:46.058+0000] {processor.py:186} INFO - Started process (PID=23246) to work on /home/airflow/.local/lib/python3.12/site-packages/airflow/example_dags/tutorial_dag.py
[2026-09-23T19:28:46.060+0000] {processor.py:914} INFO - Processing file /home/airflow/.local/lib/python3.12/site-packages/airflow/example_dags/tutorial_dag.py for tasks to queue
[2026-09-23T19:28:46.062+0000] {logging_mixin.py:190} INFO - [2026-09-23T19:28:46.062+0000] {dagbag.py:588} INFO - Filling up the DagBag from /home/airflow/.local/lib/python3.12/site-packages/airflow/example_dags/tutorial_dag.py
[2026-09-23T19:28:46.071+0000] {processor.py:925} INFO - DAG(s) 'tutorial_dag' retrieved from /home/airflow/.local/lib/python3.12/site-packages/airflow/example_dags/tutorial_dag.py
[2026-09-23T19:28:46.095+0000] {logging_mixin.py:190} INFO - [2026-09-23T19:28:46.094+0000] {dag.py:3239} INFO - Sync 1 DAGs
[2026-09-23T19:28:46.117+0000] {logging_mixin.py:190} INFO - [2026-09-23T19:28:46.116+0000] {dag.py:4180} INFO - Setting next_dagrun for tutorial_dag to None, run_after=None
[2026-09-23T19:28:46.137+0000] {processor.py:208} INFO - Processing /home/airflow/.local/lib/python3.12/site-packages/airflow/example_dags/tutorial_dag.py took 0.087 seconds
[2026-09-23T19:29:16.320+0000] {processor.py:186} INFO - Started process (PID=23320) to work on /home/airflow/.local/lib/python3.12/site-packages/airflow/example_dags/tutorial_dag.py
[2026-09-23T19:29:16.321+0000] {processor.py:914} INFO - Processing file /home/airflow/.local/lib/python3.12/site-packages/airflow/example_dags/tutorial_dag.py for tasks to queue
[2026-09-23T19:29:16.324+0000] {logging_mixin.py:190} INFO - [2026-09-23T19:29:16.323+0000] {dagbag.py:588} INFO - Filling up the DagBag from /home/airflow/.local/lib/python3.12/site-packages/airflow/example_dags/tutorial_dag.py
[2026-09-23T19:29:16.333+0000] {processor.py:925} INFO - DAG(s) 'tutorial_dag' retrieved from /home/airflow/.local/lib/python3.12/site-packages/airflow/example_dags/tutorial_dag.py
[2026-09-23T19:29:16.358+0000] {logging_mixin.py:190} INFO - [2026-09-23T19:29:16.357+0000] {dag.py:3239} INFO - Sync 1 DAGs
[2026-09-23T19:29:16.379+0000] {logging_mixin.py:190} INFO - [2026-09-23T19:29:16.378+0000] {dag.py:4180} INFO - Setting next_dagrun for tutorial_dag to None, run_after=None
[2026-09-23T19:29:16.403+0000] {processor.py:208} INFO - Processing /home/airflow/.local/lib/python3.12/site-packages/airflow/example_dags/tutorial_dag.py took 0.091 seconds
[2026-09-23T19:29:47.170+0000] {processor.py:186} INFO - Started process (PID=23394) to work on /home/airflow/.local/lib/python3.12/site-packages/airflow/example_dags/tutorial_dag.py
[2026-09-23T19:29:47.172+0000] {processor.py:914} INFO - Processing file /home/airflow/.local/lib/python3.12/site-packages/airflow/example_dags/tutorial_dag.py for tasks to queue
[2026-09-23T19:29:47.174+0000] {logging_mixin.py:190} INFO - [2026-09-23T19:29:47.174+0000] {dagbag.py:588} INFO - Filling up the DagBag from /home/airflow/.local/lib/python3.12/site-packages/airflow/example_dags/tutorial_dag.py
[2026-09-23T19:29:47.184+0000] {processor.py:925} INFO - DAG(s) 'tutorial_dag' retrieved from /home/airflow/.local/lib/python3.12/site-packages/airflow/example_dags/tutorial_dag.py
[2026-09-23T19:29:47.208+0000] {logging_mixin.py:190} INFO - [2026-09-23T19:29:47.208+0000] {dag.py:3239} INFO - Sync 1 DAGs
[2026-09-23T19:29:47.230+0000] {logging_mixin.py:190} INFO - [2026-09-23T19:29:47.229+0000] {dag.py:4180} INFO - Setting next_dagrun for tutorial_dag to None, run_after=None
[2026-09-23T19:29:47.252+0000] {processor.py:208} INFO - Processing /home/airflow/.local/lib/python3.12/site-packages/airflow/example_dags/tutorial_dag.py took 0.090 seconds
[2026-09-23T19:30:17.887+0000] {processor.py:186} INFO - Started process (PID=23468) to work on /home/airflow/.local/lib/python3.12/site-packages/airflow/example_dags/tutorial_dag.py
[2026-09-23T19:30:17.888+0000] {processor.py:914} INFO - Processing file /home/airflow/.local/lib/python3.12/site-packages/airflow/example_dags/tutorial_dag.py for tasks to queue
[2026-09-23T19:30:17.891+0000] {logging_mixin.py:190} INFO - [2026-09-23T19:30:17.890+0000] {dagbag.py:588} INFO - Filling up the DagBag from /home/airflow/.local/lib/python3.12/site-packages/airflow/example_dags/tutorial_dag.py
[2026-09-23T19:30:17.902+0000] {processor.py:925} INFO - DAG(s) 'tutorial_dag' retrieved from /home/airflow/.local/lib/python3.12/site-packages/airflow/example_dags/tutorial_dag.py
[2026-09-23T19:30:17.928+0000] {logging_mixin.py:190} INFO - [2026-09-23T19:30:17.927+0000] {dag.py:3239} INFO - Sync 1 DAGs
[2026-09-23T19:30:17.948+0000] {logging_mixin.py:190} INFO - [2026-09-23T19:30:17.948+0000] {dag.py:4180} INFO - Setting next_dagrun for tutorial_dag to None, run_after=None
[2026-09-23T19:30:17.968+0000] {processor.py:208} INFO - Processing /home/airflow/.local/lib/python3.12/site-packages/airflow/example_dags/tutorial_dag.py took 0.090 seconds
[2026-09-23T19:30:48.457+0000] {processor.py:186} INFO - Started process (PID=23542) to work on /home/airflow/.local/lib/python3.12/site-packages/airflow/example_dags/tutorial_dag.py
[2026-09-23T19:30:48.458+0000] {processor.py:914} INFO - Processing file /home/airflow/.local/lib/python3.12/site-packages/airflow/example_dags/tutorial_dag.py for tasks to queue
[2026-09-23T19:30:48.461+0000] {logging_mixin.py:190} INFO - [2026-09-23T19:30:48.460+0000] {dagbag.py:588} INFO - Filling up the DagBag from /home/airflow/.local/lib/python3.12/site-packages/airflow/example_dags/tutorial_dag.py
[2026-09-23T19:30:48.473+0000] {processor.py:925} INFO - DAG(s) 'tutorial_dag' retrieved from /home/airflow/.local/lib/python3.12/site-packages/airflow/example_dags/tutorial_dag.py
[2026-09-23T19:30:48.500+0000] {logging_mixin.py:190} INFO - [2026-09-23T19:30:48.500+0000] {dag.py:3239} INFO - Sync 1 DAGs
[2026-09-23T19:30:48.524+0000] {logging_mixin.py:190} INFO - [2026-09-23T19:30:48.523+0000] {dag.py:4180} INFO - Setting next_dagrun for tutorial_dag to None, run_after=None
[2026-09-23T19:30:48.548+0000] {processor.py:208} INFO - Processing /home/airflow/.local/lib/python3.12/site-packages/airflow/example_dags/tutorial_dag.py took 0.101 seconds
[2026-09-23T19:31:18.724+0000] {processor.py:186} INFO - Started process (PID=23615) to work on /home/airflow/.local/lib/python3.12/site-packages/airflow/example_dags/tutorial_dag.py
[2026-09-23T19:31:18.725+0000] {processor.py:914} INFO - Processing file /home/airflow/.local/lib/python3.12/site-packages/airflow/example_dags/tutorial_dag.py for tasks to queue
[2026-09-23T19:31:18.727+0000] {logging_mixin.py:190} INFO - [2026-09-23T19:31:18.727+0000] {dagbag.py:588} INFO - Filling up the DagBag from /home/airflow/.local/lib/python3.12/site-packages/airflow/example_dags/tutorial_dag.py
[2026-09-23T19:31:18.736+0000] {processor.py:925} INFO - DAG(s) 'tutorial_dag' retrieved from /home/airflow/.local/lib/python3.12/site-packages/airflow/example_dags/tutorial_dag.py
[2026-09-23T19:31:18.761+0000] {logging_mixin.py:190} INFO - [2026-09-23T19:31:18.760+0000] {dag.py:3239} INFO - Sync 1 DAGs
[2026-09-23T19:31:18.782+0000] {logging_mixin.py:190} INFO - [2026-09-23T19:31:18.782+0000] {dag.py:4180} INFO - Setting next_dagrun for tutorial_dag to None, run_after=None
[2026-09-23T19:31:18.808+0000] {processor.py:208} INFO - Processing /home/airflow/.local/lib/python3.12/site-packages/airflow/example_dags/tutorial_dag.py took 0.094 seconds
[2026-09-23T19:31:49.169+0000] {processor.py:186} INFO - Started process (PID=23689) to work on /home/airflow/.local/lib/python3.12/site-packages/airflow/example_dags/tutorial_dag.py
[2026-09-23T19:31:49.170+0000] {processor.py:914} INFO - Processing file /home/airflow/.local/lib/python3.12/site-packages/airflow/example_dags/tutorial_dag.py for tasks to queue
[2026-09-23T19:31:49.173+0000] {logging_mixin.py:190} INFO - [2026-09-23T19:31:49.173+0000] {dagbag.py:588} INFO - Filling up the DagBag from /home/airflow/.local/lib/python3.12/site-packages/airflow/example_dags/tutorial_dag.py
[2026-09-23T19:31:49.183+0000] {processor.py:925} INFO - DAG(s) 'tutorial_dag' retrieved from /home/airflow/.local/lib/python3.12/site-packages/airflow/example_dags/tutorial_dag.py
[2026-09-23T19:31:49.208+0000] {logging_mixin.py:190} INFO - [2026-09-23T19:31:49.208+0000] {dag.py:3239} INFO - Sync 1 DAGs
[2026-09-23T19:31:49.235+0000] {logging_mixin.py:190} INFO - [2026-09-23T19:31:49.234+0000] {dag.py:4180} INFO - Setting next_dagrun for tutorial_dag to None, run_after=None
[2026-09-23T19:31:49.261+0000] {processor.py:208} INFO - Processing /home/airflow/.local/lib/python3.12/site-packages/airflow/example_dags/tutorial_dag.py took 0.102 seconds
[2026-09-23T19:32:19.431+0000] {processor.py:186} INFO - Started process (PID=23763) to work on /home/airflow/.local/lib/python3.12/site-packages/airflow/example_dags/tutorial_dag.py
[2026-09-23T19:32:19.432+0000] {processor.py:914} INFO - Processing file /home/airflow/.local/lib/python3.12/site-packages/airflow/example_dags/tutorial_dag.py for tasks to queue
[2026-09-23T19:32:19.436+0000] {logging_mixin.py:190} INFO - [2026-09-23T19:32:19.435+0000] {dagbag.py:588} INFO - Filling up the DagBag from /home/airflow/.local/lib/python3.12/site-packages/airflow/example_dags/tutorial_dag.py
[2026-09-23T19:32:19.448+0000] {processor.py:925} INFO - DAG(s) 'tutorial_dag' retrieved from /home/airflow/.local/lib/python3.12/site-packages/airflow/example_dags/tutorial_dag.py
[2026-09-23T19:32:19.475+0000] {logging_mixin.py:190} INFO - [2026-09-23T19:32:19.474+0000] {dag.py:3239} INFO - Sync 1 DAGs
[2026-09-23T19:32:19.498+0000] {logging_mixin.py:190} INFO - [2026-09-23T19:32:19.497+0000] {dag.py:4180} INFO - Setting next_dagrun for tutorial_dag to None, run_after=None
[2026-09-23T19:32:19.528+0000] {processor.py:208} INFO - Processing /home/airflow/.local/lib/python3.12/site-packages/airflow/example_dags/tutorial_dag.py took 0.107 seconds
[2026-09-23T19:32:49.595+0000] {processor.py:186} INFO - Started process (PID=23836) to work on /home/airflow/.local/lib/python3.12/site-packages/airflow/example_dags/tutorial_dag.py
[2026-09-23T19:32:49.598+0000] {processor.py:914} INFO - Processing file /home/airflow/.local/lib/python3.12/site-packages/airflow/example_dags/tutorial_dag.py for tasks to queue
[2026-09-23T19:32:49.602+0000] {logging_mixin.py:190} INFO - [2026-09-23T19:32:49.601+0000] {dagbag.py:588} INFO - Filling up the DagBag from /home/airflow/.local/lib/python3.12/site-packages/airflow/example_dags/tutorial_dag.py
[2026-09-23T19:32:49.614+0000] {processor.py:925} INFO - DAG(s) 'tutorial_dag' retrieved from /home/airflow/.local/lib/python3.12/site-packages/airflow/example_dags/tutorial_dag.py
[2026-09-23T19:32:49.644+0000] {logging_mixin.py:190} INFO - [2026-09-23T19:32:49.644+0000] {dag.py:3239} INFO - Sync 1 DAGs
[2026-09-23T19:32:49.671+0000] {logging_mixin.py:190} INFO - [2026-09-23T19:32:49.670+0000] {dag.py:4180} INFO - Setting next_dagrun for tutorial_dag to None, run_after=None
[2026-09-23T19:32:49.705+0000] {processor.py:208} INFO - Processing /home/airflow/.local/lib/python3.12/site-packages/airflow/example_dags/tutorial_dag.py took 0.120 seconds
[2026-09-23T19:33:20.147+0000] {processor.py:186} INFO - Started process (PID=23909) to work on /home/airflow/.local/lib/python3.12/site-packages/airflow/example_dags/tutorial_dag.py
[2026-09-23T19:33:20.148+0000] {processor.py:914} INFO - Processing file /home/airflow/.local/lib/python3.12/site-packages/airflow/example_dags/tutorial_dag.py for tasks to queue
[2026-09-23T19:33:20.151+0000] {logging_mixin.py:190} INFO - [2026-09-23T19:33:20.150+0000] {dagbag.py:588} INFO - Filling up the DagBag from /home/airflow/.local/lib/python3.12/site-packages/airflow/example_dags/tutorial_dag.py
[2026-09-23T19:33:20.162+0000] {processor.py:925} INFO - DAG(s) 'tutorial_dag' retrieved from /home/airflow/.local/lib/python3.12/site-packages/airflow/example_dags/tutorial_dag.py
[2026-09-23T19:33:20.190+0000] {logging_mixin.py:190} INFO - [2026-09-23T19:33:20.190+0000] {dag.py:3239} INFO - Sync 1 DAGs
[2026-09-23T19:33:20.214+0000] {logging_mixin.py:190} INFO - [2026-09-23T19:33:20.213+0000] {dag.py:4180} INFO - Setting next_dagrun for tutorial_dag to None, run_after=None
[2026-09-23T19:33:20.238+0000] {processor.py:208} INFO - Processing /home/airflow/.local/lib/python3.12/site-packages/airflow/example_dags/tutorial_dag.py took 0.100 seconds
[2026-09-23T19:33:50.433+0000] {processor.py:186} INFO - Started process (PID=23984) to work on /home/airflow/.local/lib/python3.12/site-packages/airflow/example_dags/tutorial_dag.py
[2026-09-23T19:33:50.435+0000] {processor.py:914} INFO - Processing file /home/airflow/.local/lib/python3.12/site-packages/airflow/example_dags/tutorial_dag.py for tasks to queue
[2026-09-23T19:33:50.438+0000] {logging_mixin.py:190} INFO - [2026-09-23T19:33:50.437+0000] {dagbag.py:588} INFO - Filling up the DagBag from /home/airflow/.local/lib/python3.12/site-packages/airflow/example_dags/tutorial_dag.py
[2026-09-23T19:33:50.449+0000] {processor.py:925} INFO - DAG(s) 'tutorial_dag' retrieved from /home/airflow/.local/lib/python3.12/site-packages/airflow/example_dags/tutorial_dag.py
[2026-09-23T19:33:50.476+0000] {logging_mixin.py:190} INFO - [2026-09-23T19:33:50.475+0000] {dag.py:3239} INFO - Sync 1 DAGs
[2026-09-23T19:33:50.499+0000] {logging_mixin.py:190} INFO - [2026-09-23T19:33:50.499+0000] {dag.py:4180} INFO - Setting next_dagrun for tutorial_dag to None, run_after=None
[2026-09-23T19:33:50.526+0000] {processor.py:208} INFO - Processing /home/airflow/.local/lib/python3.12/site-packages/airflow/example_dags/tutorial_dag.py took 0.103 seconds
[2026-09-23T19:34:20.851+0000] {processor.py:186} INFO - Started process (PID=24051) to work on /home/airflow/.local/lib/python3.12/site-packages/airflow/example_dags/tutorial_dag.py
[2026-09-23T19:34:20.852+0000] {processor.py:914} INFO - Processing file /home/airflow/.local/lib/python3.12/site-packages/airflow/example_dags/tutorial_dag.py for tasks to queue
[2026-09-23T19:34:20.855+0000] {logging_mixin.py:190} INFO - [2026-09-23T19:34:20.854+0000] {dagbag.py:588} INFO - Filling up the DagBag from /home/airflow/.local/lib/python3.12/site-packages/airflow/example_dags/tutorial_dag.py
[2026-09-23T19:34:20.864+0000] {processor.py:925} INFO - DAG(s) 'tutorial_dag' retrieved from /home/airflow/.local/lib/python3.12/site-packages/airflow/example_dags/tutorial_dag.py
[2026-09-23T19:34:20.890+0000] {logging_mixin.py:190} INFO - [2026-09-23T19:34:20.890+0000] {dag.py:3239} INFO - Sync 1 DAGs
[2026-09-23T19:34:20.912+0000] {logging_mixin.py:190} INFO - [2026-09-23T19:34:20.912+0000] {dag.py:4180} INFO - Setting next_dagrun for tutorial_dag to None, run_after=None
[2026-09-23T19:34:20.935+0000] {processor.py:208} INFO - Processing /home/airflow/.local/lib/python3.12/site-packages/airflow/example_dags/tutorial_dag.py took 0.093 seconds
[2026-09-23T19:34:50.982+0000] {processor.py:186} INFO - Started process (PID=24124) to work on /home/airflow/.local/lib/python3.12/site-packages/airflow/example_dags/tutorial_dag.py
[2026-09-23T19:34:50.983+0000] {processor.py:914} INFO - Processing file /home/airflow/.local/lib/python3.12/site-packages/airflow/example_dags/tutorial_dag.py for tasks to queue
[2026-09-23T19:34:50.987+0000] {logging_mixin.py:190} INFO - [2026-09-23T19:34:50.986+0000] {dagbag.py:588} INFO - Filling up the DagBag from /home/airflow/.local/lib/python3.12/site-packages/airflow/example_dags/tutorial_dag.py
[2026-09-23T19:34:50.998+0000] {processor.py:925} INFO - DAG(s) 'tutorial_dag' retrieved from /home/airflow/.local/lib/python3.12/site-packages/airflow/example_dags/tutorial_dag.py
[2026-09-23T19:34:51.027+0000] {logging_mixin.py:190} INFO - [2026-09-23T19:34:51.027+0000] {dag.py:3239} INFO - Sync 1 DAGs
[2026-09-23T19:34:51.050+0000] {logging_mixin.py:190} INFO - [2026-09-23T19:34:51.049+0000] {dag.py:4180} INFO - Setting next_dagrun for tutorial_dag to None, run_after=None
[2026-09-23T19:34:51.072+0000] {processor.py:208} INFO - Processing /home/airflow/.local/lib/python3.12/site-packages/airflow/example_dags/tutorial_dag.py took 0.102 seconds
[2026-09-23T19:35:21.122+0000] {processor.py:186} INFO - Started process (PID=24194) to work on /home/airflow/.local/lib/python3.12/site-packages/airflow/example_dags/tutorial_dag.py
[2026-09-23T19:35:21.124+0000] {processor.py:914} INFO - Processing file /home/airflow/.local/lib/python3.12/site-packages/airflow/example_dags/tutorial_dag.py for tasks to queue
[2026-09-23T19:35:21.128+0000] {logging_mixin.py:190} INFO - [2026-09-23T19:35:21.127+0000] {dagbag.py:588} INFO - Filling up the DagBag from /home/airflow/.local/lib/python3.12/site-packages/airflow/example_dags/tutorial_dag.py
[2026-09-23T19:35:21.139+0000] {processor.py:925} INFO - DAG(s) 'tutorial_dag' retrieved from /home/airflow/.local/lib/python3.12/site-packages/airflow/example_dags/tutorial_dag.py
[2026-09-23T19:35:21.169+0000] {logging_mixin.py:190} INFO - [2026-09-23T19:35:21.168+0000] {dag.py:3239} INFO - Sync 1 DAGs
[2026-09-23T19:35:21.193+0000] {logging_mixin.py:190} INFO - [2026-09-23T19:35:21.192+0000] {dag.py:4180} INFO - Setting next_dagrun for tutorial_dag to None, run_after=None
[2026-09-23T19:35:21.216+0000] {processor.py:208} INFO - Processing /home/airflow/.local/lib/python3.12/site-packages/airflow/example_dags/tutorial_dag.py took 0.102 seconds
[2026-09-23T19:35:51.746+0000] {processor.py:186} INFO - Started process (PID=24268) to work on /home/airflow/.local/lib/python3.12/site-packages/airflow/example_dags/tutorial_dag.py
[2026-09-23T19:35:51.747+0000] {processor.py:914} INFO - Processing file /home/airflow/.local/lib/python3.12/site-packages/airflow/example_dags/tutorial_dag.py for tasks to queue
[2026-09-23T19:35:51.750+0000] {logging_mixin.py:190} INFO - [2026-09-23T19:35:51.750+0000] {dagbag.py:588} INFO - Filling up the DagBag from /home/airflow/.local/lib/python3.12/site-packages/airflow/example_dags/tutorial_dag.py
[2026-09-23T19:35:51.760+0000] {processor.py:925} INFO - DAG(s) 'tutorial_dag' retrieved from /home/airflow/.local/lib/python3.12/site-packages/airflow/example_dags/tutorial_dag.py
[2026-09-23T19:35:51.787+0000] {logging_mixin.py:190} INFO - [2026-09-23T19:35:51.786+0000] {dag.py:3239} INFO - Sync 1 DAGs
[2026-09-23T19:35:51.812+0000] {logging_mixin.py:190} INFO - [2026-09-23T19:35:51.812+0000] {dag.py:4180} INFO - Setting next_dagrun for tutorial_dag to None, run_after=None
[2026-09-23T19:35:51.836+0000] {processor.py:208} INFO - Processing /home/airflow/.local/lib/python3.12/site-packages/airflow/example_dags/tutorial_dag.py took 0.100 seconds
[2026-09-23T19:36:22.273+0000] {processor.py:186} INFO - Started process (PID=24341) to work on /home/airflow/.local/lib/python3.12/site-packages/airflow/example_dags/tutorial_dag.py
[2026-09-23T19:36:22.275+0000] {processor.py:914} INFO - Processing file /home/airflow/.local/lib/python3.12/site-packages/airflow/example_dags/tutorial_dag.py for tasks to queue
[2026-09-23T19:36:22.277+0000] {logging_mixin.py:190} INFO - [2026-09-23T19:36:22.277+0000] {dagbag.py:588} INFO - Filling up the DagBag from /home/airflow/.local/lib/python3.12/site-packages/airflow/example_dags/tutorial_dag.py
[2026-09-23T19:36:22.287+0000] {processor.py:925} INFO - DAG(s) 'tutorial_dag' retrieved from /home/airflow/.local/lib/python3.12/site-packages/airflow/example_dags/tutorial_dag.py
[2026-09-23T19:36:22.315+0000] {logging_mixin.py:190} INFO - [2026-09-23T19:36:22.314+0000] {dag.py:3239} INFO - Sync 1 DAGs
[2026-09-23T19:36:22.343+0000] {logging_mixin.py:190} INFO - [2026-09-23T19:36:22.342+0000] {dag.py:4180} INFO - Setting next_dagrun for tutorial_dag to None, run_after=None
[2026-09-23T19:36:22.368+0000] {processor.py:208} INFO - Processing /home/airflow/.local/lib/python3.12/site-packages/airflow/example_dags/tutorial_dag.py took 0.105 seconds
[2026-09-23T19:36:52.562+0000] {processor.py:186} INFO - Started process (PID=24415) to work on /home/airflow/.local/lib/python3.12/site-packages/airflow/example_dags/tutorial_dag.py
[2026-09-23T19:36:52.563+0000] {processor.py:914} INFO - Processing file /home/airflow/.local/lib/python3.12/site-packages/airflow/example_dags/tutorial_dag.py for tasks to queue
[2026-09-23T19:36:52.566+0000] {logging_mixin.py:190} INFO - [2026-09-23T19:36:52.566+0000] {dagbag.py:588} INFO - Filling up the DagBag from /home/airflow/.local/lib/python3.12/site-packages/airflow/example_dags/tutorial_dag.py
[2026-09-23T19:36:52.577+0000] {processor.py:925} INFO - DAG(s) 'tutorial_dag' retrieved from /home/airflow/.local/lib/python3.12/site-packages/airflow/example_dags/tutorial_dag.py
[2026-09-23T19:36:52.605+0000] {logging_mixin.py:190} INFO - [2026-09-23T19:36:52.604+0000] {dag.py:3239} INFO - Sync 1 DAGs
[2026-09-23T19:36:52.629+0000] {logging_mixin.py:190} INFO - [2026-09-23T19:36:52.629+0000] {dag.py:4180} INFO - Setting next_dagrun for tutorial_dag to None, run_after=None
[2026-09-23T19:36:52.651+0000] {processor.py:208} INFO - Processing /home/airflow/.local/lib/python3.12/site-packages/airflow/example_dags/tutorial_dag.py took 0.098 seconds
[2026-09-23T19:37:22.738+0000] {processor.py:186} INFO - Started process (PID=24489) to work on /home/airflow/.local/lib/python3.12/site-packages/airflow/example_dags/tutorial_dag.py
[2026-09-23T19:37:22.739+0000] {processor.py:914} INFO - Processing file /home/airflow/.local/lib/python3.12/site-packages/airflow/example_dags/tutorial_dag.py for tasks to queue
[2026-09-23T19:37:22.742+0000] {logging_mixin.py:190} INFO - [2026-09-23T19:37:22.741+0000] {dagbag.py:588} INFO - Filling up the DagBag from /home/airflow/.local/lib/python3.12/site-packages/airflow/example_dags/tutorial_dag.py
[2026-09-23T19:37:22.751+0000] {processor.py:925} INFO - DAG(s) 'tutorial_dag' retrieved from /home/airflow/.local/lib/python3.12/site-packages/airflow/example_dags/tutorial_dag.py
[2026-09-23T19:37:22.773+0000] {logging_mixin.py:190} INFO - [2026-09-23T19:37:22.773+0000] {dag.py:3239} INFO - Sync 1 DAGs
[2026-09-23T19:37:22.793+0000] {logging_mixin.py:190} INFO - [2026-09-23T19:37:22.793+0000] {dag.py:4180} INFO - Setting next_dagrun for tutorial_dag to None, run_after=None
[2026-09-23T19:37:22.816+0000] {processor.py:208} INFO - Processing /home/airflow/.local/lib/python3.12/site-packages/airflow/example_dags/tutorial_dag.py took 0.087 seconds
[2026-09-23T19:37:53.237+0000] {processor.py:186} INFO - Started process (PID=24562) to work on /home/airflow/.local/lib/python3.12/site-packages/airflow/example_dags/tutorial_dag.py
[2026-09-23T19:37:53.238+0000] {processor.py:914} INFO - Processing file /home/airflow/.local/lib/python3.12/site-packages/airflow/example_dags/tutorial_dag.py for tasks to queue
[2026-09-23T19:37:53.241+0000] {logging_mixin.py:190} INFO - [2026-09-23T19:37:53.240+0000] {dagbag.py:588} INFO - Filling up the DagBag from /home/airflow/.local/lib/python3.12/site-packages/airflow/example_dags/tutorial_dag.py
[2026-09-23T19:37:53.250+0000] {processor.py:925} INFO - DAG(s) 'tutorial_dag' retrieved from /home/airflow/.local/lib/python3.12/site-packages/airflow/example_dags/tutorial_dag.py
[2026-09-23T19:37:53.278+0000] {logging_mixin.py:190} INFO - [2026-09-23T19:37:53.278+0000] {dag.py:3239} INFO - Sync 1 DAGs
[2026-09-23T19:37:53.308+0000] {logging_mixin.py:190} INFO - [2026-09-23T19:37:53.308+0000] {dag.py:4180} INFO - Setting next_dagrun for tutorial_dag to None, run_after=None
[2026-09-23T19:37:53.333+0000] {processor.py:208} INFO - Processing /home/airflow/.local/lib/python3.12/site-packages/airflow/example_dags/tutorial_dag.py took 0.106 seconds
[2026-09-23T19:38:24.004+0000] {processor.py:186} INFO - Started process (PID=24635) to work on /home/airflow/.local/lib/python3.12/site-packages/airflow/example_dags/tutorial_dag.py
[2026-09-23T19:38:24.006+0000] {processor.py:914} INFO - Processing file /home/airflow/.local/lib/python3.12/site-packages/airflow/example_dags/tutorial_dag.py for tasks to queue
[2026-09-23T19:38:24.015+0000] {logging_mixin.py:190} INFO - [2026-09-23T19:38:24.014+0000] {dagbag.py:588} INFO - Filling up the DagBag from /home/airflow/.local/lib/python3.12/site-packages/airflow/example_dags/tutorial_dag.py
[2026-09-23T19:38:24.027+0000] {processor.py:925} INFO - DAG(s) 'tutorial_dag' retrieved from /home/airflow/.local/lib/python3.12/site-packages/airflow/example_dags/tutorial_dag.py
[2026-09-23T19:38:24.059+0000] {logging_mixin.py:190} INFO - [2026-09-23T19:38:24.059+0000] {dag.py:3239} INFO - Sync 1 DAGs
[2026-09-23T19:38:24.085+0000] {logging_mixin.py:190} INFO - [2026-09-23T19:38:24.085+0000] {dag.py:4180} INFO - Setting next_dagrun for tutorial_dag to None, run_after=None
[2026-09-23T19:38:24.114+0000] {processor.py:208} INFO - Processing /home/airflow/.local/lib/python3.12/site-packages/airflow/example_dags/tutorial_dag.py took 0.123 seconds
[2026-09-23T19:38:54.628+0000] {processor.py:186} INFO - Started process (PID=24708) to work on /home/airflow/.local/lib/python3.12/site-packages/airflow/example_dags/tutorial_dag.py
[2026-09-23T19:38:54.631+0000] {processor.py:914} INFO - Processing file /home/airflow/.local/lib/python3.12/site-packages/airflow/example_dags/tutorial_dag.py for tasks to queue
[2026-09-23T19:38:54.637+0000] {logging_mixin.py:190} INFO - [2026-09-23T19:38:54.637+0000] {dagbag.py:588} INFO - Filling up the DagBag from /home/airflow/.local/lib/python3.12/site-packages/airflow/example_dags/tutorial_dag.py
[2026-09-23T19:38:54.662+0000] {processor.py:925} INFO - DAG(s) 'tutorial_dag' retrieved from /home/airflow/.local/lib/python3.12/site-packages/airflow/example_dags/tutorial_dag.py
[2026-09-23T19:38:54.698+0000] {logging_mixin.py:190} INFO - [2026-09-23T19:38:54.698+0000] {dag.py:3239} INFO - Sync 1 DAGs
[2026-09-23T19:38:54.725+0000] {logging_mixin.py:190} INFO - [2026-09-23T19:38:54.725+0000] {dag.py:4180} INFO - Setting next_dagrun for tutorial_dag to None, run_after=None
[2026-09-23T19:38:54.786+0000] {processor.py:208} INFO - Processing /home/airflow/.local/lib/python3.12/site-packages/airflow/example_dags/tutorial_dag.py took 0.177 seconds
[2026-09-23T19:39:25.050+0000] {processor.py:186} INFO - Started process (PID=24781) to work on /home/airflow/.local/lib/python3.12/site-packages/airflow/example_dags/tutorial_dag.py
[2026-09-23T19:39:25.053+0000] {processor.py:914} INFO - Processing file /home/airflow/.local/lib/python3.12/site-packages/airflow/example_dags/tutorial_dag.py for tasks to queue
[2026-09-23T19:39:25.056+0000] {logging_mixin.py:190} INFO - [2026-09-23T19:39:25.055+0000] {dagbag.py:588} INFO - Filling up the DagBag from /home/airflow/.local/lib/python3.12/site-packages/airflow/example_dags/tutorial_dag.py
[2026-09-23T19:39:25.066+0000] {processor.py:925} INFO - DAG(s) 'tutorial_dag' retrieved from /home/airflow/.local/lib/python3.12/site-packages/airflow/example_dags/tutorial_dag.py
[2026-09-23T19:39:25.093+0000] {logging_mixin.py:190} INFO - [2026-09-23T19:39:25.092+0000] {dag.py:3239} INFO - Sync 1 DAGs
[2026-09-23T19:39:25.116+0000] {logging_mixin.py:190} INFO - [2026-09-23T19:39:25.115+0000] {dag.py:4180} INFO - Setting next_dagrun for tutorial_dag to None, run_after=None
[2026-09-23T19:39:25.140+0000] {processor.py:208} INFO - Processing /home/airflow/.local/lib/python3.12/site-packages/airflow/example_dags/tutorial_dag.py took 0.099 seconds
[2026-09-23T19:39:55.412+0000] {processor.py:186} INFO - Started process (PID=24854) to work on /home/airflow/.local/lib/python3.12/site-packages/airflow/example_dags/tutorial_dag.py
[2026-09-23T19:39:55.413+0000] {processor.py:914} INFO - Processing file /home/airflow/.local/lib/python3.12/site-packages/airflow/example_dags/tutorial_dag.py for tasks to queue
[2026-09-23T19:39:55.416+0000] {logging_mixin.py:190} INFO - [2026-09-23T19:39:55.416+0000] {dagbag.py:588} INFO - Filling up the DagBag from /home/airflow/.local/lib/python3.12/site-packages/airflow/example_dags/tutorial_dag.py
[2026-09-23T19:39:55.427+0000] {processor.py:925} INFO - DAG(s) 'tutorial_dag' retrieved from /home/airflow/.local/lib/python3.12/site-packages/airflow/example_dags/tutorial_dag.py
[2026-09-23T19:39:55.460+0000] {logging_mixin.py:190} INFO - [2026-09-23T19:39:55.460+0000] {dag.py:3239} INFO - Sync 1 DAGs
[2026-09-23T19:39:55.481+0000] {logging_mixin.py:190} INFO - [2026-09-23T19:39:55.481+0000] {dag.py:4180} INFO - Setting next_dagrun for tutorial_dag to None, run_after=None
[2026-09-23T19:39:55.505+0000] {processor.py:208} INFO - Processing /home/airflow/.local/lib/python3.12/site-packages/airflow/example_dags/tutorial_dag.py took 0.101 seconds
[2026-09-23T19:40:25.792+0000] {processor.py:186} INFO - Started process (PID=24927) to work on /home/airflow/.local/lib/python3.12/site-packages/airflow/example_dags/tutorial_dag.py
[2026-09-23T19:40:25.794+0000] {processor.py:914} INFO - Processing file /home/airflow/.local/lib/python3.12/site-packages/airflow/example_dags/tutorial_dag.py for tasks to queue
[2026-09-23T19:40:25.797+0000] {logging_mixin.py:190} INFO - [2026-09-23T19:40:25.796+0000] {dagbag.py:588} INFO - Filling up the DagBag from /home/airflow/.local/lib/python3.12/site-packages/airflow/example_dags/tutorial_dag.py
[2026-09-23T19:40:25.808+0000] {processor.py:925} INFO - DAG(s) 'tutorial_dag' retrieved from /home/airflow/.local/lib/python3.12/site-packages/airflow/example_dags/tutorial_dag.py
[2026-09-23T19:40:25.835+0000] {logging_mixin.py:190} INFO - [2026-09-23T19:40:25.834+0000] {dag.py:3239} INFO - Sync 1 DAGs
[2026-09-23T19:40:25.861+0000] {logging_mixin.py:190} INFO - [2026-09-23T19:40:25.860+0000] {dag.py:4180} INFO - Setting next_dagrun for tutorial_dag to None, run_after=None
[2026-09-23T19:40:25.890+0000] {processor.py:208} INFO - Processing /home/airflow/.local/lib/python3.12/site-packages/airflow/example_dags/tutorial_dag.py took 0.107 seconds
[2026-09-23T19:40:56.343+0000] {processor.py:186} INFO - Started process (PID=25000) to work on /home/airflow/.local/lib/python3.12/site-packages/airflow/example_dags/tutorial_dag.py
[2026-09-23T19:40:56.347+0000] {processor.py:914} INFO - Processing file /home/airflow/.local/lib/python3.12/site-packages/airflow/example_dags/tutorial_dag.py for tasks to queue
[2026-09-23T19:40:56.350+0000] {logging_mixin.py:190} INFO - [2026-09-23T19:40:56.349+0000] {dagbag.py:588} INFO - Filling up the DagBag from /home/airflow/.local/lib/python3.12/site-packages/airflow/example_dags/tutorial_dag.py
[2026-09-23T19:40:56.361+0000] {processor.py:925} INFO - DAG(s) 'tutorial_dag' retrieved from /home/airflow/.local/lib/python3.12/site-packages/airflow/example_dags/tutorial_dag.py
[2026-09-23T19:40:56.388+0000] {logging_mixin.py:190} INFO - [2026-09-23T19:40:56.388+0000] {dag.py:3239} INFO - Sync 1 DAGs
[2026-09-23T19:40:56.410+0000] {logging_mixin.py:190} INFO - [2026-09-23T19:40:56.410+0000] {dag.py:4180} INFO - Setting next_dagrun for tutorial_dag to None, run_after=None
[2026-09-23T19:40:56.435+0000] {processor.py:208} INFO - Processing /home/airflow/.local/lib/python3.12/site-packages/airflow/example_dags/tutorial_dag.py took 0.138 seconds
[2026-09-23T19:41:27.578+0000] {processor.py:186} INFO - Started process (PID=25072) to work on /home/airflow/.local/lib/python3.12/site-packages/airflow/example_dags/tutorial_dag.py
[2026-09-23T19:41:27.582+0000] {processor.py:914} INFO - Processing file /home/airflow/.local/lib/python3.12/site-packages/airflow/example_dags/tutorial_dag.py for tasks to queue
[2026-09-23T19:41:27.587+0000] {logging_mixin.py:190} INFO - [2026-09-23T19:41:27.587+0000] {dagbag.py:588} INFO - Filling up the DagBag from /home/airflow/.local/lib/python3.12/site-packages/airflow/example_dags/tutorial_dag.py
[2026-09-23T19:41:27.613+0000] {processor.py:925} INFO - DAG(s) 'tutorial_dag' retrieved from /home/airflow/.local/lib/python3.12/site-packages/airflow/example_dags/tutorial_dag.py
[2026-09-23T19:41:27.664+0000] {logging_mixin.py:190} INFO - [2026-09-23T19:41:27.663+0000] {dag.py:3239} INFO - Sync 1 DAGs
[2026-09-23T19:41:27.696+0000] {logging_mixin.py:190} INFO - [2026-09-23T19:41:27.696+0000] {dag.py:4180} INFO - Setting next_dagrun for tutorial_dag to None, run_after=None
[2026-09-23T19:41:27.734+0000] {processor.py:208} INFO - Processing /home/airflow/.local/lib/python3.12/site-packages/airflow/example_dags/tutorial_dag.py took 0.189 seconds
[2026-09-23T19:41:59.366+0000] {processor.py:186} INFO - Started process (PID=25143) to work on /home/airflow/.local/lib/python3.12/site-packages/airflow/example_dags/tutorial_dag.py
[2026-09-23T19:41:59.368+0000] {processor.py:914} INFO - Processing file /home/airflow/.local/lib/python3.12/site-packages/airflow/example_dags/tutorial_dag.py for tasks to queue
[2026-09-23T19:41:59.372+0000] {logging_mixin.py:190} INFO - [2026-09-23T19:41:59.371+0000] {dagbag.py:588} INFO - Filling up the DagBag from /home/airflow/.local/lib/python3.12/site-packages/airflow/example_dags/tutorial_dag.py
[2026-09-23T19:41:59.383+0000] {processor.py:925} INFO - DAG(s) 'tutorial_dag' retrieved from /home/airflow/.local/lib/python3.12/site-packages/airflow/example_dags/tutorial_dag.py
[2026-09-23T19:41:59.412+0000] {logging_mixin.py:190} INFO - [2026-09-23T19:41:59.412+0000] {dag.py:3239} INFO - Sync 1 DAGs
[2026-09-23T19:41:59.436+0000] {logging_mixin.py:190} INFO - [2026-09-23T19:41:59.436+0000] {dag.py:4180} INFO - Setting next_dagrun for tutorial_dag to None, run_after=None
[2026-09-23T19:41:59.473+0000] {processor.py:208} INFO - Processing /home/airflow/.local/lib/python3.12/site-packages/airflow/example_dags/tutorial_dag.py took 0.127 seconds
[2026-09-23T19:42:29.870+0000] {processor.py:186} INFO - Started process (PID=25202) to work on /home/airflow/.local/lib/python3.12/site-packages/airflow/example_dags/tutorial_dag.py
[2026-09-23T19:42:29.872+0000] {processor.py:914} INFO - Processing file /home/airflow/.local/lib/python3.12/site-packages/airflow/example_dags/tutorial_dag.py for tasks to queue
[2026-09-23T19:42:29.875+0000] {logging_mixin.py:190} INFO - [2026-09-23T19:42:29.875+0000] {dagbag.py:588} INFO - Filling up the DagBag from /home/airflow/.local/lib/python3.12/site-packages/airflow/example_dags/tutorial_dag.py
[2026-09-23T19:42:29.887+0000] {processor.py:925} INFO - DAG(s) 'tutorial_dag' retrieved from /home/airflow/.local/lib/python3.12/site-packages/airflow/example_dags/tutorial_dag.py
[2026-09-23T19:42:29.914+0000] {logging_mixin.py:190} INFO - [2026-09-23T19:42:29.914+0000] {dag.py:3239} INFO - Sync 1 DAGs
[2026-09-23T19:42:29.937+0000] {logging_mixin.py:190} INFO - [2026-09-23T19:42:29.937+0000] {dag.py:4180} INFO - Setting next_dagrun for tutorial_dag to None, run_after=None
[2026-09-23T19:42:29.967+0000] {processor.py:208} INFO - Processing /home/airflow/.local/lib/python3.12/site-packages/airflow/example_dags/tutorial_dag.py took 0.106 seconds
[2026-09-23T19:43:01.502+0000] {processor.py:186} INFO - Started process (PID=25275) to work on /home/airflow/.local/lib/python3.12/site-packages/airflow/example_dags/tutorial_dag.py
[2026-09-23T19:43:01.503+0000] {processor.py:914} INFO - Processing file /home/airflow/.local/lib/python3.12/site-packages/airflow/example_dags/tutorial_dag.py for tasks to queue
[2026-09-23T19:43:01.506+0000] {logging_mixin.py:190} INFO - [2026-09-23T19:43:01.506+0000] {dagbag.py:588} INFO - Filling up the DagBag from /home/airflow/.local/lib/python3.12/site-packages/airflow/example_dags/tutorial_dag.py
[2026-09-23T19:43:01.517+0000] {processor.py:925} INFO - DAG(s) 'tutorial_dag' retrieved from /home/airflow/.local/lib/python3.12/site-packages/airflow/example_dags/tutorial_dag.py
[2026-09-23T19:43:01.543+0000] {logging_mixin.py:190} INFO - [2026-09-23T19:43:01.543+0000] {dag.py:3239} INFO - Sync 1 DAGs
[2026-09-23T19:43:01.569+0000] {logging_mixin.py:190} INFO - [2026-09-23T19:43:01.569+0000] {dag.py:4180} INFO - Setting next_dagrun for tutorial_dag to None, run_after=None
[2026-09-23T19:43:01.593+0000] {processor.py:208} INFO - Processing /home/airflow/.local/lib/python3.12/site-packages/airflow/example_dags/tutorial_dag.py took 0.100 seconds
[2026-09-23T19:43:32.435+0000] {processor.py:186} INFO - Started process (PID=25345) to work on /home/airflow/.local/lib/python3.12/site-packages/airflow/example_dags/tutorial_dag.py
[2026-09-23T19:43:32.437+0000] {processor.py:914} INFO - Processing file /home/airflow/.local/lib/python3.12/site-packages/airflow/example_dags/tutorial_dag.py for tasks to queue
[2026-09-23T19:43:32.441+0000] {logging_mixin.py:190} INFO - [2026-09-23T19:43:32.440+0000] {dagbag.py:588} INFO - Filling up the DagBag from /home/airflow/.local/lib/python3.12/site-packages/airflow/example_dags/tutorial_dag.py
[2026-09-23T19:43:32.452+0000] {processor.py:925} INFO - DAG(s) 'tutorial_dag' retrieved from /home/airflow/.local/lib/python3.12/site-packages/airflow/example_dags/tutorial_dag.py
[2026-09-23T19:43:32.484+0000] {logging_mixin.py:190} INFO - [2026-09-23T19:43:32.483+0000] {dag.py:3239} INFO - Sync 1 DAGs
[2026-09-23T19:43:32.508+0000] {logging_mixin.py:190} INFO - [2026-09-23T19:43:32.507+0000] {dag.py:4180} INFO - Setting next_dagrun for tutorial_dag to None, run_after=None
[2026-09-23T19:43:32.534+0000] {processor.py:208} INFO - Processing /home/airflow/.local/lib/python3.12/site-packages/airflow/example_dags/tutorial_dag.py took 0.108 seconds
[2026-09-23T19:44:02.701+0000] {processor.py:186} INFO - Started process (PID=25416) to work on /home/airflow/.local/lib/python3.12/site-packages/airflow/example_dags/tutorial_dag.py
[2026-09-23T19:44:02.702+0000] {processor.py:914} INFO - Processing file /home/airflow/.local/lib/python3.12/site-packages/airflow/example_dags/tutorial_dag.py for tasks to queue
[2026-09-23T19:44:02.706+0000] {logging_mixin.py:190} INFO - [2026-09-23T19:44:02.705+0000] {dagbag.py:588} INFO - Filling up the DagBag from /home/airflow/.local/lib/python3.12/site-packages/airflow/example_dags/tutorial_dag.py
[2026-09-23T19:44:02.718+0000] {processor.py:925} INFO - DAG(s) 'tutorial_dag' retrieved from /home/airflow/.local/lib/python3.12/site-packages/airflow/example_dags/tutorial_dag.py
[2026-09-23T19:44:02.747+0000] {logging_mixin.py:190} INFO - [2026-09-23T19:44:02.746+0000] {dag.py:3239} INFO - Sync 1 DAGs
[2026-09-23T19:44:02.773+0000] {logging_mixin.py:190} INFO - [2026-09-23T19:44:02.773+0000] {dag.py:4180} INFO - Setting next_dagrun for tutorial_dag to None, run_after=None
[2026-09-23T19:44:02.800+0000] {processor.py:208} INFO - Processing /home/airflow/.local/lib/python3.12/site-packages/airflow/example_dags/tutorial_dag.py took 0.108 seconds
[2026-09-23T19:44:33.021+0000] {processor.py:186} INFO - Started process (PID=25489) to work on /home/airflow/.local/lib/python3.12/site-packages/airflow/example_dags/tutorial_dag.py
[2026-09-23T19:44:33.022+0000] {processor.py:914} INFO - Processing file /home/airflow/.local/lib/python3.12/site-packages/airflow/example_dags/tutorial_dag.py for tasks to queue
[2026-09-23T19:44:33.025+0000] {logging_mixin.py:190} INFO - [2026-09-23T19:44:33.025+0000] {dagbag.py:588} INFO - Filling up the DagBag from /home/airflow/.local/lib/python3.12/site-packages/airflow/example_dags/tutorial_dag.py
[2026-09-23T19:44:33.035+0000] {processor.py:925} INFO - DAG(s) 'tutorial_dag' retrieved from /home/airflow/.local/lib/python3.12/site-packages/airflow/example_dags/tutorial_dag.py
[2026-09-23T19:44:33.061+0000] {logging_mixin.py:190} INFO - [2026-09-23T19:44:33.061+0000] {dag.py:3239} INFO - Sync 1 DAGs
[2026-09-23T19:44:33.084+0000] {logging_mixin.py:190} INFO - [2026-09-23T19:44:33.084+0000] {dag.py:4180} INFO - Setting next_dagrun for tutorial_dag to None, run_after=None
[2026-09-23T19:44:33.107+0000] {processor.py:208} INFO - Processing /home/airflow/.local/lib/python3.12/site-packages/airflow/example_dags/tutorial_dag.py took 0.095 seconds
[2026-09-23T19:45:03.538+0000] {processor.py:186} INFO - Started process (PID=25563) to work on /home/airflow/.local/lib/python3.12/site-packages/airflow/example_dags/tutorial_dag.py
[2026-09-23T19:45:03.539+0000] {processor.py:914} INFO - Processing file /home/airflow/.local/lib/python3.12/site-packages/airflow/example_dags/tutorial_dag.py for tasks to queue
[2026-09-23T19:45:03.542+0000] {logging_mixin.py:190} INFO - [2026-09-23T19:45:03.541+0000] {dagbag.py:588} INFO - Filling up the DagBag from /home/airflow/.local/lib/python3.12/site-packages/airflow/example_dags/tutorial_dag.py
[2026-09-23T19:45:03.550+0000] {processor.py:925} INFO - DAG(s) 'tutorial_dag' retrieved from /home/airflow/.local/lib/python3.12/site-packages/airflow/example_dags/tutorial_dag.py
[2026-09-23T19:45:03.574+0000] {logging_mixin.py:190} INFO - [2026-09-23T19:45:03.573+0000] {dag.py:3239} INFO - Sync 1 DAGs
[2026-09-23T19:45:03.594+0000] {logging_mixin.py:190} INFO - [2026-09-23T19:45:03.593+0000] {dag.py:4180} INFO - Setting next_dagrun for tutorial_dag to None, run_after=None
[2026-09-23T19:45:03.614+0000] {processor.py:208} INFO - Processing /home/airflow/.local/lib/python3.12/site-packages/airflow/example_dags/tutorial_dag.py took 0.084 seconds
[2026-09-23T19:45:34.134+0000] {processor.py:186} INFO - Started process (PID=25637) to work on /home/airflow/.local/lib/python3.12/site-packages/airflow/example_dags/tutorial_dag.py
[2026-09-23T19:45:34.135+0000] {processor.py:914} INFO - Processing file /home/airflow/.local/lib/python3.12/site-packages/airflow/example_dags/tutorial_dag.py for tasks to queue
[2026-09-23T19:45:34.138+0000] {logging_mixin.py:190} INFO - [2026-09-23T19:45:34.137+0000] {dagbag.py:588} INFO - Filling up the DagBag from /home/airflow/.local/lib/python3.12/site-packages/airflow/example_dags/tutorial_dag.py
[2026-09-23T19:45:34.146+0000] {processor.py:925} INFO - DAG(s) 'tutorial_dag' retrieved from /home/airflow/.local/lib/python3.12/site-packages/airflow/example_dags/tutorial_dag.py
[2026-09-23T19:45:34.168+0000] {logging_mixin.py:190} INFO - [2026-09-23T19:45:34.168+0000] {dag.py:3239} INFO - Sync 1 DAGs
[2026-09-23T19:45:34.189+0000] {logging_mixin.py:190} INFO - [2026-09-23T19:45:34.189+0000] {dag.py:4180} INFO - Setting next_dagrun for tutorial_dag to None, run_after=None
[2026-09-23T19:45:34.212+0000] {processor.py:208} INFO - Processing /home/airflow/.local/lib/python3.12/site-packages/airflow/example_dags/tutorial_dag.py took 0.086 seconds
[2026-09-23T19:46:04.523+0000] {processor.py:186} INFO - Started process (PID=25711) to work on /home/airflow/.local/lib/python3.12/site-packages/airflow/example_dags/tutorial_dag.py
[2026-09-23T19:46:04.524+0000] {processor.py:914} INFO - Processing file /home/airflow/.local/lib/python3.12/site-packages/airflow/example_dags/tutorial_dag.py for tasks to queue
[2026-09-23T19:46:04.526+0000] {logging_mixin.py:190} INFO - [2026-09-23T19:46:04.526+0000] {dagbag.py:588} INFO - Filling up the DagBag from /home/airflow/.local/lib/python3.12/site-packages/airflow/example_dags/tutorial_dag.py
[2026-09-23T19:46:04.535+0000] {processor.py:925} INFO - DAG(s) 'tutorial_dag' retrieved from /home/airflow/.local/lib/python3.12/site-packages/airflow/example_dags/tutorial_dag.py
[2026-09-23T19:46:04.558+0000] {logging_mixin.py:190} INFO - [2026-09-23T19:46:04.558+0000] {dag.py:3239} INFO - Sync 1 DAGs
[2026-09-23T19:46:04.581+0000] {logging_mixin.py:190} INFO - [2026-09-23T19:46:04.581+0000] {dag.py:4180} INFO - Setting next_dagrun for tutorial_dag to None, run_after=None
[2026-09-23T19:46:04.603+0000] {processor.py:208} INFO - Processing /home/airflow/.local/lib/python3.12/site-packages/airflow/example_dags/tutorial_dag.py took 0.088 seconds
[2026-09-23T19:46:34.979+0000] {processor.py:186} INFO - Started process (PID=25785) to work on /home/airflow/.local/lib/python3.12/site-packages/airflow/example_dags/tutorial_dag.py
[2026-09-23T19:46:34.980+0000] {processor.py:914} INFO - Processing file /home/airflow/.local/lib/python3.12/site-packages/airflow/example_dags/tutorial_dag.py for tasks to queue
[2026-09-23T19:46:34.983+0000] {logging_mixin.py:190} INFO - [2026-09-23T19:46:34.983+0000] {dagbag.py:588} INFO - Filling up the DagBag from /home/airflow/.local/lib/python3.12/site-packages/airflow/example_dags/tutorial_dag.py
[2026-09-23T19:46:34.994+0000] {processor.py:925} INFO - DAG(s) 'tutorial_dag' retrieved from /home/airflow/.local/lib/python3.12/site-packages/airflow/example_dags/tutorial_dag.py
[2026-09-23T19:46:35.021+0000] {logging_mixin.py:190} INFO - [2026-09-23T19:46:35.021+0000] {dag.py:3239} INFO - Sync 1 DAGs
[2026-09-23T19:46:35.042+0000] {logging_mixin.py:190} INFO - [2026-09-23T19:46:35.042+0000] {dag.py:4180} INFO - Setting next_dagrun for tutorial_dag to None, run_after=None
[2026-09-23T19:46:35.062+0000] {processor.py:208} INFO - Processing /home/airflow/.local/lib/python3.12/site-packages/airflow/example_dags/tutorial_dag.py took 0.091 seconds
[2026-09-23T19:47:05.165+0000] {processor.py:186} INFO - Started process (PID=25859) to work on /home/airflow/.local/lib/python3.12/site-packages/airflow/example_dags/tutorial_dag.py
[2026-09-23T19:47:05.166+0000] {processor.py:914} INFO - Processing file /home/airflow/.local/lib/python3.12/site-packages/airflow/example_dags/tutorial_dag.py for tasks to queue
[2026-09-23T19:47:05.168+0000] {logging_mixin.py:190} INFO - [2026-09-23T19:47:05.168+0000] {dagbag.py:588} INFO - Filling up the DagBag from /home/airflow/.local/lib/python3.12/site-packages/airflow/example_dags/tutorial_dag.py
[2026-09-23T19:47:05.178+0000] {processor.py:925} INFO - DAG(s) 'tutorial_dag' retrieved from /home/airflow/.local/lib/python3.12/site-packages/airflow/example_dags/tutorial_dag.py
[2026-09-23T19:47:05.201+0000] {logging_mixin.py:190} INFO - [2026-09-23T19:47:05.201+0000] {dag.py:3239} INFO - Sync 1 DAGs
[2026-09-23T19:47:05.221+0000] {logging_mixin.py:190} INFO - [2026-09-23T19:47:05.221+0000] {dag.py:4180} INFO - Setting next_dagrun for tutorial_dag to None, run_after=None
[2026-09-23T19:47:05.241+0000] {processor.py:208} INFO - Processing /home/airflow/.local/lib/python3.12/site-packages/airflow/example_dags/tutorial_dag.py took 0.085 seconds
[2026-09-23T19:47:35.422+0000] {processor.py:186} INFO - Started process (PID=25933) to work on /home/airflow/.local/lib/python3.12/site-packages/airflow/example_dags/tutorial_dag.py
[2026-09-23T19:47:35.424+0000] {processor.py:914} INFO - Processing file /home/airflow/.local/lib/python3.12/site-packages/airflow/example_dags/tutorial_dag.py for tasks to queue
[2026-09-23T19:47:35.427+0000] {logging_mixin.py:190} INFO - [2026-09-23T19:47:35.426+0000] {dagbag.py:588} INFO - Filling up the DagBag from /home/airflow/.local/lib/python3.12/site-packages/airflow/example_dags/tutorial_dag.py
[2026-09-23T19:47:35.439+0000] {processor.py:925} INFO - DAG(s) 'tutorial_dag' retrieved from /home/airflow/.local/lib/python3.12/site-packages/airflow/example_dags/tutorial_dag.py
[2026-09-23T19:47:35.467+0000] {logging_mixin.py:190} INFO - [2026-09-23T19:47:35.466+0000] {dag.py:3239} INFO - Sync 1 DAGs
[2026-09-23T19:47:35.491+0000] {logging_mixin.py:190} INFO - [2026-09-23T19:47:35.491+0000] {dag.py:4180} INFO - Setting next_dagrun for tutorial_dag to None, run_after=None
[2026-09-23T19:47:35.518+0000] {processor.py:208} INFO - Processing /home/airflow/.local/lib/python3.12/site-packages/airflow/example_dags/tutorial_dag.py took 0.106 seconds
[2026-09-23T19:48:06.041+0000] {processor.py:186} INFO - Started process (PID=26005) to work on /home/airflow/.local/lib/python3.12/site-packages/airflow/example_dags/tutorial_dag.py
[2026-09-23T19:48:06.041+0000] {processor.py:914} INFO - Processing file /home/airflow/.local/lib/python3.12/site-packages/airflow/example_dags/tutorial_dag.py for tasks to queue
[2026-09-23T19:48:06.044+0000] {logging_mixin.py:190} INFO - [2026-09-23T19:48:06.044+0000] {dagbag.py:588} INFO - Filling up the DagBag from /home/airflow/.local/lib/python3.12/site-packages/airflow/example_dags/tutorial_dag.py
[2026-09-23T19:48:06.054+0000] {processor.py:925} INFO - DAG(s) 'tutorial_dag' retrieved from /home/airflow/.local/lib/python3.12/site-packages/airflow/example_dags/tutorial_dag.py
[2026-09-23T19:48:06.081+0000] {logging_mixin.py:190} INFO - [2026-09-23T19:48:06.081+0000] {dag.py:3239} INFO - Sync 1 DAGs
[2026-09-23T19:48:06.107+0000] {logging_mixin.py:190} INFO - [2026-09-23T19:48:06.106+0000] {dag.py:4180} INFO - Setting next_dagrun for tutorial_dag to None, run_after=None
[2026-09-23T19:48:06.135+0000] {processor.py:208} INFO - Processing /home/airflow/.local/lib/python3.12/site-packages/airflow/example_dags/tutorial_dag.py took 0.105 seconds
[2026-09-23T19:48:36.414+0000] {processor.py:186} INFO - Started process (PID=26078) to work on /home/airflow/.local/lib/python3.12/site-packages/airflow/example_dags/tutorial_dag.py
[2026-09-23T19:48:36.416+0000] {processor.py:914} INFO - Processing file /home/airflow/.local/lib/python3.12/site-packages/airflow/example_dags/tutorial_dag.py for tasks to queue
[2026-09-23T19:48:36.420+0000] {logging_mixin.py:190} INFO - [2026-09-23T19:48:36.419+0000] {dagbag.py:588} INFO - Filling up the DagBag from /home/airflow/.local/lib/python3.12/site-packages/airflow/example_dags/tutorial_dag.py
[2026-09-23T19:48:36.429+0000] {processor.py:925} INFO - DAG(s) 'tutorial_dag' retrieved from /home/airflow/.local/lib/python3.12/site-packages/airflow/example_dags/tutorial_dag.py
[2026-09-23T19:48:36.453+0000] {logging_mixin.py:190} INFO - [2026-09-23T19:48:36.453+0000] {dag.py:3239} INFO - Sync 1 DAGs
[2026-09-23T19:48:36.474+0000] {logging_mixin.py:190} INFO - [2026-09-23T19:48:36.474+0000] {dag.py:4180} INFO - Setting next_dagrun for tutorial_dag to None, run_after=None
[2026-09-23T19:48:36.497+0000] {processor.py:208} INFO - Processing /home/airflow/.local/lib/python3.12/site-packages/airflow/example_dags/tutorial_dag.py took 0.094 seconds
[2026-09-23T19:49:06.632+0000] {processor.py:186} INFO - Started process (PID=26152) to work on /home/airflow/.local/lib/python3.12/site-packages/airflow/example_dags/tutorial_dag.py
[2026-09-23T19:49:06.633+0000] {processor.py:914} INFO - Processing file /home/airflow/.local/lib/python3.12/site-packages/airflow/example_dags/tutorial_dag.py for tasks to queue
[2026-09-23T19:49:06.636+0000] {logging_mixin.py:190} INFO - [2026-09-23T19:49:06.635+0000] {dagbag.py:588} INFO - Filling up the DagBag from /home/airflow/.local/lib/python3.12/site-packages/airflow/example_dags/tutorial_dag.py
[2026-09-23T19:49:06.646+0000] {processor.py:925} INFO - DAG(s) 'tutorial_dag' retrieved from /home/airflow/.local/lib/python3.12/site-packages/airflow/example_dags/tutorial_dag.py
[2026-09-23T19:49:06.673+0000] {logging_mixin.py:190} INFO - [2026-09-23T19:49:06.673+0000] {dag.py:3239} INFO - Sync 1 DAGs
[2026-09-23T19:49:06.694+0000] {logging_mixin.py:190} INFO - [2026-09-23T19:49:06.694+0000] {dag.py:4180} INFO - Setting next_dagrun for tutorial_dag to None, run_after=None
[2026-09-23T19:49:06.716+0000] {processor.py:208} INFO - Processing /home/airflow/.local/lib/python3.12/site-packages/airflow/example_dags/tutorial_dag.py took 0.092 seconds
[2026-09-23T19:49:36.910+0000] {processor.py:186} INFO - Started process (PID=26226) to work on /home/airflow/.local/lib/python3.12/site-packages/airflow/example_dags/tutorial_dag.py
[2026-09-23T19:49:36.910+0000] {processor.py:914} INFO - Processing file /home/airflow/.local/lib/python3.12/site-packages/airflow/example_dags/tutorial_dag.py for tasks to queue
[2026-09-23T19:49:36.913+0000] {logging_mixin.py:190} INFO - [2026-09-23T19:49:36.913+0000] {dagbag.py:588} INFO - Filling up the DagBag from /home/airflow/.local/lib/python3.12/site-packages/airflow/example_dags/tutorial_dag.py
[2026-09-23T19:49:36.922+0000] {processor.py:925} INFO - DAG(s) 'tutorial_dag' retrieved from /home/airflow/.local/lib/python3.12/site-packages/airflow/example_dags/tutorial_dag.py
[2026-09-23T19:49:36.945+0000] {logging_mixin.py:190} INFO - [2026-09-23T19:49:36.944+0000] {dag.py:3239} INFO - Sync 1 DAGs
[2026-09-23T19:49:36.965+0000] {logging_mixin.py:190} INFO - [2026-09-23T19:49:36.965+0000] {dag.py:4180} INFO - Setting next_dagrun for tutorial_dag to None, run_after=None
[2026-09-23T19:49:36.986+0000] {processor.py:208} INFO - Processing /home/airflow/.local/lib/python3.12/site-packages/airflow/example_dags/tutorial_dag.py took 0.084 seconds
[2026-09-23T19:50:07.752+0000] {processor.py:186} INFO - Started process (PID=26301) to work on /home/airflow/.local/lib/python3.12/site-packages/airflow/example_dags/tutorial_dag.py
[2026-09-23T19:50:07.754+0000] {processor.py:914} INFO - Processing file /home/airflow/.local/lib/python3.12/site-packages/airflow/example_dags/tutorial_dag.py for tasks to queue
[2026-09-23T19:50:07.756+0000] {logging_mixin.py:190} INFO - [2026-09-23T19:50:07.756+0000] {dagbag.py:588} INFO - Filling up the DagBag from /home/airflow/.local/lib/python3.12/site-packages/airflow/example_dags/tutorial_dag.py
[2026-09-23T19:50:07.765+0000] {processor.py:925} INFO - DAG(s) 'tutorial_dag' retrieved from /home/airflow/.local/lib/python3.12/site-packages/airflow/example_dags/tutorial_dag.py
[2026-09-23T19:50:07.789+0000] {logging_mixin.py:190} INFO - [2026-09-23T19:50:07.788+0000] {dag.py:3239} INFO - Sync 1 DAGs
[2026-09-23T19:50:07.984+0000] {logging_mixin.py:190} INFO - [2026-09-23T19:50:07.984+0000] {dag.py:4180} INFO - Setting next_dagrun for tutorial_dag to None, run_after=None
[2026-09-23T19:50:08.006+0000] {processor.py:208} INFO - Processing /home/airflow/.local/lib/python3.12/site-packages/airflow/example_dags/tutorial_dag.py took 0.262 seconds
[2026-09-23T19:50:38.313+0000] {processor.py:186} INFO - Started process (PID=26376) to work on /home/airflow/.local/lib/python3.12/site-packages/airflow/example_dags/tutorial_dag.py
[2026-09-23T19:50:38.314+0000] {processor.py:914} INFO - Processing file /home/airflow/.local/lib/python3.12/site-packages/airflow/example_dags/tutorial_dag.py for tasks to queue
[2026-09-23T19:50:38.317+0000] {logging_mixin.py:190} INFO - [2026-09-23T19:50:38.317+0000] {dagbag.py:588} INFO - Filling up the DagBag from /home/airflow/.local/lib/python3.12/site-packages/airflow/example_dags/tutorial_dag.py
[2026-09-23T19:50:38.328+0000] {processor.py:925} INFO - DAG(s) 'tutorial_dag' retrieved from /home/airflow/.local/lib/python3.12/site-packages/airflow/example_dags/tutorial_dag.py
[2026-09-23T19:50:38.353+0000] {logging_mixin.py:190} INFO - [2026-09-23T19:50:38.352+0000] {dag.py:3239} INFO - Sync 1 DAGs
[2026-09-23T19:50:38.373+0000] {logging_mixin.py:190} INFO - [2026-09-23T19:50:38.373+0000] {dag.py:4180} INFO - Setting next_dagrun for tutorial_dag to None, run_after=None
[2026-09-23T19:50:38.565+0000] {processor.py:208} INFO - Processing /home/airflow/.local/lib/python3.12/site-packages/airflow/example_dags/tutorial_dag.py took 0.260 seconds
[2026-09-23T19:51:09.532+0000] {processor.py:186} INFO - Started process (PID=26450) to work on /home/airflow/.local/lib/python3.12/site-packages/airflow/example_dags/tutorial_dag.py
[2026-09-23T19:51:09.533+0000] {processor.py:914} INFO - Processing file /home/airflow/.local/lib/python3.12/site-packages/airflow/example_dags/tutorial_dag.py for tasks to queue
[2026-09-23T19:51:09.536+0000] {logging_mixin.py:190} INFO - [2026-09-23T19:51:09.536+0000] {dagbag.py:588} INFO - Filling up the DagBag from /home/airflow/.local/lib/python3.12/site-packages/airflow/example_dags/tutorial_dag.py
[2026-09-23T19:51:09.549+0000] {processor.py:925} INFO - DAG(s) 'tutorial_dag' retrieved from /home/airflow/.local/lib/python3.12/site-packages/airflow/example_dags/tutorial_dag.py
[2026-09-23T19:51:09.575+0000] {logging_mixin.py:190} INFO - [2026-09-23T19:51:09.574+0000] {dag.py:3239} INFO - Sync 1 DAGs
[2026-09-23T19:51:09.597+0000] {logging_mixin.py:190} INFO - [2026-09-23T19:51:09.597+0000] {dag.py:4180} INFO - Setting next_dagrun for tutorial_dag to None, run_after=None
[2026-09-23T19:51:09.618+0000] {processor.py:208} INFO - Processing /home/airflow/.local/lib/python3.12/site-packages/airflow/example_dags/tutorial_dag.py took 0.095 seconds
[2026-09-23T19:51:39.878+0000] {processor.py:186} INFO - Started process (PID=26524) to work on /home/airflow/.local/lib/python3.12/site-packages/airflow/example_dags/tutorial_dag.py
[2026-09-23T19:51:39.879+0000] {processor.py:914} INFO - Processing file /home/airflow/.local/lib/python3.12/site-packages/airflow/example_dags/tutorial_dag.py for tasks to queue
[2026-09-23T19:51:39.883+0000] {logging_mixin.py:190} INFO - [2026-09-23T19:51:39.882+0000] {dagbag.py:588} INFO - Filling up the DagBag from /home/airflow/.local/lib/python3.12/site-packages/airflow/example_dags/tutorial_dag.py
[2026-09-23T19:51:39.895+0000] {processor.py:925} INFO - DAG(s) 'tutorial_dag' retrieved from /home/airflow/.local/lib/python3.12/site-packages/airflow/example_dags/tutorial_dag.py
[2026-09-23T19:51:39.919+0000] {logging_mixin.py:190} INFO - [2026-09-23T19:51:39.918+0000] {dag.py:3239} INFO - Sync 1 DAGs
[2026-09-23T19:51:39.941+0000] {logging_mixin.py:190} INFO - [2026-09-23T19:51:39.941+0000] {dag.py:4180} INFO - Setting next_dagrun for tutorial_dag to None, run_after=None
[2026-09-23T19:51:39.964+0000] {processor.py:208} INFO - Processing /home/airflow/.local/lib/python3.12/site-packages/airflow/example_dags/tutorial_dag.py took 0.101 seconds
[2026-09-23T19:52:10.724+0000] {processor.py:186} INFO - Started process (PID=26598) to work on /home/airflow/.local/lib/python3.12/site-packages/airflow/example_dags/tutorial_dag.py
[2026-09-23T19:52:10.726+0000] {processor.py:914} INFO - Processing file /home/airflow/.local/lib/python3.12/site-packages/airflow/example_dags/tutorial_dag.py for tasks to queue
[2026-09-23T19:52:10.728+0000] {logging_mixin.py:190} INFO - [2026-09-23T19:52:10.728+0000] {dagbag.py:588} INFO - Filling up the DagBag from /home/airflow/.local/lib/python3.12/site-packages/airflow/example_dags/tutorial_dag.py
[2026-09-23T19:52:10.737+0000] {processor.py:925} INFO - DAG(s) 'tutorial_dag' retrieved from /home/airflow/.local/lib/python3.12/site-packages/airflow/example_dags/tutorial_dag.py
[2026-09-23T19:52:10.761+0000] {logging_mixin.py:190} INFO - [2026-09-23T19:52:10.760+0000] {dag.py:3239} INFO - Sync 1 DAGs
[2026-09-23T19:52:10.781+0000] {logging_mixin.py:190} INFO - [2026-09-23T19:52:10.781+0000] {dag.py:4180} INFO - Setting next_dagrun for tutorial_dag to None, run_after=None
[2026-09-23T19:52:10.801+0000] {processor.py:208} INFO - Processing /home/airflow/.local/lib/python3.12/site-packages/airflow/example_dags/tutorial_dag.py took 0.085 seconds
[2026-09-23T19:52:41.096+0000] {processor.py:186} INFO - Started process (PID=26673) to work on /home/airflow/.local/lib/python3.12/site-packages/airflow/example_dags/tutorial_dag.py
[2026-09-23T19:52:41.097+0000] {processor.py:914} INFO - Processing file /home/airflow/.local/lib/python3.12/site-packages/airflow/example_dags/tutorial_dag.py for tasks to queue
[2026-09-23T19:52:41.102+0000] {logging_mixin.py:190} INFO - [2026-09-23T19:52:41.101+0000] {dagbag.py:588} INFO - Filling up the DagBag from /home/airflow/.local/lib/python3.12/site-packages/airflow/example_dags/tutorial_dag.py
[2026-09-23T19:52:41.114+0000] {processor.py:925} INFO - DAG(s) 'tutorial_dag' retrieved from /home/airflow/.local/lib/python3.12/site-packages/airflow/example_dags/tutorial_dag.py
[2026-09-23T19:52:41.138+0000] {logging_mixin.py:190} INFO - [2026-09-23T19:52:41.138+0000] {dag.py:3239} INFO - Sync 1 DAGs
[2026-09-23T19:52:41.158+0000] {logging_mixin.py:190} INFO - [2026-09-23T19:52:41.158+0000] {dag.py:4180} INFO - Setting next_dagrun for tutorial_dag to None, run_after=None
[2026-09-23T19:52:41.179+0000] {processor.py:208} INFO - Processing /home/airflow/.local/lib/python3.12/site-packages/airflow/example_dags/tutorial_dag.py took 0.097 seconds
[2026-09-23T19:53:11.827+0000] {processor.py:186} INFO - Started process (PID=26748) to work on /home/airflow/.local/lib/python3.12/site-packages/airflow/example_dags/tutorial_dag.py
[2026-09-23T19:53:11.828+0000] {processor.py:914} INFO - Processing file /home/airflow/.local/lib/python3.12/site-packages/airflow/example_dags/tutorial_dag.py for tasks to queue
[2026-09-23T19:53:11.831+0000] {logging_mixin.py:190} INFO - [2026-09-23T19:53:11.831+0000] {dagbag.py:588} INFO - Filling up the DagBag from /home/airflow/.local/lib/python3.12/site-packages/airflow/example_dags/tutorial_dag.py
[2026-09-23T19:53:11.841+0000] {processor.py:925} INFO - DAG(s) 'tutorial_dag' retrieved from /home/airflow/.local/lib/python3.12/site-packages/airflow/example_dags/tutorial_dag.py
[2026-09-23T19:53:11.866+0000] {logging_mixin.py:190} INFO - [2026-09-23T19:53:11.865+0000] {dag.py:3239} INFO - Sync 1 DAGs
[2026-09-23T19:53:11.888+0000] {logging_mixin.py:190} INFO - [2026-09-23T19:53:11.888+0000] {dag.py:4180} INFO - Setting next_dagrun for tutorial_dag to None, run_after=None
[2026-09-23T19:53:11.910+0000] {processor.py:208} INFO - Processing /home/airflow/.local/lib/python3.12/site-packages/airflow/example_dags/tutorial_dag.py took 0.095 seconds
[2026-09-23T19:53:42.243+0000] {processor.py:186} INFO - Started process (PID=26822) to work on /home/airflow/.local/lib/python3.12/site-packages/airflow/example_dags/tutorial_dag.py
[2026-09-23T19:53:42.244+0000] {processor.py:914} INFO - Processing file /home/airflow/.local/lib/python3.12/site-packages/airflow/example_dags/tutorial_dag.py for tasks to queue
[2026-09-23T19:53:42.247+0000] {logging_mixin.py:190} INFO - [2026-09-23T19:53:42.246+0000] {dagbag.py:588} INFO - Filling up the DagBag from /home/airflow/.local/lib/python3.12/site-packages/airflow/example_dags/tutorial_dag.py
[2026-09-23T19:53:42.256+0000] {processor.py:925} INFO - DAG(s) 'tutorial_dag' retrieved from /home/airflow/.local/lib/python3.12/site-packages/airflow/example_dags/tutorial_dag.py
[2026-09-23T19:53:42.279+0000] {logging_mixin.py:190} INFO - [2026-09-23T19:53:42.279+0000] {dag.py:3239} INFO - Sync 1 DAGs
[2026-09-23T19:53:42.300+0000] {logging_mixin.py:190} INFO - [2026-09-23T19:53:42.300+0000] {dag.py:4180} INFO - Setting next_dagrun for tutorial_dag to None, run_after=None
[2026-09-23T19:53:42.320+0000] {processor.py:208} INFO - Processing /home/airflow/.local/lib/python3.12/site-packages/airflow/example_dags/tutorial_dag.py took 0.086 seconds
[2026-09-23T19:54:12.819+0000] {processor.py:186} INFO - Started process (PID=26896) to work on /home/airflow/.local/lib/python3.12/site-packages/airflow/example_dags/tutorial_dag.py
[2026-09-23T19:54:12.821+0000] {processor.py:914} INFO - Processing file /home/airflow/.local/lib/python3.12/site-packages/airflow/example_dags/tutorial_dag.py for tasks to queue
[2026-09-23T19:54:12.825+0000] {logging_mixin.py:190} INFO - [2026-09-23T19:54:12.824+0000] {dagbag.py:588} INFO - Filling up the DagBag from /home/airflow/.local/lib/python3.12/site-packages/airflow/example_dags/tutorial_dag.py
[2026-09-23T19:54:12.836+0000] {processor.py:925} INFO - DAG(s) 'tutorial_dag' retrieved from /home/airflow/.local/lib/python3.12/site-packages/airflow/example_dags/tutorial_dag.py
[2026-09-23T19:54:12.859+0000] {logging_mixin.py:190} INFO - [2026-09-23T19:54:12.859+0000] {dag.py:3239} INFO - Sync 1 DAGs
[2026-09-23T19:54:12.881+0000] {logging_mixin.py:190} INFO - [2026-09-23T19:54:12.881+0000] {dag.py:4180} INFO - Setting next_dagrun for tutorial_dag to None, run_after=None
[2026-09-23T19:54:12.904+0000] {processor.py:208} INFO - Processing /home/airflow/.local/lib/python3.12/site-packages/airflow/example_dags/tutorial_dag.py took 0.105 seconds
[2026-09-23T19:54:43.127+0000] {processor.py:186} INFO - Started process (PID=26970) to work on /home/airflow/.local/lib/python3.12/site-packages/airflow/example_dags/tutorial_dag.py
[2026-09-23T19:54:43.129+0000] {processor.py:914} INFO - Processing file /home/airflow/.local/lib/python3.12/site-packages/airflow/example_dags/tutorial_dag.py for tasks to queue
[2026-09-23T19:54:43.134+0000] {logging_mixin.py:190} INFO - [2026-09-23T19:54:43.133+0000] {dagbag.py:588} INFO - Filling up the DagBag from /home/airflow/.local/lib/python3.12/site-packages/airflow/example_dags/tutorial_dag.py
[2026-09-23T19:54:43.146+0000] {processor.py:925} INFO - DAG(s) 'tutorial_dag' retrieved from /home/airflow/.local/lib/python3.12/site-packages/airflow/example_dags/tutorial_dag.py
[2026-09-23T19:54:43.170+0000] {logging_mixin.py:190} INFO - [2026-09-23T19:54:43.170+0000] {dag.py:3239} INFO - Sync 1 DAGs
[2026-09-23T19:54:43.191+0000] {logging_mixin.py:190} INFO - [2026-09-23T19:54:43.191+0000] {dag.py:4180} INFO - Setting next_dagrun for tutorial_dag to None, run_after=None
[2026-09-23T19:54:43.213+0000] {processor.py:208} INFO - Processing /home/airflow/.local/lib/python3.12/site-packages/airflow/example_dags/tutorial_dag.py took 0.105 seconds
[2026-09-23T19:55:13.494+0000] {processor.py:186} INFO - Started process (PID=27044) to work on /home/airflow/.local/lib/python3.12/site-packages/airflow/example_dags/tutorial_dag.py
[2026-09-23T19:55:13.496+0000] {processor.py:914} INFO - Processing file /home/airflow/.local/lib/python3.12/site-packages/airflow/example_dags/tutorial_dag.py for tasks to queue
[2026-09-23T19:55:13.499+0000] {logging_mixin.py:190} INFO - [2026-09-23T19:55:13.499+0000] {dagbag.py:588} INFO - Filling up the DagBag from /home/airflow/.local/lib/python3.12/site-packages/airflow/example_dags/tutorial_dag.py
[2026-09-23T19:55:13.508+0000] {processor.py:925} INFO - DAG(s) 'tutorial_dag' retrieved from /home/airflow/.local/lib/python3.12/site-packages/airflow/example_dags/tutorial_dag.py
[2026-09-23T19:55:13.531+0000] {logging_mixin.py:190} INFO - [2026-09-23T19:55:13.531+0000] {dag.py:3239} INFO - Sync 1 DAGs
[2026-09-23T19:55:13.552+0000] {logging_mixin.py:190} INFO - [2026-09-23T19:55:13.551+0000] {dag.py:4180} INFO - Setting next_dagrun for tutorial_dag to None, run_after=None
[2026-09-23T19:55:13.575+0000] {processor.py:208} INFO - Processing /home/airflow/.local/lib/python3.12/site-packages/airflow/example_dags/tutorial_dag.py took 0.096 seconds
[2026-09-23T19:55:43.691+0000] {processor.py:186} INFO - Started process (PID=27118) to work on /home/airflow/.local/lib/python3.12/site-packages/airflow/example_dags/tutorial_dag.py
[2026-09-23T19:55:43.692+0000] {processor.py:914} INFO - Processing file /home/airflow/.local/lib/python3.12/site-packages/airflow/example_dags/tutorial_dag.py for tasks to queue
[2026-09-23T19:55:43.694+0000] {logging_mixin.py:190} INFO - [2026-09-23T19:55:43.694+0000] {dagbag.py:588} INFO - Filling up the DagBag from /home/airflow/.local/lib/python3.12/site-packages/airflow/example_dags/tutorial_dag.py
[2026-09-23T19:55:43.704+0000] {processor.py:925} INFO - DAG(s) 'tutorial_dag' retrieved from /home/airflow/.local/lib/python3.12/site-packages/airflow/example_dags/tutorial_dag.py
[2026-09-23T19:55:43.728+0000] {logging_mixin.py:190} INFO - [2026-09-23T19:55:43.727+0000] {dag.py:3239} INFO - Sync 1 DAGs
[2026-09-23T19:55:43.749+0000] {logging_mixin.py:190} INFO - [2026-09-23T19:55:43.749+0000] {dag.py:4180} INFO - Setting next_dagrun for tutorial_dag to None, run_after=None
[2026-09-23T19:55:43.772+0000] {processor.py:208} INFO - Processing /home/airflow/.local/lib/python3.12/site-packages/airflow/example_dags/tutorial_dag.py took 0.091 seconds
[2026-09-23T19:56:14.319+0000] {processor.py:186} INFO - Started process (PID=27192) to work on /home/airflow/.local/lib/python3.12/site-packages/airflow/example_dags/tutorial_dag.py
[2026-09-23T19:56:14.321+0000] {processor.py:914} INFO - Processing file /home/airflow/.local/lib/python3.12/site-packages/airflow/example_dags/tutorial_dag.py for tasks to queue
[2026-09-23T19:56:14.325+0000] {logging_mixin.py:190} INFO - [2026-09-23T19:56:14.325+0000] {dagbag.py:588} INFO - Filling up the DagBag from /home/airflow/.local/lib/python3.12/site-packages/airflow/example_dags/tutorial_dag.py
[2026-09-23T19:56:14.336+0000] {processor.py:925} INFO - DAG(s) 'tutorial_dag' retrieved from /home/airflow/.local/lib/python3.12/site-packages/airflow/example_dags/tutorial_dag.py
[2026-09-23T19:56:14.359+0000] {logging_mixin.py:190} INFO - [2026-09-23T19:56:14.359+0000] {dag.py:3239} INFO - Sync 1 DAGs
[2026-09-23T19:56:14.379+0000] {logging_mixin.py:190} INFO - [2026-09-23T19:56:14.379+0000] {dag.py:4180} INFO - Setting next_dagrun for tutorial_dag to None, run_after=None
[2026-09-23T19:56:14.399+0000] {processor.py:208} INFO - Processing /home/airflow/.local/lib/python3.12/site-packages/airflow/example_dags/tutorial_dag.py took 0.104 seconds
[2026-09-23T19:56:44.901+0000] {processor.py:186} INFO - Started process (PID=27266) to work on /home/airflow/.local/lib/python3.12/site-packages/airflow/example_dags/tutorial_dag.py
[2026-09-23T19:56:44.902+0000] {processor.py:914} INFO - Processing file /home/airflow/.local/lib/python3.12/site-packages/airflow/example_dags/tutorial_dag.py for tasks to queue
[2026-09-23T19:56:44.904+0000] {logging_mixin.py:190} INFO - [2026-09-23T19:56:44.904+0000] {dagbag.py:588} INFO - Filling up the DagBag from /home/airflow/.local/lib/python3.12/site-packages/airflow/example_dags/tutorial_dag.py
[2026-09-23T19:56:44.914+0000] {processor.py:925} INFO - DAG(s) 'tutorial_dag' retrieved from /home/airflow/.local/lib/python3.12/site-packages/airflow/example_dags/tutorial_dag.py
[2026-09-23T19:56:44.938+0000] {logging_mixin.py:190} INFO - [2026-09-23T19:56:44.938+0000] {dag.py:3239} INFO - Sync 1 DAGs
[2026-09-23T19:56:44.958+0000] {logging_mixin.py:190} INFO - [2026-09-23T19:56:44.958+0000] {dag.py:4180} INFO - Setting next_dagrun for tutorial_dag to None, run_after=None
[2026-09-23T19:56:44.979+0000] {processor.py:208} INFO - Processing /home/airflow/.local/lib/python3.12/site-packages/airflow/example_dags/tutorial_dag.py took 0.087 seconds
[2026-09-23T19:57:15.517+0000] {processor.py:186} INFO - Started process (PID=27339) to work on /home/airflow/.local/lib/python3.12/site-packages/airflow/example_dags/tutorial_dag.py
[2026-09-23T19:57:15.519+0000] {processor.py:914} INFO - Processing file /home/airflow/.local/lib/python3.12/site-packages/airflow/example_dags/tutorial_dag.py for tasks to queue
[2026-09-23T19:57:15.522+0000] {logging_mixin.py:190} INFO - [2026-09-23T19:57:15.521+0000] {dagbag.py:588} INFO - Filling up the DagBag from /home/airflow/.local/lib/python3.12/site-packages/airflow/example_dags/tutorial_dag.py
[2026-09-23T19:57:15.531+0000] {processor.py:925} INFO - DAG(s) 'tutorial_dag' retrieved from /home/airflow/.local/lib/python3.12/site-packages/airflow/example_dags/tutorial_dag.py
[2026-09-23T19:57:15.556+0000] {logging_mixin.py:190} INFO - [2026-09-23T19:57:15.555+0000] {dag.py:3239} INFO - Sync 1 DAGs
[2026-09-23T19:57:15.578+0000] {logging_mixin.py:190} INFO - [2026-09-23T19:57:15.578+0000] {dag.py:4180} INFO - Setting next_dagrun for tutorial_dag to None, run_after=None
[2026-09-23T19:57:15.605+0000] {processor.py:208} INFO - Processing /home/airflow/.local/lib/python3.12/site-packages/airflow/example_dags/tutorial_dag.py took 0.098 seconds
[2026-09-23T19:57:45.866+0000] {processor.py:186} INFO - Started process (PID=27413) to work on /home/airflow/.local/lib/python3.12/site-packages/airflow/example_dags/tutorial_dag.py
[2026-09-23T19:57:45.868+0000] {processor.py:914} INFO - Processing file /home/airflow/.local/lib/python3.12/site-packages/airflow/example_dags/tutorial_dag.py for tasks to queue
[2026-09-23T19:57:45.872+0000] {logging_mixin.py:190} INFO - [2026-09-23T19:57:45.871+0000] {dagbag.py:588} INFO - Filling up the DagBag from /home/airflow/.local/lib/python3.12/site-packages/airflow/example_dags/tutorial_dag.py
[2026-09-23T19:57:45.884+0000] {processor.py:925} INFO - DAG(s) 'tutorial_dag' retrieved from /home/airflow/.local/lib/python3.12/site-packages/airflow/example_dags/tutorial_dag.py
[2026-09-23T19:57:45.908+0000] {logging_mixin.py:190} INFO - [2026-09-23T19:57:45.907+0000] {dag.py:3239} INFO - Sync 1 DAGs
[2026-09-23T19:57:45.929+0000] {logging_mixin.py:190} INFO - [2026-09-23T19:57:45.929+0000] {dag.py:4180} INFO - Setting next_dagrun for tutorial_dag to None, run_after=None
[2026-09-23T19:57:45.950+0000] {processor.py:208} INFO - Processing /home/airflow/.local/lib/python3.12/site-packages/airflow/example_dags/tutorial_dag.py took 0.099 seconds
[2026-09-23T19:58:16.732+0000] {processor.py:186} INFO - Started process (PID=27487) to work on /home/airflow/.local/lib/python3.12/site-packages/airflow/example_dags/tutorial_dag.py
[2026-09-23T19:58:16.734+0000] {processor.py:914} INFO - Processing file /home/airflow/.local/lib/python3.12/site-packages/airflow/example_dags/tutorial_dag.py for tasks to queue
[2026-09-23T19:58:16.737+0000] {logging_mixin.py:190} INFO - [2026-09-23T19:58:16.736+0000] {dagbag.py:588} INFO - Filling up the DagBag from /home/airflow/.local/lib/python3.12/site-packages/airflow/example_dags/tutorial_dag.py
[2026-09-23T19:58:16.746+0000] {processor.py:925} INFO - DAG(s) 'tutorial_dag' retrieved from /home/airflow/.local/lib/python3.12/site-packages/airflow/example_dags/tutorial_dag.py
[2026-09-23T19:58:16.770+0000] {logging_mixin.py:190} INFO - [2026-09-23T19:58:16.769+0000] {dag.py:3239} INFO - Sync 1 DAGs
[2026-09-23T19:58:16.789+0000] {logging_mixin.py:190} INFO - [2026-09-23T19:58:16.789+0000] {dag.py:4180} INFO - Setting next_dagrun for tutorial_dag to None, run_after=None
[2026-09-23T19:58:16.809+0000] {processor.py:208} INFO - Processing /home/airflow/.local/lib/python3.12/site-packages/airflow/example_dags/tutorial_dag.py took 0.086 seconds
[2026-09-23T19:58:47.033+0000] {processor.py:186} INFO - Started process (PID=27561) to work on /home/airflow/.local/lib/python3.12/site-packages/airflow/example_dags/tutorial_dag.py
[2026-09-23T19:58:47.034+0000] {processor.py:914} INFO - Processing file /home/airflow/.local/lib/python3.12/site-packages/airflow/example_dags/tutorial_dag.py for tasks to queue
[2026-09-23T19:58:47.037+0000] {logging_mixin.py:190} INFO - [2026-09-23T19:58:47.036+0000] {dagbag.py:588} INFO - Filling up the DagBag from /home/airflow/.local/lib/python3.12/site-packages/airflow/example_dags/tutorial_dag.py
[2026-09-23T19:58:47.046+0000] {processor.py:925} INFO - DAG(s) 'tutorial_dag' retrieved from /home/airflow/.local/lib/python3.12/site-packages/airflow/example_dags/tutorial_dag.py
[2026-09-23T19:58:47.069+0000] {logging_mixin.py:190} INFO - [2026-09-23T19:58:47.069+0000] {dag.py:3239} INFO - Sync 1 DAGs
[2026-09-23T19:58:47.090+0000] {logging_mixin.py:190} INFO - [2026-09-23T19:58:47.090+0000] {dag.py:4180} INFO - Setting next_dagrun for tutorial_dag to None, run_after=None
[2026-09-23T19:58:47.110+0000] {processor.py:208} INFO - Processing /home/airflow/.local/lib/python3.12/site-packages/airflow/example_dags/tutorial_dag.py took 0.086 seconds
[2026-09-23T19:59:17.991+0000] {processor.py:186} INFO - Started process (PID=27630) to work on /home/airflow/.local/lib/python3.12/site-packages/airflow/example_dags/tutorial_dag.py
[2026-09-23T19:59:17.993+0000] {processor.py:914} INFO - Processing file /home/airflow/.local/lib/python3.12/site-packages/airflow/example_dags/tutorial_dag.py for tasks to queue
[2026-09-23T19:59:17.996+0000] {logging_mixin.py:190} INFO - [2026-09-23T19:59:17.996+0000] {dagbag.py:588} INFO - Filling up the DagBag from /home/airflow/.local/lib/python3.12/site-packages/airflow/example_dags/tutorial_dag.py
[2026-09-23T19:59:18.005+0000] {processor.py:925} INFO - DAG(s) 'tutorial_dag' retrieved from /home/airflow/.local/lib/python3.12/site-packages/airflow/example_dags/tutorial_dag.py
[2026-09-23T19:59:18.032+0000] {logging_mixin.py:190} INFO - [2026-09-23T19:59:18.031+0000] {dag.py:3239} INFO - Sync 1 DAGs
[2026-09-23T19:59:18.058+0000] {logging_mixin.py:190} INFO - [2026-09-23T19:59:18.057+0000] {dag.py:4180} INFO - Setting next_dagrun for tutorial_dag to None, run_after=None
[2026-09-23T19:59:18.092+0000] {processor.py:208} INFO - Processing /home/airflow/.local/lib/python3.12/site-packages/airflow/example_dags/tutorial_dag.py took 0.109 seconds
[2026-09-23T19:59:48.279+0000] {processor.py:186} INFO - Started process (PID=27693) to work on /home/airflow/.local/lib/python3.12/site-packages/airflow/example_dags/tutorial_dag.py
[2026-09-23T19:59:48.280+0000] {processor.py:914} INFO - Processing file /home/airflow/.local/lib/python3.12/site-packages/airflow/example_dags/tutorial_dag.py for tasks to queue
[2026-09-23T19:59:48.283+0000] {logging_mixin.py:190} INFO - [2026-09-23T19:59:48.282+0000] {dagbag.py:588} INFO - Filling up the DagBag from /home/airflow/.local/lib/python3.12/site-packages/airflow/example_dags/tutorial_dag.py
[2026-09-23T19:59:48.293+0000] {processor.py:925} INFO - DAG(s) 'tutorial_dag' retrieved from /home/airflow/.local/lib/python3.12/site-packages/airflow/example_dags/tutorial_dag.py
[2026-09-23T19:59:48.318+0000] {logging_mixin.py:190} INFO - [2026-09-23T19:59:48.318+0000] {dag.py:3239} INFO - Sync 1 DAGs
[2026-09-23T19:59:48.343+0000] {logging_mixin.py:190} INFO - [2026-09-23T19:59:48.342+0000] {dag.py:4180} INFO - Setting next_dagrun for tutorial_dag to None, run_after=None
[2026-09-23T19:59:48.366+0000] {processor.py:208} INFO - Processing /home/airflow/.local/lib/python3.12/site-packages/airflow/example_dags/tutorial_dag.py took 0.096 seconds
[2026-09-23T20:00:19.728+0000] {processor.py:186} INFO - Started process (PID=27766) to work on /home/airflow/.local/lib/python3.12/site-packages/airflow/example_dags/tutorial_dag.py
[2026-09-23T20:00:19.730+0000] {processor.py:914} INFO - Processing file /home/airflow/.local/lib/python3.12/site-packages/airflow/example_dags/tutorial_dag.py for tasks to queue
[2026-09-23T20:00:19.734+0000] {logging_mixin.py:190} INFO - [2026-09-23T20:00:19.733+0000] {dagbag.py:588} INFO - Filling up the DagBag from /home/airflow/.local/lib/python3.12/site-packages/airflow/example_dags/tutorial_dag.py
[2026-09-23T20:00:19.747+0000] {processor.py:925} INFO - DAG(s) 'tutorial_dag' retrieved from /home/airflow/.local/lib/python3.12/site-packages/airflow/example_dags/tutorial_dag.py
[2026-09-23T20:00:19.782+0000] {logging_mixin.py:190} INFO - [2026-09-23T20:00:19.782+0000] {dag.py:3239} INFO - Sync 1 DAGs
[2026-09-23T20:00:19.809+0000] {logging_mixin.py:190} INFO - [2026-09-23T20:00:19.809+0000] {dag.py:4180} INFO - Setting next_dagrun for tutorial_dag to None, run_after=None
[2026-09-23T20:00:19.837+0000] {processor.py:208} INFO - Processing /home/airflow/.local/lib/python3.12/site-packages/airflow/example_dags/tutorial_dag.py took 0.121 seconds
[2026-09-23T20:00:50.929+0000] {processor.py:186} INFO - Started process (PID=27840) to work on /home/airflow/.local/lib/python3.12/site-packages/airflow/example_dags/tutorial_dag.py
[2026-09-23T20:00:50.930+0000] {processor.py:914} INFO - Processing file /home/airflow/.local/lib/python3.12/site-packages/airflow/example_dags/tutorial_dag.py for tasks to queue
[2026-09-23T20:00:50.934+0000] {logging_mixin.py:190} INFO - [2026-09-23T20:00:50.933+0000] {dagbag.py:588} INFO - Filling up the DagBag from /home/airflow/.local/lib/python3.12/site-packages/airflow/example_dags/tutorial_dag.py
[2026-09-23T20:00:50.945+0000] {processor.py:925} INFO - DAG(s) 'tutorial_dag' retrieved from /home/airflow/.local/lib/python3.12/site-packages/airflow/example_dags/tutorial_dag.py
[2026-09-23T20:00:50.973+0000] {logging_mixin.py:190} INFO - [2026-09-23T20:00:50.973+0000] {dag.py:3239} INFO - Sync 1 DAGs
[2026-09-23T20:00:50.998+0000] {logging_mixin.py:190} INFO - [2026-09-23T20:00:50.997+0000] {dag.py:4180} INFO - Setting next_dagrun for tutorial_dag to None, run_after=None
[2026-09-23T20:00:51.028+0000] {processor.py:208} INFO - Processing /home/airflow/.local/lib/python3.12/site-packages/airflow/example_dags/tutorial_dag.py took 0.108 seconds
[2026-09-23T20:01:21.881+0000] {processor.py:186} INFO - Started process (PID=27912) to work on /home/airflow/.local/lib/python3.12/site-packages/airflow/example_dags/tutorial_dag.py
[2026-09-23T20:01:21.883+0000] {processor.py:914} INFO - Processing file /home/airflow/.local/lib/python3.12/site-packages/airflow/example_dags/tutorial_dag.py for tasks to queue
[2026-09-23T20:01:21.887+0000] {logging_mixin.py:190} INFO - [2026-09-23T20:01:21.886+0000] {dagbag.py:588} INFO - Filling up the DagBag from /home/airflow/.local/lib/python3.12/site-packages/airflow/example_dags/tutorial_dag.py
[2026-09-23T20:01:21.899+0000] {processor.py:925} INFO - DAG(s) 'tutorial_dag' retrieved from /home/airflow/.local/lib/python3.12/site-packages/airflow/example_dags/tutorial_dag.py
[2026-09-23T20:01:21.927+0000] {logging_mixin.py:190} INFO - [2026-09-23T20:01:21.927+0000] {dag.py:3239} INFO - Sync 1 DAGs
[2026-09-23T20:01:21.953+0000] {logging_mixin.py:190} INFO - [2026-09-23T20:01:21.952+0000] {dag.py:4180} INFO - Setting next_dagrun for tutorial_dag to None, run_after=None
[2026-09-23T20:01:21.987+0000] {processor.py:208} INFO - Processing /home/airflow/.local/lib/python3.12/site-packages/airflow/example_dags/tutorial_dag.py took 0.116 seconds
[2026-09-23T20:01:52.457+0000] {processor.py:186} INFO - Started process (PID=27978) to work on /home/airflow/.local/lib/python3.12/site-packages/airflow/example_dags/tutorial_dag.py
[2026-09-23T20:01:52.458+0000] {processor.py:914} INFO - Processing file /home/airflow/.local/lib/python3.12/site-packages/airflow/example_dags/tutorial_dag.py for tasks to queue
[2026-09-23T20:01:52.462+0000] {logging_mixin.py:190} INFO - [2026-09-23T20:01:52.461+0000] {dagbag.py:588} INFO - Filling up the DagBag from /home/airflow/.local/lib/python3.12/site-packages/airflow/example_dags/tutorial_dag.py
[2026-09-23T20:01:52.473+0000] {processor.py:925} INFO - DAG(s) 'tutorial_dag' retrieved from /home/airflow/.local/lib/python3.12/site-packages/airflow/example_dags/tutorial_dag.py
[2026-09-23T20:01:52.503+0000] {logging_mixin.py:190} INFO - [2026-09-23T20:01:52.503+0000] {dag.py:3239} INFO - Sync 1 DAGs
[2026-09-23T20:01:52.524+0000] {logging_mixin.py:190} INFO - [2026-09-23T20:01:52.524+0000] {dag.py:4180} INFO - Setting next_dagrun for tutorial_dag to None, run_after=None
[2026-09-23T20:01:52.547+0000] {processor.py:208} INFO - Processing /home/airflow/.local/lib/python3.12/site-packages/airflow/example_dags/tutorial_dag.py took 0.101 seconds
[2026-09-23T20:02:22.989+0000] {processor.py:186} INFO - Started process (PID=28049) to work on /home/airflow/.local/lib/python3.12/site-packages/airflow/example_dags/tutorial_dag.py
[2026-09-23T20:02:22.991+0000] {processor.py:914} INFO - Processing file /home/airflow/.local/lib/python3.12/site-packages/airflow/example_dags/tutorial_dag.py for tasks to queue
[2026-09-23T20:02:22.994+0000] {logging_mixin.py:190} INFO - [2026-09-23T20:02:22.994+0000] {dagbag.py:588} INFO - Filling up the DagBag from /home/airflow/.local/lib/python3.12/site-packages/airflow/example_dags/tutorial_dag.py
[2026-09-23T20:02:23.005+0000] {processor.py:925} INFO - DAG(s) 'tutorial_dag' retrieved from /home/airflow/.local/lib/python3.12/site-packages/airflow/example_dags/tutorial_dag.py
[2026-09-23T20:02:23.036+0000] {logging_mixin.py:190} INFO - [2026-09-23T20:02:23.036+0000] {dag.py:3239} INFO - Sync 1 DAGs
[2026-09-23T20:02:23.057+0000] {logging_mixin.py:190} INFO - [2026-09-23T20:02:23.057+0000] {dag.py:4180} INFO - Setting next_dagrun for tutorial_dag to None, run_after=None
[2026-09-23T20:02:23.080+0000] {processor.py:208} INFO - Processing /home/airflow/.local/lib/python3.12/site-packages/airflow/example_dags/tutorial_dag.py took 0.099 seconds
[2026-09-23T20:02:53.269+0000] {processor.py:186} INFO - Started process (PID=28123) to work on /home/airflow/.local/lib/python3.12/site-packages/airflow/example_dags/tutorial_dag.py
[2026-09-23T20:02:53.270+0000] {processor.py:914} INFO - Processing file /home/airflow/.local/lib/python3.12/site-packages/airflow/example_dags/tutorial_dag.py for tasks to queue
[2026-09-23T20:02:53.274+0000] {logging_mixin.py:190} INFO - [2026-09-23T20:02:53.273+0000] {dagbag.py:588} INFO - Filling up the DagBag from /home/airflow/.local/lib/python3.12/site-packages/airflow/example_dags/tutorial_dag.py
[2026-09-23T20:02:53.284+0000] {processor.py:925} INFO - DAG(s) 'tutorial_dag' retrieved from /home/airflow/.local/lib/python3.12/site-packages/airflow/example_dags/tutorial_dag.py
[2026-09-23T20:02:53.307+0000] {logging_mixin.py:190} INFO - [2026-09-23T20:02:53.307+0000] {dag.py:3239} INFO - Sync 1 DAGs
[2026-09-23T20:02:53.328+0000] {logging_mixin.py:190} INFO - [2026-09-23T20:02:53.328+0000] {dag.py:4180} INFO - Setting next_dagrun for tutorial_dag to None, run_after=None
[2026-09-23T20:02:53.350+0000] {processor.py:208} INFO - Processing /home/airflow/.local/lib/python3.12/site-packages/airflow/example_dags/tutorial_dag.py took 0.099 seconds
[2026-09-23T20:03:23.808+0000] {processor.py:186} INFO - Started process (PID=28197) to work on /home/airflow/.local/lib/python3.12/site-packages/airflow/example_dags/tutorial_dag.py
[2026-09-23T20:03:23.809+0000] {processor.py:914} INFO - Processing file /home/airflow/.local/lib/python3.12/site-packages/airflow/example_dags/tutorial_dag.py for tasks to queue
[2026-09-23T20:03:23.812+0000] {logging_mixin.py:190} INFO - [2026-09-23T20:03:23.812+0000] {dagbag.py:588} INFO - Filling up the DagBag from /home/airflow/.local/lib/python3.12/site-packages/airflow/example_dags/tutorial_dag.py
[2026-09-23T20:03:23.822+0000] {processor.py:925} INFO - DAG(s) 'tutorial_dag' retrieved from /home/airflow/.local/lib/python3.12/site-packages/airflow/example_dags/tutorial_dag.py
[2026-09-23T20:03:23.849+0000] {logging_mixin.py:190} INFO - [2026-09-23T20:03:23.848+0000] {dag.py:3239} INFO - Sync 1 DAGs
[2026-09-23T20:03:23.871+0000] {logging_mixin.py:190} INFO - [2026-09-23T20:03:23.871+0000] {dag.py:4180} INFO - Setting next_dagrun for tutorial_dag to None, run_after=None
[2026-09-23T20:03:23.893+0000] {processor.py:208} INFO - Processing /home/airflow/.local/lib/python3.12/site-packages/airflow/example_dags/tutorial_dag.py took 0.098 seconds
[2026-09-23T20:03:54.319+0000] {processor.py:186} INFO - Started process (PID=28271) to work on /home/airflow/.local/lib/python3.12/site-packages/airflow/example_dags/tutorial_dag.py
[2026-09-23T20:03:54.320+0000] {processor.py:914} INFO - Processing file /home/airflow/.local/lib/python3.12/site-packages/airflow/example_dags/tutorial_dag.py for tasks to queue
[2026-09-23T20:03:54.323+0000] {logging_mixin.py:190} INFO - [2026-09-23T20:03:54.322+0000] {dagbag.py:588} INFO - Filling up the DagBag from /home/airflow/.local/lib/python3.12/site-packages/airflow/example_dags/tutorial_dag.py
[2026-09-23T20:03:54.332+0000] {processor.py:925} INFO - DAG(s) 'tutorial_dag' retrieved from /home/airflow/.local/lib/python3.12/site-packages/airflow/example_dags/tutorial_dag.py
[2026-09-23T20:03:54.357+0000] {logging_mixin.py:190} INFO - [2026-09-23T20:03:54.357+0000] {dag.py:3239} INFO - Sync 1 DAGs
[2026-09-23T20:03:54.379+0000] {logging_mixin.py:190} INFO - [2026-09-23T20:03:54.378+0000] {dag.py:4180} INFO - Setting next_dagrun for tutorial_dag to None, run_after=None
[2026-09-23T20:03:54.402+0000] {processor.py:208} INFO - Processing /home/airflow/.local/lib/python3.12/site-packages/airflow/example_dags/tutorial_dag.py took 0.094 seconds
[2026-09-23T20:04:24.672+0000] {processor.py:186} INFO - Started process (PID=28344) to work on /home/airflow/.local/lib/python3.12/site-packages/airflow/example_dags/tutorial_dag.py
[2026-09-23T20:04:24.674+0000] {processor.py:914} INFO - Processing file /home/airflow/.local/lib/python3.12/site-packages/airflow/example_dags/tutorial_dag.py for tasks to queue
[2026-09-23T20:04:24.677+0000] {logging_mixin.py:190} INFO - [2026-09-23T20:04:24.676+0000] {dagbag.py:588} INFO - Filling up the DagBag from /home/airflow/.local/lib/python3.12/site-packages/airflow/example_dags/tutorial_dag.py
[2026-09-23T20:04:24.687+0000] {processor.py:925} INFO - DAG(s) 'tutorial_dag' retrieved from /home/airflow/.local/lib/python3.12/site-packages/airflow/example_dags/tutorial_dag.py
[2026-09-23T20:04:24.713+0000] {logging_mixin.py:190} INFO - [2026-09-23T20:04:24.713+0000] {dag.py:3239} INFO - Sync 1 DAGs
[2026-09-23T20:04:24.736+0000] {logging_mixin.py:190} INFO - [2026-09-23T20:04:24.735+0000] {dag.py:4180} INFO - Setting next_dagrun for tutorial_dag to None, run_after=None
[2026-09-23T20:04:24.758+0000] {processor.py:208} INFO - Processing /home/airflow/.local/lib/python3.12/site-packages/airflow/example_dags/tutorial_dag.py took 0.096 seconds
[2026-09-23T20:04:55.145+0000] {processor.py:186} INFO - Started process (PID=28419) to work on /home/airflow/.local/lib/python3.12/site-packages/airflow/example_dags/tutorial_dag.py
[2026-09-23T20:04:55.146+0000] {processor.py:914} INFO - Processing file /home/airflow/.local/lib/python3.12/site-packages/airflow/example_dags/tutorial_dag.py for tasks to queue
[2026-09-23T20:04:55.149+0000] {logging_mixin.py:190} INFO - [2026-09-23T20:04:55.148+0000] {dagbag.py:588} INFO - Filling up the DagBag from /home/airflow/.local/lib/python3.12/site-packages/airflow/example_dags/tutorial_dag.py
[2026-09-23T20:04:55.158+0000] {processor.py:925} INFO - DAG(s) 'tutorial_dag' retrieved from /home/airflow/.local/lib/python3.12/site-packages/airflow/example_dags/tutorial_dag.py
[2026-09-23T20:04:55.183+0000] {logging_mixin.py:190} INFO - [2026-09-23T20:04:55.183+0000] {dag.py:3239} INFO - Sync 1 DAGs
[2026-09-23T20:04:55.206+0000] {logging_mixin.py:190} INFO - [2026-09-23T20:04:55.205+0000] {dag.py:4180} INFO - Setting next_dagrun for tutorial_dag to None, run_after=None
[2026-09-23T20:04:55.228+0000] {processor.py:208} INFO - Processing /home/airflow/.local/lib/python3.12/site-packages/airflow/example_dags/tutorial_dag.py took 0.097 seconds
[2026-09-23T20:05:25.595+0000] {processor.py:186} INFO - Started process (PID=28492) to work on /home/airflow/.local/lib/python3.12/site-packages/airflow/example_dags/tutorial_dag.py
[2026-09-23T20:05:25.597+0000] {processor.py:914} INFO - Processing file /home/airflow/.local/lib/python3.12/site-packages/airflow/example_dags/tutorial_dag.py for tasks to queue
[2026-09-23T20:05:25.599+0000] {logging_mixin.py:190} INFO - [2026-09-23T20:05:25.599+0000] {dagbag.py:588} INFO - Filling up the DagBag from /home/airflow/.local/lib/python3.12/site-packages/airflow/example_dags/tutorial_dag.py
[2026-09-23T20:05:25.609+0000] {processor.py:925} INFO - DAG(s) 'tutorial_dag' retrieved from /home/airflow/.local/lib/python3.12/site-packages/airflow/example_dags/tutorial_dag.py
[2026-09-23T20:05:25.633+0000] {logging_mixin.py:190} INFO - [2026-09-23T20:05:25.633+0000] {dag.py:3239} INFO - Sync 1 DAGs
[2026-09-23T20:05:25.664+0000] {logging_mixin.py:190} INFO - [2026-09-23T20:05:25.663+0000] {dag.py:4180} INFO - Setting next_dagrun for tutorial_dag to None, run_after=None
[2026-09-23T20:05:25.688+0000] {processor.py:208} INFO - Processing /home/airflow/.local/lib/python3.12/site-packages/airflow/example_dags/tutorial_dag.py took 0.102 seconds
[2026-09-23T20:05:55.863+0000] {processor.py:186} INFO - Started process (PID=28565) to work on /home/airflow/.local/lib/python3.12/site-packages/airflow/example_dags/tutorial_dag.py
[2026-09-23T20:05:55.864+0000] {processor.py:914} INFO - Processing file /home/airflow/.local/lib/python3.12/site-packages/airflow/example_dags/tutorial_dag.py for tasks to queue
[2026-09-23T20:05:55.867+0000] {logging_mixin.py:190} INFO - [2026-09-23T20:05:55.866+0000] {dagbag.py:588} INFO - Filling up the DagBag from /home/airflow/.local/lib/python3.12/site-packages/airflow/example_dags/tutorial_dag.py
[2026-09-23T20:05:55.877+0000] {processor.py:925} INFO - DAG(s) 'tutorial_dag' retrieved from /home/airflow/.local/lib/python3.12/site-packages/airflow/example_dags/tutorial_dag.py
[2026-09-23T20:05:55.903+0000] {logging_mixin.py:190} INFO - [2026-09-23T20:05:55.902+0000] {dag.py:3239} INFO - Sync 1 DAGs
[2026-09-23T20:05:55.925+0000] {logging_mixin.py:190} INFO - [2026-09-23T20:05:55.924+0000] {dag.py:4180} INFO - Setting next_dagrun for tutorial_dag to None, run_after=None
[2026-09-23T20:05:55.948+0000] {processor.py:208} INFO - Processing /home/airflow/.local/lib/python3.12/site-packages/airflow/example_dags/tutorial_dag.py took 0.094 seconds
[2026-09-23T20:06:26.733+0000] {processor.py:186} INFO - Started process (PID=28638) to work on /home/airflow/.local/lib/python3.12/site-packages/airflow/example_dags/tutorial_dag.py
[2026-09-23T20:06:26.735+0000] {processor.py:914} INFO - Processing file /home/airflow/.local/lib/python3.12/site-packages/airflow/example_dags/tutorial_dag.py for tasks to queue
[2026-09-23T20:06:26.738+0000] {logging_mixin.py:190} INFO - [2026-09-23T20:06:26.737+0000] {dagbag.py:588} INFO - Filling up the DagBag from /home/airflow/.local/lib/python3.12/site-packages/airflow/example_dags/tutorial_dag.py
[2026-09-23T20:06:26.748+0000] {processor.py:925} INFO - DAG(s) 'tutorial_dag' retrieved from /home/airflow/.local/lib/python3.12/site-packages/airflow/example_dags/tutorial_dag.py
[2026-09-23T20:06:26.780+0000] {logging_mixin.py:190} INFO - [2026-09-23T20:06:26.779+0000] {dag.py:3239} INFO - Sync 1 DAGs
[2026-09-23T20:06:26.802+0000] {logging_mixin.py:190} INFO - [2026-09-23T20:06:26.802+0000] {dag.py:4180} INFO - Setting next_dagrun for tutorial_dag to None, run_after=None
[2026-09-23T20:06:26.827+0000] {processor.py:208} INFO - Processing /home/airflow/.local/lib/python3.12/site-packages/airflow/example_dags/tutorial_dag.py took 0.104 seconds
[2026-09-23T20:06:57.250+0000] {processor.py:186} INFO - Started process (PID=28711) to work on /home/airflow/.local/lib/python3.12/site-packages/airflow/example_dags/tutorial_dag.py
[2026-09-23T20:06:57.251+0000] {processor.py:914} INFO - Processing file /home/airflow/.local/lib/python3.12/site-packages/airflow/example_dags/tutorial_dag.py for tasks to queue
[2026-09-23T20:06:57.254+0000] {logging_mixin.py:190} INFO - [2026-09-23T20:06:57.254+0000] {dagbag.py:588} INFO - Filling up the DagBag from /home/airflow/.local/lib/python3.12/site-packages/airflow/example_dags/tutorial_dag.py
[2026-09-23T20:06:57.263+0000] {processor.py:925} INFO - DAG(s) 'tutorial_dag' retrieved from /home/airflow/.local/lib/python3.12/site-packages/airflow/example_dags/tutorial_dag.py
[2026-09-23T20:06:57.288+0000] {logging_mixin.py:190} INFO - [2026-09-23T20:06:57.288+0000] {dag.py:3239} INFO - Sync 1 DAGs
[2026-09-23T20:06:57.310+0000] {logging_mixin.py:190} INFO - [2026-09-23T20:06:57.310+0000] {dag.py:4180} INFO - Setting next_dagrun for tutorial_dag to None, run_after=None
[2026-09-23T20:06:57.333+0000] {processor.py:208} INFO - Processing /home/airflow/.local/lib/python3.12/site-packages/airflow/example_dags/tutorial_dag.py took 0.092 seconds
[2026-09-23T20:07:27.631+0000] {processor.py:186} INFO - Started process (PID=28785) to work on /home/airflow/.local/lib/python3.12/site-packages/airflow/example_dags/tutorial_dag.py
[2026-09-23T20:07:27.633+0000] {processor.py:914} INFO - Processing file /home/airflow/.local/lib/python3.12/site-packages/airflow/example_dags/tutorial_dag.py for tasks to queue
[2026-09-23T20:07:27.636+0000] {logging_mixin.py:190} INFO - [2026-09-23T20:07:27.635+0000] {dagbag.py:588} INFO - Filling up the DagBag from /home/airflow/.local/lib/python3.12/site-packages/airflow/example_dags/tutorial_dag.py
[2026-09-23T20:07:27.658+0000] {processor.py:925} INFO - DAG(s) 'tutorial_dag' retrieved from /home/airflow/.local/lib/python3.12/site-packages/airflow/example_dags/tutorial_dag.py
[2026-09-23T20:07:27.691+0000] {logging_mixin.py:190} INFO - [2026-09-23T20:07:27.691+0000] {dag.py:3239} INFO - Sync 1 DAGs
[2026-09-23T20:07:27.713+0000] {logging_mixin.py:190} INFO - [2026-09-23T20:07:27.713+0000] {dag.py:4180} INFO - Setting next_dagrun for tutorial_dag to None, run_after=None
[2026-09-23T20:07:27.738+0000] {processor.py:208} INFO - Processing /home/airflow/.local/lib/python3.12/site-packages/airflow/example_dags/tutorial_dag.py took 0.116 seconds
[2026-09-23T20:07:57.896+0000] {processor.py:186} INFO - Started process (PID=28859) to work on /home/airflow/.local/lib/python3.12/site-packages/airflow/example_dags/tutorial_dag.py
[2026-09-23T20:07:57.897+0000] {processor.py:914} INFO - Processing file /home/airflow/.local/lib/python3.12/site-packages/airflow/example_dags/tutorial_dag.py for tasks to queue
[2026-09-23T20:07:57.900+0000] {logging_mixin.py:190} INFO - [2026-09-23T20:07:57.899+0000] {dagbag.py:588} INFO - Filling up the DagBag from /home/airflow/.local/lib/python3.12/site-packages/airflow/example_dags/tutorial_dag.py
[2026-09-23T20:07:57.909+0000] {processor.py:925} INFO - DAG(s) 'tutorial_dag' retrieved from /home/airflow/.local/lib/python3.12/site-packages/airflow/example_dags/tutorial_dag.py
[2026-09-23T20:07:57.934+0000] {logging_mixin.py:190} INFO - [2026-09-23T20:07:57.934+0000] {dag.py:3239} INFO - Sync 1 DAGs
[2026-09-23T20:07:57.958+0000] {logging_mixin.py:190} INFO - [2026-09-23T20:07:57.957+0000] {dag.py:4180} INFO - Setting next_dagrun for tutorial_dag to None, run_after=None
[2026-09-23T20:07:57.983+0000] {processor.py:208} INFO - Processing /home/airflow/.local/lib/python3.12/site-packages/airflow/example_dags/tutorial_dag.py took 0.096 seconds
[2026-09-23T20:08:28.236+0000] {processor.py:186} INFO - Started process (PID=28933) to work on /home/airflow/.local/lib/python3.12/site-packages/airflow/example_dags/tutorial_dag.py
[2026-09-23T20:08:28.239+0000] {processor.py:914} INFO - Processing file /home/airflow/.local/lib/python3.12/site-packages/airflow/example_dags/tutorial_dag.py for tasks to queue
[2026-09-23T20:08:28.243+0000] {logging_mixin.py:190} INFO - [2026-09-23T20:08:28.242+0000] {dagbag.py:588} INFO - Filling up the DagBag from /home/airflow/.local/lib/python3.12/site-packages/airflow/example_dags/tutorial_dag.py
[2026-09-23T20:08:28.257+0000] {processor.py:925} INFO - DAG(s) 'tutorial_dag' retrieved from /home/airflow/.local/lib/python3.12/site-packages/airflow/example_dags/tutorial_dag.py
[2026-09-23T20:08:28.291+0000] {logging_mixin.py:190} INFO - [2026-09-23T20:08:28.291+0000] {dag.py:3239} INFO - Sync 1 DAGs
[2026-09-23T20:08:28.322+0000] {logging_mixin.py:190} INFO - [2026-09-23T20:08:28.321+0000] {dag.py:4180} INFO - Setting next_dagrun for tutorial_dag to None, run_after=None
[2026-09-23T20:08:28.353+0000] {processor.py:208} INFO - Processing /home/airflow/.local/lib/python3.12/site-packages/airflow/example_dags/tutorial_dag.py took 0.130 seconds
[2026-09-23T20:08:58.652+0000] {processor.py:186} INFO - Started process (PID=29007) to work on /home/airflow/.local/lib/python3.12/site-packages/airflow/example_dags/tutorial_dag.py
[2026-09-23T20:08:58.653+0000] {processor.py:914} INFO - Processing file /home/airflow/.local/lib/python3.12/site-packages/airflow/example_dags/tutorial_dag.py for tasks to queue
[2026-09-23T20:08:58.657+0000] {logging_mixin.py:190} INFO - [2026-09-23T20:08:58.657+0000] {dagbag.py:588} INFO - Filling up the DagBag from /home/airflow/.local/lib/python3.12/site-packages/airflow/example_dags/tutorial_dag.py
[2026-09-23T20:08:58.671+0000] {processor.py:925} INFO - DAG(s) 'tutorial_dag' retrieved from /home/airflow/.local/lib/python3.12/site-packages/airflow/example_dags/tutorial_dag.py
[2026-09-23T20:08:58.696+0000] {logging_mixin.py:190} INFO - [2026-09-23T20:08:58.696+0000] {dag.py:3239} INFO - Sync 1 DAGs
[2026-09-23T20:08:58.721+0000] {logging_mixin.py:190} INFO - [2026-09-23T20:08:58.720+0000] {dag.py:4180} INFO - Setting next_dagrun for tutorial_dag to None, run_after=None
[2026-09-23T20:08:58.744+0000] {processor.py:208} INFO - Processing /home/airflow/.local/lib/python3.12/site-packages/airflow/example_dags/tutorial_dag.py took 0.103 seconds
[2026-09-23T20:09:28.971+0000] {processor.py:186} INFO - Started process (PID=29082) to work on /home/airflow/.local/lib/python3.12/site-packages/airflow/example_dags/tutorial_dag.py
[2026-09-23T20:09:28.973+0000] {processor.py:914} INFO - Processing file /home/airflow/.local/lib/python3.12/site-packages/airflow/example_dags/tutorial_dag.py for tasks to queue
[2026-09-23T20:09:28.975+0000] {logging_mixin.py:190} INFO - [2026-09-23T20:09:28.975+0000] {dagbag.py:588} INFO - Filling up the DagBag from /home/airflow/.local/lib/python3.12/site-packages/airflow/example_dags/tutorial_dag.py
[2026-09-23T20:09:28.984+0000] {processor.py:925} INFO - DAG(s) 'tutorial_dag' retrieved from /home/airflow/.local/lib/python3.12/site-packages/airflow/example_dags/tutorial_dag.py
[2026-09-23T20:09:29.009+0000] {logging_mixin.py:190} INFO - [2026-09-23T20:09:29.009+0000] {dag.py:3239} INFO - Sync 1 DAGs
[2026-09-23T20:09:29.032+0000] {logging_mixin.py:190} INFO - [2026-09-23T20:09:29.032+0000] {dag.py:4180} INFO - Setting next_dagrun for tutorial_dag to None, run_after=None
[2026-09-23T20:09:29.055+0000] {processor.py:208} INFO - Processing /home/airflow/.local/lib/python3.12/site-packages/airflow/example_dags/tutorial_dag.py took 0.093 seconds
[2026-09-23T20:09:59.425+0000] {processor.py:186} INFO - Started process (PID=29155) to work on /home/airflow/.local/lib/python3.12/site-packages/airflow/example_dags/tutorial_dag.py
[2026-09-23T20:09:59.426+0000] {processor.py:914} INFO - Processing file /home/airflow/.local/lib/python3.12/site-packages/airflow/example_dags/tutorial_dag.py for tasks to queue
[2026-09-23T20:09:59.429+0000] {logging_mixin.py:190} INFO - [2026-09-23T20:09:59.428+0000] {dagbag.py:588} INFO - Filling up the DagBag from /home/airflow/.local/lib/python3.12/site-packages/airflow/example_dags/tutorial_dag.py
[2026-09-23T20:09:59.438+0000] {processor.py:925} INFO - DAG(s) 'tutorial_dag' retrieved from /home/airflow/.local/lib/python3.12/site-packages/airflow/example_dags/tutorial_dag.py
[2026-09-23T20:09:59.463+0000] {logging_mixin.py:190} INFO - [2026-09-23T20:09:59.463+0000] {dag.py:3239} INFO - Sync 1 DAGs
[2026-09-23T20:09:59.485+0000] {logging_mixin.py:190} INFO - [2026-09-23T20:09:59.485+0000] {dag.py:4180} INFO - Setting next_dagrun for tutorial_dag to None, run_after=None
[2026-09-23T20:09:59.508+0000] {processor.py:208} INFO - Processing /home/airflow/.local/lib/python3.12/site-packages/airflow/example_dags/tutorial_dag.py took 0.092 seconds
[2026-09-23T20:10:30.108+0000] {processor.py:186} INFO - Started process (PID=29229) to work on /home/airflow/.local/lib/python3.12/site-packages/airflow/example_dags/tutorial_dag.py
[2026-09-23T20:10:30.109+0000] {processor.py:914} INFO - Processing file /home/airflow/.local/lib/python3.12/site-packages/airflow/example_dags/tutorial_dag.py for tasks to queue
[2026-09-23T20:10:30.112+0000] {logging_mixin.py:190} INFO - [2026-09-23T20:10:30.111+0000] {dagbag.py:588} INFO - Filling up the DagBag from /home/airflow/.local/lib/python3.12/site-packages/airflow/example_dags/tutorial_dag.py
[2026-09-23T20:10:30.121+0000] {processor.py:925} INFO - DAG(s) 'tutorial_dag' retrieved from /home/airflow/.local/lib/python3.12/site-packages/airflow/example_dags/tutorial_dag.py
[2026-09-23T20:10:30.148+0000] {logging_mixin.py:190} INFO - [2026-09-23T20:10:30.147+0000] {dag.py:3239} INFO - Sync 1 DAGs
[2026-09-23T20:10:30.170+0000] {logging_mixin.py:190} INFO - [2026-09-23T20:10:30.169+0000] {dag.py:4180} INFO - Setting next_dagrun for tutorial_dag to None, run_after=None
[2026-09-23T20:10:30.198+0000] {processor.py:208} INFO - Processing /home/airflow/.local/lib/python3.12/site-packages/airflow/example_dags/tutorial_dag.py took 0.100 seconds
[2026-09-23T20:11:00.449+0000] {processor.py:186} INFO - Started process (PID=29303) to work on /home/airflow/.local/lib/python3.12/site-packages/airflow/example_dags/tutorial_dag.py
[2026-09-23T20:11:00.450+0000] {processor.py:914} INFO - Processing file /home/airflow/.local/lib/python3.12/site-packages/airflow/example_dags/tutorial_dag.py for tasks to queue
[2026-09-23T20:11:00.453+0000] {logging_mixin.py:190} INFO - [2026-09-23T20:11:00.452+0000] {dagbag.py:588} INFO - Filling up the DagBag from /home/airflow/.local/lib/python3.12/site-packages/airflow/example_dags/tutorial_dag.py
[2026-09-23T20:11:00.464+0000] {processor.py:925} INFO - DAG(s) 'tutorial_dag' retrieved from /home/airflow/.local/lib/python3.12/site-packages/airflow/example_dags/tutorial_dag.py
[2026-09-23T20:11:00.494+0000] {logging_mixin.py:190} INFO - [2026-09-23T20:11:00.494+0000] {dag.py:3239} INFO - Sync 1 DAGs
[2026-09-23T20:11:00.518+0000] {logging_mixin.py:190} INFO - [2026-09-23T20:11:00.518+0000] {dag.py:4180} INFO - Setting next_dagrun for tutorial_dag to None, run_after=None
[2026-09-23T20:11:00.545+0000] {processor.py:208} INFO - Processing /home/airflow/.local/lib/python3.12/site-packages/airflow/example_dags/tutorial_dag.py took 0.104 seconds
[2026-09-23T20:11:31.404+0000] {processor.py:186} INFO - Started process (PID=29377) to work on /home/airflow/.local/lib/python3.12/site-packages/airflow/example_dags/tutorial_dag.py
[2026-09-23T20:11:31.406+0000] {processor.py:914} INFO - Processing file /home/airflow/.local/lib/python3.12/site-packages/airflow/example_dags/tutorial_dag.py for tasks to queue
[2026-09-23T20:11:31.409+0000] {logging_mixin.py:190} INFO - [2026-09-23T20:11:31.409+0000] {dagbag.py:588} INFO - Filling up the DagBag from /home/airflow/.local/lib/python3.12/site-packages/airflow/example_dags/tutorial_dag.py
[2026-09-23T20:11:31.419+0000] {processor.py:925} INFO - DAG(s) 'tutorial_dag' retrieved from /home/airflow/.local/lib/python3.12/site-packages/airflow/example_dags/tutorial_dag.py
[2026-09-23T20:11:31.445+0000] {logging_mixin.py:190} INFO - [2026-09-23T20:11:31.445+0000] {dag.py:3239} INFO - Sync 1 DAGs
[2026-09-23T20:11:31.467+0000] {logging_mixin.py:190} INFO - [2026-09-23T20:11:31.467+0000] {dag.py:4180} INFO - Setting next_dagrun for tutorial_dag to None, run_after=None
[2026-09-23T20:11:31.491+0000] {processor.py:208} INFO - Processing /home/airflow/.local/lib/python3.12/site-packages/airflow/example_dags/tutorial_dag.py took 0.098 seconds
[2026-09-23T20:12:01.594+0000] {processor.py:186} INFO - Started process (PID=29451) to work on /home/airflow/.local/lib/python3.12/site-packages/airflow/example_dags/tutorial_dag.py
[2026-09-23T20:12:01.594+0000] {processor.py:914} INFO - Processing file /home/airflow/.local/lib/python3.12/site-packages/airflow/example_dags/tutorial_dag.py for tasks to queue
[2026-09-23T20:12:01.597+0000] {logging_mixin.py:190} INFO - [2026-09-23T20:12:01.597+0000] {dagbag.py:588} INFO - Filling up the DagBag from /home/airflow/.local/lib/python3.12/site-packages/airflow/example_dags/tutorial_dag.py
[2026-09-23T20:12:01.607+0000] {processor.py:925} INFO - DAG(s) 'tutorial_dag' retrieved from /home/airflow/.local/lib/python3.12/site-packages/airflow/example_dags/tutorial_dag.py
[2026-09-23T20:12:01.632+0000] {logging_mixin.py:190} INFO - [2026-09-23T20:12:01.632+0000] {dag.py:3239} INFO - Sync 1 DAGs
[2026-09-23T20:12:01.663+0000] {logging_mixin.py:190} INFO - [2026-09-23T20:12:01.662+0000] {dag.py:4180} INFO - Setting next_dagrun for tutorial_dag to None, run_after=None
[2026-09-23T20:12:01.688+0000] {processor.py:208} INFO - Processing /home/airflow/.local/lib/python3.12/site-packages/airflow/example_dags/tutorial_dag.py took 0.104 seconds
[2026-09-23T20:12:31.768+0000] {processor.py:186} INFO - Started process (PID=29525) to work on /home/airflow/.local/lib/python3.12/site-packages/airflow/example_dags/tutorial_dag.py
[2026-09-23T20:12:31.769+0000] {processor.py:914} INFO - Processing file /home/airflow/.local/lib/python3.12/site-packages/airflow/example_dags/tutorial_dag.py for tasks to queue
[2026-09-23T20:12:31.773+0000] {logging_mixin.py:190} INFO - [2026-09-23T20:12:31.773+0000] {dagbag.py:588} INFO - Filling up the DagBag from /home/airflow/.local/lib/python3.12/site-packages/airflow/example_dags/tutorial_dag.py
[2026-09-23T20:12:31.787+0000] {processor.py:925} INFO - DAG(s) 'tutorial_dag' retrieved from /home/airflow/.local/lib/python3.12/site-packages/airflow/example_dags/tutorial_dag.py
[2026-09-23T20:12:31.824+0000] {logging_mixin.py:190} INFO - [2026-09-23T20:12:31.824+0000] {dag.py:3239} INFO - Sync 1 DAGs
[2026-09-23T20:12:31.855+0000] {logging_mixin.py:190} INFO - [2026-09-23T20:12:31.855+0000] {dag.py:4180} INFO - Setting next_dagrun for tutorial_dag to None, run_after=None
[2026-09-23T20:12:31.881+0000] {processor.py:208} INFO - Processing /home/airflow/.local/lib/python3.12/site-packages/airflow/example_dags/tutorial_dag.py took 0.125 seconds
[2026-09-23T20:13:02.475+0000] {processor.py:186} INFO - Started process (PID=29597) to work on /home/airflow/.local/lib/python3.12/site-packages/airflow/example_dags/tutorial_dag.py
[2026-09-23T20:13:02.477+0000] {processor.py:914} INFO - Processing file /home/airflow/.local/lib/python3.12/site-packages/airflow/example_dags/tutorial_dag.py for tasks to queue
[2026-09-23T20:13:02.482+0000] {logging_mixin.py:190} INFO - [2026-09-23T20:13:02.481+0000] {dagbag.py:588} INFO - Filling up the DagBag from /home/airflow/.local/lib/python3.12/site-packages/airflow/example_dags/tutorial_dag.py
[2026-09-23T20:13:02.494+0000] {processor.py:925} INFO - DAG(s) 'tutorial_dag' retrieved from /home/airflow/.local/lib/python3.12/site-packages/airflow/example_dags/tutorial_dag.py
[2026-09-23T20:13:02.524+0000] {logging_mixin.py:190} INFO - [2026-09-23T20:13:02.523+0000] {dag.py:3239} INFO - Sync 1 DAGs
[2026-09-23T20:13:02.552+0000] {logging_mixin.py:190} INFO - [2026-09-23T20:13:02.552+0000] {dag.py:4180} INFO - Setting next_dagrun for tutorial_dag to None, run_after=None
[2026-09-23T20:13:02.577+0000] {processor.py:208} INFO - Processing /home/airflow/.local/lib/python3.12/site-packages/airflow/example_dags/tutorial_dag.py took 0.117 seconds
[2026-09-23T20:13:32.814+0000] {processor.py:186} INFO - Started process (PID=29672) to work on /home/airflow/.local/lib/python3.12/site-packages/airflow/example_dags/tutorial_dag.py
[2026-09-23T20:13:32.817+0000] {processor.py:914} INFO - Processing file /home/airflow/.local/lib/python3.12/site-packages/airflow/example_dags/tutorial_dag.py for tasks to queue
[2026-09-23T20:13:32.826+0000] {logging_mixin.py:190} INFO - [2026-09-23T20:13:32.825+0000] {dagbag.py:588} INFO - Filling up the DagBag from /home/airflow/.local/lib/python3.12/site-packages/airflow/example_dags/tutorial_dag.py
[2026-09-23T20:13:32.838+0000] {processor.py:925} INFO - DAG(s) 'tutorial_dag' retrieved from /home/airflow/.local/lib/python3.12/site-packages/airflow/example_dags/tutorial_dag.py
[2026-09-23T20:13:32.869+0000] {logging_mixin.py:190} INFO - [2026-09-23T20:13:32.869+0000] {dag.py:3239} INFO - Sync 1 DAGs
[2026-09-23T20:13:32.895+0000] {logging_mixin.py:190} INFO - [2026-09-23T20:13:32.895+0000] {dag.py:4180} INFO - Setting next_dagrun for tutorial_dag to None, run_after=None
[2026-09-23T20:13:32.963+0000] {processor.py:208} INFO - Processing /home/airflow/.local/lib/python3.12/site-packages/airflow/example_dags/tutorial_dag.py took 0.166 seconds
[2026-09-23T20:14:03.128+0000] {processor.py:186} INFO - Started process (PID=29746) to work on /home/airflow/.local/lib/python3.12/site-packages/airflow/example_dags/tutorial_dag.py
[2026-09-23T20:14:03.130+0000] {processor.py:914} INFO - Processing file /home/airflow/.local/lib/python3.12/site-packages/airflow/example_dags/tutorial_dag.py for tasks to queue
[2026-09-23T20:14:03.133+0000] {logging_mixin.py:190} INFO - [2026-09-23T20:14:03.132+0000] {dagbag.py:588} INFO - Filling up the DagBag from /home/airflow/.local/lib/python3.12/site-packages/airflow/example_dags/tutorial_dag.py
[2026-09-23T20:14:03.145+0000] {processor.py:925} INFO - DAG(s) 'tutorial_dag' retrieved from /home/airflow/.local/lib/python3.12/site-packages/airflow/example_dags/tutorial_dag.py
[2026-09-23T20:14:03.175+0000] {logging_mixin.py:190} INFO - [2026-09-23T20:14:03.175+0000] {dag.py:3239} INFO - Sync 1 DAGs
[2026-09-23T20:14:03.199+0000] {logging_mixin.py:190} INFO - [2026-09-23T20:14:03.198+0000] {dag.py:4180} INFO - Setting next_dagrun for tutorial_dag to None, run_after=None
[2026-09-23T20:14:03.225+0000] {processor.py:208} INFO - Processing /home/airflow/.local/lib/python3.12/site-packages/airflow/example_dags/tutorial_dag.py took 0.105 seconds
[2026-09-23T20:14:33.431+0000] {processor.py:186} INFO - Started process (PID=29819) to work on /home/airflow/.local/lib/python3.12/site-packages/airflow/example_dags/tutorial_dag.py
[2026-09-23T20:14:33.432+0000] {processor.py:914} INFO - Processing file /home/airflow/.local/lib/python3.12/site-packages/airflow/example_dags/tutorial_dag.py for tasks to queue
[2026-09-23T20:14:33.435+0000] {logging_mixin.py:190} INFO - [2026-09-23T20:14:33.435+0000] {dagbag.py:588} INFO - Filling up the DagBag from /home/airflow/.local/lib/python3.12/site-packages/airflow/example_dags/tutorial_dag.py
[2026-09-23T20:14:33.447+0000] {processor.py:925} INFO - DAG(s) 'tutorial_dag' retrieved from /home/airflow/.local/lib/python3.12/site-packages/airflow/example_dags/tutorial_dag.py
[2026-09-23T20:14:33.473+0000] {logging_mixin.py:190} INFO - [2026-09-23T20:14:33.473+0000] {dag.py:3239} INFO - Sync 1 DAGs
[2026-09-23T20:14:33.497+0000] {logging_mixin.py:190} INFO - [2026-09-23T20:14:33.497+0000] {dag.py:4180} INFO - Setting next_dagrun for tutorial_dag to None, run_after=None
[2026-09-23T20:14:33.521+0000] {processor.py:208} INFO - Processing /home/airflow/.local/lib/python3.12/site-packages/airflow/example_dags/tutorial_dag.py took 0.100 seconds
[2026-09-23T20:15:03.721+0000] {processor.py:186} INFO - Started process (PID=29892) to work on /home/airflow/.local/lib/python3.12/site-packages/airflow/example_dags/tutorial_dag.py
[2026-09-23T20:15:03.722+0000] {processor.py:914} INFO - Processing file /home/airflow/.local/lib/python3.12/site-packages/airflow/example_dags/tutorial_dag.py for tasks to queue
[2026-09-23T20:15:03.725+0000] {logging_mixin.py:190} INFO - [2026-09-23T20:15:03.725+0000] {dagbag.py:588} INFO - Filling up the DagBag from /home/airflow/.local/lib/python3.12/site-packages/airflow/example_dags/tutorial_dag.py
[2026-09-23T20:15:03.737+0000] {processor.py:925} INFO - DAG(s) 'tutorial_dag' retrieved from /home/airflow/.local/lib/python3.12/site-packages/airflow/example_dags/tutorial_dag.py
[2026-09-23T20:15:03.765+0000] {logging_mixin.py:190} INFO - [2026-09-23T20:15:03.765+0000] {dag.py:3239} INFO - Sync 1 DAGs
[2026-09-23T20:15:03.793+0000] {logging_mixin.py:190} INFO - [2026-09-23T20:15:03.793+0000] {dag.py:4180} INFO - Setting next_dagrun for tutorial_dag to None, run_after=None
[2026-09-23T20:15:03.818+0000] {processor.py:208} INFO - Processing /home/airflow/.local/lib/python3.12/site-packages/airflow/example_dags/tutorial_dag.py took 0.105 seconds
[2026-09-23T20:15:33.914+0000] {processor.py:186} INFO - Started process (PID=29966) to work on /home/airflow/.local/lib/python3.12/site-packages/airflow/example_dags/tutorial_dag.py
[2026-09-23T20:15:33.915+0000] {processor.py:914} INFO - Processing file /home/airflow/.local/lib/python3.12/site-packages/airflow/example_dags/tutorial_dag.py for tasks to queue
[2026-09-23T20:15:33.918+0000] {logging_mixin.py:190} INFO - [2026-09-23T20:15:33.918+0000] {dagbag.py:588} INFO - Filling up the DagBag from /home/airflow/.local/lib/python3.12/site-packages/airflow/example_dags/tutorial_dag.py
[2026-09-23T20:15:33.928+0000] {processor.py:925} INFO - DAG(s) 'tutorial_dag' retrieved from /home/airflow/.local/lib/python3.12/site-packages/airflow/example_dags/tutorial_dag.py
[2026-09-23T20:15:33.953+0000] {logging_mixin.py:190} INFO - [2026-09-23T20:15:33.953+0000] {dag.py:3239} INFO - Sync 1 DAGs
[2026-09-23T20:15:33.974+0000] {logging_mixin.py:190} INFO - [2026-09-23T20:15:33.974+0000] {dag.py:4180} INFO - Setting next_dagrun for tutorial_dag to None, run_after=None
[2026-09-23T20:15:33.999+0000] {processor.py:208} INFO - Processing /home/airflow/.local/lib/python3.12/site-packages/airflow/example_dags/tutorial_dag.py took 0.093 seconds
[2026-09-23T20:16:04.769+0000] {processor.py:186} INFO - Started process (PID=30040) to work on /home/airflow/.local/lib/python3.12/site-packages/airflow/example_dags/tutorial_dag.py
[2026-09-23T20:16:04.771+0000] {processor.py:914} INFO - Processing file /home/airflow/.local/lib/python3.12/site-packages/airflow/example_dags/tutorial_dag.py for tasks to queue
[2026-09-23T20:16:04.774+0000] {logging_mixin.py:190} INFO - [2026-09-23T20:16:04.773+0000] {dagbag.py:588} INFO - Filling up the DagBag from /home/airflow/.local/lib/python3.12/site-packages/airflow/example_dags/tutorial_dag.py
[2026-09-23T20:16:04.788+0000] {processor.py:925} INFO - DAG(s) 'tutorial_dag' retrieved from /home/airflow/.local/lib/python3.12/site-packages/airflow/example_dags/tutorial_dag.py
[2026-09-23T20:16:04.815+0000] {logging_mixin.py:190} INFO - [2026-09-23T20:16:04.815+0000] {dag.py:3239} INFO - Sync 1 DAGs
[2026-09-23T20:16:04.838+0000] {logging_mixin.py:190} INFO - [2026-09-23T20:16:04.838+0000] {dag.py:4180} INFO - Setting next_dagrun for tutorial_dag to None, run_after=None
[2026-09-23T20:16:04.864+0000] {processor.py:208} INFO - Processing /home/airflow/.local/lib/python3.12/site-packages/airflow/example_dags/tutorial_dag.py took 0.105 seconds
[2026-09-23T20:16:35.854+0000] {processor.py:186} INFO - Started process (PID=30108) to work on /home/airflow/.local/lib/python3.12/site-packages/airflow/example_dags/tutorial_dag.py
[2026-09-23T20:16:35.855+0000] {processor.py:914} INFO - Processing file /home/airflow/.local/lib/python3.12/site-packages/airflow/example_dags/tutorial_dag.py for tasks to queue
[2026-09-23T20:16:35.859+0000] {logging_mixin.py:190} INFO - [2026-09-23T20:16:35.858+0000] {dagbag.py:588} INFO - Filling up the DagBag from /home/airflow/.local/lib/python3.12/site-packages/airflow/example_dags/tutorial_dag.py
[2026-09-23T20:16:35.870+0000] {processor.py:925} INFO - DAG(s) 'tutorial_dag' retrieved from /home/airflow/.local/lib/python3.12/site-packages/airflow/example_dags/tutorial_dag.py
[2026-09-23T20:16:35.897+0000] {logging_mixin.py:190} INFO - [2026-09-23T20:16:35.896+0000] {dag.py:3239} INFO - Sync 1 DAGs
[2026-09-23T20:16:35.921+0000] {logging_mixin.py:190} INFO - [2026-09-23T20:16:35.920+0000] {dag.py:4180} INFO - Setting next_dagrun for tutorial_dag to None, run_after=None
[2026-09-23T20:16:35.945+0000] {processor.py:208} INFO - Processing /home/airflow/.local/lib/python3.12/site-packages/airflow/example_dags/tutorial_dag.py took 0.103 seconds
[2026-09-23T20:17:07.303+0000] {processor.py:186} INFO - Started process (PID=30181) to work on /home/airflow/.local/lib/python3.12/site-packages/airflow/example_dags/tutorial_dag.py
[2026-09-23T20:17:07.308+0000] {processor.py:914} INFO - Processing file /home/airflow/.local/lib/python3.12/site-packages/airflow/example_dags/tutorial_dag.py for tasks to queue
[2026-09-23T20:17:07.316+0000] {logging_mixin.py:190} INFO - [2026-09-23T20:17:07.315+0000] {dagbag.py:588} INFO - Filling up the DagBag from /home/airflow/.local/lib/python3.12/site-packages/airflow/example_dags/tutorial_dag.py
[2026-09-23T20:17:07.331+0000] {processor.py:925} INFO - DAG(s) 'tutorial_dag' retrieved from /home/airflow/.local/lib/python3.12/site-packages/airflow/example_dags/tutorial_dag.py
[2026-09-23T20:17:07.359+0000] {logging_mixin.py:190} INFO - [2026-09-23T20:17:07.359+0000] {dag.py:3239} INFO - Sync 1 DAGs
[2026-09-23T20:17:07.382+0000] {logging_mixin.py:190} INFO - [2026-09-23T20:17:07.382+0000] {dag.py:4180} INFO - Setting next_dagrun for tutorial_dag to None, run_after=None
[2026-09-23T20:17:07.408+0000] {processor.py:208} INFO - Processing /home/airflow/.local/lib/python3.12/site-packages/airflow/example_dags/tutorial_dag.py took 0.128 seconds
[2026-09-23T20:17:38.641+0000] {processor.py:186} INFO - Started process (PID=30254) to work on /home/airflow/.local/lib/python3.12/site-packages/airflow/example_dags/tutorial_dag.py
[2026-09-23T20:17:38.643+0000] {processor.py:914} INFO - Processing file /home/airflow/.local/lib/python3.12/site-packages/airflow/example_dags/tutorial_dag.py for tasks to queue
[2026-09-23T20:17:38.647+0000] {logging_mixin.py:190} INFO - [2026-09-23T20:17:38.646+0000] {dagbag.py:588} INFO - Filling up the DagBag from /home/airflow/.local/lib/python3.12/site-packages/airflow/example_dags/tutorial_dag.py
[2026-09-23T20:17:38.663+0000] {processor.py:925} INFO - DAG(s) 'tutorial_dag' retrieved from /home/airflow/.local/lib/python3.12/site-packages/airflow/example_dags/tutorial_dag.py
[2026-09-23T20:17:38.693+0000] {logging_mixin.py:190} INFO - [2026-09-23T20:17:38.693+0000] {dag.py:3239} INFO - Sync 1 DAGs
[2026-09-23T20:17:38.718+0000] {logging_mixin.py:190} INFO - [2026-09-23T20:17:38.718+0000] {dag.py:4180} INFO - Setting next_dagrun for tutorial_dag to None, run_after=None
[2026-09-23T20:17:38.744+0000] {processor.py:208} INFO - Processing /home/airflow/.local/lib/python3.12/site-packages/airflow/example_dags/tutorial_dag.py took 0.114 seconds
[2026-09-23T20:18:09.074+0000] {processor.py:186} INFO - Started process (PID=30318) to work on /home/airflow/.local/lib/python3.12/site-packages/airflow/example_dags/tutorial_dag.py
[2026-09-23T20:18:09.075+0000] {processor.py:914} INFO - Processing file /home/airflow/.local/lib/python3.12/site-packages/airflow/example_dags/tutorial_dag.py for tasks to queue
[2026-09-23T20:18:09.078+0000] {logging_mixin.py:190} INFO - [2026-09-23T20:18:09.078+0000] {dagbag.py:588} INFO - Filling up the DagBag from /home/airflow/.local/lib/python3.12/site-packages/airflow/example_dags/tutorial_dag.py
[2026-09-23T20:18:09.087+0000] {processor.py:925} INFO - DAG(s) 'tutorial_dag' retrieved from /home/airflow/.local/lib/python3.12/site-packages/airflow/example_dags/tutorial_dag.py
[2026-09-23T20:18:09.112+0000] {logging_mixin.py:190} INFO - [2026-09-23T20:18:09.111+0000] {dag.py:3239} INFO - Sync 1 DAGs
[2026-09-23T20:18:09.132+0000] {logging_mixin.py:190} INFO - [2026-09-23T20:18:09.132+0000] {dag.py:4180} INFO - Setting next_dagrun for tutorial_dag to None, run_after=None
[2026-09-23T20:18:09.154+0000] {processor.py:208} INFO - Processing /home/airflow/.local/lib/python3.12/site-packages/airflow/example_dags/tutorial_dag.py took 0.088 seconds
[2026-09-23T20:18:40.190+0000] {processor.py:186} INFO - Started process (PID=30392) to work on /home/airflow/.local/lib/python3.12/site-packages/airflow/example_dags/tutorial_dag.py
[2026-09-23T20:18:40.191+0000] {processor.py:914} INFO - Processing file /home/airflow/.local/lib/python3.12/site-packages/airflow/example_dags/tutorial_dag.py for tasks to queue
[2026-09-23T20:18:40.194+0000] {logging_mixin.py:190} INFO - [2026-09-23T20:18:40.193+0000] {dagbag.py:588} INFO - Filling up the DagBag from /home/airflow/.local/lib/python3.12/site-packages/airflow/example_dags/tutorial_dag.py
[2026-09-23T20:18:40.205+0000] {processor.py:925} INFO - DAG(s) 'tutorial_dag' retrieved from /home/airflow/.local/lib/python3.12/site-packages/airflow/example_dags/tutorial_dag.py
[2026-09-23T20:18:40.232+0000] {logging_mixin.py:190} INFO - [2026-09-23T20:18:40.232+0000] {dag.py:3239} INFO - Sync 1 DAGs
[2026-09-23T20:18:40.256+0000] {logging_mixin.py:190} INFO - [2026-09-23T20:18:40.256+0000] {dag.py:4180} INFO - Setting next_dagrun for tutorial_dag to None, run_after=None
[2026-09-23T20:18:40.280+0000] {processor.py:208} INFO - Processing /home/airflow/.local/lib/python3.12/site-packages/airflow/example_dags/tutorial_dag.py took 0.099 seconds
[2026-09-23T20:19:11.505+0000] {processor.py:186} INFO - Started process (PID=30466) to work on /home/airflow/.local/lib/python3.12/site-packages/airflow/example_dags/tutorial_dag.py
[2026-09-23T20:19:11.506+0000] {processor.py:914} INFO - Processing file /home/airflow/.local/lib/python3.12/site-packages/airflow/example_dags/tutorial_dag.py for tasks to queue
[2026-09-23T20:19:11.509+0000] {logging_mixin.py:190} INFO - [2026-09-23T20:19:11.509+0000] {dagbag.py:588} INFO - Filling up the DagBag from /home/airflow/.local/lib/python3.12/site-packages/airflow/example_dags/tutorial_dag.py
[2026-09-23T20:19:11.519+0000] {processor.py:925} INFO - DAG(s) 'tutorial_dag' retrieved from /home/airflow/.local/lib/python3.12/site-packages/airflow/example_dags/tutorial_dag.py
[2026-09-23T20:19:11.544+0000] {logging_mixin.py:190} INFO - [2026-09-23T20:19:11.544+0000] {dag.py:3239} INFO - Sync 1 DAGs
[2026-09-23T20:19:11.566+0000] {logging_mixin.py:190} INFO - [2026-09-23T20:19:11.566+0000] {dag.py:4180} INFO - Setting next_dagrun for tutorial_dag to None, run_after=None
[2026-09-23T20:19:11.590+0000] {processor.py:208} INFO - Processing /home/airflow/.local/lib/python3.12/site-packages/airflow/example_dags/tutorial_dag.py took 0.095 seconds
[2026-09-23T20:19:42.793+0000] {processor.py:186} INFO - Started process (PID=30540) to work on /home/airflow/.local/lib/python3.12/site-packages/airflow/example_dags/tutorial_dag.py
[2026-09-23T20:19:42.794+0000] {processor.py:914} INFO - Processing file /home/airflow/.local/lib/python3.12/site-packages/airflow/example_dags/tutorial_dag.py for tasks to queue
[2026-09-23T20:19:42.798+0000] {logging_mixin.py:190} INFO - [2026-09-23T20:19:42.797+0000] {dagbag.py:588} INFO - Filling up the DagBag from /home/airflow/.local/lib/python3.12/site-packages/airflow/example_dags/tutorial_dag.py
[2026-09-23T20:19:42.809+0000] {processor.py:925} INFO - DAG(s) 'tutorial_dag' retrieved from /home/airflow/.local/lib/python3.12/site-packages/airflow/example_dags/tutorial_dag.py
[2026-09-23T20:19:42.834+0000] {logging_mixin.py:190} INFO - [2026-09-23T20:19:42.834+0000] {dag.py:3239} INFO - Sync 1 DAGs
[2026-09-23T20:19:42.861+0000] {logging_mixin.py:190} INFO - [2026-09-23T20:19:42.860+0000] {dag.py:4180} INFO - Setting next_dagrun for tutorial_dag to None, run_after=None
[2026-09-23T20:19:42.894+0000] {processor.py:208} INFO - Processing /home/airflow/.local/lib/python3.12/site-packages/airflow/example_dags/tutorial_dag.py took 0.111 seconds
[2026-09-23T20:20:13.195+0000] {processor.py:186} INFO - Started process (PID=30611) to work on /home/airflow/.local/lib/python3.12/site-packages/airflow/example_dags/tutorial_dag.py
[2026-09-23T20:20:13.197+0000] {processor.py:914} INFO - Processing file /home/airflow/.local/lib/python3.12/site-packages/airflow/example_dags/tutorial_dag.py for tasks to queue
[2026-09-23T20:20:13.201+0000] {logging_mixin.py:190} INFO - [2026-09-23T20:20:13.200+0000] {dagbag.py:588} INFO - Filling up the DagBag from /home/airflow/.local/lib/python3.12/site-packages/airflow/example_dags/tutorial_dag.py
[2026-09-23T20:20:13.212+0000] {processor.py:925} INFO - DAG(s) 'tutorial_dag' retrieved from /home/airflow/.local/lib/python3.12/site-packages/airflow/example_dags/tutorial_dag.py
[2026-09-23T20:20:13.241+0000] {logging_mixin.py:190} INFO - [2026-09-23T20:20:13.241+0000] {dag.py:3239} INFO - Sync 1 DAGs
[2026-09-23T20:20:13.265+0000] {logging_mixin.py:190} INFO - [2026-09-23T20:20:13.264+0000] {dag.py:4180} INFO - Setting next_dagrun for tutorial_dag to None, run_after=None
[2026-09-23T20:20:13.290+0000] {processor.py:208} INFO - Processing /home/airflow/.local/lib/python3.12/site-packages/airflow/example_dags/tutorial_dag.py took 0.108 seconds
[2026-09-23T20:20:43.494+0000] {processor.py:186} INFO - Started process (PID=30685) to work on /home/airflow/.local/lib/python3.12/site-packages/airflow/example_dags/tutorial_dag.py
[2026-09-23T20:20:43.495+0000] {processor.py:914} INFO - Processing file /home/airflow/.local/lib/python3.12/site-packages/airflow/example_dags/tutorial_dag.py for tasks to queue
[2026-09-23T20:20:43.498+0000] {logging_mixin.py:190} INFO - [2026-09-23T20:20:43.498+0000] {dagbag.py:588} INFO - Filling up the DagBag from /home/airflow/.local/lib/python3.12/site-packages/airflow/example_dags/tutorial_dag.py
[2026-09-23T20:20:43.507+0000] {processor.py:925} INFO - DAG(s) 'tutorial_dag' retrieved from /home/airflow/.local/lib/python3.12/site-packages/airflow/example_dags/tutorial_dag.py
[2026-09-23T20:20:43.533+0000] {logging_mixin.py:190} INFO - [2026-09-23T20:20:43.533+0000] {dag.py:3239} INFO - Sync 1 DAGs
[2026-09-23T20:20:43.560+0000] {logging_mixin.py:190} INFO - [2026-09-23T20:20:43.559+0000] {dag.py:4180} INFO - Setting next_dagrun for tutorial_dag to None, run_after=None
[2026-09-23T20:20:43.591+0000] {processor.py:208} INFO - Processing /home/airflow/.local/lib/python3.12/site-packages/airflow/example_dags/tutorial_dag.py took 0.105 seconds
[2026-09-23T20:21:13.870+0000] {processor.py:186} INFO - Started process (PID=30759) to work on /home/airflow/.local/lib/python3.12/site-packages/airflow/example_dags/tutorial_dag.py
[2026-09-23T20:21:13.872+0000] {processor.py:914} INFO - Processing file /home/airflow/.local/lib/python3.12/site-packages/airflow/example_dags/tutorial_dag.py for tasks to queue
[2026-09-23T20:21:13.876+0000] {logging_mixin.py:190} INFO - [2026-09-23T20:21:13.875+0000] {dagbag.py:588} INFO - Filling up the DagBag from /home/airflow/.local/lib/python3.12/site-packages/airflow/example_dags/tutorial_dag.py
[2026-09-23T20:21:13.887+0000] {processor.py:925} INFO - DAG(s) 'tutorial_dag' retrieved from /home/airflow/.local/lib/python3.12/site-packages/airflow/example_dags/tutorial_dag.py
[2026-09-23T20:21:13.916+0000] {logging_mixin.py:190} INFO - [2026-09-23T20:21:13.916+0000] {dag.py:3239} INFO - Sync 1 DAGs
[2026-09-23T20:21:13.942+0000] {logging_mixin.py:190} INFO - [2026-09-23T20:21:13.941+0000] {dag.py:4180} INFO - Setting next_dagrun for tutorial_dag to None, run_after=None
[2026-09-23T20:21:13.967+0000] {processor.py:208} INFO - Processing /home/airflow/.local/lib/python3.12/site-packages/airflow/example_dags/tutorial_dag.py took 0.107 seconds
[2026-09-23T20:21:44.082+0000] {processor.py:186} INFO - Started process (PID=30833) to work on /home/airflow/.local/lib/python3.12/site-packages/airflow/example_dags/tutorial_dag.py
[2026-09-23T20:21:44.083+0000] {processor.py:914} INFO - Processing file /home/airflow/.local/lib/python3.12/site-packages/airflow/example_dags/tutorial_dag.py for tasks to queue
[2026-09-23T20:21:44.087+0000] {logging_mixin.py:190} INFO - [2026-09-23T20:21:44.086+0000] {dagbag.py:588} INFO - Filling up the DagBag from /home/airflow/.local/lib/python3.12/site-packages/airflow/example_dags/tutorial_dag.py
[2026-09-23T20:21:44.097+0000] {processor.py:925} INFO - DAG(s) 'tutorial_dag' retrieved from /home/airflow/.local/lib/python3.12/site-packages/airflow/example_dags/tutorial_dag.py
[2026-09-23T20:21:44.124+0000] {logging_mixin.py:190} INFO - [2026-09-23T20:21:44.124+0000] {dag.py:3239} INFO - Sync 1 DAGs
[2026-09-23T20:21:44.147+0000] {logging_mixin.py:190} INFO - [2026-09-23T20:21:44.147+0000] {dag.py:4180} INFO - Setting next_dagrun for tutorial_dag to None, run_after=None
[2026-09-23T20:21:44.174+0000] {processor.py:208} INFO - Processing /home/airflow/.local/lib/python3.12/site-packages/airflow/example_dags/tutorial_dag.py took 0.101 seconds
[2026-09-23T20:22:14.615+0000] {processor.py:186} INFO - Started process (PID=30908) to work on /home/airflow/.local/lib/python3.12/site-packages/airflow/example_dags/tutorial_dag.py
[2026-09-23T20:22:14.617+0000] {processor.py:914} INFO - Processing file /home/airflow/.local/lib/python3.12/site-packages/airflow/example_dags/tutorial_dag.py for tasks to queue
[2026-09-23T20:22:14.620+0000] {logging_mixin.py:190} INFO - [2026-09-23T20:22:14.620+0000] {dagbag.py:588} INFO - Filling up the DagBag from /home/airflow/.local/lib/python3.12/site-packages/airflow/example_dags/tutorial_dag.py
[2026-09-23T20:22:14.632+0000] {processor.py:925} INFO - DAG(s) 'tutorial_dag' retrieved from /home/airflow/.local/lib/python3.12/site-packages/airflow/example_dags/tutorial_dag.py
[2026-09-23T20:22:14.666+0000] {logging_mixin.py:190} INFO - [2026-09-23T20:22:14.666+0000] {dag.py:3239} INFO - Sync 1 DAGs
[2026-09-23T20:22:14.690+0000] {logging_mixin.py:190} INFO - [2026-09-23T20:22:14.690+0000] {dag.py:4180} INFO - Setting next_dagrun for tutorial_dag to None, run_after=None
[2026-09-23T20:22:14.716+0000] {processor.py:208} INFO - Processing /home/airflow/.local/lib/python3.12/site-packages/airflow/example_dags/tutorial_dag.py took 0.110 seconds
[2026-09-23T20:22:45.188+0000] {processor.py:186} INFO - Started process (PID=30983) to work on /home/airflow/.local/lib/python3.12/site-packages/airflow/example_dags/tutorial_dag.py
[2026-09-23T20:22:45.189+0000] {processor.py:914} INFO - Processing file /home/airflow/.local/lib/python3.12/site-packages/airflow/example_dags/tutorial_dag.py for tasks to queue
[2026-09-23T20:22:45.193+0000] {logging_mixin.py:190} INFO - [2026-09-23T20:22:45.192+0000] {dagbag.py:588} INFO - Filling up the DagBag from /home/airflow/.local/lib/python3.12/site-packages/airflow/example_dags/tutorial_dag.py
[2026-09-23T20:22:45.202+0000] {processor.py:925} INFO - DAG(s) 'tutorial_dag' retrieved from /home/airflow/.local/lib/python3.12/site-packages/airflow/example_dags/tutorial_dag.py
[2026-09-23T20:22:45.229+0000] {logging_mixin.py:190} INFO - [2026-09-23T20:22:45.228+0000] {dag.py:3239} INFO - Sync 1 DAGs
[2026-09-23T20:22:45.252+0000] {logging_mixin.py:190} INFO - [2026-09-23T20:22:45.252+0000] {dag.py:4180} INFO - Setting next_dagrun for tutorial_dag to None, run_after=None
[2026-09-23T20:22:45.275+0000] {processor.py:208} INFO - Processing /home/airflow/.local/lib/python3.12/site-packages/airflow/example_dags/tutorial_dag.py took 0.097 seconds
[2026-09-23T20:23:15.699+0000] {processor.py:186} INFO - Started process (PID=31056) to work on /home/airflow/.local/lib/python3.12/site-packages/airflow/example_dags/tutorial_dag.py
[2026-09-23T20:23:15.701+0000] {processor.py:914} INFO - Processing file /home/airflow/.local/lib/python3.12/site-packages/airflow/example_dags/tutorial_dag.py for tasks to queue
[2026-09-23T20:23:15.706+0000] {logging_mixin.py:190} INFO - [2026-09-23T20:23:15.705+0000] {dagbag.py:588} INFO - Filling up the DagBag from /home/airflow/.local/lib/python3.12/site-packages/airflow/example_dags/tutorial_dag.py
[2026-09-23T20:23:15.720+0000] {processor.py:925} INFO - DAG(s) 'tutorial_dag' retrieved from /home/airflow/.local/lib/python3.12/site-packages/airflow/example_dags/tutorial_dag.py
[2026-09-23T20:23:15.766+0000] {logging_mixin.py:190} INFO - [2026-09-23T20:23:15.766+0000] {dag.py:3239} INFO - Sync 1 DAGs
[2026-09-23T20:23:15.799+0000] {logging_mixin.py:190} INFO - [2026-09-23T20:23:15.799+0000] {dag.py:4180} INFO - Setting next_dagrun for tutorial_dag to None, run_after=None
[2026-09-23T20:23:15.842+0000] {processor.py:208} INFO - Processing /home/airflow/.local/lib/python3.12/site-packages/airflow/example_dags/tutorial_dag.py took 0.158 seconds
[2026-09-23T20:23:45.987+0000] {processor.py:186} INFO - Started process (PID=31130) to work on /home/airflow/.local/lib/python3.12/site-packages/airflow/example_dags/tutorial_dag.py
[2026-09-23T20:23:45.988+0000] {processor.py:914} INFO - Processing file /home/airflow/.local/lib/python3.12/site-packages/airflow/example_dags/tutorial_dag.py for tasks to queue
[2026-09-23T20:23:45.997+0000] {logging_mixin.py:190} INFO - [2026-09-23T20:23:45.997+0000] {dagbag.py:588} INFO - Filling up the DagBag from /home/airflow/.local/lib/python3.12/site-packages/airflow/example_dags/tutorial_dag.py
[2026-09-23T20:23:46.025+0000] {processor.py:925} INFO - DAG(s) 'tutorial_dag' retrieved from /home/airflow/.local/lib/python3.12/site-packages/airflow/example_dags/tutorial_dag.py
[2026-09-23T20:23:46.092+0000] {logging_mixin.py:190} INFO - [2026-09-23T20:23:46.092+0000] {dag.py:3239} INFO - Sync 1 DAGs
[2026-09-23T20:23:46.132+0000] {logging_mixin.py:190} INFO - [2026-09-23T20:23:46.131+0000] {dag.py:4180} INFO - Setting next_dagrun for tutorial_dag to None, run_after=None
[2026-09-23T20:23:46.191+0000] {processor.py:208} INFO - Processing /home/airflow/.local/lib/python3.12/site-packages/airflow/example_dags/tutorial_dag.py took 0.245 seconds
[2026-09-23T20:24:16.942+0000] {processor.py:186} INFO - Started process (PID=31196) to work on /home/airflow/.local/lib/python3.12/site-packages/airflow/example_dags/tutorial_dag.py
[2026-09-23T20:24:16.944+0000] {processor.py:914} INFO - Processing file /home/airflow/.local/lib/python3.12/site-packages/airflow/example_dags/tutorial_dag.py for tasks to queue
[2026-09-23T20:24:16.949+0000] {logging_mixin.py:190} INFO - [2026-09-23T20:24:16.948+0000] {dagbag.py:588} INFO - Filling up the DagBag from /home/airflow/.local/lib/python3.12/site-packages/airflow/example_dags/tutorial_dag.py
[2026-09-23T20:24:16.963+0000] {processor.py:925} INFO - DAG(s) 'tutorial_dag' retrieved from /home/airflow/.local/lib/python3.12/site-packages/airflow/example_dags/tutorial_dag.py
[2026-09-23T20:24:16.992+0000] {logging_mixin.py:190} INFO - [2026-09-23T20:24:16.992+0000] {dag.py:3239} INFO - Sync 1 DAGs
[2026-09-23T20:24:17.024+0000] {logging_mixin.py:190} INFO - [2026-09-23T20:24:17.024+0000] {dag.py:4180} INFO - Setting next_dagrun for tutorial_dag to None, run_after=None
[2026-09-23T20:24:17.058+0000] {processor.py:208} INFO - Processing /home/airflow/.local/lib/python3.12/site-packages/airflow/example_dags/tutorial_dag.py took 0.126 seconds
[2026-09-23T20:24:47.600+0000] {processor.py:186} INFO - Started process (PID=31270) to work on /home/airflow/.local/lib/python3.12/site-packages/airflow/example_dags/tutorial_dag.py
[2026-09-23T20:24:47.602+0000] {processor.py:914} INFO - Processing file /home/airflow/.local/lib/python3.12/site-packages/airflow/example_dags/tutorial_dag.py for tasks to queue
[2026-09-23T20:24:47.605+0000] {logging_mixin.py:190} INFO - [2026-09-23T20:24:47.604+0000] {dagbag.py:588} INFO - Filling up the DagBag from /home/airflow/.local/lib/python3.12/site-packages/airflow/example_dags/tutorial_dag.py
[2026-09-23T20:24:47.615+0000] {processor.py:925} INFO - DAG(s) 'tutorial_dag' retrieved from /home/airflow/.local/lib/python3.12/site-packages/airflow/example_dags/tutorial_dag.py
[2026-09-23T20:24:47.641+0000] {logging_mixin.py:190} INFO - [2026-09-23T20:24:47.641+0000] {dag.py:3239} INFO - Sync 1 DAGs
[2026-09-23T20:24:47.668+0000] {logging_mixin.py:190} INFO - [2026-09-23T20:24:47.668+0000] {dag.py:4180} INFO - Setting next_dagrun for tutorial_dag to None, run_after=None
[2026-09-23T20:24:47.700+0000] {processor.py:208} INFO - Processing /home/airflow/.local/lib/python3.12/site-packages/airflow/example_dags/tutorial_dag.py took 0.109 seconds
[2026-09-23T20:25:18.179+0000] {processor.py:186} INFO - Started process (PID=31343) to work on /home/airflow/.local/lib/python3.12/site-packages/airflow/example_dags/tutorial_dag.py
[2026-09-23T20:25:18.181+0000] {processor.py:914} INFO - Processing file /home/airflow/.local/lib/python3.12/site-packages/airflow/example_dags/tutorial_dag.py for tasks to queue
[2026-09-23T20:25:18.184+0000] {logging_mixin.py:190} INFO - [2026-09-23T20:25:18.184+0000] {dagbag.py:588} INFO - Filling up the DagBag from /home/airflow/.local/lib/python3.12/site-packages/airflow/example_dags/tutorial_dag.py
[2026-09-23T20:25:18.196+0000] {processor.py:925} INFO - DAG(s) 'tutorial_dag' retrieved from /home/airflow/.local/lib/python3.12/site-packages/airflow/example_dags/tutorial_dag.py
[2026-09-23T20:25:18.226+0000] {logging_mixin.py:190} INFO - [2026-09-23T20:25:18.225+0000] {dag.py:3239} INFO - Sync 1 DAGs
[2026-09-23T20:25:18.252+0000] {logging_mixin.py:190} INFO - [2026-09-23T20:25:18.252+0000] {dag.py:4180} INFO - Setting next_dagrun for tutorial_dag to None, run_after=None
[2026-09-23T20:25:18.275+0000] {processor.py:208} INFO - Processing /home/airflow/.local/lib/python3.12/site-packages/airflow/example_dags/tutorial_dag.py took 0.108 seconds
[2026-09-23T20:25:49.242+0000] {processor.py:186} INFO - Started process (PID=31417) to work on /home/airflow/.local/lib/python3.12/site-packages/airflow/example_dags/tutorial_dag.py
[2026-09-23T20:25:49.244+0000] {processor.py:914} INFO - Processing file /home/airflow/.local/lib/python3.12/site-packages/airflow/example_dags/tutorial_dag.py for tasks to queue
[2026-09-23T20:25:49.247+0000] {logging_mixin.py:190} INFO - [2026-09-23T20:25:49.247+0000] {dagbag.py:588} INFO - Filling up the DagBag from /home/airflow/.local/lib/python3.12/site-packages/airflow/example_dags/tutorial_dag.py
[2026-09-23T20:25:49.257+0000] {processor.py:925} INFO - DAG(s) 'tutorial_dag' retrieved from /home/airflow/.local/lib/python3.12/site-packages/airflow/example_dags/tutorial_dag.py
[2026-09-23T20:25:49.286+0000] {logging_mixin.py:190} INFO - [2026-09-23T20:25:49.286+0000] {dag.py:3239} INFO - Sync 1 DAGs
[2026-09-23T20:25:49.315+0000] {logging_mixin.py:190} INFO - [2026-09-23T20:25:49.315+0000] {dag.py:4180} INFO - Setting next_dagrun for tutorial_dag to None, run_after=None
[2026-09-23T20:25:49.343+0000] {processor.py:208} INFO - Processing /home/airflow/.local/lib/python3.12/site-packages/airflow/example_dags/tutorial_dag.py took 0.112 seconds
[2026-09-23T20:26:19.425+0000] {processor.py:186} INFO - Started process (PID=31491) to work on /home/airflow/.local/lib/python3.12/site-packages/airflow/example_dags/tutorial_dag.py
[2026-09-23T20:26:19.426+0000] {processor.py:914} INFO - Processing file /home/airflow/.local/lib/python3.12/site-packages/airflow/example_dags/tutorial_dag.py for tasks to queue
[2026-09-23T20:26:19.429+0000] {logging_mixin.py:190} INFO - [2026-09-23T20:26:19.429+0000] {dagbag.py:588} INFO - Filling up the DagBag from /home/airflow/.local/lib/python3.12/site-packages/airflow/example_dags/tutorial_dag.py
[2026-09-23T20:26:19.439+0000] {processor.py:925} INFO - DAG(s) 'tutorial_dag' retrieved from /home/airflow/.local/lib/python3.12/site-packages/airflow/example_dags/tutorial_dag.py
[2026-09-23T20:26:19.465+0000] {logging_mixin.py:190} INFO - [2026-09-23T20:26:19.464+0000] {dag.py:3239} INFO - Sync 1 DAGs
[2026-09-23T20:26:19.487+0000] {logging_mixin.py:190} INFO - [2026-09-23T20:26:19.486+0000] {dag.py:4180} INFO - Setting next_dagrun for tutorial_dag to None, run_after=None
[2026-09-23T20:26:19.510+0000] {processor.py:208} INFO - Processing /home/airflow/.local/lib/python3.12/site-packages/airflow/example_dags/tutorial_dag.py took 0.094 seconds
[2026-09-23T20:26:49.970+0000] {processor.py:186} INFO - Started process (PID=31566) to work on /home/airflow/.local/lib/python3.12/site-packages/airflow/example_dags/tutorial_dag.py
[2026-09-23T20:26:49.972+0000] {processor.py:914} INFO - Processing file /home/airflow/.local/lib/python3.12/site-packages/airflow/example_dags/tutorial_dag.py for tasks to queue
[2026-09-23T20:26:49.975+0000] {logging_mixin.py:190} INFO - [2026-09-23T20:26:49.974+0000] {dagbag.py:588} INFO - Filling up the DagBag from /home/airflow/.local/lib/python3.12/site-packages/airflow/example_dags/tutorial_dag.py
[2026-09-23T20:26:49.985+0000] {processor.py:925} INFO - DAG(s) 'tutorial_dag' retrieved from /home/airflow/.local/lib/python3.12/site-packages/airflow/example_dags/tutorial_dag.py
[2026-09-23T20:26:50.013+0000] {logging_mixin.py:190} INFO - [2026-09-23T20:26:50.012+0000] {dag.py:3239} INFO - Sync 1 DAGs
[2026-09-23T20:26:50.037+0000] {logging_mixin.py:190} INFO - [2026-09-23T20:26:50.036+0000] {dag.py:4180} INFO - Setting next_dagrun for tutorial_dag to None, run_after=None
[2026-09-23T20:26:50.062+0000] {processor.py:208} INFO - Processing /home/airflow/.local/lib/python3.12/site-packages/airflow/example_dags/tutorial_dag.py took 0.102 seconds
[2026-09-23T20:27:20.571+0000] {processor.py:186} INFO - Started process (PID=31640) to work on /home/airflow/.local/lib/python3.12/site-packages/airflow/example_dags/tutorial_dag.py
[2026-09-23T20:27:20.573+0000] {processor.py:914} INFO - Processing file /home/airflow/.local/lib/python3.12/site-packages/airflow/example_dags/tutorial_dag.py for tasks to queue
[2026-09-23T20:27:20.576+0000] {logging_mixin.py:190} INFO - [2026-09-23T20:27:20.575+0000] {dagbag.py:588} INFO - Filling up the DagBag from /home/airflow/.local/lib/python3.12/site-packages/airflow/example_dags/tutorial_dag.py
[2026-09-23T20:27:20.586+0000] {processor.py:925} INFO - DAG(s) 'tutorial_dag' retrieved from /home/airflow/.local/lib/python3.12/site-packages/airflow/example_dags/tutorial_dag.py
[2026-09-23T20:27:20.614+0000] {logging_mixin.py:190} INFO - [2026-09-23T20:27:20.614+0000] {dag.py:3239} INFO - Sync 1 DAGs
[2026-09-23T20:27:20.638+0000] {logging_mixin.py:190} INFO - [2026-09-23T20:27:20.638+0000] {dag.py:4180} INFO - Setting next_dagrun for tutorial_dag to None, run_after=None
[2026-09-23T20:27:20.666+0000] {processor.py:208} INFO - Processing /home/airflow/.local/lib/python3.12/site-packages/airflow/example_dags/tutorial_dag.py took 0.107 seconds
[2026-09-23T20:27:50.738+0000] {processor.py:186} INFO - Started process (PID=31714) to work on /home/airflow/.local/lib/python3.12/site-packages/airflow/example_dags/tutorial_dag.py
[2026-09-23T20:27:50.739+0000] {processor.py:914} INFO - Processing file /home/airflow/.local/lib/python3.12/site-packages/airflow/example_dags/tutorial_dag.py for tasks to queue
[2026-09-23T20:27:50.743+0000] {logging_mixin.py:190} INFO - [2026-09-23T20:27:50.742+0000] {dagbag.py:588} INFO - Filling up the DagBag from /home/airflow/.local/lib/python3.12/site-packages/airflow/example_dags/tutorial_dag.py
[2026-09-23T20:27:50.753+0000] {processor.py:925} INFO - DAG(s) 'tutorial_dag' retrieved from /home/airflow/.local/lib/python3.12/site-packages/airflow/example_dags/tutorial_dag.py
[2026-09-23T20:27:50.780+0000] {logging_mixin.py:190} INFO - [2026-09-23T20:27:50.779+0000] {dag.py:3239} INFO - Sync 1 DAGs
[2026-09-23T20:27:50.810+0000] {logging_mixin.py:190} INFO - [2026-09-23T20:27:50.809+0000] {dag.py:4180} INFO - Setting next_dagrun for tutorial_dag to None, run_after=None
[2026-09-23T20:27:50.846+0000] {processor.py:208} INFO - Processing /home/airflow/.local/lib/python3.12/site-packages/airflow/example_dags/tutorial_dag.py took 0.117 seconds
[2026-09-23T20:28:20.921+0000] {processor.py:186} INFO - Started process (PID=31788) to work on /home/airflow/.local/lib/python3.12/site-packages/airflow/example_dags/tutorial_dag.py
[2026-09-23T20:28:20.923+0000] {processor.py:914} INFO - Processing file /home/airflow/.local/lib/python3.12/site-packages/airflow/example_dags/tutorial_dag.py for tasks to queue
[2026-09-23T20:28:20.927+0000] {logging_mixin.py:190} INFO - [2026-09-23T20:28:20.926+0000] {dagbag.py:588} INFO - Filling up the DagBag from /home/airflow/.local/lib/python3.12/site-packages/airflow/example_dags/tutorial_dag.py
[2026-09-23T20:28:20.939+0000] {processor.py:925} INFO - DAG(s) 'tutorial_dag' retrieved from /home/airflow/.local/lib/python3.12/site-packages/airflow/example_dags/tutorial_dag.py
[2026-09-23T20:28:20.982+0000] {logging_mixin.py:190} INFO - [2026-09-23T20:28:20.980+0000] {dag.py:3239} INFO - Sync 1 DAGs
[2026-09-23T20:28:21.012+0000] {logging_mixin.py:190} INFO - [2026-09-23T20:28:21.012+0000] {dag.py:4180} INFO - Setting next_dagrun for tutorial_dag to None, run_after=None
[2026-09-23T20:28:21.059+0000] {processor.py:208} INFO - Processing /home/airflow/.local/lib/python3.12/site-packages/airflow/example_dags/tutorial_dag.py took 0.149 seconds
[2026-09-23T20:28:51.284+0000] {processor.py:186} INFO - Started process (PID=31861) to work on /home/airflow/.local/lib/python3.12/site-packages/airflow/example_dags/tutorial_dag.py
[2026-09-23T20:28:51.285+0000] {processor.py:914} INFO - Processing file /home/airflow/.local/lib/python3.12/site-packages/airflow/example_dags/tutorial_dag.py for tasks to queue
[2026-09-23T20:28:51.290+0000] {logging_mixin.py:190} INFO - [2026-09-23T20:28:51.289+0000] {dagbag.py:588} INFO - Filling up the DagBag from /home/airflow/.local/lib/python3.12/site-packages/airflow/example_dags/tutorial_dag.py
[2026-09-23T20:28:51.310+0000] {processor.py:925} INFO - DAG(s) 'tutorial_dag' retrieved from /home/airflow/.local/lib/python3.12/site-packages/airflow/example_dags/tutorial_dag.py
[2026-09-23T20:28:51.363+0000] {logging_mixin.py:190} INFO - [2026-09-23T20:28:51.363+0000] {dag.py:3239} INFO - Sync 1 DAGs
[2026-09-23T20:28:51.407+0000] {logging_mixin.py:190} INFO - [2026-09-23T20:28:51.406+0000] {dag.py:4180} INFO - Setting next_dagrun for tutorial_dag to None, run_after=None
[2026-09-23T20:28:51.439+0000] {processor.py:208} INFO - Processing /home/airflow/.local/lib/python3.12/site-packages/airflow/example_dags/tutorial_dag.py took 0.173 seconds
[2026-09-23T20:29:21.829+0000] {processor.py:186} INFO - Started process (PID=31935) to work on /home/airflow/.local/lib/python3.12/site-packages/airflow/example_dags/tutorial_dag.py
[2026-09-23T20:29:21.831+0000] {processor.py:914} INFO - Processing file /home/airflow/.local/lib/python3.12/site-packages/airflow/example_dags/tutorial_dag.py for tasks to queue
[2026-09-23T20:29:21.835+0000] {logging_mixin.py:190} INFO - [2026-09-23T20:29:21.834+0000] {dagbag.py:588} INFO - Filling up the DagBag from /home/airflow/.local/lib/python3.12/site-packages/airflow/example_dags/tutorial_dag.py
[2026-09-23T20:29:21.846+0000] {processor.py:925} INFO - DAG(s) 'tutorial_dag' retrieved from /home/airflow/.local/lib/python3.12/site-packages/airflow/example_dags/tutorial_dag.py
[2026-09-23T20:29:21.876+0000] {logging_mixin.py:190} INFO - [2026-09-23T20:29:21.876+0000] {dag.py:3239} INFO - Sync 1 DAGs
[2026-09-23T20:29:21.899+0000] {logging_mixin.py:190} INFO - [2026-09-23T20:29:21.899+0000] {dag.py:4180} INFO - Setting next_dagrun for tutorial_dag to None, run_after=None
[2026-09-23T20:29:21.923+0000] {processor.py:208} INFO - Processing /home/airflow/.local/lib/python3.12/site-packages/airflow/example_dags/tutorial_dag.py took 0.103 seconds
[2026-09-23T20:29:52.095+0000] {processor.py:186} INFO - Started process (PID=32002) to work on /home/airflow/.local/lib/python3.12/site-packages/airflow/example_dags/tutorial_dag.py
[2026-09-23T20:29:52.096+0000] {processor.py:914} INFO - Processing file /home/airflow/.local/lib/python3.12/site-packages/airflow/example_dags/tutorial_dag.py for tasks to queue
[2026-09-23T20:29:52.103+0000] {logging_mixin.py:190} INFO - [2026-09-23T20:29:52.102+0000] {dagbag.py:588} INFO - Filling up the DagBag from /home/airflow/.local/lib/python3.12/site-packages/airflow/example_dags/tutorial_dag.py
[2026-09-23T20:29:52.119+0000] {processor.py:925} INFO - DAG(s) 'tutorial_dag' retrieved from /home/airflow/.local/lib/python3.12/site-packages/airflow/example_dags/tutorial_dag.py
[2026-09-23T20:29:52.172+0000] {logging_mixin.py:190} INFO - [2026-09-23T20:29:52.172+0000] {dag.py:3239} INFO - Sync 1 DAGs
[2026-09-23T20:29:52.212+0000] {logging_mixin.py:190} INFO - [2026-09-23T20:29:52.212+0000] {dag.py:4180} INFO - Setting next_dagrun for tutorial_dag to None, run_after=None
[2026-09-23T20:29:52.251+0000] {processor.py:208} INFO - Processing /home/airflow/.local/lib/python3.12/site-packages/airflow/example_dags/tutorial_dag.py took 0.170 seconds
[2026-09-23T20:30:22.658+0000] {processor.py:186} INFO - Started process (PID=32076) to work on /home/airflow/.local/lib/python3.12/site-packages/airflow/example_dags/tutorial_dag.py
[2026-09-23T20:30:22.660+0000] {processor.py:914} INFO - Processing file /home/airflow/.local/lib/python3.12/site-packages/airflow/example_dags/tutorial_dag.py for tasks to queue
[2026-09-23T20:30:22.665+0000] {logging_mixin.py:190} INFO - [2026-09-23T20:30:22.664+0000] {dagbag.py:588} INFO - Filling up the DagBag from /home/airflow/.local/lib/python3.12/site-packages/airflow/example_dags/tutorial_dag.py
[2026-09-23T20:30:22.680+0000] {processor.py:925} INFO - DAG(s) 'tutorial_dag' retrieved from /home/airflow/.local/lib/python3.12/site-packages/airflow/example_dags/tutorial_dag.py
[2026-09-23T20:30:22.717+0000] {logging_mixin.py:190} INFO - [2026-09-23T20:30:22.716+0000] {dag.py:3239} INFO - Sync 1 DAGs
[2026-09-23T20:30:22.748+0000] {logging_mixin.py:190} INFO - [2026-09-23T20:30:22.747+0000] {dag.py:4180} INFO - Setting next_dagrun for tutorial_dag to None, run_after=None
[2026-09-23T20:30:22.780+0000] {processor.py:208} INFO - Processing /home/airflow/.local/lib/python3.12/site-packages/airflow/example_dags/tutorial_dag.py took 0.143 seconds
[2026-09-23T20:30:55.363+0000] {processor.py:186} INFO - Started process (PID=32150) to work on /home/airflow/.local/lib/python3.12/site-packages/airflow/example_dags/tutorial_dag.py
[2026-09-23T20:30:55.364+0000] {processor.py:914} INFO - Processing file /home/airflow/.local/lib/python3.12/site-packages/airflow/example_dags/tutorial_dag.py for tasks to queue
[2026-09-23T20:30:55.369+0000] {logging_mixin.py:190} INFO - [2026-09-23T20:30:55.368+0000] {dagbag.py:588} INFO - Filling up the DagBag from /home/airflow/.local/lib/python3.12/site-packages/airflow/example_dags/tutorial_dag.py
[2026-09-23T20:30:55.387+0000] {processor.py:925} INFO - DAG(s) 'tutorial_dag' retrieved from /home/airflow/.local/lib/python3.12/site-packages/airflow/example_dags/tutorial_dag.py
[2026-09-23T20:30:55.427+0000] {logging_mixin.py:190} INFO - [2026-09-23T20:30:55.427+0000] {dag.py:3239} INFO - Sync 1 DAGs
[2026-09-23T20:30:55.458+0000] {logging_mixin.py:190} INFO - [2026-09-23T20:30:55.457+0000] {dag.py:4180} INFO - Setting next_dagrun for tutorial_dag to None, run_after=None
[2026-09-23T20:30:55.497+0000] {processor.py:208} INFO - Processing /home/airflow/.local/lib/python3.12/site-packages/airflow/example_dags/tutorial_dag.py took 0.149 seconds
[2026-09-23T20:31:26.110+0000] {processor.py:186} INFO - Started process (PID=32211) to work on /home/airflow/.local/lib/python3.12/site-packages/airflow/example_dags/tutorial_dag.py
[2026-09-23T20:31:26.122+0000] {processor.py:914} INFO - Processing file /home/airflow/.local/lib/python3.12/site-packages/airflow/example_dags/tutorial_dag.py for tasks to queue
[2026-09-23T20:31:26.141+0000] {logging_mixin.py:190} INFO - [2026-09-23T20:31:26.140+0000] {dagbag.py:588} INFO - Filling up the DagBag from /home/airflow/.local/lib/python3.12/site-packages/airflow/example_dags/tutorial_dag.py
[2026-09-23T20:31:26.155+0000] {processor.py:925} INFO - DAG(s) 'tutorial_dag' retrieved from /home/airflow/.local/lib/python3.12/site-packages/airflow/example_dags/tutorial_dag.py
[2026-09-23T20:31:26.211+0000] {logging_mixin.py:190} INFO - [2026-09-23T20:31:26.210+0000] {dag.py:3239} INFO - Sync 1 DAGs
[2026-09-23T20:31:26.299+0000] {logging_mixin.py:190} INFO - [2026-09-23T20:31:26.299+0000] {dag.py:4180} INFO - Setting next_dagrun for tutorial_dag to None, run_after=None
[2026-09-23T20:31:26.392+0000] {processor.py:208} INFO - Processing /home/airflow/.local/lib/python3.12/site-packages/airflow/example_dags/tutorial_dag.py took 0.298 seconds
[2026-09-23T20:31:57.081+0000] {processor.py:186} INFO - Started process (PID=32283) to work on /home/airflow/.local/lib/python3.12/site-packages/airflow/example_dags/tutorial_dag.py
[2026-09-23T20:31:57.086+0000] {processor.py:914} INFO - Processing file /home/airflow/.local/lib/python3.12/site-packages/airflow/example_dags/tutorial_dag.py for tasks to queue
[2026-09-23T20:31:57.092+0000] {logging_mixin.py:190} INFO - [2026-09-23T20:31:57.091+0000] {dagbag.py:588} INFO - Filling up the DagBag from /home/airflow/.local/lib/python3.12/site-packages/airflow/example_dags/tutorial_dag.py
[2026-09-23T20:31:57.107+0000] {processor.py:925} INFO - DAG(s) 'tutorial_dag' retrieved from /home/airflow/.local/lib/python3.12/site-packages/airflow/example_dags/tutorial_dag.py
[2026-09-23T20:31:57.181+0000] {logging_mixin.py:190} INFO - [2026-09-23T20:31:57.180+0000] {dag.py:3239} INFO - Sync 1 DAGs
[2026-09-23T20:31:57.228+0000] {logging_mixin.py:190} INFO - [2026-09-23T20:31:57.228+0000] {dag.py:4180} INFO - Setting next_dagrun for tutorial_dag to None, run_after=None
[2026-09-23T20:31:57.286+0000] {processor.py:208} INFO - Processing /home/airflow/.local/lib/python3.12/site-packages/airflow/example_dags/tutorial_dag.py took 0.217 seconds
[2026-09-23T20:32:27.562+0000] {processor.py:186} INFO - Started process (PID=32349) to work on /home/airflow/.local/lib/python3.12/site-packages/airflow/example_dags/tutorial_dag.py
[2026-09-23T20:32:27.563+0000] {processor.py:914} INFO - Processing file /home/airflow/.local/lib/python3.12/site-packages/airflow/example_dags/tutorial_dag.py for tasks to queue
[2026-09-23T20:32:27.567+0000] {logging_mixin.py:190} INFO - [2026-09-23T20:32:27.566+0000] {dagbag.py:588} INFO - Filling up the DagBag from /home/airflow/.local/lib/python3.12/site-packages/airflow/example_dags/tutorial_dag.py
[2026-09-23T20:32:27.582+0000] {processor.py:925} INFO - DAG(s) 'tutorial_dag' retrieved from /home/airflow/.local/lib/python3.12/site-packages/airflow/example_dags/tutorial_dag.py
[2026-09-23T20:32:27.622+0000] {logging_mixin.py:190} INFO - [2026-09-23T20:32:27.622+0000] {dag.py:3239} INFO - Sync 1 DAGs
[2026-09-23T20:32:27.650+0000] {logging_mixin.py:190} INFO - [2026-09-23T20:32:27.650+0000] {dag.py:4180} INFO - Setting next_dagrun for tutorial_dag to None, run_after=None
[2026-09-23T20:32:27.689+0000] {processor.py:208} INFO - Processing /home/airflow/.local/lib/python3.12/site-packages/airflow/example_dags/tutorial_dag.py took 0.139 seconds
[2026-09-23T20:32:59.596+0000] {processor.py:186} INFO - Started process (PID=32420) to work on /home/airflow/.local/lib/python3.12/site-packages/airflow/example_dags/tutorial_dag.py
[2026-09-23T20:32:59.598+0000] {processor.py:914} INFO - Processing file /home/airflow/.local/lib/python3.12/site-packages/airflow/example_dags/tutorial_dag.py for tasks to queue
[2026-09-23T20:32:59.601+0000] {logging_mixin.py:190} INFO - [2026-09-23T20:32:59.600+0000] {dagbag.py:588} INFO - Filling up the DagBag from /home/airflow/.local/lib/python3.12/site-packages/airflow/example_dags/tutorial_dag.py
[2026-09-23T20:32:59.613+0000] {processor.py:925} INFO - DAG(s) 'tutorial_dag' retrieved from /home/airflow/.local/lib/python3.12/site-packages/airflow/example_dags/tutorial_dag.py
[2026-09-23T20:32:59.645+0000] {logging_mixin.py:190} INFO - [2026-09-23T20:32:59.644+0000] {dag.py:3239} INFO - Sync 1 DAGs
[2026-09-23T20:32:59.674+0000] {logging_mixin.py:190} INFO - [2026-09-23T20:32:59.674+0000] {dag.py:4180} INFO - Setting next_dagrun for tutorial_dag to None, run_after=None
[2026-09-23T20:32:59.714+0000] {processor.py:208} INFO - Processing /home/airflow/.local/lib/python3.12/site-packages/airflow/example_dags/tutorial_dag.py took 0.133 seconds
[2026-09-23T20:33:30.528+0000] {processor.py:186} INFO - Started process (PID=32491) to work on /home/airflow/.local/lib/python3.12/site-packages/airflow/example_dags/tutorial_dag.py
[2026-09-23T20:33:30.529+0000] {processor.py:914} INFO - Processing file /home/airflow/.local/lib/python3.12/site-packages/airflow/example_dags/tutorial_dag.py for tasks to queue
[2026-09-23T20:33:30.532+0000] {logging_mixin.py:190} INFO - [2026-09-23T20:33:30.531+0000] {dagbag.py:588} INFO - Filling up the DagBag from /home/airflow/.local/lib/python3.12/site-packages/airflow/example_dags/tutorial_dag.py
[2026-09-23T20:33:30.543+0000] {processor.py:925} INFO - DAG(s) 'tutorial_dag' retrieved from /home/airflow/.local/lib/python3.12/site-packages/airflow/example_dags/tutorial_dag.py
[2026-09-23T20:33:30.579+0000] {logging_mixin.py:190} INFO - [2026-09-23T20:33:30.578+0000] {dag.py:3239} INFO - Sync 1 DAGs
[2026-09-23T20:33:30.625+0000] {logging_mixin.py:190} INFO - [2026-09-23T20:33:30.625+0000] {dag.py:4180} INFO - Setting next_dagrun for tutorial_dag to None, run_after=None
[2026-09-23T20:33:30.665+0000] {processor.py:208} INFO - Processing /home/airflow/.local/lib/python3.12/site-packages/airflow/example_dags/tutorial_dag.py took 0.146 seconds
[2026-09-23T20:34:01.959+0000] {processor.py:186} INFO - Started process (PID=32564) to work on /home/airflow/.local/lib/python3.12/site-packages/airflow/example_dags/tutorial_dag.py
[2026-09-23T20:34:01.962+0000] {processor.py:914} INFO - Processing file /home/airflow/.local/lib/python3.12/site-packages/airflow/example_dags/tutorial_dag.py for tasks to queue
[2026-09-23T20:34:01.966+0000] {logging_mixin.py:190} INFO - [2026-09-23T20:34:01.966+0000] {dagbag.py:588} INFO - Filling up the DagBag from /home/airflow/.local/lib/python3.12/site-packages/airflow/example_dags/tutorial_dag.py
[2026-09-23T20:34:01.985+0000] {processor.py:925} INFO - DAG(s) 'tutorial_dag' retrieved from /home/airflow/.local/lib/python3.12/site-packages/airflow/example_dags/tutorial_dag.py
[2026-09-23T20:34:02.052+0000] {logging_mixin.py:190} INFO - [2026-09-23T20:34:02.052+0000] {dag.py:3239} INFO - Sync 1 DAGs
[2026-09-23T20:34:02.096+0000] {logging_mixin.py:190} INFO - [2026-09-23T20:34:02.096+0000] {dag.py:4180} INFO - Setting next_dagrun for tutorial_dag to None, run_after=None
[2026-09-23T20:34:02.126+0000] {processor.py:208} INFO - Processing /home/airflow/.local/lib/python3.12/site-packages/airflow/example_dags/tutorial_dag.py took 0.193 seconds
[2026-09-23T20:34:32.576+0000] {processor.py:186} INFO - Started process (PID=32636) to work on /home/airflow/.local/lib/python3.12/site-packages/airflow/example_dags/tutorial_dag.py
[2026-09-23T20:34:32.578+0000] {processor.py:914} INFO - Processing file /home/airflow/.local/lib/python3.12/site-packages/airflow/example_dags/tutorial_dag.py for tasks to queue
[2026-09-23T20:34:32.584+0000] {logging_mixin.py:190} INFO - [2026-09-23T20:34:32.583+0000] {dagbag.py:588} INFO - Filling up the DagBag from /home/airflow/.local/lib/python3.12/site-packages/airflow/example_dags/tutorial_dag.py
[2026-09-23T20:34:32.595+0000] {processor.py:925} INFO - DAG(s) 'tutorial_dag' retrieved from /home/airflow/.local/lib/python3.12/site-packages/airflow/example_dags/tutorial_dag.py
[2026-09-23T20:34:32.626+0000] {logging_mixin.py:190} INFO - [2026-09-23T20:34:32.625+0000] {dag.py:3239} INFO - Sync 1 DAGs
[2026-09-23T20:34:32.654+0000] {logging_mixin.py:190} INFO - [2026-09-23T20:34:32.654+0000] {dag.py:4180} INFO - Setting next_dagrun for tutorial_dag to None, run_after=None
[2026-09-23T20:34:32.687+0000] {processor.py:208} INFO - Processing /home/airflow/.local/lib/python3.12/site-packages/airflow/example_dags/tutorial_dag.py took 0.121 seconds
[2026-09-23T20:35:02.983+0000] {processor.py:186} INFO - Started process (PID=32709) to work on /home/airflow/.local/lib/python3.12/site-packages/airflow/example_dags/tutorial_dag.py
[2026-09-23T20:35:02.985+0000] {processor.py:914} INFO - Processing file /home/airflow/.local/lib/python3.12/site-packages/airflow/example_dags/tutorial_dag.py for tasks to queue
[2026-09-23T20:35:02.988+0000] {logging_mixin.py:190} INFO - [2026-09-23T20:35:02.988+0000] {dagbag.py:588} INFO - Filling up the DagBag from /home/airflow/.local/lib/python3.12/site-packages/airflow/example_dags/tutorial_dag.py
[2026-09-23T20:35:02.997+0000] {processor.py:925} INFO - DAG(s) 'tutorial_dag' retrieved from /home/airflow/.local/lib/python3.12/site-packages/airflow/example_dags/tutorial_dag.py
[2026-09-23T20:35:03.026+0000] {logging_mixin.py:190} INFO - [2026-09-23T20:35:03.026+0000] {dag.py:3239} INFO - Sync 1 DAGs
[2026-09-23T20:35:03.051+0000] {logging_mixin.py:190} INFO - [2026-09-23T20:35:03.051+0000] {dag.py:4180} INFO - Setting next_dagrun for tutorial_dag to None, run_after=None
[2026-09-23T20:35:03.079+0000] {processor.py:208} INFO - Processing /home/airflow/.local/lib/python3.12/site-packages/airflow/example_dags/tutorial_dag.py took 0.106 seconds
[2026-09-23T20:35:33.224+0000] {processor.py:186} INFO - Started process (PID=32783) to work on /home/airflow/.local/lib/python3.12/site-packages/airflow/example_dags/tutorial_dag.py
[2026-09-23T20:35:33.225+0000] {processor.py:914} INFO - Processing file /home/airflow/.local/lib/python3.12/site-packages/airflow/example_dags/tutorial_dag.py for tasks to queue
[2026-09-23T20:35:33.230+0000] {logging_mixin.py:190} INFO - [2026-09-23T20:35:33.229+0000] {dagbag.py:588} INFO - Filling up the DagBag from /home/airflow/.local/lib/python3.12/site-packages/airflow/example_dags/tutorial_dag.py
[2026-09-23T20:35:33.239+0000] {processor.py:925} INFO - DAG(s) 'tutorial_dag' retrieved from /home/airflow/.local/lib/python3.12/site-packages/airflow/example_dags/tutorial_dag.py
[2026-09-23T20:35:33.267+0000] {logging_mixin.py:190} INFO - [2026-09-23T20:35:33.266+0000] {dag.py:3239} INFO - Sync 1 DAGs
[2026-09-23T20:35:33.288+0000] {logging_mixin.py:190} INFO - [2026-09-23T20:35:33.288+0000] {dag.py:4180} INFO - Setting next_dagrun for tutorial_dag to None, run_after=None
[2026-09-23T20:35:33.312+0000] {processor.py:208} INFO - Processing /home/airflow/.local/lib/python3.12/site-packages/airflow/example_dags/tutorial_dag.py took 0.097 seconds
[2026-09-23T20:36:03.713+0000] {processor.py:186} INFO - Started process (PID=32858) to work on /home/airflow/.local/lib/python3.12/site-packages/airflow/example_dags/tutorial_dag.py
[2026-09-23T20:36:03.715+0000] {processor.py:914} INFO - Processing file /home/airflow/.local/lib/python3.12/site-packages/airflow/example_dags/tutorial_dag.py for tasks to queue
[2026-09-23T20:36:03.718+0000] {logging_mixin.py:190} INFO - [2026-09-23T20:36:03.717+0000] {dagbag.py:588} INFO - Filling up the DagBag from /home/airflow/.local/lib/python3.12/site-packages/airflow/example_dags/tutorial_dag.py
[2026-09-23T20:36:03.727+0000] {processor.py:925} INFO - DAG(s) 'tutorial_dag' retrieved from /home/airflow/.local/lib/python3.12/site-packages/airflow/example_dags/tutorial_dag.py
[2026-09-23T20:36:03.752+0000] {logging_mixin.py:190} INFO - [2026-09-23T20:36:03.751+0000] {dag.py:3239} INFO - Sync 1 DAGs
[2026-09-23T20:36:03.777+0000] {logging_mixin.py:190} INFO - [2026-09-23T20:36:03.777+0000] {dag.py:4180} INFO - Setting next_dagrun for tutorial_dag to None, run_after=None
[2026-09-23T20:36:03.802+0000] {processor.py:208} INFO - Processing /home/airflow/.local/lib/python3.12/site-packages/airflow/example_dags/tutorial_dag.py took 0.097 seconds
[2026-09-23T20:36:34.674+0000] {processor.py:186} INFO - Started process (PID=32932) to work on /home/airflow/.local/lib/python3.12/site-packages/airflow/example_dags/tutorial_dag.py
[2026-09-23T20:36:34.675+0000] {processor.py:914} INFO - Processing file /home/airflow/.local/lib/python3.12/site-packages/airflow/example_dags/tutorial_dag.py for tasks to queue
[2026-09-23T20:36:34.677+0000] {logging_mixin.py:190} INFO - [2026-09-23T20:36:34.677+0000] {dagbag.py:588} INFO - Filling up the DagBag from /home/airflow/.local/lib/python3.12/site-packages/airflow/example_dags/tutorial_dag.py
[2026-09-23T20:36:34.687+0000] {processor.py:925} INFO - DAG(s) 'tutorial_dag' retrieved from /home/airflow/.local/lib/python3.12/site-packages/airflow/example_dags/tutorial_dag.py
[2026-09-23T20:36:34.714+0000] {logging_mixin.py:190} INFO - [2026-09-23T20:36:34.714+0000] {dag.py:3239} INFO - Sync 1 DAGs
[2026-09-23T20:36:34.736+0000] {logging_mixin.py:190} INFO - [2026-09-23T20:36:34.736+0000] {dag.py:4180} INFO - Setting next_dagrun for tutorial_dag to None, run_after=None
[2026-09-23T20:36:34.762+0000] {processor.py:208} INFO - Processing /home/airflow/.local/lib/python3.12/site-packages/airflow/example_dags/tutorial_dag.py took 0.097 seconds
[2026-09-23T20:37:05.634+0000] {processor.py:186} INFO - Started process (PID=33006) to work on /home/airflow/.local/lib/python3.12/site-packages/airflow/example_dags/tutorial_dag.py
[2026-09-23T20:37:05.636+0000] {processor.py:914} INFO - Processing file /home/airflow/.local/lib/python3.12/site-packages/airflow/example_dags/tutorial_dag.py for tasks to queue
[2026-09-23T20:37:05.641+0000] {logging_mixin.py:190} INFO - [2026-09-23T20:37:05.640+0000] {dagbag.py:588} INFO - Filling up the DagBag from /home/airflow/.local/lib/python3.12/site-packages/airflow/example_dags/tutorial_dag.py
[2026-09-23T20:37:05.652+0000] {processor.py:925} INFO - DAG(s) 'tutorial_dag' retrieved from /home/airflow/.local/lib/python3.12/site-packages/airflow/example_dags/tutorial_dag.py
[2026-09-23T20:37:05.678+0000] {logging_mixin.py:190} INFO - [2026-09-23T20:37:05.678+0000] {dag.py:3239} INFO - Sync 1 DAGs
[2026-09-23T20:37:05.700+0000] {logging_mixin.py:190} INFO - [2026-09-23T20:37:05.700+0000] {dag.py:4180} INFO - Setting next_dagrun for tutorial_dag to None, run_after=None
[2026-09-23T20:37:05.721+0000] {processor.py:208} INFO - Processing /home/airflow/.local/lib/python3.12/site-packages/airflow/example_dags/tutorial_dag.py took 0.103 seconds
[2026-09-23T20:37:36.310+0000] {processor.py:186} INFO - Started process (PID=33073) to work on /home/airflow/.local/lib/python3.12/site-packages/airflow/example_dags/tutorial_dag.py
[2026-09-23T20:37:36.311+0000] {processor.py:914} INFO - Processing file /home/airflow/.local/lib/python3.12/site-packages/airflow/example_dags/tutorial_dag.py for tasks to queue
[2026-09-23T20:37:36.314+0000] {logging_mixin.py:190} INFO - [2026-09-23T20:37:36.313+0000] {dagbag.py:588} INFO - Filling up the DagBag from /home/airflow/.local/lib/python3.12/site-packages/airflow/example_dags/tutorial_dag.py
[2026-09-23T20:37:36.323+0000] {processor.py:925} INFO - DAG(s) 'tutorial_dag' retrieved from /home/airflow/.local/lib/python3.12/site-packages/airflow/example_dags/tutorial_dag.py
[2026-09-23T20:37:36.346+0000] {logging_mixin.py:190} INFO - [2026-09-23T20:37:36.346+0000] {dag.py:3239} INFO - Sync 1 DAGs
[2026-09-23T20:37:36.366+0000] {logging_mixin.py:190} INFO - [2026-09-23T20:37:36.366+0000] {dag.py:4180} INFO - Setting next_dagrun for tutorial_dag to None, run_after=None
[2026-09-23T20:37:36.387+0000] {processor.py:208} INFO - Processing /home/airflow/.local/lib/python3.12/site-packages/airflow/example_dags/tutorial_dag.py took 0.085 seconds
[2026-09-23T20:38:07.067+0000] {processor.py:186} INFO - Started process (PID=33147) to work on /home/airflow/.local/lib/python3.12/site-packages/airflow/example_dags/tutorial_dag.py
[2026-09-23T20:38:07.069+0000] {processor.py:914} INFO - Processing file /home/airflow/.local/lib/python3.12/site-packages/airflow/example_dags/tutorial_dag.py for tasks to queue
[2026-09-23T20:38:07.072+0000] {logging_mixin.py:190} INFO - [2026-09-23T20:38:07.071+0000] {dagbag.py:588} INFO - Filling up the DagBag from /home/airflow/.local/lib/python3.12/site-packages/airflow/example_dags/tutorial_dag.py
[2026-09-23T20:38:07.081+0000] {processor.py:925} INFO - DAG(s) 'tutorial_dag' retrieved from /home/airflow/.local/lib/python3.12/site-packages/airflow/example_dags/tutorial_dag.py
[2026-09-23T20:38:07.107+0000] {logging_mixin.py:190} INFO - [2026-09-23T20:38:07.106+0000] {dag.py:3239} INFO - Sync 1 DAGs
[2026-09-23T20:38:07.127+0000] {logging_mixin.py:190} INFO - [2026-09-23T20:38:07.126+0000] {dag.py:4180} INFO - Setting next_dagrun for tutorial_dag to None, run_after=None
[2026-09-23T20:38:07.149+0000] {processor.py:208} INFO - Processing /home/airflow/.local/lib/python3.12/site-packages/airflow/example_dags/tutorial_dag.py took 0.090 seconds
[2026-09-23T20:38:37.399+0000] {processor.py:186} INFO - Started process (PID=33221) to work on /home/airflow/.local/lib/python3.12/site-packages/airflow/example_dags/tutorial_dag.py
[2026-09-23T20:38:37.401+0000] {processor.py:914} INFO - Processing file /home/airflow/.local/lib/python3.12/site-packages/airflow/example_dags/tutorial_dag.py for tasks to queue
[2026-09-23T20:38:37.407+0000] {logging_mixin.py:190} INFO - [2026-09-23T20:38:37.406+0000] {dagbag.py:588} INFO - Filling up the DagBag from /home/airflow/.local/lib/python3.12/site-packages/airflow/example_dags/tutorial_dag.py
[2026-09-23T20:38:37.432+0000] {processor.py:925} INFO - DAG(s) 'tutorial_dag' retrieved from /home/airflow/.local/lib/python3.12/site-packages/airflow/example_dags/tutorial_dag.py
[2026-09-23T20:38:37.467+0000] {logging_mixin.py:190} INFO - [2026-09-23T20:38:37.467+0000] {dag.py:3239} INFO - Sync 1 DAGs
[2026-09-23T20:38:37.491+0000] {logging_mixin.py:190} INFO - [2026-09-23T20:38:37.490+0000] {dag.py:4180} INFO - Setting next_dagrun for tutorial_dag to None, run_after=None
[2026-09-23T20:38:37.524+0000] {processor.py:208} INFO - Processing /home/airflow/.local/lib/python3.12/site-packages/airflow/example_dags/tutorial_dag.py took 0.146 seconds
[2026-09-23T20:39:07.892+0000] {processor.py:186} INFO - Started process (PID=33294) to work on /home/airflow/.local/lib/python3.12/site-packages/airflow/example_dags/tutorial_dag.py
[2026-09-23T20:39:07.897+0000] {processor.py:914} INFO - Processing file /home/airflow/.local/lib/python3.12/site-packages/airflow/example_dags/tutorial_dag.py for tasks to queue
[2026-09-23T20:39:07.901+0000] {logging_mixin.py:190} INFO - [2026-09-23T20:39:07.901+0000] {dagbag.py:588} INFO - Filling up the DagBag from /home/airflow/.local/lib/python3.12/site-packages/airflow/example_dags/tutorial_dag.py
[2026-09-23T20:39:07.916+0000] {processor.py:925} INFO - DAG(s) 'tutorial_dag' retrieved from /home/airflow/.local/lib/python3.12/site-packages/airflow/example_dags/tutorial_dag.py
[2026-09-23T20:39:07.961+0000] {logging_mixin.py:190} INFO - [2026-09-23T20:39:07.961+0000] {dag.py:3239} INFO - Sync 1 DAGs
[2026-09-23T20:39:08.010+0000] {logging_mixin.py:190} INFO - [2026-09-23T20:39:08.009+0000] {dag.py:4180} INFO - Setting next_dagrun for tutorial_dag to None, run_after=None
[2026-09-23T20:39:08.061+0000] {processor.py:208} INFO - Processing /home/airflow/.local/lib/python3.12/site-packages/airflow/example_dags/tutorial_dag.py took 0.180 seconds
[2026-09-23T20:39:38.710+0000] {processor.py:186} INFO - Started process (PID=33361) to work on /home/airflow/.local/lib/python3.12/site-packages/airflow/example_dags/tutorial_dag.py
[2026-09-23T20:39:38.716+0000] {processor.py:914} INFO - Processing file /home/airflow/.local/lib/python3.12/site-packages/airflow/example_dags/tutorial_dag.py for tasks to queue
[2026-09-23T20:39:38.722+0000] {logging_mixin.py:190} INFO - [2026-09-23T20:39:38.720+0000] {dagbag.py:588} INFO - Filling up the DagBag from /home/airflow/.local/lib/python3.12/site-packages/airflow/example_dags/tutorial_dag.py
[2026-09-23T20:39:38.740+0000] {processor.py:925} INFO - DAG(s) 'tutorial_dag' retrieved from /home/airflow/.local/lib/python3.12/site-packages/airflow/example_dags/tutorial_dag.py
[2026-09-23T20:39:38.791+0000] {logging_mixin.py:190} INFO - [2026-09-23T20:39:38.791+0000] {dag.py:3239} INFO - Sync 1 DAGs
[2026-09-23T20:39:38.826+0000] {logging_mixin.py:190} INFO - [2026-09-23T20:39:38.825+0000] {dag.py:4180} INFO - Setting next_dagrun for tutorial_dag to None, run_after=None
[2026-09-23T20:39:38.868+0000] {processor.py:208} INFO - Processing /home/airflow/.local/lib/python3.12/site-packages/airflow/example_dags/tutorial_dag.py took 0.172 seconds
[2026-09-23T20:40:09.632+0000] {processor.py:186} INFO - Started process (PID=33433) to work on /home/airflow/.local/lib/python3.12/site-packages/airflow/example_dags/tutorial_dag.py
[2026-09-23T20:40:09.634+0000] {processor.py:914} INFO - Processing file /home/airflow/.local/lib/python3.12/site-packages/airflow/example_dags/tutorial_dag.py for tasks to queue
[2026-09-23T20:40:09.637+0000] {logging_mixin.py:190} INFO - [2026-09-23T20:40:09.637+0000] {dagbag.py:588} INFO - Filling up the DagBag from /home/airflow/.local/lib/python3.12/site-packages/airflow/example_dags/tutorial_dag.py
[2026-09-23T20:40:09.654+0000] {processor.py:925} INFO - DAG(s) 'tutorial_dag' retrieved from /home/airflow/.local/lib/python3.12/site-packages/airflow/example_dags/tutorial_dag.py
[2026-09-23T20:40:09.696+0000] {logging_mixin.py:190} INFO - [2026-09-23T20:40:09.695+0000] {dag.py:3239} INFO - Sync 1 DAGs
[2026-09-23T20:40:09.734+0000] {logging_mixin.py:190} INFO - [2026-09-23T20:40:09.733+0000] {dag.py:4180} INFO - Setting next_dagrun for tutorial_dag to None, run_after=None
[2026-09-23T20:40:09.783+0000] {processor.py:208} INFO - Processing /home/airflow/.local/lib/python3.12/site-packages/airflow/example_dags/tutorial_dag.py took 0.163 seconds
[2026-09-23T20:40:41.629+0000] {processor.py:186} INFO - Started process (PID=33504) to work on /home/airflow/.local/lib/python3.12/site-packages/airflow/example_dags/tutorial_dag.py
[2026-09-23T20:40:41.631+0000] {processor.py:914} INFO - Processing file /home/airflow/.local/lib/python3.12/site-packages/airflow/example_dags/tutorial_dag.py for tasks to queue
[2026-09-23T20:40:41.642+0000] {logging_mixin.py:190} INFO - [2026-09-23T20:40:41.641+0000] {dagbag.py:588} INFO - Filling up the DagBag from /home/airflow/.local/lib/python3.12/site-packages/airflow/example_dags/tutorial_dag.py
[2026-09-23T20:40:41.676+0000] {processor.py:925} INFO - DAG(s) 'tutorial_dag' retrieved from /home/airflow/.local/lib/python3.12/site-packages/airflow/example_dags/tutorial_dag.py
[2026-09-23T20:40:41.737+0000] {logging_mixin.py:190} INFO - [2026-09-23T20:40:41.737+0000] {dag.py:3239} INFO - Sync 1 DAGs
[2026-09-23T20:40:42.085+0000] {logging_mixin.py:190} INFO - [2026-09-23T20:40:42.085+0000] {dag.py:4180} INFO - Setting next_dagrun for tutorial_dag to None, run_after=None
[2026-09-23T20:40:42.157+0000] {processor.py:208} INFO - Processing /home/airflow/.local/lib/python3.12/site-packages/airflow/example_dags/tutorial_dag.py took 0.562 seconds
[2026-09-23T20:41:13.506+0000] {processor.py:186} INFO - Started process (PID=33570) to work on /home/airflow/.local/lib/python3.12/site-packages/airflow/example_dags/tutorial_dag.py
[2026-09-23T20:41:13.508+0000] {processor.py:914} INFO - Processing file /home/airflow/.local/lib/python3.12/site-packages/airflow/example_dags/tutorial_dag.py for tasks to queue
[2026-09-23T20:41:13.515+0000] {logging_mixin.py:190} INFO - [2026-09-23T20:41:13.514+0000] {dagbag.py:588} INFO - Filling up the DagBag from /home/airflow/.local/lib/python3.12/site-packages/airflow/example_dags/tutorial_dag.py
[2026-09-23T20:41:13.530+0000] {processor.py:925} INFO - DAG(s) 'tutorial_dag' retrieved from /home/airflow/.local/lib/python3.12/site-packages/airflow/example_dags/tutorial_dag.py
[2026-09-23T20:41:13.586+0000] {logging_mixin.py:190} INFO - [2026-09-23T20:41:13.585+0000] {dag.py:3239} INFO - Sync 1 DAGs
[2026-09-23T20:41:13.929+0000] {logging_mixin.py:190} INFO - [2026-09-23T20:41:13.929+0000] {dag.py:4180} INFO - Setting next_dagrun for tutorial_dag to None, run_after=None
[2026-09-23T20:41:13.985+0000] {processor.py:208} INFO - Processing /home/airflow/.local/lib/python3.12/site-packages/airflow/example_dags/tutorial_dag.py took 0.493 seconds
[2026-09-23T20:41:44.805+0000] {processor.py:186} INFO - Started process (PID=33643) to work on /home/airflow/.local/lib/python3.12/site-packages/airflow/example_dags/tutorial_dag.py
[2026-09-23T20:41:44.819+0000] {processor.py:914} INFO - Processing file /home/airflow/.local/lib/python3.12/site-packages/airflow/example_dags/tutorial_dag.py for tasks to queue
[2026-09-23T20:41:44.832+0000] {logging_mixin.py:190} INFO - [2026-09-23T20:41:44.831+0000] {dagbag.py:588} INFO - Filling up the DagBag from /home/airflow/.local/lib/python3.12/site-packages/airflow/example_dags/tutorial_dag.py
[2026-09-23T20:41:44.971+0000] {processor.py:925} INFO - DAG(s) 'tutorial_dag' retrieved from /home/airflow/.local/lib/python3.12/site-packages/airflow/example_dags/tutorial_dag.py
[2026-09-23T20:41:45.204+0000] {logging_mixin.py:190} INFO - [2026-09-23T20:41:45.203+0000] {dag.py:3239} INFO - Sync 1 DAGs
[2026-09-23T20:41:45.344+0000] {logging_mixin.py:190} INFO - [2026-09-23T20:41:45.324+0000] {dag.py:4180} INFO - Setting next_dagrun for tutorial_dag to None, run_after=None
[2026-09-23T20:41:45.574+0000] {processor.py:208} INFO - Processing /home/airflow/.local/lib/python3.12/site-packages/airflow/example_dags/tutorial_dag.py took 0.832 seconds
[2026-09-23T20:42:16.113+0000] {processor.py:186} INFO - Started process (PID=33710) to work on /home/airflow/.local/lib/python3.12/site-packages/airflow/example_dags/tutorial_dag.py
[2026-09-23T20:42:16.117+0000] {processor.py:914} INFO - Processing file /home/airflow/.local/lib/python3.12/site-packages/airflow/example_dags/tutorial_dag.py for tasks to queue
[2026-09-23T20:42:16.121+0000] {logging_mixin.py:190} INFO - [2026-09-23T20:42:16.120+0000] {dagbag.py:588} INFO - Filling up the DagBag from /home/airflow/.local/lib/python3.12/site-packages/airflow/example_dags/tutorial_dag.py
[2026-09-23T20:42:16.138+0000] {processor.py:925} INFO - DAG(s) 'tutorial_dag' retrieved from /home/airflow/.local/lib/python3.12/site-packages/airflow/example_dags/tutorial_dag.py
[2026-09-23T20:42:16.176+0000] {logging_mixin.py:190} INFO - [2026-09-23T20:42:16.176+0000] {dag.py:3239} INFO - Sync 1 DAGs
[2026-09-23T20:42:16.206+0000] {logging_mixin.py:190} INFO - [2026-09-23T20:42:16.205+0000] {dag.py:4180} INFO - Setting next_dagrun for tutorial_dag to None, run_after=None
[2026-09-23T20:42:16.259+0000] {processor.py:208} INFO - Processing /home/airflow/.local/lib/python3.12/site-packages/airflow/example_dags/tutorial_dag.py took 0.155 seconds
[2026-09-23T20:42:47.115+0000] {processor.py:186} INFO - Started process (PID=33784) to work on /home/airflow/.local/lib/python3.12/site-packages/airflow/example_dags/tutorial_dag.py
[2026-09-23T20:42:47.117+0000] {processor.py:914} INFO - Processing file /home/airflow/.local/lib/python3.12/site-packages/airflow/example_dags/tutorial_dag.py for tasks to queue
[2026-09-23T20:42:47.120+0000] {logging_mixin.py:190} INFO - [2026-09-23T20:42:47.120+0000] {dagbag.py:588} INFO - Filling up the DagBag from /home/airflow/.local/lib/python3.12/site-packages/airflow/example_dags/tutorial_dag.py
[2026-09-23T20:42:47.133+0000] {processor.py:925} INFO - DAG(s) 'tutorial_dag' retrieved from /home/airflow/.local/lib/python3.12/site-packages/airflow/example_dags/tutorial_dag.py
[2026-09-23T20:42:47.186+0000] {logging_mixin.py:190} INFO - [2026-09-23T20:42:47.185+0000] {dag.py:3239} INFO - Sync 1 DAGs
[2026-09-23T20:42:47.211+0000] {logging_mixin.py:190} INFO - [2026-09-23T20:42:47.210+0000] {dag.py:4180} INFO - Setting next_dagrun for tutorial_dag to None, run_after=None
[2026-09-23T20:42:47.251+0000] {processor.py:208} INFO - Processing /home/airflow/.local/lib/python3.12/site-packages/airflow/example_dags/tutorial_dag.py took 0.145 seconds
[2026-09-23T20:43:17.468+0000] {processor.py:186} INFO - Started process (PID=33858) to work on /home/airflow/.local/lib/python3.12/site-packages/airflow/example_dags/tutorial_dag.py
[2026-09-23T20:43:17.469+0000] {processor.py:914} INFO - Processing file /home/airflow/.local/lib/python3.12/site-packages/airflow/example_dags/tutorial_dag.py for tasks to queue
[2026-09-23T20:43:17.473+0000] {logging_mixin.py:190} INFO - [2026-09-23T20:43:17.472+0000] {dagbag.py:588} INFO - Filling up the DagBag from /home/airflow/.local/lib/python3.12/site-packages/airflow/example_dags/tutorial_dag.py
[2026-09-23T20:43:17.485+0000] {processor.py:925} INFO - DAG(s) 'tutorial_dag' retrieved from /home/airflow/.local/lib/python3.12/site-packages/airflow/example_dags/tutorial_dag.py
[2026-09-23T20:43:17.514+0000] {logging_mixin.py:190} INFO - [2026-09-23T20:43:17.514+0000] {dag.py:3239} INFO - Sync 1 DAGs
[2026-09-23T20:43:17.537+0000] {logging_mixin.py:190} INFO - [2026-09-23T20:43:17.536+0000] {dag.py:4180} INFO - Setting next_dagrun for tutorial_dag to None, run_after=None
[2026-09-23T20:43:17.569+0000] {processor.py:208} INFO - Processing /home/airflow/.local/lib/python3.12/site-packages/airflow/example_dags/tutorial_dag.py took 0.112 seconds
[2026-09-23T20:43:48.434+0000] {processor.py:186} INFO - Started process (PID=33932) to work on /home/airflow/.local/lib/python3.12/site-packages/airflow/example_dags/tutorial_dag.py
[2026-09-23T20:43:48.437+0000] {processor.py:914} INFO - Processing file /home/airflow/.local/lib/python3.12/site-packages/airflow/example_dags/tutorial_dag.py for tasks to queue
[2026-09-23T20:43:48.441+0000] {logging_mixin.py:190} INFO - [2026-09-23T20:43:48.440+0000] {dagbag.py:588} INFO - Filling up the DagBag from /home/airflow/.local/lib/python3.12/site-packages/airflow/example_dags/tutorial_dag.py
[2026-09-23T20:43:48.454+0000] {processor.py:925} INFO - DAG(s) 'tutorial_dag' retrieved from /home/airflow/.local/lib/python3.12/site-packages/airflow/example_dags/tutorial_dag.py
[2026-09-23T20:43:48.488+0000] {logging_mixin.py:190} INFO - [2026-09-23T20:43:48.487+0000] {dag.py:3239} INFO - Sync 1 DAGs
[2026-09-23T20:43:48.514+0000] {logging_mixin.py:190} INFO - [2026-09-23T20:43:48.514+0000] {dag.py:4180} INFO - Setting next_dagrun for tutorial_dag to None, run_after=None
[2026-09-23T20:43:48.540+0000] {processor.py:208} INFO - Processing /home/airflow/.local/lib/python3.12/site-packages/airflow/example_dags/tutorial_dag.py took 0.115 seconds
[2026-09-23T20:44:18.627+0000] {processor.py:186} INFO - Started process (PID=34005) to work on /home/airflow/.local/lib/python3.12/site-packages/airflow/example_dags/tutorial_dag.py
[2026-09-23T20:44:18.631+0000] {processor.py:914} INFO - Processing file /home/airflow/.local/lib/python3.12/site-packages/airflow/example_dags/tutorial_dag.py for tasks to queue
[2026-09-23T20:44:18.634+0000] {logging_mixin.py:190} INFO - [2026-09-23T20:44:18.634+0000] {dagbag.py:588} INFO - Filling up the DagBag from /home/airflow/.local/lib/python3.12/site-packages/airflow/example_dags/tutorial_dag.py
[2026-09-23T20:44:18.644+0000] {processor.py:925} INFO - DAG(s) 'tutorial_dag' retrieved from /home/airflow/.local/lib/python3.12/site-packages/airflow/example_dags/tutorial_dag.py
[2026-09-23T20:44:18.670+0000] {logging_mixin.py:190} INFO - [2026-09-23T20:44:18.670+0000] {dag.py:3239} INFO - Sync 1 DAGs
[2026-09-23T20:44:18.697+0000] {logging_mixin.py:190} INFO - [2026-09-23T20:44:18.697+0000] {dag.py:4180} INFO - Setting next_dagrun for tutorial_dag to None, run_after=None
[2026-09-23T20:44:18.733+0000] {processor.py:208} INFO - Processing /home/airflow/.local/lib/python3.12/site-packages/airflow/example_dags/tutorial_dag.py took 0.119 seconds
[2026-09-23T20:44:49.375+0000] {processor.py:186} INFO - Started process (PID=34079) to work on /home/airflow/.local/lib/python3.12/site-packages/airflow/example_dags/tutorial_dag.py
[2026-09-23T20:44:49.377+0000] {processor.py:914} INFO - Processing file /home/airflow/.local/lib/python3.12/site-packages/airflow/example_dags/tutorial_dag.py for tasks to queue
[2026-09-23T20:44:49.380+0000] {logging_mixin.py:190} INFO - [2026-09-23T20:44:49.380+0000] {dagbag.py:588} INFO - Filling up the DagBag from /home/airflow/.local/lib/python3.12/site-packages/airflow/example_dags/tutorial_dag.py
[2026-09-23T20:44:49.390+0000] {processor.py:925} INFO - DAG(s) 'tutorial_dag' retrieved from /home/airflow/.local/lib/python3.12/site-packages/airflow/example_dags/tutorial_dag.py
[2026-09-23T20:44:49.416+0000] {logging_mixin.py:190} INFO - [2026-09-23T20:44:49.416+0000] {dag.py:3239} INFO - Sync 1 DAGs
[2026-09-23T20:44:49.439+0000] {logging_mixin.py:190} INFO - [2026-09-23T20:44:49.438+0000] {dag.py:4180} INFO - Setting next_dagrun for tutorial_dag to None, run_after=None
[2026-09-23T20:44:49.463+0000] {processor.py:208} INFO - Processing /home/airflow/.local/lib/python3.12/site-packages/airflow/example_dags/tutorial_dag.py took 0.098 seconds
[2026-09-23T20:45:19.665+0000] {processor.py:186} INFO - Started process (PID=34152) to work on /home/airflow/.local/lib/python3.12/site-packages/airflow/example_dags/tutorial_dag.py
[2026-09-23T20:45:19.666+0000] {processor.py:914} INFO - Processing file /home/airflow/.local/lib/python3.12/site-packages/airflow/example_dags/tutorial_dag.py for tasks to queue
[2026-09-23T20:45:19.669+0000] {logging_mixin.py:190} INFO - [2026-09-23T20:45:19.669+0000] {dagbag.py:588} INFO - Filling up the DagBag from /home/airflow/.local/lib/python3.12/site-packages/airflow/example_dags/tutorial_dag.py
[2026-09-23T20:45:19.682+0000] {processor.py:925} INFO - DAG(s) 'tutorial_dag' retrieved from /home/airflow/.local/lib/python3.12/site-packages/airflow/example_dags/tutorial_dag.py
[2026-09-23T20:45:19.710+0000] {logging_mixin.py:190} INFO - [2026-09-23T20:45:19.710+0000] {dag.py:3239} INFO - Sync 1 DAGs
[2026-09-23T20:45:19.736+0000] {logging_mixin.py:190} INFO - [2026-09-23T20:45:19.736+0000] {dag.py:4180} INFO - Setting next_dagrun for tutorial_dag to None, run_after=None
[2026-09-23T20:45:19.760+0000] {processor.py:208} INFO - Processing /home/airflow/.local/lib/python3.12/site-packages/airflow/example_dags/tutorial_dag.py took 0.105 seconds
[2026-09-23T20:45:50.193+0000] {processor.py:186} INFO - Started process (PID=34224) to work on /home/airflow/.local/lib/python3.12/site-packages/airflow/example_dags/tutorial_dag.py
[2026-09-23T20:45:50.195+0000] {processor.py:914} INFO - Processing file /home/airflow/.local/lib/python3.12/site-packages/airflow/example_dags/tutorial_dag.py for tasks to queue
[2026-09-23T20:45:50.199+0000] {logging_mixin.py:190} INFO - [2026-09-23T20:45:50.198+0000] {dagbag.py:588} INFO - Filling up the DagBag from /home/airflow/.local/lib/python3.12/site-packages/airflow/example_dags/tutorial_dag.py
[2026-09-23T20:45:50.211+0000] {processor.py:925} INFO - DAG(s) 'tutorial_dag' retrieved from /home/airflow/.local/lib/python3.12/site-packages/airflow/example_dags/tutorial_dag.py
[2026-09-23T20:45:50.241+0000] {logging_mixin.py:190} INFO - [2026-09-23T20:45:50.240+0000] {dag.py:3239} INFO - Sync 1 DAGs
[2026-09-23T20:45:50.265+0000] {logging_mixin.py:190} INFO - [2026-09-23T20:45:50.265+0000] {dag.py:4180} INFO - Setting next_dagrun for tutorial_dag to None, run_after=None
[2026-09-23T20:45:50.290+0000] {processor.py:208} INFO - Processing /home/airflow/.local/lib/python3.12/site-packages/airflow/example_dags/tutorial_dag.py took 0.105 seconds
[2026-09-23T20:46:20.775+0000] {processor.py:186} INFO - Started process (PID=34298) to work on /home/airflow/.local/lib/python3.12/site-packages/airflow/example_dags/tutorial_dag.py
[2026-09-23T20:46:20.776+0000] {processor.py:914} INFO - Processing file /home/airflow/.local/lib/python3.12/site-packages/airflow/example_dags/tutorial_dag.py for tasks to queue
[2026-09-23T20:46:20.780+0000] {logging_mixin.py:190} INFO - [2026-09-23T20:46:20.779+0000] {dagbag.py:588} INFO - Filling up the DagBag from /home/airflow/.local/lib/python3.12/site-packages/airflow/example_dags/tutorial_dag.py
[2026-09-23T20:46:20.791+0000] {processor.py:925} INFO - DAG(s) 'tutorial_dag' retrieved from /home/airflow/.local/lib/python3.12/site-packages/airflow/example_dags/tutorial_dag.py
[2026-09-23T20:46:20.821+0000] {logging_mixin.py:190} INFO - [2026-09-23T20:46:20.821+0000] {dag.py:3239} INFO - Sync 1 DAGs
[2026-09-23T20:46:20.843+0000] {logging_mixin.py:190} INFO - [2026-09-23T20:46:20.843+0000] {dag.py:4180} INFO - Setting next_dagrun for tutorial_dag to None, run_after=None
[2026-09-23T20:46:20.866+0000] {processor.py:208} INFO - Processing /home/airflow/.local/lib/python3.12/site-packages/airflow/example_dags/tutorial_dag.py took 0.099 seconds
[2026-09-23T20:46:51.178+0000] {processor.py:186} INFO - Started process (PID=34373) to work on /home/airflow/.local/lib/python3.12/site-packages/airflow/example_dags/tutorial_dag.py
[2026-09-23T20:46:51.180+0000] {processor.py:914} INFO - Processing file /home/airflow/.local/lib/python3.12/site-packages/airflow/example_dags/tutorial_dag.py for tasks to queue
[2026-09-23T20:46:51.184+0000] {logging_mixin.py:190} INFO - [2026-09-23T20:46:51.183+0000] {dagbag.py:588} INFO - Filling up the DagBag from /home/airflow/.local/lib/python3.12/site-packages/airflow/example_dags/tutorial_dag.py
[2026-09-23T20:46:51.195+0000] {processor.py:925} INFO - DAG(s) 'tutorial_dag' retrieved from /home/airflow/.local/lib/python3.12/site-packages/airflow/example_dags/tutorial_dag.py
[2026-09-23T20:46:51.224+0000] {logging_mixin.py:190} INFO - [2026-09-23T20:46:51.224+0000] {dag.py:3239} INFO - Sync 1 DAGs
[2026-09-23T20:46:51.248+0000] {logging_mixin.py:190} INFO - [2026-09-23T20:46:51.248+0000] {dag.py:4180} INFO - Setting next_dagrun for tutorial_dag to None, run_after=None
[2026-09-23T20:46:51.272+0000] {processor.py:208} INFO - Processing /home/airflow/.local/lib/python3.12/site-packages/airflow/example_dags/tutorial_dag.py took 0.104 seconds
[2026-09-23T20:47:21.505+0000] {processor.py:186} INFO - Started process (PID=34439) to work on /home/airflow/.local/lib/python3.12/site-packages/airflow/example_dags/tutorial_dag.py
[2026-09-23T20:47:21.506+0000] {processor.py:914} INFO - Processing file /home/airflow/.local/lib/python3.12/site-packages/airflow/example_dags/tutorial_dag.py for tasks to queue
[2026-09-23T20:47:21.509+0000] {logging_mixin.py:190} INFO - [2026-09-23T20:47:21.508+0000] {dagbag.py:588} INFO - Filling up the DagBag from /home/airflow/.local/lib/python3.12/site-packages/airflow/example_dags/tutorial_dag.py
[2026-09-23T20:47:21.523+0000] {processor.py:925} INFO - DAG(s) 'tutorial_dag' retrieved from /home/airflow/.local/lib/python3.12/site-packages/airflow/example_dags/tutorial_dag.py
[2026-09-23T20:47:21.554+0000] {logging_mixin.py:190} INFO - [2026-09-23T20:47:21.554+0000] {dag.py:3239} INFO - Sync 1 DAGs
[2026-09-23T20:47:21.579+0000] {logging_mixin.py:190} INFO - [2026-09-23T20:47:21.578+0000] {dag.py:4180} INFO - Setting next_dagrun for tutorial_dag to None, run_after=None
[2026-09-23T20:47:21.603+0000] {processor.py:208} INFO - Processing /home/airflow/.local/lib/python3.12/site-packages/airflow/example_dags/tutorial_dag.py took 0.107 seconds
[2026-09-23T20:47:51.728+0000] {processor.py:186} INFO - Started process (PID=34512) to work on /home/airflow/.local/lib/python3.12/site-packages/airflow/example_dags/tutorial_dag.py
[2026-09-23T20:47:51.730+0000] {processor.py:914} INFO - Processing file /home/airflow/.local/lib/python3.12/site-packages/airflow/example_dags/tutorial_dag.py for tasks to queue
[2026-09-23T20:47:51.733+0000] {logging_mixin.py:190} INFO - [2026-09-23T20:47:51.733+0000] {dagbag.py:588} INFO - Filling up the DagBag from /home/airflow/.local/lib/python3.12/site-packages/airflow/example_dags/tutorial_dag.py
[2026-09-23T20:47:51.747+0000] {processor.py:925} INFO - DAG(s) 'tutorial_dag' retrieved from /home/airflow/.local/lib/python3.12/site-packages/airflow/example_dags/tutorial_dag.py
[2026-09-23T20:47:51.782+0000] {logging_mixin.py:190} INFO - [2026-09-23T20:47:51.781+0000] {dag.py:3239} INFO - Sync 1 DAGs
[2026-09-23T20:47:51.811+0000] {logging_mixin.py:190} INFO - [2026-09-23T20:47:51.810+0000] {dag.py:4180} INFO - Setting next_dagrun for tutorial_dag to None, run_after=None
[2026-09-23T20:47:51.848+0000] {processor.py:208} INFO - Processing /home/airflow/.local/lib/python3.12/site-packages/airflow/example_dags/tutorial_dag.py took 0.133 seconds
[2026-09-23T20:48:22.398+0000] {processor.py:186} INFO - Started process (PID=34586) to work on /home/airflow/.local/lib/python3.12/site-packages/airflow/example_dags/tutorial_dag.py
[2026-09-23T20:48:22.400+0000] {processor.py:914} INFO - Processing file /home/airflow/.local/lib/python3.12/site-packages/airflow/example_dags/tutorial_dag.py for tasks to queue
[2026-09-23T20:48:22.404+0000] {logging_mixin.py:190} INFO - [2026-09-23T20:48:22.403+0000] {dagbag.py:588} INFO - Filling up the DagBag from /home/airflow/.local/lib/python3.12/site-packages/airflow/example_dags/tutorial_dag.py
[2026-09-23T20:48:22.426+0000] {processor.py:925} INFO - DAG(s) 'tutorial_dag' retrieved from /home/airflow/.local/lib/python3.12/site-packages/airflow/example_dags/tutorial_dag.py
[2026-09-23T20:48:22.480+0000] {logging_mixin.py:190} INFO - [2026-09-23T20:48:22.478+0000] {dag.py:3239} INFO - Sync 1 DAGs
[2026-09-23T20:48:22.524+0000] {logging_mixin.py:190} INFO - [2026-09-23T20:48:22.524+0000] {dag.py:4180} INFO - Setting next_dagrun for tutorial_dag to None, run_after=None
[2026-09-23T20:48:22.568+0000] {processor.py:208} INFO - Processing /home/airflow/.local/lib/python3.12/site-packages/airflow/example_dags/tutorial_dag.py took 0.180 seconds
[2026-09-23T20:48:52.751+0000] {processor.py:186} INFO - Started process (PID=34660) to work on /home/airflow/.local/lib/python3.12/site-packages/airflow/example_dags/tutorial_dag.py
[2026-09-23T20:48:52.752+0000] {processor.py:914} INFO - Processing file /home/airflow/.local/lib/python3.12/site-packages/airflow/example_dags/tutorial_dag.py for tasks to queue
[2026-09-23T20:48:52.756+0000] {logging_mixin.py:190} INFO - [2026-09-23T20:48:52.756+0000] {dagbag.py:588} INFO - Filling up the DagBag from /home/airflow/.local/lib/python3.12/site-packages/airflow/example_dags/tutorial_dag.py
[2026-09-23T20:48:52.779+0000] {processor.py:925} INFO - DAG(s) 'tutorial_dag' retrieved from /home/airflow/.local/lib/python3.12/site-packages/airflow/example_dags/tutorial_dag.py
[2026-09-23T20:48:52.844+0000] {logging_mixin.py:190} INFO - [2026-09-23T20:48:52.844+0000] {dag.py:3239} INFO - Sync 1 DAGs
[2026-09-23T20:48:52.882+0000] {logging_mixin.py:190} INFO - [2026-09-23T20:48:52.882+0000] {dag.py:4180} INFO - Setting next_dagrun for tutorial_dag to None, run_after=None
[2026-09-23T20:48:52.918+0000] {processor.py:208} INFO - Processing /home/airflow/.local/lib/python3.12/site-packages/airflow/example_dags/tutorial_dag.py took 0.178 seconds
[2026-09-23T20:49:23.047+0000] {processor.py:186} INFO - Started process (PID=34732) to work on /home/airflow/.local/lib/python3.12/site-packages/airflow/example_dags/tutorial_dag.py
[2026-09-23T20:49:23.048+0000] {processor.py:914} INFO - Processing file /home/airflow/.local/lib/python3.12/site-packages/airflow/example_dags/tutorial_dag.py for tasks to queue
[2026-09-23T20:49:23.052+0000] {logging_mixin.py:190} INFO - [2026-09-23T20:49:23.051+0000] {dagbag.py:588} INFO - Filling up the DagBag from /home/airflow/.local/lib/python3.12/site-packages/airflow/example_dags/tutorial_dag.py
[2026-09-23T20:49:23.066+0000] {processor.py:925} INFO - DAG(s) 'tutorial_dag' retrieved from /home/airflow/.local/lib/python3.12/site-packages/airflow/example_dags/tutorial_dag.py
[2026-09-23T20:49:23.106+0000] {logging_mixin.py:190} INFO - [2026-09-23T20:49:23.106+0000] {dag.py:3239} INFO - Sync 1 DAGs
[2026-09-23T20:49:23.133+0000] {logging_mixin.py:190} INFO - [2026-09-23T20:49:23.133+0000] {dag.py:4180} INFO - Setting next_dagrun for tutorial_dag to None, run_after=None
[2026-09-23T20:49:23.167+0000] {processor.py:208} INFO - Processing /home/airflow/.local/lib/python3.12/site-packages/airflow/example_dags/tutorial_dag.py took 0.130 seconds
[2026-09-23T20:49:53.383+0000] {processor.py:186} INFO - Started process (PID=34801) to work on /home/airflow/.local/lib/python3.12/site-packages/airflow/example_dags/tutorial_dag.py
[2026-09-23T20:49:53.387+0000] {processor.py:914} INFO - Processing file /home/airflow/.local/lib/python3.12/site-packages/airflow/example_dags/tutorial_dag.py for tasks to queue
[2026-09-23T20:49:53.390+0000] {logging_mixin.py:190} INFO - [2026-09-23T20:49:53.390+0000] {dagbag.py:588} INFO - Filling up the DagBag from /home/airflow/.local/lib/python3.12/site-packages/airflow/example_dags/tutorial_dag.py
[2026-09-23T20:49:53.401+0000] {processor.py:925} INFO - DAG(s) 'tutorial_dag' retrieved from /home/airflow/.local/lib/python3.12/site-packages/airflow/example_dags/tutorial_dag.py
[2026-09-23T20:49:53.428+0000] {logging_mixin.py:190} INFO - [2026-09-23T20:49:53.428+0000] {dag.py:3239} INFO - Sync 1 DAGs
[2026-09-23T20:49:53.451+0000] {logging_mixin.py:190} INFO - [2026-09-23T20:49:53.451+0000] {dag.py:4180} INFO - Setting next_dagrun for tutorial_dag to None, run_after=None
[2026-09-23T20:49:53.476+0000] {processor.py:208} INFO - Processing /home/airflow/.local/lib/python3.12/site-packages/airflow/example_dags/tutorial_dag.py took 0.105 seconds
[2026-09-23T20:50:24.356+0000] {processor.py:186} INFO - Started process (PID=34874) to work on /home/airflow/.local/lib/python3.12/site-packages/airflow/example_dags/tutorial_dag.py
[2026-09-23T20:50:24.358+0000] {processor.py:914} INFO - Processing file /home/airflow/.local/lib/python3.12/site-packages/airflow/example_dags/tutorial_dag.py for tasks to queue
[2026-09-23T20:50:24.361+0000] {logging_mixin.py:190} INFO - [2026-09-23T20:50:24.361+0000] {dagbag.py:588} INFO - Filling up the DagBag from /home/airflow/.local/lib/python3.12/site-packages/airflow/example_dags/tutorial_dag.py
[2026-09-23T20:50:24.374+0000] {processor.py:925} INFO - DAG(s) 'tutorial_dag' retrieved from /home/airflow/.local/lib/python3.12/site-packages/airflow/example_dags/tutorial_dag.py
[2026-09-23T20:50:24.406+0000] {logging_mixin.py:190} INFO - [2026-09-23T20:50:24.406+0000] {dag.py:3239} INFO - Sync 1 DAGs
[2026-09-23T20:50:24.433+0000] {logging_mixin.py:190} INFO - [2026-09-23T20:50:24.432+0000] {dag.py:4180} INFO - Setting next_dagrun for tutorial_dag to None, run_after=None
[2026-09-23T20:50:24.462+0000] {processor.py:208} INFO - Processing /home/airflow/.local/lib/python3.12/site-packages/airflow/example_dags/tutorial_dag.py took 0.116 seconds
[2026-09-23T20:50:55.402+0000] {processor.py:186} INFO - Started process (PID=34948) to work on /home/airflow/.local/lib/python3.12/site-packages/airflow/example_dags/tutorial_dag.py
[2026-09-23T20:50:55.404+0000] {processor.py:914} INFO - Processing file /home/airflow/.local/lib/python3.12/site-packages/airflow/example_dags/tutorial_dag.py for tasks to queue
[2026-09-23T20:50:55.419+0000] {logging_mixin.py:190} INFO - [2026-09-23T20:50:55.414+0000] {dagbag.py:588} INFO - Filling up the DagBag from /home/airflow/.local/lib/python3.12/site-packages/airflow/example_dags/tutorial_dag.py
[2026-09-23T20:50:55.453+0000] {processor.py:925} INFO - DAG(s) 'tutorial_dag' retrieved from /home/airflow/.local/lib/python3.12/site-packages/airflow/example_dags/tutorial_dag.py
[2026-09-23T20:50:55.498+0000] {logging_mixin.py:190} INFO - [2026-09-23T20:50:55.498+0000] {dag.py:3239} INFO - Sync 1 DAGs
[2026-09-23T20:50:55.534+0000] {logging_mixin.py:190} INFO - [2026-09-23T20:50:55.532+0000] {dag.py:4180} INFO - Setting next_dagrun for tutorial_dag to None, run_after=None
[2026-09-23T20:50:55.563+0000] {processor.py:208} INFO - Processing /home/airflow/.local/lib/python3.12/site-packages/airflow/example_dags/tutorial_dag.py took 0.173 seconds
[2026-09-23T20:51:26.186+0000] {processor.py:186} INFO - Started process (PID=35023) to work on /home/airflow/.local/lib/python3.12/site-packages/airflow/example_dags/tutorial_dag.py
[2026-09-23T20:51:26.187+0000] {processor.py:914} INFO - Processing file /home/airflow/.local/lib/python3.12/site-packages/airflow/example_dags/tutorial_dag.py for tasks to queue
[2026-09-23T20:51:26.191+0000] {logging_mixin.py:190} INFO - [2026-09-23T20:51:26.190+0000] {dagbag.py:588} INFO - Filling up the DagBag from /home/airflow/.local/lib/python3.12/site-packages/airflow/example_dags/tutorial_dag.py
[2026-09-23T20:51:26.219+0000] {processor.py:925} INFO - DAG(s) 'tutorial_dag' retrieved from /home/airflow/.local/lib/python3.12/site-packages/airflow/example_dags/tutorial_dag.py
[2026-09-23T20:51:26.287+0000] {logging_mixin.py:190} INFO - [2026-09-23T20:51:26.287+0000] {dag.py:3239} INFO - Sync 1 DAGs
[2026-09-23T20:51:26.343+0000] {logging_mixin.py:190} INFO - [2026-09-23T20:51:26.343+0000] {dag.py:4180} INFO - Setting next_dagrun for tutorial_dag to None, run_after=None
[2026-09-23T20:51:26.406+0000] {processor.py:208} INFO - Processing /home/airflow/.local/lib/python3.12/site-packages/airflow/example_dags/tutorial_dag.py took 0.233 seconds
[2026-09-23T20:51:56.608+0000] {processor.py:186} INFO - Started process (PID=35090) to work on /home/airflow/.local/lib/python3.12/site-packages/airflow/example_dags/tutorial_dag.py
[2026-09-23T20:51:56.611+0000] {processor.py:914} INFO - Processing file /home/airflow/.local/lib/python3.12/site-packages/airflow/example_dags/tutorial_dag.py for tasks to queue
[2026-09-23T20:51:56.614+0000] {logging_mixin.py:190} INFO - [2026-09-23T20:51:56.613+0000] {dagbag.py:588} INFO - Filling up the DagBag from /home/airflow/.local/lib/python3.12/site-packages/airflow/example_dags/tutorial_dag.py
[2026-09-23T20:51:56.624+0000] {processor.py:925} INFO - DAG(s) 'tutorial_dag' retrieved from /home/airflow/.local/lib/python3.12/site-packages/airflow/example_dags/tutorial_dag.py
[2026-09-23T20:51:56.651+0000] {logging_mixin.py:190} INFO - [2026-09-23T20:51:56.650+0000] {dag.py:3239} INFO - Sync 1 DAGs
[2026-09-23T20:51:56.678+0000] {logging_mixin.py:190} INFO - [2026-09-23T20:51:56.678+0000] {dag.py:4180} INFO - Setting next_dagrun for tutorial_dag to None, run_after=None
[2026-09-23T20:51:56.704+0000] {processor.py:208} INFO - Processing /home/airflow/.local/lib/python3.12/site-packages/airflow/example_dags/tutorial_dag.py took 0.106 seconds
[2026-09-23T20:52:26.843+0000] {processor.py:186} INFO - Started process (PID=35164) to work on /home/airflow/.local/lib/python3.12/site-packages/airflow/example_dags/tutorial_dag.py
[2026-09-23T20:52:26.844+0000] {processor.py:914} INFO - Processing file /home/airflow/.local/lib/python3.12/site-packages/airflow/example_dags/tutorial_dag.py for tasks to queue
[2026-09-23T20:52:26.847+0000] {logging_mixin.py:190} INFO - [2026-09-23T20:52:26.846+0000] {dagbag.py:588} INFO - Filling up the DagBag from /home/airflow/.local/lib/python3.12/site-packages/airflow/example_dags/tutorial_dag.py
[2026-09-23T20:52:26.858+0000] {processor.py:925} INFO - DAG(s) 'tutorial_dag' retrieved from /home/airflow/.local/lib/python3.12/site-packages/airflow/example_dags/tutorial_dag.py
[2026-09-23T20:52:26.886+0000] {logging_mixin.py:190} INFO - [2026-09-23T20:52:26.886+0000] {dag.py:3239} INFO - Sync 1 DAGs
[2026-09-23T20:52:26.923+0000] {logging_mixin.py:190} INFO - [2026-09-23T20:52:26.923+0000] {dag.py:4180} INFO - Setting next_dagrun for tutorial_dag to None, run_after=None
[2026-09-23T20:52:26.970+0000] {processor.py:208} INFO - Processing /home/airflow/.local/lib/python3.12/site-packages/airflow/example_dags/tutorial_dag.py took 0.137 seconds
[2026-09-23T20:52:57.385+0000] {processor.py:186} INFO - Started process (PID=35237) to work on /home/airflow/.local/lib/python3.12/site-packages/airflow/example_dags/tutorial_dag.py
[2026-09-23T20:52:57.391+0000] {processor.py:914} INFO - Processing file /home/airflow/.local/lib/python3.12/site-packages/airflow/example_dags/tutorial_dag.py for tasks to queue
[2026-09-23T20:52:57.398+0000] {logging_mixin.py:190} INFO - [2026-09-23T20:52:57.398+0000] {dagbag.py:588} INFO - Filling up the DagBag from /home/airflow/.local/lib/python3.12/site-packages/airflow/example_dags/tutorial_dag.py
[2026-09-23T20:52:57.436+0000] {processor.py:925} INFO - DAG(s) 'tutorial_dag' retrieved from /home/airflow/.local/lib/python3.12/site-packages/airflow/example_dags/tutorial_dag.py
[2026-09-23T20:52:57.548+0000] {logging_mixin.py:190} INFO - [2026-09-23T20:52:57.548+0000] {dag.py:3239} INFO - Sync 1 DAGs
[2026-09-23T20:52:57.672+0000] {logging_mixin.py:190} INFO - [2026-09-23T20:52:57.672+0000] {dag.py:4180} INFO - Setting next_dagrun for tutorial_dag to None, run_after=None
[2026-09-23T20:52:57.762+0000] {processor.py:208} INFO - Processing /home/airflow/.local/lib/python3.12/site-packages/airflow/example_dags/tutorial_dag.py took 0.398 seconds
[2026-09-23T20:53:28.030+0000] {processor.py:186} INFO - Started process (PID=35308) to work on /home/airflow/.local/lib/python3.12/site-packages/airflow/example_dags/tutorial_dag.py
[2026-09-23T20:53:28.031+0000] {processor.py:914} INFO - Processing file /home/airflow/.local/lib/python3.12/site-packages/airflow/example_dags/tutorial_dag.py for tasks to queue
[2026-09-23T20:53:28.034+0000] {logging_mixin.py:190} INFO - [2026-09-23T20:53:28.034+0000] {dagbag.py:588} INFO - Filling up the DagBag from /home/airflow/.local/lib/python3.12/site-packages/airflow/example_dags/tutorial_dag.py
[2026-09-23T20:53:28.044+0000] {processor.py:925} INFO - DAG(s) 'tutorial_dag' retrieved from /home/airflow/.local/lib/python3.12/site-packages/airflow/example_dags/tutorial_dag.py
[2026-09-23T20:53:28.072+0000] {logging_mixin.py:190} INFO - [2026-09-23T20:53:28.072+0000] {dag.py:3239} INFO - Sync 1 DAGs
[2026-09-23T20:53:28.097+0000] {logging_mixin.py:190} INFO - [2026-09-23T20:53:28.097+0000] {dag.py:4180} INFO - Setting next_dagrun for tutorial_dag to None, run_after=None
[2026-09-23T20:53:28.121+0000] {processor.py:208} INFO - Processing /home/airflow/.local/lib/python3.12/site-packages/airflow/example_dags/tutorial_dag.py took 0.102 seconds
[2026-09-23T20:53:58.299+0000] {processor.py:186} INFO - Started process (PID=35381) to work on /home/airflow/.local/lib/python3.12/site-packages/airflow/example_dags/tutorial_dag.py
[2026-09-23T20:53:58.301+0000] {processor.py:914} INFO - Processing file /home/airflow/.local/lib/python3.12/site-packages/airflow/example_dags/tutorial_dag.py for tasks to queue
[2026-09-23T20:53:58.304+0000] {logging_mixin.py:190} INFO - [2026-09-23T20:53:58.304+0000] {dagbag.py:588} INFO - Filling up the DagBag from /home/airflow/.local/lib/python3.12/site-packages/airflow/example_dags/tutorial_dag.py
[2026-09-23T20:53:58.317+0000] {processor.py:925} INFO - DAG(s) 'tutorial_dag' retrieved from /home/airflow/.local/lib/python3.12/site-packages/airflow/example_dags/tutorial_dag.py
[2026-09-23T20:53:58.354+0000] {logging_mixin.py:190} INFO - [2026-09-23T20:53:58.354+0000] {dag.py:3239} INFO - Sync 1 DAGs
[2026-09-23T20:53:58.386+0000] {logging_mixin.py:190} INFO - [2026-09-23T20:53:58.386+0000] {dag.py:4180} INFO - Setting next_dagrun for tutorial_dag to None, run_after=None
[2026-09-23T20:53:58.416+0000] {processor.py:208} INFO - Processing /home/airflow/.local/lib/python3.12/site-packages/airflow/example_dags/tutorial_dag.py took 0.126 seconds
[2026-09-23T20:54:29.624+0000] {processor.py:186} INFO - Started process (PID=35455) to work on /home/airflow/.local/lib/python3.12/site-packages/airflow/example_dags/tutorial_dag.py
[2026-09-23T20:54:29.628+0000] {processor.py:914} INFO - Processing file /home/airflow/.local/lib/python3.12/site-packages/airflow/example_dags/tutorial_dag.py for tasks to queue
[2026-09-23T20:54:29.631+0000] {logging_mixin.py:190} INFO - [2026-09-23T20:54:29.630+0000] {dagbag.py:588} INFO - Filling up the DagBag from /home/airflow/.local/lib/python3.12/site-packages/airflow/example_dags/tutorial_dag.py
[2026-09-23T20:54:29.643+0000] {processor.py:925} INFO - DAG(s) 'tutorial_dag' retrieved from /home/airflow/.local/lib/python3.12/site-packages/airflow/example_dags/tutorial_dag.py
[2026-09-23T20:54:29.686+0000] {logging_mixin.py:190} INFO - [2026-09-23T20:54:29.686+0000] {dag.py:3239} INFO - Sync 1 DAGs
[2026-09-23T20:54:29.721+0000] {logging_mixin.py:190} INFO - [2026-09-23T20:54:29.721+0000] {dag.py:4180} INFO - Setting next_dagrun for tutorial_dag to None, run_after=None
[2026-09-23T20:54:29.773+0000] {processor.py:208} INFO - Processing /home/airflow/.local/lib/python3.12/site-packages/airflow/example_dags/tutorial_dag.py took 0.164 seconds
[2026-09-23T20:55:00.012+0000] {processor.py:186} INFO - Started process (PID=35520) to work on /home/airflow/.local/lib/python3.12/site-packages/airflow/example_dags/tutorial_dag.py
[2026-09-23T20:55:00.013+0000] {processor.py:914} INFO - Processing file /home/airflow/.local/lib/python3.12/site-packages/airflow/example_dags/tutorial_dag.py for tasks to queue
[2026-09-23T20:55:00.016+0000] {logging_mixin.py:190} INFO - [2026-09-23T20:55:00.016+0000] {dagbag.py:588} INFO - Filling up the DagBag from /home/airflow/.local/lib/python3.12/site-packages/airflow/example_dags/tutorial_dag.py
[2026-09-23T20:55:00.029+0000] {processor.py:925} INFO - DAG(s) 'tutorial_dag' retrieved from /home/airflow/.local/lib/python3.12/site-packages/airflow/example_dags/tutorial_dag.py
[2026-09-23T20:55:00.068+0000] {logging_mixin.py:190} INFO - [2026-09-23T20:55:00.067+0000] {dag.py:3239} INFO - Sync 1 DAGs
[2026-09-23T20:55:00.092+0000] {logging_mixin.py:190} INFO - [2026-09-23T20:55:00.092+0000] {dag.py:4180} INFO - Setting next_dagrun for tutorial_dag to None, run_after=None
[2026-09-23T20:55:00.127+0000] {processor.py:208} INFO - Processing /home/airflow/.local/lib/python3.12/site-packages/airflow/example_dags/tutorial_dag.py took 0.134 seconds
[2026-09-23T20:55:30.352+0000] {processor.py:186} INFO - Started process (PID=35590) to work on /home/airflow/.local/lib/python3.12/site-packages/airflow/example_dags/tutorial_dag.py
[2026-09-23T20:55:30.354+0000] {processor.py:914} INFO - Processing file /home/airflow/.local/lib/python3.12/site-packages/airflow/example_dags/tutorial_dag.py for tasks to queue
[2026-09-23T20:55:30.357+0000] {logging_mixin.py:190} INFO - [2026-09-23T20:55:30.357+0000] {dagbag.py:588} INFO - Filling up the DagBag from /home/airflow/.local/lib/python3.12/site-packages/airflow/example_dags/tutorial_dag.py
[2026-09-23T20:55:30.367+0000] {processor.py:925} INFO - DAG(s) 'tutorial_dag' retrieved from /home/airflow/.local/lib/python3.12/site-packages/airflow/example_dags/tutorial_dag.py
[2026-09-23T20:55:30.401+0000] {logging_mixin.py:190} INFO - [2026-09-23T20:55:30.401+0000] {dag.py:3239} INFO - Sync 1 DAGs
[2026-09-23T20:55:30.425+0000] {logging_mixin.py:190} INFO - [2026-09-23T20:55:30.425+0000] {dag.py:4180} INFO - Setting next_dagrun for tutorial_dag to None, run_after=None
[2026-09-23T20:55:30.453+0000] {processor.py:208} INFO - Processing /home/airflow/.local/lib/python3.12/site-packages/airflow/example_dags/tutorial_dag.py took 0.110 seconds
[2026-09-23T20:56:00.650+0000] {processor.py:186} INFO - Started process (PID=35664) to work on /home/airflow/.local/lib/python3.12/site-packages/airflow/example_dags/tutorial_dag.py
[2026-09-23T20:56:00.652+0000] {processor.py:914} INFO - Processing file /home/airflow/.local/lib/python3.12/site-packages/airflow/example_dags/tutorial_dag.py for tasks to queue
[2026-09-23T20:56:00.656+0000] {logging_mixin.py:190} INFO - [2026-09-23T20:56:00.656+0000] {dagbag.py:588} INFO - Filling up the DagBag from /home/airflow/.local/lib/python3.12/site-packages/airflow/example_dags/tutorial_dag.py
[2026-09-23T20:56:00.672+0000] {processor.py:925} INFO - DAG(s) 'tutorial_dag' retrieved from /home/airflow/.local/lib/python3.12/site-packages/airflow/example_dags/tutorial_dag.py
[2026-09-23T20:56:00.705+0000] {logging_mixin.py:190} INFO - [2026-09-23T20:56:00.704+0000] {dag.py:3239} INFO - Sync 1 DAGs
[2026-09-23T20:56:00.731+0000] {logging_mixin.py:190} INFO - [2026-09-23T20:56:00.730+0000] {dag.py:4180} INFO - Setting next_dagrun for tutorial_dag to None, run_after=None
[2026-09-23T20:56:00.761+0000] {processor.py:208} INFO - Processing /home/airflow/.local/lib/python3.12/site-packages/airflow/example_dags/tutorial_dag.py took 0.121 seconds
[2026-09-23T20:56:31.714+0000] {processor.py:186} INFO - Started process (PID=35738) to work on /home/airflow/.local/lib/python3.12/site-packages/airflow/example_dags/tutorial_dag.py
[2026-09-23T20:56:31.719+0000] {processor.py:914} INFO - Processing file /home/airflow/.local/lib/python3.12/site-packages/airflow/example_dags/tutorial_dag.py for tasks to queue
[2026-09-23T20:56:31.734+0000] {logging_mixin.py:190} INFO - [2026-09-23T20:56:31.733+0000] {dagbag.py:588} INFO - Filling up the DagBag from /home/airflow/.local/lib/python3.12/site-packages/airflow/example_dags/tutorial_dag.py
[2026-09-23T20:56:31.770+0000] {processor.py:925} INFO - DAG(s) 'tutorial_dag' retrieved from /home/airflow/.local/lib/python3.12/site-packages/airflow/example_dags/tutorial_dag.py
[2026-09-23T20:56:31.848+0000] {logging_mixin.py:190} INFO - [2026-09-23T20:56:31.848+0000] {dag.py:3239} INFO - Sync 1 DAGs
[2026-09-23T20:56:31.926+0000] {logging_mixin.py:190} INFO - [2026-09-23T20:56:31.926+0000] {dag.py:4180} INFO - Setting next_dagrun for tutorial_dag to None, run_after=None
[2026-09-23T20:56:31.988+0000] {processor.py:208} INFO - Processing /home/airflow/.local/lib/python3.12/site-packages/airflow/example_dags/tutorial_dag.py took 0.288 seconds
[2026-09-23T20:57:02.839+0000] {processor.py:186} INFO - Started process (PID=35811) to work on /home/airflow/.local/lib/python3.12/site-packages/airflow/example_dags/tutorial_dag.py
[2026-09-23T20:57:02.841+0000] {processor.py:914} INFO - Processing file /home/airflow/.local/lib/python3.12/site-packages/airflow/example_dags/tutorial_dag.py for tasks to queue
[2026-09-23T20:57:02.864+0000] {logging_mixin.py:190} INFO - [2026-09-23T20:57:02.863+0000] {dagbag.py:588} INFO - Filling up the DagBag from /home/airflow/.local/lib/python3.12/site-packages/airflow/example_dags/tutorial_dag.py
[2026-09-23T20:57:02.883+0000] {processor.py:925} INFO - DAG(s) 'tutorial_dag' retrieved from /home/airflow/.local/lib/python3.12/site-packages/airflow/example_dags/tutorial_dag.py
[2026-09-23T20:57:02.945+0000] {logging_mixin.py:190} INFO - [2026-09-23T20:57:02.945+0000] {dag.py:3239} INFO - Sync 1 DAGs
[2026-09-23T20:57:02.985+0000] {logging_mixin.py:190} INFO - [2026-09-23T20:57:02.984+0000] {dag.py:4180} INFO - Setting next_dagrun for tutorial_dag to None, run_after=None
[2026-09-23T20:57:03.039+0000] {processor.py:208} INFO - Processing /home/airflow/.local/lib/python3.12/site-packages/airflow/example_dags/tutorial_dag.py took 0.214 seconds
[2026-09-23T20:57:33.763+0000] {processor.py:186} INFO - Started process (PID=35885) to work on /home/airflow/.local/lib/python3.12/site-packages/airflow/example_dags/tutorial_dag.py
[2026-09-23T20:57:33.765+0000] {processor.py:914} INFO - Processing file /home/airflow/.local/lib/python3.12/site-packages/airflow/example_dags/tutorial_dag.py for tasks to queue
[2026-09-23T20:57:33.770+0000] {logging_mixin.py:190} INFO - [2026-09-23T20:57:33.769+0000] {dagbag.py:588} INFO - Filling up the DagBag from /home/airflow/.local/lib/python3.12/site-packages/airflow/example_dags/tutorial_dag.py
[2026-09-23T20:57:33.780+0000] {processor.py:925} INFO - DAG(s) 'tutorial_dag' retrieved from /home/airflow/.local/lib/python3.12/site-packages/airflow/example_dags/tutorial_dag.py
[2026-09-23T20:57:33.816+0000] {logging_mixin.py:190} INFO - [2026-09-23T20:57:33.815+0000] {dag.py:3239} INFO - Sync 1 DAGs
[2026-09-23T20:57:33.842+0000] {logging_mixin.py:190} INFO - [2026-09-23T20:57:33.842+0000] {dag.py:4180} INFO - Setting next_dagrun for tutorial_dag to None, run_after=None
[2026-09-23T20:57:33.913+0000] {processor.py:208} INFO - Processing /home/airflow/.local/lib/python3.12/site-packages/airflow/example_dags/tutorial_dag.py took 0.159 seconds
[2026-09-23T20:58:04.002+0000] {processor.py:186} INFO - Started process (PID=35952) to work on /home/airflow/.local/lib/python3.12/site-packages/airflow/example_dags/tutorial_dag.py
[2026-09-23T20:58:04.003+0000] {processor.py:914} INFO - Processing file /home/airflow/.local/lib/python3.12/site-packages/airflow/example_dags/tutorial_dag.py for tasks to queue
[2026-09-23T20:58:04.007+0000] {logging_mixin.py:190} INFO - [2026-09-23T20:58:04.007+0000] {dagbag.py:588} INFO - Filling up the DagBag from /home/airflow/.local/lib/python3.12/site-packages/airflow/example_dags/tutorial_dag.py
[2026-09-23T20:58:04.021+0000] {processor.py:925} INFO - DAG(s) 'tutorial_dag' retrieved from /home/airflow/.local/lib/python3.12/site-packages/airflow/example_dags/tutorial_dag.py
[2026-09-23T20:58:04.053+0000] {logging_mixin.py:190} INFO - [2026-09-23T20:58:04.053+0000] {dag.py:3239} INFO - Sync 1 DAGs
[2026-09-23T20:58:04.082+0000] {logging_mixin.py:190} INFO - [2026-09-23T20:58:04.082+0000] {dag.py:4180} INFO - Setting next_dagrun for tutorial_dag to None, run_after=None
[2026-09-23T20:58:04.117+0000] {processor.py:208} INFO - Processing /home/airflow/.local/lib/python3.12/site-packages/airflow/example_dags/tutorial_dag.py took 0.126 seconds
[2026-09-23T20:58:34.905+0000] {processor.py:186} INFO - Started process (PID=36025) to work on /home/airflow/.local/lib/python3.12/site-packages/airflow/example_dags/tutorial_dag.py
[2026-09-23T20:58:34.907+0000] {processor.py:914} INFO - Processing file /home/airflow/.local/lib/python3.12/site-packages/airflow/example_dags/tutorial_dag.py for tasks to queue
[2026-09-23T20:58:34.911+0000] {logging_mixin.py:190} INFO - [2026-09-23T20:58:34.910+0000] {dagbag.py:588} INFO - Filling up the DagBag from /home/airflow/.local/lib/python3.12/site-packages/airflow/example_dags/tutorial_dag.py
[2026-09-23T20:58:34.920+0000] {processor.py:925} INFO - DAG(s) 'tutorial_dag' retrieved from /home/airflow/.local/lib/python3.12/site-packages/airflow/example_dags/tutorial_dag.py
[2026-09-23T20:58:34.950+0000] {logging_mixin.py:190} INFO - [2026-09-23T20:58:34.949+0000] {dag.py:3239} INFO - Sync 1 DAGs
[2026-09-23T20:58:34.974+0000] {logging_mixin.py:190} INFO - [2026-09-23T20:58:34.974+0000] {dag.py:4180} INFO - Setting next_dagrun for tutorial_dag to None, run_after=None
[2026-09-23T20:58:35.000+0000] {processor.py:208} INFO - Processing /home/airflow/.local/lib/python3.12/site-packages/airflow/example_dags/tutorial_dag.py took 0.107 seconds
[2026-09-23T20:59:05.302+0000] {processor.py:186} INFO - Started process (PID=36099) to work on /home/airflow/.local/lib/python3.12/site-packages/airflow/example_dags/tutorial_dag.py
[2026-09-23T20:59:05.304+0000] {processor.py:914} INFO - Processing file /home/airflow/.local/lib/python3.12/site-packages/airflow/example_dags/tutorial_dag.py for tasks to queue
[2026-09-23T20:59:05.307+0000] {logging_mixin.py:190} INFO - [2026-09-23T20:59:05.307+0000] {dagbag.py:588} INFO - Filling up the DagBag from /home/airflow/.local/lib/python3.12/site-packages/airflow/example_dags/tutorial_dag.py
[2026-09-23T20:59:05.317+0000] {processor.py:925} INFO - DAG(s) 'tutorial_dag' retrieved from /home/airflow/.local/lib/python3.12/site-packages/airflow/example_dags/tutorial_dag.py
[2026-09-23T20:59:05.347+0000] {logging_mixin.py:190} INFO - [2026-09-23T20:59:05.346+0000] {dag.py:3239} INFO - Sync 1 DAGs
[2026-09-23T20:59:05.372+0000] {logging_mixin.py:190} INFO - [2026-09-23T20:59:05.372+0000] {dag.py:4180} INFO - Setting next_dagrun for tutorial_dag to None, run_after=None
[2026-09-23T20:59:05.399+0000] {processor.py:208} INFO - Processing /home/airflow/.local/lib/python3.12/site-packages/airflow/example_dags/tutorial_dag.py took 0.106 seconds
[2026-09-23T20:59:35.532+0000] {processor.py:186} INFO - Started process (PID=36173) to work on /home/airflow/.local/lib/python3.12/site-packages/airflow/example_dags/tutorial_dag.py
[2026-09-23T20:59:35.533+0000] {processor.py:914} INFO - Processing file /home/airflow/.local/lib/python3.12/site-packages/airflow/example_dags/tutorial_dag.py for tasks to queue
[2026-09-23T20:59:35.536+0000] {logging_mixin.py:190} INFO - [2026-09-23T20:59:35.535+0000] {dagbag.py:588} INFO - Filling up the DagBag from /home/airflow/.local/lib/python3.12/site-packages/airflow/example_dags/tutorial_dag.py
[2026-09-23T20:59:35.547+0000] {processor.py:925} INFO - DAG(s) 'tutorial_dag' retrieved from /home/airflow/.local/lib/python3.12/site-packages/airflow/example_dags/tutorial_dag.py
[2026-09-23T20:59:35.587+0000] {logging_mixin.py:190} INFO - [2026-09-23T20:59:35.587+0000] {dag.py:3239} INFO - Sync 1 DAGs
[2026-09-23T20:59:35.610+0000] {logging_mixin.py:190} INFO - [2026-09-23T20:59:35.609+0000] {dag.py:4180} INFO - Setting next_dagrun for tutorial_dag to None, run_after=None
[2026-09-23T20:59:35.633+0000] {processor.py:208} INFO - Processing /home/airflow/.local/lib/python3.12/site-packages/airflow/example_dags/tutorial_dag.py took 0.110 seconds
[2026-09-23T21:00:05.725+0000] {processor.py:186} INFO - Started process (PID=36247) to work on /home/airflow/.local/lib/python3.12/site-packages/airflow/example_dags/tutorial_dag.py
[2026-09-23T21:00:05.727+0000] {processor.py:914} INFO - Processing file /home/airflow/.local/lib/python3.12/site-packages/airflow/example_dags/tutorial_dag.py for tasks to queue
[2026-09-23T21:00:05.730+0000] {logging_mixin.py:190} INFO - [2026-09-23T21:00:05.729+0000] {dagbag.py:588} INFO - Filling up the DagBag from /home/airflow/.local/lib/python3.12/site-packages/airflow/example_dags/tutorial_dag.py
[2026-09-23T21:00:05.740+0000] {processor.py:925} INFO - DAG(s) 'tutorial_dag' retrieved from /home/airflow/.local/lib/python3.12/site-packages/airflow/example_dags/tutorial_dag.py
[2026-09-23T21:00:05.765+0000] {logging_mixin.py:190} INFO - [2026-09-23T21:00:05.765+0000] {dag.py:3239} INFO - Sync 1 DAGs
[2026-09-23T21:00:05.788+0000] {logging_mixin.py:190} INFO - [2026-09-23T21:00:05.788+0000] {dag.py:4180} INFO - Setting next_dagrun for tutorial_dag to None, run_after=None
[2026-09-23T21:00:05.813+0000] {processor.py:208} INFO - Processing /home/airflow/.local/lib/python3.12/site-packages/airflow/example_dags/tutorial_dag.py took 0.097 seconds
[2026-09-23T21:00:36.566+0000] {processor.py:186} INFO - Started process (PID=36321) to work on /home/airflow/.local/lib/python3.12/site-packages/airflow/example_dags/tutorial_dag.py
[2026-09-23T21:00:36.566+0000] {processor.py:914} INFO - Processing file /home/airflow/.local/lib/python3.12/site-packages/airflow/example_dags/tutorial_dag.py for tasks to queue
[2026-09-23T21:00:36.569+0000] {logging_mixin.py:190} INFO - [2026-09-23T21:00:36.569+0000] {dagbag.py:588} INFO - Filling up the DagBag from /home/airflow/.local/lib/python3.12/site-packages/airflow/example_dags/tutorial_dag.py
[2026-09-23T21:00:36.580+0000] {processor.py:925} INFO - DAG(s) 'tutorial_dag' retrieved from /home/airflow/.local/lib/python3.12/site-packages/airflow/example_dags/tutorial_dag.py
[2026-09-23T21:00:36.604+0000] {logging_mixin.py:190} INFO - [2026-09-23T21:00:36.604+0000] {dag.py:3239} INFO - Sync 1 DAGs
[2026-09-23T21:00:36.625+0000] {logging_mixin.py:190} INFO - [2026-09-23T21:00:36.625+0000] {dag.py:4180} INFO - Setting next_dagrun for tutorial_dag to None, run_after=None
[2026-09-23T21:00:36.647+0000] {processor.py:208} INFO - Processing /home/airflow/.local/lib/python3.12/site-packages/airflow/example_dags/tutorial_dag.py took 0.093 seconds
[2026-09-23T21:01:06.796+0000] {processor.py:186} INFO - Started process (PID=36395) to work on /home/airflow/.local/lib/python3.12/site-packages/airflow/example_dags/tutorial_dag.py
[2026-09-23T21:01:06.798+0000] {processor.py:914} INFO - Processing file /home/airflow/.local/lib/python3.12/site-packages/airflow/example_dags/tutorial_dag.py for tasks to queue
[2026-09-23T21:01:06.800+0000] {logging_mixin.py:190} INFO - [2026-09-23T21:01:06.800+0000] {dagbag.py:588} INFO - Filling up the DagBag from /home/airflow/.local/lib/python3.12/site-packages/airflow/example_dags/tutorial_dag.py
[2026-09-23T21:01:06.809+0000] {processor.py:925} INFO - DAG(s) 'tutorial_dag' retrieved from /home/airflow/.local/lib/python3.12/site-packages/airflow/example_dags/tutorial_dag.py
[2026-09-23T21:01:06.834+0000] {logging_mixin.py:190} INFO - [2026-09-23T21:01:06.833+0000] {dag.py:3239} INFO - Sync 1 DAGs
[2026-09-23T21:01:06.858+0000] {logging_mixin.py:190} INFO - [2026-09-23T21:01:06.858+0000] {dag.py:4180} INFO - Setting next_dagrun for tutorial_dag to None, run_after=None
[2026-09-23T21:01:06.883+0000] {processor.py:208} INFO - Processing /home/airflow/.local/lib/python3.12/site-packages/airflow/example_dags/tutorial_dag.py took 0.095 seconds
[2026-09-23T21:01:37.240+0000] {processor.py:186} INFO - Started process (PID=36467) to work on /home/airflow/.local/lib/python3.12/site-packages/airflow/example_dags/tutorial_dag.py
[2026-09-23T21:01:37.241+0000] {processor.py:914} INFO - Processing file /home/airflow/.local/lib/python3.12/site-packages/airflow/example_dags/tutorial_dag.py for tasks to queue
[2026-09-23T21:01:37.245+0000] {logging_mixin.py:190} INFO - [2026-09-23T21:01:37.244+0000] {dagbag.py:588} INFO - Filling up the DagBag from /home/airflow/.local/lib/python3.12/site-packages/airflow/example_dags/tutorial_dag.py
[2026-09-23T21:01:37.261+0000] {processor.py:925} INFO - DAG(s) 'tutorial_dag' retrieved from /home/airflow/.local/lib/python3.12/site-packages/airflow/example_dags/tutorial_dag.py
[2026-09-23T21:01:37.290+0000] {logging_mixin.py:190} INFO - [2026-09-23T21:01:37.289+0000] {dag.py:3239} INFO - Sync 1 DAGs
[2026-09-23T21:01:37.319+0000] {logging_mixin.py:190} INFO - [2026-09-23T21:01:37.318+0000] {dag.py:4180} INFO - Setting next_dagrun for tutorial_dag to None, run_after=None
[2026-09-23T21:01:37.353+0000] {processor.py:208} INFO - Processing /home/airflow/.local/lib/python3.12/site-packages/airflow/example_dags/tutorial_dag.py took 0.127 seconds
[2026-09-23T21:02:07.980+0000] {processor.py:186} INFO - Started process (PID=36540) to work on /home/airflow/.local/lib/python3.12/site-packages/airflow/example_dags/tutorial_dag.py
[2026-09-23T21:02:07.982+0000] {processor.py:914} INFO - Processing file /home/airflow/.local/lib/python3.12/site-packages/airflow/example_dags/tutorial_dag.py for tasks to queue
[2026-09-23T21:02:07.986+0000] {logging_mixin.py:190} INFO - [2026-09-23T21:02:07.985+0000] {dagbag.py:588} INFO - Filling up the DagBag from /home/airflow/.local/lib/python3.12/site-packages/airflow/example_dags/tutorial_dag.py
[2026-09-23T21:02:07.998+0000] {processor.py:925} INFO - DAG(s) 'tutorial_dag' retrieved from /home/airflow/.local/lib/python3.12/site-packages/airflow/example_dags/tutorial_dag.py
[2026-09-23T21:02:08.028+0000] {logging_mixin.py:190} INFO - [2026-09-23T21:02:08.028+0000] {dag.py:3239} INFO - Sync 1 DAGs
[2026-09-23T21:02:08.052+0000] {logging_mixin.py:190} INFO - [2026-09-23T21:02:08.051+0000] {dag.py:4180} INFO - Setting next_dagrun for tutorial_dag to None, run_after=None
[2026-09-23T21:02:08.093+0000] {processor.py:208} INFO - Processing /home/airflow/.local/lib/python3.12/site-packages/airflow/example_dags/tutorial_dag.py took 0.123 seconds
[2026-09-23T21:02:38.346+0000] {processor.py:186} INFO - Started process (PID=36608) to work on /home/airflow/.local/lib/python3.12/site-packages/airflow/example_dags/tutorial_dag.py
[2026-09-23T21:02:38.348+0000] {processor.py:914} INFO - Processing file /home/airflow/.local/lib/python3.12/site-packages/airflow/example_dags/tutorial_dag.py for tasks to queue
[2026-09-23T21:02:38.352+0000] {logging_mixin.py:190} INFO - [2026-09-23T21:02:38.351+0000] {dagbag.py:588} INFO - Filling up the DagBag from /home/airflow/.local/lib/python3.12/site-packages/airflow/example_dags/tutorial_dag.py
[2026-09-23T21:02:38.367+0000] {processor.py:925} INFO - DAG(s) 'tutorial_dag' retrieved from /home/airflow/.local/lib/python3.12/site-packages/airflow/example_dags/tutorial_dag.py
[2026-09-23T21:02:38.404+0000] {logging_mixin.py:190} INFO - [2026-09-23T21:02:38.403+0000] {dag.py:3239} INFO - Sync 1 DAGs
[2026-09-23T21:02:38.433+0000] {logging_mixin.py:190} INFO - [2026-09-23T21:02:38.433+0000] {dag.py:4180} INFO - Setting next_dagrun for tutorial_dag to None, run_after=None
[2026-09-23T21:02:38.467+0000] {processor.py:208} INFO - Processing /home/airflow/.local/lib/python3.12/site-packages/airflow/example_dags/tutorial_dag.py took 0.137 seconds
[2026-09-23T21:03:08.826+0000] {processor.py:186} INFO - Started process (PID=36682) to work on /home/airflow/.local/lib/python3.12/site-packages/airflow/example_dags/tutorial_dag.py
[2026-09-23T21:03:08.828+0000] {processor.py:914} INFO - Processing file /home/airflow/.local/lib/python3.12/site-packages/airflow/example_dags/tutorial_dag.py for tasks to queue
[2026-09-23T21:03:08.833+0000] {logging_mixin.py:190} INFO - [2026-09-23T21:03:08.832+0000] {dagbag.py:588} INFO - Filling up the DagBag from /home/airflow/.local/lib/python3.12/site-packages/airflow/example_dags/tutorial_dag.py
[2026-09-23T21:03:08.855+0000] {processor.py:925} INFO - DAG(s) 'tutorial_dag' retrieved from /home/airflow/.local/lib/python3.12/site-packages/airflow/example_dags/tutorial_dag.py
[2026-09-23T21:03:08.898+0000] {logging_mixin.py:190} INFO - [2026-09-23T21:03:08.898+0000] {dag.py:3239} INFO - Sync 1 DAGs
[2026-09-23T21:03:08.929+0000] {logging_mixin.py:190} INFO - [2026-09-23T21:03:08.928+0000] {dag.py:4180} INFO - Setting next_dagrun for tutorial_dag to None, run_after=None
[2026-09-23T21:03:08.982+0000] {processor.py:208} INFO - Processing /home/airflow/.local/lib/python3.12/site-packages/airflow/example_dags/tutorial_dag.py took 0.175 seconds
[2026-09-23T21:03:39.299+0000] {processor.py:186} INFO - Started process (PID=36756) to work on /home/airflow/.local/lib/python3.12/site-packages/airflow/example_dags/tutorial_dag.py
[2026-09-23T21:03:39.300+0000] {processor.py:914} INFO - Processing file /home/airflow/.local/lib/python3.12/site-packages/airflow/example_dags/tutorial_dag.py for tasks to queue
[2026-09-23T21:03:39.311+0000] {logging_mixin.py:190} INFO - [2026-09-23T21:03:39.310+0000] {dagbag.py:588} INFO - Filling up the DagBag from /home/airflow/.local/lib/python3.12/site-packages/airflow/example_dags/tutorial_dag.py
[2026-09-23T21:03:39.332+0000] {processor.py:925} INFO - DAG(s) 'tutorial_dag' retrieved from /home/airflow/.local/lib/python3.12/site-packages/airflow/example_dags/tutorial_dag.py
[2026-09-23T21:03:39.377+0000] {logging_mixin.py:190} INFO - [2026-09-23T21:03:39.376+0000] {dag.py:3239} INFO - Sync 1 DAGs
[2026-09-23T21:03:39.410+0000] {logging_mixin.py:190} INFO - [2026-09-23T21:03:39.410+0000] {dag.py:4180} INFO - Setting next_dagrun for tutorial_dag to None, run_after=None
[2026-09-23T21:03:39.469+0000] {processor.py:208} INFO - Processing /home/airflow/.local/lib/python3.12/site-packages/airflow/example_dags/tutorial_dag.py took 0.197 seconds
[2026-09-23T21:04:09.671+0000] {processor.py:186} INFO - Started process (PID=36828) to work on /home/airflow/.local/lib/python3.12/site-packages/airflow/example_dags/tutorial_dag.py
[2026-09-23T21:04:09.673+0000] {processor.py:914} INFO - Processing file /home/airflow/.local/lib/python3.12/site-packages/airflow/example_dags/tutorial_dag.py for tasks to queue
[2026-09-23T21:04:09.677+0000] {logging_mixin.py:190} INFO - [2026-09-23T21:04:09.676+0000] {dagbag.py:588} INFO - Filling up the DagBag from /home/airflow/.local/lib/python3.12/site-packages/airflow/example_dags/tutorial_dag.py
[2026-09-23T21:04:09.687+0000] {processor.py:925} INFO - DAG(s) 'tutorial_dag' retrieved from /home/airflow/.local/lib/python3.12/site-packages/airflow/example_dags/tutorial_dag.py
[2026-09-23T21:04:09.712+0000] {logging_mixin.py:190} INFO - [2026-09-23T21:04:09.712+0000] {dag.py:3239} INFO - Sync 1 DAGs
[2026-09-23T21:04:09.734+0000] {logging_mixin.py:190} INFO - [2026-09-23T21:04:09.734+0000] {dag.py:4180} INFO - Setting next_dagrun for tutorial_dag to None, run_after=None
[2026-09-23T21:04:09.758+0000] {processor.py:208} INFO - Processing /home/airflow/.local/lib/python3.12/site-packages/airflow/example_dags/tutorial_dag.py took 0.098 seconds
[2026-09-23T21:04:40.309+0000] {processor.py:186} INFO - Started process (PID=36902) to work on /home/airflow/.local/lib/python3.12/site-packages/airflow/example_dags/tutorial_dag.py
[2026-09-23T21:04:40.310+0000] {processor.py:914} INFO - Processing file /home/airflow/.local/lib/python3.12/site-packages/airflow/example_dags/tutorial_dag.py for tasks to queue
[2026-09-23T21:04:40.312+0000] {logging_mixin.py:190} INFO - [2026-09-23T21:04:40.312+0000] {dagbag.py:588} INFO - Filling up the DagBag from /home/airflow/.local/lib/python3.12/site-packages/airflow/example_dags/tutorial_dag.py
[2026-09-23T21:04:40.323+0000] {processor.py:925} INFO - DAG(s) 'tutorial_dag' retrieved from /home/airflow/.local/lib/python3.12/site-packages/airflow/example_dags/tutorial_dag.py
[2026-09-23T21:04:40.351+0000] {logging_mixin.py:190} INFO - [2026-09-23T21:04:40.351+0000] {dag.py:3239} INFO - Sync 1 DAGs
[2026-09-23T21:04:40.377+0000] {logging_mixin.py:190} INFO - [2026-09-23T21:04:40.377+0000] {dag.py:4180} INFO - Setting next_dagrun for tutorial_dag to None, run_after=None
[2026-09-23T21:04:40.409+0000] {processor.py:208} INFO - Processing /home/airflow/.local/lib/python3.12/site-packages/airflow/example_dags/tutorial_dag.py took 0.110 seconds
[2026-09-23T21:05:10.589+0000] {processor.py:186} INFO - Started process (PID=36975) to work on /home/airflow/.local/lib/python3.12/site-packages/airflow/example_dags/tutorial_dag.py
[2026-09-23T21:05:10.590+0000] {processor.py:914} INFO - Processing file /home/airflow/.local/lib/python3.12/site-packages/airflow/example_dags/tutorial_dag.py for tasks to queue
[2026-09-23T21:05:10.593+0000] {logging_mixin.py:190} INFO - [2026-09-23T21:05:10.592+0000] {dagbag.py:588} INFO - Filling up the DagBag from /home/airflow/.local/lib/python3.12/site-packages/airflow/example_dags/tutorial_dag.py
[2026-09-23T21:05:10.603+0000] {processor.py:925} INFO - DAG(s) 'tutorial_dag' retrieved from /home/airflow/.local/lib/python3.12/site-packages/airflow/example_dags/tutorial_dag.py
[2026-09-23T21:05:10.629+0000] {logging_mixin.py:190} INFO - [2026-09-23T21:05:10.629+0000] {dag.py:3239} INFO - Sync 1 DAGs
[2026-09-23T21:05:10.653+0000] {logging_mixin.py:190} INFO - [2026-09-23T21:05:10.652+0000] {dag.py:4180} INFO - Setting next_dagrun for tutorial_dag to None, run_after=None
[2026-09-23T21:05:10.680+0000] {processor.py:208} INFO - Processing /home/airflow/.local/lib/python3.12/site-packages/airflow/example_dags/tutorial_dag.py took 0.100 seconds
[2026-09-23T21:05:41.535+0000] {processor.py:186} INFO - Started process (PID=37049) to work on /home/airflow/.local/lib/python3.12/site-packages/airflow/example_dags/tutorial_dag.py
[2026-09-23T21:05:41.538+0000] {processor.py:914} INFO - Processing file /home/airflow/.local/lib/python3.12/site-packages/airflow/example_dags/tutorial_dag.py for tasks to queue
[2026-09-23T21:05:41.548+0000] {logging_mixin.py:190} INFO - [2026-09-23T21:05:41.543+0000] {dagbag.py:588} INFO - Filling up the DagBag from /home/airflow/.local/lib/python3.12/site-packages/airflow/example_dags/tutorial_dag.py
[2026-09-23T21:05:41.591+0000] {processor.py:925} INFO - DAG(s) 'tutorial_dag' retrieved from /home/airflow/.local/lib/python3.12/site-packages/airflow/example_dags/tutorial_dag.py
[2026-09-23T21:05:41.631+0000] {logging_mixin.py:190} INFO - [2026-09-23T21:05:41.631+0000] {dag.py:3239} INFO - Sync 1 DAGs
[2026-09-23T21:05:41.663+0000] {logging_mixin.py:190} INFO - [2026-09-23T21:05:41.663+0000] {dag.py:4180} INFO - Setting next_dagrun for tutorial_dag to None, run_after=None
[2026-09-23T21:05:41.701+0000] {processor.py:208} INFO - Processing /home/airflow/.local/lib/python3.12/site-packages/airflow/example_dags/tutorial_dag.py took 0.187 seconds
