[2026-09-23T00:21:41.872+0000] {processor.py:186} INFO - Started process (PID=389) to work on /home/airflow/.local/lib/python3.12/site-packages/airflow/example_dags/plugins/decreasing_priority_weight_strategy.py
[2026-09-23T00:21:41.873+0000] {processor.py:914} INFO - Processing file /home/airflow/.local/lib/python3.12/site-packages/airflow/example_dags/plugins/decreasing_priority_weight_strategy.py for tasks to queue
[2026-09-23T00:21:41.877+0000] {logging_mixin.py:190} INFO - [2026-09-23T00:21:41.876+0000] {dagbag.py:588} INFO - Filling up the DagBag from /home/airflow/.local/lib/python3.12/site-packages/airflow/example_dags/plugins/decreasing_priority_weight_strategy.py
[2026-09-23T00:21:41.881+0000] {processor.py:927} WARNING - No viable dags retrieved from /home/airflow/.local/lib/python3.12/site-packages/airflow/example_dags/plugins/decreasing_priority_weight_strategy.py
[2026-09-23T00:21:41.906+0000] {processor.py:208} INFO - Processing /home/airflow/.local/lib/python3.12/site-packages/airflow/example_dags/plugins/decreasing_priority_weight_strategy.py took 0.045 seconds
[2026-09-23T00:22:13.042+0000] {processor.py:186} INFO - Started process (PID=470) to work on /home/airflow/.local/lib/python3.12/site-packages/airflow/example_dags/plugins/decreasing_priority_weight_strategy.py
[2026-09-23T00:22:13.043+0000] {processor.py:914} INFO - Processing file /home/airflow/.local/lib/python3.12/site-packages/airflow/example_dags/plugins/decreasing_priority_weight_strategy.py for tasks to queue
[2026-09-23T00:22:13.047+0000] {logging_mixin.py:190} INFO - [2026-09-23T00:22:13.046+0000] {dagbag.py:588} INFO - Filling up the DagBag from /home/airflow/.local/lib/python3.12/site-packages/airflow/example_dags/plugins/decreasing_priority_weight_strategy.py
[2026-09-23T00:22:13.050+0000] {processor.py:927} WARNING - No viable dags retrieved from /home/airflow/.local/lib/python3.12/site-packages/airflow/example_dags/plugins/decreasing_priority_weight_strategy.py
[2026-09-23T00:22:13.066+0000] {processor.py:208} INFO - Processing /home/airflow/.local/lib/python3.12/site-packages/airflow/example_dags/plugins/decreasing_priority_weight_strategy.py took 0.034 seconds
[2026-09-23T00:22:45.528+0000] {processor.py:186} INFO - Started process (PID=549) to work on /home/airflow/.local/lib/python3.12/site-packages/airflow/example_dags/plugins/decreasing_priority_weight_strategy.py
[2026-09-23T00:22:45.529+0000] {processor.py:914} INFO - Processing file /home/airflow/.local/lib/python3.12/site-packages/airflow/example_dags/plugins/decreasing_priority_weight_strategy.py for tasks to queue
[2026-09-23T00:22:45.532+0000] {logging_mixin.py:190} INFO - [2026-09-23T00:22:45.531+0000] {dagbag.py:588} INFO - Filling up the DagBag from /home/airflow/.local/lib/python3.12/site-packages/airflow/example_dags/plugins/decreasing_priority_weight_strategy.py
[2026-09-23T00:22:45.535+0000] {processor.py:927} WARNING - No viable dags retrieved from /home/airflow/.local/lib/python3.12/site-packages/airflow/example_dags/plugins/decreasing_priority_weight_strategy.py
[2026-09-23T00:22:45.551+0000] {processor.py:208} INFO - Processing /home/airflow/.local/lib/python3.12/site-packages/airflow/example_dags/plugins/decreasing_priority_weight_strategy.py took 0.033 seconds
[2026-09-23T00:23:17.265+0000] {processor.py:186} INFO - Started process (PID=627) to work on /home/airflow/.local/lib/python3.12/site-packages/airflow/example_dags/plugins/decreasing_priority_weight_strategy.py
[2026-09-23T00:23:17.267+0000] {processor.py:914} INFO - Processing file /home/airflow/.local/lib/python3.12/site-packages/airflow/example_dags/plugins/decreasing_priority_weight_strategy.py for tasks to queue
[2026-09-23T00:23:17.271+0000] {logging_mixin.py:190} INFO - [2026-09-23T00:23:17.270+0000] {dagbag.py:588} INFO - Filling up the DagBag from /home/airflow/.local/lib/python3.12/site-packages/airflow/example_dags/plugins/decreasing_priority_weight_strategy.py
[2026-09-23T00:23:17.275+0000] {processor.py:927} WARNING - No viable dags retrieved from /home/airflow/.local/lib/python3.12/site-packages/airflow/example_dags/plugins/decreasing_priority_weight_strategy.py
[2026-09-23T00:23:17.291+0000] {processor.py:208} INFO - Processing /home/airflow/.local/lib/python3.12/site-packages/airflow/example_dags/plugins/decreasing_priority_weight_strategy.py took 0.034 seconds
[2026-09-23T00:23:48.042+0000] {processor.py:186} INFO - Started process (PID=699) to work on /home/airflow/.local/lib/python3.12/site-packages/airflow/example_dags/plugins/decreasing_priority_weight_strategy.py
[2026-09-23T00:23:48.044+0000] {processor.py:914} INFO - Processing file /home/airflow/.local/lib/python3.12/site-packages/airflow/example_dags/plugins/decreasing_priority_weight_strategy.py for tasks to queue
[2026-09-23T00:23:48.048+0000] {logging_mixin.py:190} INFO - [2026-09-23T00:23:48.048+0000] {dagbag.py:588} INFO - Filling up the DagBag from /home/airflow/.local/lib/python3.12/site-packages/airflow/example_dags/plugins/decreasing_priority_weight_strategy.py
[2026-09-23T00:23:48.053+0000] {processor.py:927} WARNING - No viable dags retrieved from /home/airflow/.local/lib/python3.12/site-packages/airflow/example_dags/plugins/decreasing_priority_weight_strategy.py
[2026-09-23T00:23:48.074+0000] {processor.py:208} INFO - Processing /home/airflow/.local/lib/python3.12/site-packages/airflow/example_dags/plugins/decreasing_priority_weight_strategy.py took 0.041 seconds
[2026-09-23T00:24:19.178+0000] {processor.py:186} INFO - Started process (PID=778) to work on /home/airflow/.local/lib/python3.12/site-packages/airflow/example_dags/plugins/decreasing_priority_weight_strategy.py
[2026-09-23T00:24:19.180+0000] {processor.py:914} INFO - Processing file /home/airflow/.local/lib/python3.12/site-packages/airflow/example_dags/plugins/decreasing_priority_weight_strategy.py for tasks to queue
[2026-09-23T00:24:19.182+0000] {logging_mixin.py:190} INFO - [2026-09-23T00:24:19.182+0000] {dagbag.py:588} INFO - Filling up the DagBag from /home/airflow/.local/lib/python3.12/site-packages/airflow/example_dags/plugins/decreasing_priority_weight_strategy.py
[2026-09-23T00:24:19.186+0000] {processor.py:927} WARNING - No viable dags retrieved from /home/airflow/.local/lib/python3.12/site-packages/airflow/example_dags/plugins/decreasing_priority_weight_strategy.py
[2026-09-23T00:24:19.203+0000] {processor.py:208} INFO - Processing /home/airflow/.local/lib/python3.12/site-packages/airflow/example_dags/plugins/decreasing_priority_weight_strategy.py took 0.033 seconds
[2026-09-23T00:24:49.413+0000] {processor.py:186} INFO - Started process (PID=856) to work on /home/airflow/.local/lib/python3.12/site-packages/airflow/example_dags/plugins/decreasing_priority_weight_strategy.py
[2026-09-23T00:24:49.415+0000] {processor.py:914} INFO - Processing file /home/airflow/.local/lib/python3.12/site-packages/airflow/example_dags/plugins/decreasing_priority_weight_strategy.py for tasks to queue
[2026-09-23T00:24:49.418+0000] {logging_mixin.py:190} INFO - [2026-09-23T00:24:49.417+0000] {dagbag.py:588} INFO - Filling up the DagBag from /home/airflow/.local/lib/python3.12/site-packages/airflow/example_dags/plugins/decreasing_priority_weight_strategy.py
[2026-09-23T00:24:49.421+0000] {processor.py:927} WARNING - No viable dags retrieved from /home/airflow/.local/lib/python3.12/site-packages/airflow/example_dags/plugins/decreasing_priority_weight_strategy.py
[2026-09-23T00:24:49.439+0000] {processor.py:208} INFO - Processing /home/airflow/.local/lib/python3.12/site-packages/airflow/example_dags/plugins/decreasing_priority_weight_strategy.py took 0.034 seconds
[2026-09-23T00:25:20.558+0000] {processor.py:186} INFO - Started process (PID=935) to work on /home/airflow/.local/lib/python3.12/site-packages/airflow/example_dags/plugins/decreasing_priority_weight_strategy.py
[2026-09-23T00:25:20.559+0000] {processor.py:914} INFO - Processing file /home/airflow/.local/lib/python3.12/site-packages/airflow/example_dags/plugins/decreasing_priority_weight_strategy.py for tasks to queue
[2026-09-23T00:25:20.562+0000] {logging_mixin.py:190} INFO - [2026-09-23T00:25:20.562+0000] {dagbag.py:588} INFO - Filling up the DagBag from /home/airflow/.local/lib/python3.12/site-packages/airflow/example_dags/plugins/decreasing_priority_weight_strategy.py
[2026-09-23T00:25:20.567+0000] {processor.py:927} WARNING - No viable dags retrieved from /home/airflow/.local/lib/python3.12/site-packages/airflow/example_dags/plugins/decreasing_priority_weight_strategy.py
[2026-09-23T00:25:20.587+0000] {processor.py:208} INFO - Processing /home/airflow/.local/lib/python3.12/site-packages/airflow/example_dags/plugins/decreasing_priority_weight_strategy.py took 0.041 seconds
[2026-09-23T00:25:51.214+0000] {processor.py:186} INFO - Started process (PID=1013) to work on /home/airflow/.local/lib/python3.12/site-packages/airflow/example_dags/plugins/decreasing_priority_weight_strategy.py
[2026-09-23T00:25:51.216+0000] {processor.py:914} INFO - Processing file /home/airflow/.local/lib/python3.12/site-packages/airflow/example_dags/plugins/decreasing_priority_weight_strategy.py for tasks to queue
[2026-09-23T00:25:51.219+0000] {logging_mixin.py:190} INFO - [2026-09-23T00:25:51.219+0000] {dagbag.py:588} INFO - Filling up the DagBag from /home/airflow/.local/lib/python3.12/site-packages/airflow/example_dags/plugins/decreasing_priority_weight_strategy.py
[2026-09-23T00:25:51.223+0000] {processor.py:927} WARNING - No viable dags retrieved from /home/airflow/.local/lib/python3.12/site-packages/airflow/example_dags/plugins/decreasing_priority_weight_strategy.py
[2026-09-23T00:25:51.244+0000] {processor.py:208} INFO - Processing /home/airflow/.local/lib/python3.12/site-packages/airflow/example_dags/plugins/decreasing_priority_weight_strategy.py took 0.044 seconds
[2026-09-23T00:26:28.117+0000] {processor.py:186} INFO - Started process (PID=1094) to work on /home/airflow/.local/lib/python3.12/site-packages/airflow/example_dags/plugins/decreasing_priority_weight_strategy.py
[2026-09-23T00:26:28.119+0000] {processor.py:914} INFO - Processing file /home/airflow/.local/lib/python3.12/site-packages/airflow/example_dags/plugins/decreasing_priority_weight_strategy.py for tasks to queue
[2026-09-23T00:26:28.127+0000] {logging_mixin.py:190} INFO - [2026-09-23T00:26:28.125+0000] {dagbag.py:588} INFO - Filling up the DagBag from /home/airflow/.local/lib/python3.12/site-packages/airflow/example_dags/plugins/decreasing_priority_weight_strategy.py
[2026-09-23T00:26:28.141+0000] {processor.py:927} WARNING - No viable dags retrieved from /home/airflow/.local/lib/python3.12/site-packages/airflow/example_dags/plugins/decreasing_priority_weight_strategy.py
[2026-09-23T00:26:28.198+0000] {processor.py:208} INFO - Processing /home/airflow/.local/lib/python3.12/site-packages/airflow/example_dags/plugins/decreasing_priority_weight_strategy.py took 0.091 seconds
[2026-09-23T00:26:58.477+0000] {processor.py:186} INFO - Started process (PID=1168) to work on /home/airflow/.local/lib/python3.12/site-packages/airflow/example_dags/plugins/decreasing_priority_weight_strategy.py
[2026-09-23T00:26:58.479+0000] {processor.py:914} INFO - Processing file /home/airflow/.local/lib/python3.12/site-packages/airflow/example_dags/plugins/decreasing_priority_weight_strategy.py for tasks to queue
[2026-09-23T00:26:58.481+0000] {logging_mixin.py:190} INFO - [2026-09-23T00:26:58.481+0000] {dagbag.py:588} INFO - Filling up the DagBag from /home/airflow/.local/lib/python3.12/site-packages/airflow/example_dags/plugins/decreasing_priority_weight_strategy.py
[2026-09-23T00:26:58.484+0000] {processor.py:927} WARNING - No viable dags retrieved from /home/airflow/.local/lib/python3.12/site-packages/airflow/example_dags/plugins/decreasing_priority_weight_strategy.py
[2026-09-23T00:26:58.512+0000] {processor.py:208} INFO - Processing /home/airflow/.local/lib/python3.12/site-packages/airflow/example_dags/plugins/decreasing_priority_weight_strategy.py took 0.044 seconds
[2026-09-23T00:27:29.095+0000] {processor.py:186} INFO - Started process (PID=1246) to work on /home/airflow/.local/lib/python3.12/site-packages/airflow/example_dags/plugins/decreasing_priority_weight_strategy.py
[2026-09-23T00:27:29.096+0000] {processor.py:914} INFO - Processing file /home/airflow/.local/lib/python3.12/site-packages/airflow/example_dags/plugins/decreasing_priority_weight_strategy.py for tasks to queue
[2026-09-23T00:27:29.099+0000] {logging_mixin.py:190} INFO - [2026-09-23T00:27:29.099+0000] {dagbag.py:588} INFO - Filling up the DagBag from /home/airflow/.local/lib/python3.12/site-packages/airflow/example_dags/plugins/decreasing_priority_weight_strategy.py
[2026-09-23T00:27:29.103+0000] {processor.py:927} WARNING - No viable dags retrieved from /home/airflow/.local/lib/python3.12/site-packages/airflow/example_dags/plugins/decreasing_priority_weight_strategy.py
[2026-09-23T00:27:29.130+0000] {processor.py:208} INFO - Processing /home/airflow/.local/lib/python3.12/site-packages/airflow/example_dags/plugins/decreasing_priority_weight_strategy.py took 0.048 seconds
[2026-09-23T00:27:59.522+0000] {processor.py:186} INFO - Started process (PID=1323) to work on /home/airflow/.local/lib/python3.12/site-packages/airflow/example_dags/plugins/decreasing_priority_weight_strategy.py
[2026-09-23T00:27:59.523+0000] {processor.py:914} INFO - Processing file /home/airflow/.local/lib/python3.12/site-packages/airflow/example_dags/plugins/decreasing_priority_weight_strategy.py for tasks to queue
[2026-09-23T00:27:59.527+0000] {logging_mixin.py:190} INFO - [2026-09-23T00:27:59.527+0000] {dagbag.py:588} INFO - Filling up the DagBag from /home/airflow/.local/lib/python3.12/site-packages/airflow/example_dags/plugins/decreasing_priority_weight_strategy.py
[2026-09-23T00:27:59.531+0000] {processor.py:927} WARNING - No viable dags retrieved from /home/airflow/.local/lib/python3.12/site-packages/airflow/example_dags/plugins/decreasing_priority_weight_strategy.py
[2026-09-23T00:27:59.554+0000] {processor.py:208} INFO - Processing /home/airflow/.local/lib/python3.12/site-packages/airflow/example_dags/plugins/decreasing_priority_weight_strategy.py took 0.048 seconds
[2026-09-23T00:28:30.057+0000] {processor.py:186} INFO - Started process (PID=1402) to work on /home/airflow/.local/lib/python3.12/site-packages/airflow/example_dags/plugins/decreasing_priority_weight_strategy.py
[2026-09-23T00:28:30.058+0000] {processor.py:914} INFO - Processing file /home/airflow/.local/lib/python3.12/site-packages/airflow/example_dags/plugins/decreasing_priority_weight_strategy.py for tasks to queue
[2026-09-23T00:28:30.069+0000] {logging_mixin.py:190} INFO - [2026-09-23T00:28:30.068+0000] {dagbag.py:588} INFO - Filling up the DagBag from /home/airflow/.local/lib/python3.12/site-packages/airflow/example_dags/plugins/decreasing_priority_weight_strategy.py
[2026-09-23T00:28:30.079+0000] {processor.py:927} WARNING - No viable dags retrieved from /home/airflow/.local/lib/python3.12/site-packages/airflow/example_dags/plugins/decreasing_priority_weight_strategy.py
[2026-09-23T00:28:30.127+0000] {processor.py:208} INFO - Processing /home/airflow/.local/lib/python3.12/site-packages/airflow/example_dags/plugins/decreasing_priority_weight_strategy.py took 0.083 seconds
[2026-09-23T00:29:00.880+0000] {processor.py:186} INFO - Started process (PID=1479) to work on /home/airflow/.local/lib/python3.12/site-packages/airflow/example_dags/plugins/decreasing_priority_weight_strategy.py
[2026-09-23T00:29:00.882+0000] {processor.py:914} INFO - Processing file /home/airflow/.local/lib/python3.12/site-packages/airflow/example_dags/plugins/decreasing_priority_weight_strategy.py for tasks to queue
[2026-09-23T00:29:00.888+0000] {logging_mixin.py:190} INFO - [2026-09-23T00:29:00.887+0000] {dagbag.py:588} INFO - Filling up the DagBag from /home/airflow/.local/lib/python3.12/site-packages/airflow/example_dags/plugins/decreasing_priority_weight_strategy.py
[2026-09-23T00:29:00.892+0000] {processor.py:927} WARNING - No viable dags retrieved from /home/airflow/.local/lib/python3.12/site-packages/airflow/example_dags/plugins/decreasing_priority_weight_strategy.py
[2026-09-23T00:29:00.937+0000] {processor.py:208} INFO - Processing /home/airflow/.local/lib/python3.12/site-packages/airflow/example_dags/plugins/decreasing_priority_weight_strategy.py took 0.072 seconds
[2026-09-23T00:29:31.455+0000] {processor.py:186} INFO - Started process (PID=1553) to work on /home/airflow/.local/lib/python3.12/site-packages/airflow/example_dags/plugins/decreasing_priority_weight_strategy.py
[2026-09-23T00:29:31.457+0000] {processor.py:914} INFO - Processing file /home/airflow/.local/lib/python3.12/site-packages/airflow/example_dags/plugins/decreasing_priority_weight_strategy.py for tasks to queue
[2026-09-23T00:29:31.462+0000] {logging_mixin.py:190} INFO - [2026-09-23T00:29:31.462+0000] {dagbag.py:588} INFO - Filling up the DagBag from /home/airflow/.local/lib/python3.12/site-packages/airflow/example_dags/plugins/decreasing_priority_weight_strategy.py
[2026-09-23T00:29:31.466+0000] {processor.py:927} WARNING - No viable dags retrieved from /home/airflow/.local/lib/python3.12/site-packages/airflow/example_dags/plugins/decreasing_priority_weight_strategy.py
[2026-09-23T00:29:31.482+0000] {processor.py:208} INFO - Processing /home/airflow/.local/lib/python3.12/site-packages/airflow/example_dags/plugins/decreasing_priority_weight_strategy.py took 0.038 seconds
[2026-09-23T00:30:02.328+0000] {processor.py:186} INFO - Started process (PID=1624) to work on /home/airflow/.local/lib/python3.12/site-packages/airflow/example_dags/plugins/decreasing_priority_weight_strategy.py
[2026-09-23T00:30:02.328+0000] {processor.py:914} INFO - Processing file /home/airflow/.local/lib/python3.12/site-packages/airflow/example_dags/plugins/decreasing_priority_weight_strategy.py for tasks to queue
[2026-09-23T00:30:02.331+0000] {logging_mixin.py:190} INFO - [2026-09-23T00:30:02.331+0000] {dagbag.py:588} INFO - Filling up the DagBag from /home/airflow/.local/lib/python3.12/site-packages/airflow/example_dags/plugins/decreasing_priority_weight_strategy.py
[2026-09-23T00:30:02.334+0000] {processor.py:927} WARNING - No viable dags retrieved from /home/airflow/.local/lib/python3.12/site-packages/airflow/example_dags/plugins/decreasing_priority_weight_strategy.py
[2026-09-23T00:30:02.349+0000] {processor.py:208} INFO - Processing /home/airflow/.local/lib/python3.12/site-packages/airflow/example_dags/plugins/decreasing_priority_weight_strategy.py took 0.029 seconds
[2026-09-23T00:41:33.448+0000] {processor.py:186} INFO - Started process (PID=125) to work on /home/airflow/.local/lib/python3.12/site-packages/airflow/example_dags/plugins/decreasing_priority_weight_strategy.py
[2026-09-23T00:41:33.449+0000] {processor.py:914} INFO - Processing file /home/airflow/.local/lib/python3.12/site-packages/airflow/example_dags/plugins/decreasing_priority_weight_strategy.py for tasks to queue
[2026-09-23T00:41:33.451+0000] {logging_mixin.py:190} INFO - [2026-09-23T00:41:33.450+0000] {dagbag.py:588} INFO - Filling up the DagBag from /home/airflow/.local/lib/python3.12/site-packages/airflow/example_dags/plugins/decreasing_priority_weight_strategy.py
[2026-09-23T00:41:33.471+0000] {processor.py:927} WARNING - No viable dags retrieved from /home/airflow/.local/lib/python3.12/site-packages/airflow/example_dags/plugins/decreasing_priority_weight_strategy.py
[2026-09-23T00:41:33.594+0000] {processor.py:208} INFO - Processing /home/airflow/.local/lib/python3.12/site-packages/airflow/example_dags/plugins/decreasing_priority_weight_strategy.py took 0.163 seconds
[2026-09-23T00:42:05.010+0000] {processor.py:186} INFO - Started process (PID=201) to work on /home/airflow/.local/lib/python3.12/site-packages/airflow/example_dags/plugins/decreasing_priority_weight_strategy.py
[2026-09-23T00:42:05.011+0000] {processor.py:914} INFO - Processing file /home/airflow/.local/lib/python3.12/site-packages/airflow/example_dags/plugins/decreasing_priority_weight_strategy.py for tasks to queue
[2026-09-23T00:42:05.013+0000] {logging_mixin.py:190} INFO - [2026-09-23T00:42:05.013+0000] {dagbag.py:588} INFO - Filling up the DagBag from /home/airflow/.local/lib/python3.12/site-packages/airflow/example_dags/plugins/decreasing_priority_weight_strategy.py
[2026-09-23T00:42:05.017+0000] {processor.py:927} WARNING - No viable dags retrieved from /home/airflow/.local/lib/python3.12/site-packages/airflow/example_dags/plugins/decreasing_priority_weight_strategy.py
[2026-09-23T00:42:05.040+0000] {processor.py:208} INFO - Processing /home/airflow/.local/lib/python3.12/site-packages/airflow/example_dags/plugins/decreasing_priority_weight_strategy.py took 0.040 seconds
[2026-09-23T00:42:36.073+0000] {processor.py:186} INFO - Started process (PID=274) to work on /home/airflow/.local/lib/python3.12/site-packages/airflow/example_dags/plugins/decreasing_priority_weight_strategy.py
[2026-09-23T00:42:36.077+0000] {processor.py:914} INFO - Processing file /home/airflow/.local/lib/python3.12/site-packages/airflow/example_dags/plugins/decreasing_priority_weight_strategy.py for tasks to queue
[2026-09-23T00:42:36.079+0000] {logging_mixin.py:190} INFO - [2026-09-23T00:42:36.078+0000] {dagbag.py:588} INFO - Filling up the DagBag from /home/airflow/.local/lib/python3.12/site-packages/airflow/example_dags/plugins/decreasing_priority_weight_strategy.py
[2026-09-23T00:42:36.082+0000] {processor.py:927} WARNING - No viable dags retrieved from /home/airflow/.local/lib/python3.12/site-packages/airflow/example_dags/plugins/decreasing_priority_weight_strategy.py
[2026-09-23T00:42:36.104+0000] {processor.py:208} INFO - Processing /home/airflow/.local/lib/python3.12/site-packages/airflow/example_dags/plugins/decreasing_priority_weight_strategy.py took 0.060 seconds
[2026-09-23T00:43:06.314+0000] {processor.py:186} INFO - Started process (PID=347) to work on /home/airflow/.local/lib/python3.12/site-packages/airflow/example_dags/plugins/decreasing_priority_weight_strategy.py
[2026-09-23T00:43:06.315+0000] {processor.py:914} INFO - Processing file /home/airflow/.local/lib/python3.12/site-packages/airflow/example_dags/plugins/decreasing_priority_weight_strategy.py for tasks to queue
[2026-09-23T00:43:06.317+0000] {logging_mixin.py:190} INFO - [2026-09-23T00:43:06.316+0000] {dagbag.py:588} INFO - Filling up the DagBag from /home/airflow/.local/lib/python3.12/site-packages/airflow/example_dags/plugins/decreasing_priority_weight_strategy.py
[2026-09-23T00:43:06.320+0000] {processor.py:927} WARNING - No viable dags retrieved from /home/airflow/.local/lib/python3.12/site-packages/airflow/example_dags/plugins/decreasing_priority_weight_strategy.py
[2026-09-23T00:43:06.339+0000] {processor.py:208} INFO - Processing /home/airflow/.local/lib/python3.12/site-packages/airflow/example_dags/plugins/decreasing_priority_weight_strategy.py took 0.034 seconds
[2026-09-23T00:43:36.434+0000] {processor.py:186} INFO - Started process (PID=420) to work on /home/airflow/.local/lib/python3.12/site-packages/airflow/example_dags/plugins/decreasing_priority_weight_strategy.py
[2026-09-23T00:43:36.435+0000] {processor.py:914} INFO - Processing file /home/airflow/.local/lib/python3.12/site-packages/airflow/example_dags/plugins/decreasing_priority_weight_strategy.py for tasks to queue
[2026-09-23T00:43:36.437+0000] {logging_mixin.py:190} INFO - [2026-09-23T00:43:36.437+0000] {dagbag.py:588} INFO - Filling up the DagBag from /home/airflow/.local/lib/python3.12/site-packages/airflow/example_dags/plugins/decreasing_priority_weight_strategy.py
[2026-09-23T00:43:36.440+0000] {processor.py:927} WARNING - No viable dags retrieved from /home/airflow/.local/lib/python3.12/site-packages/airflow/example_dags/plugins/decreasing_priority_weight_strategy.py
[2026-09-23T00:43:36.461+0000] {processor.py:208} INFO - Processing /home/airflow/.local/lib/python3.12/site-packages/airflow/example_dags/plugins/decreasing_priority_weight_strategy.py took 0.036 seconds
[2026-09-23T00:44:07.442+0000] {processor.py:186} INFO - Started process (PID=494) to work on /home/airflow/.local/lib/python3.12/site-packages/airflow/example_dags/plugins/decreasing_priority_weight_strategy.py
[2026-09-23T00:44:07.445+0000] {processor.py:914} INFO - Processing file /home/airflow/.local/lib/python3.12/site-packages/airflow/example_dags/plugins/decreasing_priority_weight_strategy.py for tasks to queue
[2026-09-23T00:44:07.451+0000] {logging_mixin.py:190} INFO - [2026-09-23T00:44:07.450+0000] {dagbag.py:588} INFO - Filling up the DagBag from /home/airflow/.local/lib/python3.12/site-packages/airflow/example_dags/plugins/decreasing_priority_weight_strategy.py
[2026-09-23T00:44:07.454+0000] {processor.py:927} WARNING - No viable dags retrieved from /home/airflow/.local/lib/python3.12/site-packages/airflow/example_dags/plugins/decreasing_priority_weight_strategy.py
[2026-09-23T00:44:07.482+0000] {processor.py:208} INFO - Processing /home/airflow/.local/lib/python3.12/site-packages/airflow/example_dags/plugins/decreasing_priority_weight_strategy.py took 0.052 seconds
[2026-09-23T00:44:37.986+0000] {processor.py:186} INFO - Started process (PID=568) to work on /home/airflow/.local/lib/python3.12/site-packages/airflow/example_dags/plugins/decreasing_priority_weight_strategy.py
[2026-09-23T00:44:37.988+0000] {processor.py:914} INFO - Processing file /home/airflow/.local/lib/python3.12/site-packages/airflow/example_dags/plugins/decreasing_priority_weight_strategy.py for tasks to queue
[2026-09-23T00:44:37.989+0000] {logging_mixin.py:190} INFO - [2026-09-23T00:44:37.989+0000] {dagbag.py:588} INFO - Filling up the DagBag from /home/airflow/.local/lib/python3.12/site-packages/airflow/example_dags/plugins/decreasing_priority_weight_strategy.py
[2026-09-23T00:44:37.993+0000] {processor.py:927} WARNING - No viable dags retrieved from /home/airflow/.local/lib/python3.12/site-packages/airflow/example_dags/plugins/decreasing_priority_weight_strategy.py
[2026-09-23T00:44:38.035+0000] {processor.py:208} INFO - Processing /home/airflow/.local/lib/python3.12/site-packages/airflow/example_dags/plugins/decreasing_priority_weight_strategy.py took 0.058 seconds
[2026-09-23T00:45:08.886+0000] {processor.py:186} INFO - Started process (PID=643) to work on /home/airflow/.local/lib/python3.12/site-packages/airflow/example_dags/plugins/decreasing_priority_weight_strategy.py
[2026-09-23T00:45:08.890+0000] {processor.py:914} INFO - Processing file /home/airflow/.local/lib/python3.12/site-packages/airflow/example_dags/plugins/decreasing_priority_weight_strategy.py for tasks to queue
[2026-09-23T00:45:08.895+0000] {logging_mixin.py:190} INFO - [2026-09-23T00:45:08.893+0000] {dagbag.py:588} INFO - Filling up the DagBag from /home/airflow/.local/lib/python3.12/site-packages/airflow/example_dags/plugins/decreasing_priority_weight_strategy.py
[2026-09-23T00:45:08.908+0000] {processor.py:927} WARNING - No viable dags retrieved from /home/airflow/.local/lib/python3.12/site-packages/airflow/example_dags/plugins/decreasing_priority_weight_strategy.py
[2026-09-23T00:45:08.929+0000] {processor.py:208} INFO - Processing /home/airflow/.local/lib/python3.12/site-packages/airflow/example_dags/plugins/decreasing_priority_weight_strategy.py took 0.057 seconds
[2026-09-23T00:45:39.364+0000] {processor.py:186} INFO - Started process (PID=716) to work on /home/airflow/.local/lib/python3.12/site-packages/airflow/example_dags/plugins/decreasing_priority_weight_strategy.py
[2026-09-23T00:45:39.365+0000] {processor.py:914} INFO - Processing file /home/airflow/.local/lib/python3.12/site-packages/airflow/example_dags/plugins/decreasing_priority_weight_strategy.py for tasks to queue
[2026-09-23T00:45:39.367+0000] {logging_mixin.py:190} INFO - [2026-09-23T00:45:39.366+0000] {dagbag.py:588} INFO - Filling up the DagBag from /home/airflow/.local/lib/python3.12/site-packages/airflow/example_dags/plugins/decreasing_priority_weight_strategy.py
[2026-09-23T00:45:39.378+0000] {processor.py:927} WARNING - No viable dags retrieved from /home/airflow/.local/lib/python3.12/site-packages/airflow/example_dags/plugins/decreasing_priority_weight_strategy.py
[2026-09-23T00:45:39.410+0000] {processor.py:208} INFO - Processing /home/airflow/.local/lib/python3.12/site-packages/airflow/example_dags/plugins/decreasing_priority_weight_strategy.py took 0.079 seconds
[2026-09-23T00:46:09.770+0000] {processor.py:186} INFO - Started process (PID=783) to work on /home/airflow/.local/lib/python3.12/site-packages/airflow/example_dags/plugins/decreasing_priority_weight_strategy.py
[2026-09-23T00:46:09.771+0000] {processor.py:914} INFO - Processing file /home/airflow/.local/lib/python3.12/site-packages/airflow/example_dags/plugins/decreasing_priority_weight_strategy.py for tasks to queue
[2026-09-23T00:46:09.773+0000] {logging_mixin.py:190} INFO - [2026-09-23T00:46:09.772+0000] {dagbag.py:588} INFO - Filling up the DagBag from /home/airflow/.local/lib/python3.12/site-packages/airflow/example_dags/plugins/decreasing_priority_weight_strategy.py
[2026-09-23T00:46:09.777+0000] {processor.py:927} WARNING - No viable dags retrieved from /home/airflow/.local/lib/python3.12/site-packages/airflow/example_dags/plugins/decreasing_priority_weight_strategy.py
[2026-09-23T00:46:09.799+0000] {processor.py:208} INFO - Processing /home/airflow/.local/lib/python3.12/site-packages/airflow/example_dags/plugins/decreasing_priority_weight_strategy.py took 0.038 seconds
[2026-09-23T00:46:40.883+0000] {processor.py:186} INFO - Started process (PID=857) to work on /home/airflow/.local/lib/python3.12/site-packages/airflow/example_dags/plugins/decreasing_priority_weight_strategy.py
[2026-09-23T00:46:40.885+0000] {processor.py:914} INFO - Processing file /home/airflow/.local/lib/python3.12/site-packages/airflow/example_dags/plugins/decreasing_priority_weight_strategy.py for tasks to queue
[2026-09-23T00:46:40.887+0000] {logging_mixin.py:190} INFO - [2026-09-23T00:46:40.886+0000] {dagbag.py:588} INFO - Filling up the DagBag from /home/airflow/.local/lib/python3.12/site-packages/airflow/example_dags/plugins/decreasing_priority_weight_strategy.py
[2026-09-23T00:46:40.891+0000] {processor.py:927} WARNING - No viable dags retrieved from /home/airflow/.local/lib/python3.12/site-packages/airflow/example_dags/plugins/decreasing_priority_weight_strategy.py
[2026-09-23T00:46:40.913+0000] {processor.py:208} INFO - Processing /home/airflow/.local/lib/python3.12/site-packages/airflow/example_dags/plugins/decreasing_priority_weight_strategy.py took 0.038 seconds
[2026-09-23T09:40:25.401+0000] {processor.py:186} INFO - Started process (PID=101) to work on /home/airflow/.local/lib/python3.12/site-packages/airflow/example_dags/plugins/decreasing_priority_weight_strategy.py
[2026-09-23T09:40:25.403+0000] {processor.py:914} INFO - Processing file /home/airflow/.local/lib/python3.12/site-packages/airflow/example_dags/plugins/decreasing_priority_weight_strategy.py for tasks to queue
[2026-09-23T09:40:25.405+0000] {logging_mixin.py:190} INFO - [2026-09-23T09:40:25.405+0000] {dagbag.py:588} INFO - Filling up the DagBag from /home/airflow/.local/lib/python3.12/site-packages/airflow/example_dags/plugins/decreasing_priority_weight_strategy.py
[2026-09-23T09:40:25.408+0000] {processor.py:927} WARNING - No viable dags retrieved from /home/airflow/.local/lib/python3.12/site-packages/airflow/example_dags/plugins/decreasing_priority_weight_strategy.py
[2026-09-23T09:40:25.421+0000] {processor.py:208} INFO - Processing /home/airflow/.local/lib/python3.12/site-packages/airflow/example_dags/plugins/decreasing_priority_weight_strategy.py took 0.028 seconds
[2026-09-23T09:40:58.052+0000] {processor.py:186} INFO - Started process (PID=174) to work on /home/airflow/.local/lib/python3.12/site-packages/airflow/example_dags/plugins/decreasing_priority_weight_strategy.py
[2026-09-23T09:40:58.053+0000] {processor.py:914} INFO - Processing file /home/airflow/.local/lib/python3.12/site-packages/airflow/example_dags/plugins/decreasing_priority_weight_strategy.py for tasks to queue
[2026-09-23T09:40:58.056+0000] {logging_mixin.py:190} INFO - [2026-09-23T09:40:58.056+0000] {dagbag.py:588} INFO - Filling up the DagBag from /home/airflow/.local/lib/python3.12/site-packages/airflow/example_dags/plugins/decreasing_priority_weight_strategy.py
[2026-09-23T09:40:58.059+0000] {processor.py:927} WARNING - No viable dags retrieved from /home/airflow/.local/lib/python3.12/site-packages/airflow/example_dags/plugins/decreasing_priority_weight_strategy.py
[2026-09-23T09:40:58.078+0000] {processor.py:208} INFO - Processing /home/airflow/.local/lib/python3.12/site-packages/airflow/example_dags/plugins/decreasing_priority_weight_strategy.py took 0.035 seconds
[2026-09-23T09:41:29.148+0000] {processor.py:186} INFO - Started process (PID=248) to work on /home/airflow/.local/lib/python3.12/site-packages/airflow/example_dags/plugins/decreasing_priority_weight_strategy.py
[2026-09-23T09:41:29.149+0000] {processor.py:914} INFO - Processing file /home/airflow/.local/lib/python3.12/site-packages/airflow/example_dags/plugins/decreasing_priority_weight_strategy.py for tasks to queue
[2026-09-23T09:41:29.152+0000] {logging_mixin.py:190} INFO - [2026-09-23T09:41:29.151+0000] {dagbag.py:588} INFO - Filling up the DagBag from /home/airflow/.local/lib/python3.12/site-packages/airflow/example_dags/plugins/decreasing_priority_weight_strategy.py
[2026-09-23T09:41:29.154+0000] {processor.py:927} WARNING - No viable dags retrieved from /home/airflow/.local/lib/python3.12/site-packages/airflow/example_dags/plugins/decreasing_priority_weight_strategy.py
[2026-09-23T09:41:29.169+0000] {processor.py:208} INFO - Processing /home/airflow/.local/lib/python3.12/site-packages/airflow/example_dags/plugins/decreasing_priority_weight_strategy.py took 0.028 seconds
[2026-09-23T09:42:00.301+0000] {processor.py:186} INFO - Started process (PID=323) to work on /home/airflow/.local/lib/python3.12/site-packages/airflow/example_dags/plugins/decreasing_priority_weight_strategy.py
[2026-09-23T09:42:00.302+0000] {processor.py:914} INFO - Processing file /home/airflow/.local/lib/python3.12/site-packages/airflow/example_dags/plugins/decreasing_priority_weight_strategy.py for tasks to queue
[2026-09-23T09:42:00.305+0000] {logging_mixin.py:190} INFO - [2026-09-23T09:42:00.305+0000] {dagbag.py:588} INFO - Filling up the DagBag from /home/airflow/.local/lib/python3.12/site-packages/airflow/example_dags/plugins/decreasing_priority_weight_strategy.py
[2026-09-23T09:42:00.308+0000] {processor.py:927} WARNING - No viable dags retrieved from /home/airflow/.local/lib/python3.12/site-packages/airflow/example_dags/plugins/decreasing_priority_weight_strategy.py
[2026-09-23T09:42:00.323+0000] {processor.py:208} INFO - Processing /home/airflow/.local/lib/python3.12/site-packages/airflow/example_dags/plugins/decreasing_priority_weight_strategy.py took 0.029 seconds
[2026-09-23T09:42:31.537+0000] {processor.py:186} INFO - Started process (PID=398) to work on /home/airflow/.local/lib/python3.12/site-packages/airflow/example_dags/plugins/decreasing_priority_weight_strategy.py
[2026-09-23T09:42:31.538+0000] {processor.py:914} INFO - Processing file /home/airflow/.local/lib/python3.12/site-packages/airflow/example_dags/plugins/decreasing_priority_weight_strategy.py for tasks to queue
[2026-09-23T09:42:31.540+0000] {logging_mixin.py:190} INFO - [2026-09-23T09:42:31.540+0000] {dagbag.py:588} INFO - Filling up the DagBag from /home/airflow/.local/lib/python3.12/site-packages/airflow/example_dags/plugins/decreasing_priority_weight_strategy.py
[2026-09-23T09:42:31.543+0000] {processor.py:927} WARNING - No viable dags retrieved from /home/airflow/.local/lib/python3.12/site-packages/airflow/example_dags/plugins/decreasing_priority_weight_strategy.py
[2026-09-23T09:42:31.558+0000] {processor.py:208} INFO - Processing /home/airflow/.local/lib/python3.12/site-packages/airflow/example_dags/plugins/decreasing_priority_weight_strategy.py took 0.029 seconds
[2026-09-23T09:43:02.958+0000] {processor.py:186} INFO - Started process (PID=473) to work on /home/airflow/.local/lib/python3.12/site-packages/airflow/example_dags/plugins/decreasing_priority_weight_strategy.py
[2026-09-23T09:43:02.959+0000] {processor.py:914} INFO - Processing file /home/airflow/.local/lib/python3.12/site-packages/airflow/example_dags/plugins/decreasing_priority_weight_strategy.py for tasks to queue
[2026-09-23T09:43:02.962+0000] {logging_mixin.py:190} INFO - [2026-09-23T09:43:02.961+0000] {dagbag.py:588} INFO - Filling up the DagBag from /home/airflow/.local/lib/python3.12/site-packages/airflow/example_dags/plugins/decreasing_priority_weight_strategy.py
[2026-09-23T09:43:02.964+0000] {processor.py:927} WARNING - No viable dags retrieved from /home/airflow/.local/lib/python3.12/site-packages/airflow/example_dags/plugins/decreasing_priority_weight_strategy.py
[2026-09-23T09:43:02.982+0000] {processor.py:208} INFO - Processing /home/airflow/.local/lib/python3.12/site-packages/airflow/example_dags/plugins/decreasing_priority_weight_strategy.py took 0.035 seconds
[2026-09-23T09:43:34.430+0000] {processor.py:186} INFO - Started process (PID=548) to work on /home/airflow/.local/lib/python3.12/site-packages/airflow/example_dags/plugins/decreasing_priority_weight_strategy.py
[2026-09-23T09:43:34.432+0000] {processor.py:914} INFO - Processing file /home/airflow/.local/lib/python3.12/site-packages/airflow/example_dags/plugins/decreasing_priority_weight_strategy.py for tasks to queue
[2026-09-23T09:43:34.434+0000] {logging_mixin.py:190} INFO - [2026-09-23T09:43:34.434+0000] {dagbag.py:588} INFO - Filling up the DagBag from /home/airflow/.local/lib/python3.12/site-packages/airflow/example_dags/plugins/decreasing_priority_weight_strategy.py
[2026-09-23T09:43:34.437+0000] {processor.py:927} WARNING - No viable dags retrieved from /home/airflow/.local/lib/python3.12/site-packages/airflow/example_dags/plugins/decreasing_priority_weight_strategy.py
[2026-09-23T09:43:34.453+0000] {processor.py:208} INFO - Processing /home/airflow/.local/lib/python3.12/site-packages/airflow/example_dags/plugins/decreasing_priority_weight_strategy.py took 0.031 seconds
[2026-09-23T09:44:05.687+0000] {processor.py:186} INFO - Started process (PID=622) to work on /home/airflow/.local/lib/python3.12/site-packages/airflow/example_dags/plugins/decreasing_priority_weight_strategy.py
[2026-09-23T09:44:05.688+0000] {processor.py:914} INFO - Processing file /home/airflow/.local/lib/python3.12/site-packages/airflow/example_dags/plugins/decreasing_priority_weight_strategy.py for tasks to queue
[2026-09-23T09:44:05.695+0000] {logging_mixin.py:190} INFO - [2026-09-23T09:44:05.694+0000] {dagbag.py:588} INFO - Filling up the DagBag from /home/airflow/.local/lib/python3.12/site-packages/airflow/example_dags/plugins/decreasing_priority_weight_strategy.py
[2026-09-23T09:44:05.698+0000] {processor.py:927} WARNING - No viable dags retrieved from /home/airflow/.local/lib/python3.12/site-packages/airflow/example_dags/plugins/decreasing_priority_weight_strategy.py
[2026-09-23T09:44:05.718+0000] {processor.py:208} INFO - Processing /home/airflow/.local/lib/python3.12/site-packages/airflow/example_dags/plugins/decreasing_priority_weight_strategy.py took 0.039 seconds
[2026-09-23T09:44:37.728+0000] {processor.py:186} INFO - Started process (PID=703) to work on /home/airflow/.local/lib/python3.12/site-packages/airflow/example_dags/plugins/decreasing_priority_weight_strategy.py
[2026-09-23T09:44:37.731+0000] {processor.py:914} INFO - Processing file /home/airflow/.local/lib/python3.12/site-packages/airflow/example_dags/plugins/decreasing_priority_weight_strategy.py for tasks to queue
[2026-09-23T09:44:37.737+0000] {logging_mixin.py:190} INFO - [2026-09-23T09:44:37.736+0000] {dagbag.py:588} INFO - Filling up the DagBag from /home/airflow/.local/lib/python3.12/site-packages/airflow/example_dags/plugins/decreasing_priority_weight_strategy.py
[2026-09-23T09:44:37.745+0000] {processor.py:927} WARNING - No viable dags retrieved from /home/airflow/.local/lib/python3.12/site-packages/airflow/example_dags/plugins/decreasing_priority_weight_strategy.py
[2026-09-23T09:44:37.768+0000] {processor.py:208} INFO - Processing /home/airflow/.local/lib/python3.12/site-packages/airflow/example_dags/plugins/decreasing_priority_weight_strategy.py took 0.068 seconds
[2026-09-23T09:45:09.049+0000] {processor.py:186} INFO - Started process (PID=777) to work on /home/airflow/.local/lib/python3.12/site-packages/airflow/example_dags/plugins/decreasing_priority_weight_strategy.py
[2026-09-23T09:45:09.050+0000] {processor.py:914} INFO - Processing file /home/airflow/.local/lib/python3.12/site-packages/airflow/example_dags/plugins/decreasing_priority_weight_strategy.py for tasks to queue
[2026-09-23T09:45:09.052+0000] {logging_mixin.py:190} INFO - [2026-09-23T09:45:09.052+0000] {dagbag.py:588} INFO - Filling up the DagBag from /home/airflow/.local/lib/python3.12/site-packages/airflow/example_dags/plugins/decreasing_priority_weight_strategy.py
[2026-09-23T09:45:09.055+0000] {processor.py:927} WARNING - No viable dags retrieved from /home/airflow/.local/lib/python3.12/site-packages/airflow/example_dags/plugins/decreasing_priority_weight_strategy.py
[2026-09-23T09:45:09.068+0000] {processor.py:208} INFO - Processing /home/airflow/.local/lib/python3.12/site-packages/airflow/example_dags/plugins/decreasing_priority_weight_strategy.py took 0.027 seconds
[2026-09-23T09:45:40.540+0000] {processor.py:186} INFO - Started process (PID=852) to work on /home/airflow/.local/lib/python3.12/site-packages/airflow/example_dags/plugins/decreasing_priority_weight_strategy.py
[2026-09-23T09:45:40.541+0000] {processor.py:914} INFO - Processing file /home/airflow/.local/lib/python3.12/site-packages/airflow/example_dags/plugins/decreasing_priority_weight_strategy.py for tasks to queue
[2026-09-23T09:45:40.545+0000] {logging_mixin.py:190} INFO - [2026-09-23T09:45:40.545+0000] {dagbag.py:588} INFO - Filling up the DagBag from /home/airflow/.local/lib/python3.12/site-packages/airflow/example_dags/plugins/decreasing_priority_weight_strategy.py
[2026-09-23T09:45:40.548+0000] {processor.py:927} WARNING - No viable dags retrieved from /home/airflow/.local/lib/python3.12/site-packages/airflow/example_dags/plugins/decreasing_priority_weight_strategy.py
[2026-09-23T09:45:40.568+0000] {processor.py:208} INFO - Processing /home/airflow/.local/lib/python3.12/site-packages/airflow/example_dags/plugins/decreasing_priority_weight_strategy.py took 0.037 seconds
[2026-09-23T09:46:11.821+0000] {processor.py:186} INFO - Started process (PID=926) to work on /home/airflow/.local/lib/python3.12/site-packages/airflow/example_dags/plugins/decreasing_priority_weight_strategy.py
[2026-09-23T09:46:11.823+0000] {processor.py:914} INFO - Processing file /home/airflow/.local/lib/python3.12/site-packages/airflow/example_dags/plugins/decreasing_priority_weight_strategy.py for tasks to queue
[2026-09-23T09:46:11.826+0000] {logging_mixin.py:190} INFO - [2026-09-23T09:46:11.826+0000] {dagbag.py:588} INFO - Filling up the DagBag from /home/airflow/.local/lib/python3.12/site-packages/airflow/example_dags/plugins/decreasing_priority_weight_strategy.py
[2026-09-23T09:46:11.829+0000] {processor.py:927} WARNING - No viable dags retrieved from /home/airflow/.local/lib/python3.12/site-packages/airflow/example_dags/plugins/decreasing_priority_weight_strategy.py
[2026-09-23T09:46:11.846+0000] {processor.py:208} INFO - Processing /home/airflow/.local/lib/python3.12/site-packages/airflow/example_dags/plugins/decreasing_priority_weight_strategy.py took 0.032 seconds
[2026-09-23T09:46:42.064+0000] {processor.py:186} INFO - Started process (PID=1000) to work on /home/airflow/.local/lib/python3.12/site-packages/airflow/example_dags/plugins/decreasing_priority_weight_strategy.py
[2026-09-23T09:46:42.065+0000] {processor.py:914} INFO - Processing file /home/airflow/.local/lib/python3.12/site-packages/airflow/example_dags/plugins/decreasing_priority_weight_strategy.py for tasks to queue
[2026-09-23T09:46:42.067+0000] {logging_mixin.py:190} INFO - [2026-09-23T09:46:42.067+0000] {dagbag.py:588} INFO - Filling up the DagBag from /home/airflow/.local/lib/python3.12/site-packages/airflow/example_dags/plugins/decreasing_priority_weight_strategy.py
[2026-09-23T09:46:42.070+0000] {processor.py:927} WARNING - No viable dags retrieved from /home/airflow/.local/lib/python3.12/site-packages/airflow/example_dags/plugins/decreasing_priority_weight_strategy.py
[2026-09-23T09:46:42.084+0000] {processor.py:208} INFO - Processing /home/airflow/.local/lib/python3.12/site-packages/airflow/example_dags/plugins/decreasing_priority_weight_strategy.py took 0.027 seconds
[2026-09-23T09:47:13.128+0000] {processor.py:186} INFO - Started process (PID=1074) to work on /home/airflow/.local/lib/python3.12/site-packages/airflow/example_dags/plugins/decreasing_priority_weight_strategy.py
[2026-09-23T09:47:13.130+0000] {processor.py:914} INFO - Processing file /home/airflow/.local/lib/python3.12/site-packages/airflow/example_dags/plugins/decreasing_priority_weight_strategy.py for tasks to queue
[2026-09-23T09:47:13.133+0000] {logging_mixin.py:190} INFO - [2026-09-23T09:47:13.132+0000] {dagbag.py:588} INFO - Filling up the DagBag from /home/airflow/.local/lib/python3.12/site-packages/airflow/example_dags/plugins/decreasing_priority_weight_strategy.py
[2026-09-23T09:47:13.135+0000] {processor.py:927} WARNING - No viable dags retrieved from /home/airflow/.local/lib/python3.12/site-packages/airflow/example_dags/plugins/decreasing_priority_weight_strategy.py
[2026-09-23T09:47:13.150+0000] {processor.py:208} INFO - Processing /home/airflow/.local/lib/python3.12/site-packages/airflow/example_dags/plugins/decreasing_priority_weight_strategy.py took 0.031 seconds
[2026-09-23T09:47:43.337+0000] {processor.py:186} INFO - Started process (PID=1147) to work on /home/airflow/.local/lib/python3.12/site-packages/airflow/example_dags/plugins/decreasing_priority_weight_strategy.py
[2026-09-23T09:47:43.338+0000] {processor.py:914} INFO - Processing file /home/airflow/.local/lib/python3.12/site-packages/airflow/example_dags/plugins/decreasing_priority_weight_strategy.py for tasks to queue
[2026-09-23T09:47:43.340+0000] {logging_mixin.py:190} INFO - [2026-09-23T09:47:43.340+0000] {dagbag.py:588} INFO - Filling up the DagBag from /home/airflow/.local/lib/python3.12/site-packages/airflow/example_dags/plugins/decreasing_priority_weight_strategy.py
[2026-09-23T09:47:43.343+0000] {processor.py:927} WARNING - No viable dags retrieved from /home/airflow/.local/lib/python3.12/site-packages/airflow/example_dags/plugins/decreasing_priority_weight_strategy.py
[2026-09-23T09:47:43.360+0000] {processor.py:208} INFO - Processing /home/airflow/.local/lib/python3.12/site-packages/airflow/example_dags/plugins/decreasing_priority_weight_strategy.py took 0.031 seconds
[2026-09-23T09:48:13.930+0000] {processor.py:186} INFO - Started process (PID=1219) to work on /home/airflow/.local/lib/python3.12/site-packages/airflow/example_dags/plugins/decreasing_priority_weight_strategy.py
[2026-09-23T09:48:13.932+0000] {processor.py:914} INFO - Processing file /home/airflow/.local/lib/python3.12/site-packages/airflow/example_dags/plugins/decreasing_priority_weight_strategy.py for tasks to queue
[2026-09-23T09:48:13.935+0000] {logging_mixin.py:190} INFO - [2026-09-23T09:48:13.934+0000] {dagbag.py:588} INFO - Filling up the DagBag from /home/airflow/.local/lib/python3.12/site-packages/airflow/example_dags/plugins/decreasing_priority_weight_strategy.py
[2026-09-23T09:48:13.937+0000] {processor.py:927} WARNING - No viable dags retrieved from /home/airflow/.local/lib/python3.12/site-packages/airflow/example_dags/plugins/decreasing_priority_weight_strategy.py
[2026-09-23T09:48:13.958+0000] {processor.py:208} INFO - Processing /home/airflow/.local/lib/python3.12/site-packages/airflow/example_dags/plugins/decreasing_priority_weight_strategy.py took 0.036 seconds
[2026-09-23T09:48:44.061+0000] {processor.py:186} INFO - Started process (PID=1293) to work on /home/airflow/.local/lib/python3.12/site-packages/airflow/example_dags/plugins/decreasing_priority_weight_strategy.py
[2026-09-23T09:48:44.062+0000] {processor.py:914} INFO - Processing file /home/airflow/.local/lib/python3.12/site-packages/airflow/example_dags/plugins/decreasing_priority_weight_strategy.py for tasks to queue
[2026-09-23T09:48:44.064+0000] {logging_mixin.py:190} INFO - [2026-09-23T09:48:44.064+0000] {dagbag.py:588} INFO - Filling up the DagBag from /home/airflow/.local/lib/python3.12/site-packages/airflow/example_dags/plugins/decreasing_priority_weight_strategy.py
[2026-09-23T09:48:44.067+0000] {processor.py:927} WARNING - No viable dags retrieved from /home/airflow/.local/lib/python3.12/site-packages/airflow/example_dags/plugins/decreasing_priority_weight_strategy.py
[2026-09-23T09:48:44.083+0000] {processor.py:208} INFO - Processing /home/airflow/.local/lib/python3.12/site-packages/airflow/example_dags/plugins/decreasing_priority_weight_strategy.py took 0.030 seconds
[2026-09-23T09:49:14.518+0000] {processor.py:186} INFO - Started process (PID=1367) to work on /home/airflow/.local/lib/python3.12/site-packages/airflow/example_dags/plugins/decreasing_priority_weight_strategy.py
[2026-09-23T09:49:14.520+0000] {processor.py:914} INFO - Processing file /home/airflow/.local/lib/python3.12/site-packages/airflow/example_dags/plugins/decreasing_priority_weight_strategy.py for tasks to queue
[2026-09-23T09:49:14.522+0000] {logging_mixin.py:190} INFO - [2026-09-23T09:49:14.522+0000] {dagbag.py:588} INFO - Filling up the DagBag from /home/airflow/.local/lib/python3.12/site-packages/airflow/example_dags/plugins/decreasing_priority_weight_strategy.py
[2026-09-23T09:49:14.525+0000] {processor.py:927} WARNING - No viable dags retrieved from /home/airflow/.local/lib/python3.12/site-packages/airflow/example_dags/plugins/decreasing_priority_weight_strategy.py
[2026-09-23T09:49:14.540+0000] {processor.py:208} INFO - Processing /home/airflow/.local/lib/python3.12/site-packages/airflow/example_dags/plugins/decreasing_priority_weight_strategy.py took 0.030 seconds
[2026-09-23T09:49:44.673+0000] {processor.py:186} INFO - Started process (PID=1441) to work on /home/airflow/.local/lib/python3.12/site-packages/airflow/example_dags/plugins/decreasing_priority_weight_strategy.py
[2026-09-23T09:49:44.674+0000] {processor.py:914} INFO - Processing file /home/airflow/.local/lib/python3.12/site-packages/airflow/example_dags/plugins/decreasing_priority_weight_strategy.py for tasks to queue
[2026-09-23T09:49:44.677+0000] {logging_mixin.py:190} INFO - [2026-09-23T09:49:44.676+0000] {dagbag.py:588} INFO - Filling up the DagBag from /home/airflow/.local/lib/python3.12/site-packages/airflow/example_dags/plugins/decreasing_priority_weight_strategy.py
[2026-09-23T09:49:44.680+0000] {processor.py:927} WARNING - No viable dags retrieved from /home/airflow/.local/lib/python3.12/site-packages/airflow/example_dags/plugins/decreasing_priority_weight_strategy.py
[2026-09-23T09:49:44.698+0000] {processor.py:208} INFO - Processing /home/airflow/.local/lib/python3.12/site-packages/airflow/example_dags/plugins/decreasing_priority_weight_strategy.py took 0.033 seconds
[2026-09-23T09:50:14.738+0000] {processor.py:186} INFO - Started process (PID=1514) to work on /home/airflow/.local/lib/python3.12/site-packages/airflow/example_dags/plugins/decreasing_priority_weight_strategy.py
[2026-09-23T09:50:14.740+0000] {processor.py:914} INFO - Processing file /home/airflow/.local/lib/python3.12/site-packages/airflow/example_dags/plugins/decreasing_priority_weight_strategy.py for tasks to queue
[2026-09-23T09:50:14.743+0000] {logging_mixin.py:190} INFO - [2026-09-23T09:50:14.742+0000] {dagbag.py:588} INFO - Filling up the DagBag from /home/airflow/.local/lib/python3.12/site-packages/airflow/example_dags/plugins/decreasing_priority_weight_strategy.py
[2026-09-23T09:50:14.746+0000] {processor.py:927} WARNING - No viable dags retrieved from /home/airflow/.local/lib/python3.12/site-packages/airflow/example_dags/plugins/decreasing_priority_weight_strategy.py
[2026-09-23T09:50:14.762+0000] {processor.py:208} INFO - Processing /home/airflow/.local/lib/python3.12/site-packages/airflow/example_dags/plugins/decreasing_priority_weight_strategy.py took 0.034 seconds
[2026-09-23T09:50:45.509+0000] {processor.py:186} INFO - Started process (PID=1588) to work on /home/airflow/.local/lib/python3.12/site-packages/airflow/example_dags/plugins/decreasing_priority_weight_strategy.py
[2026-09-23T09:50:45.510+0000] {processor.py:914} INFO - Processing file /home/airflow/.local/lib/python3.12/site-packages/airflow/example_dags/plugins/decreasing_priority_weight_strategy.py for tasks to queue
[2026-09-23T09:50:45.513+0000] {logging_mixin.py:190} INFO - [2026-09-23T09:50:45.513+0000] {dagbag.py:588} INFO - Filling up the DagBag from /home/airflow/.local/lib/python3.12/site-packages/airflow/example_dags/plugins/decreasing_priority_weight_strategy.py
[2026-09-23T09:50:45.516+0000] {processor.py:927} WARNING - No viable dags retrieved from /home/airflow/.local/lib/python3.12/site-packages/airflow/example_dags/plugins/decreasing_priority_weight_strategy.py
[2026-09-23T09:50:45.534+0000] {processor.py:208} INFO - Processing /home/airflow/.local/lib/python3.12/site-packages/airflow/example_dags/plugins/decreasing_priority_weight_strategy.py took 0.033 seconds
[2026-09-23T09:51:15.945+0000] {processor.py:186} INFO - Started process (PID=1663) to work on /home/airflow/.local/lib/python3.12/site-packages/airflow/example_dags/plugins/decreasing_priority_weight_strategy.py
[2026-09-23T09:51:15.946+0000] {processor.py:914} INFO - Processing file /home/airflow/.local/lib/python3.12/site-packages/airflow/example_dags/plugins/decreasing_priority_weight_strategy.py for tasks to queue
[2026-09-23T09:51:15.951+0000] {logging_mixin.py:190} INFO - [2026-09-23T09:51:15.951+0000] {dagbag.py:588} INFO - Filling up the DagBag from /home/airflow/.local/lib/python3.12/site-packages/airflow/example_dags/plugins/decreasing_priority_weight_strategy.py
[2026-09-23T09:51:15.954+0000] {processor.py:927} WARNING - No viable dags retrieved from /home/airflow/.local/lib/python3.12/site-packages/airflow/example_dags/plugins/decreasing_priority_weight_strategy.py
[2026-09-23T09:51:15.971+0000] {processor.py:208} INFO - Processing /home/airflow/.local/lib/python3.12/site-packages/airflow/example_dags/plugins/decreasing_priority_weight_strategy.py took 0.036 seconds
[2026-09-23T09:51:46.319+0000] {processor.py:186} INFO - Started process (PID=1737) to work on /home/airflow/.local/lib/python3.12/site-packages/airflow/example_dags/plugins/decreasing_priority_weight_strategy.py
[2026-09-23T09:51:46.320+0000] {processor.py:914} INFO - Processing file /home/airflow/.local/lib/python3.12/site-packages/airflow/example_dags/plugins/decreasing_priority_weight_strategy.py for tasks to queue
[2026-09-23T09:51:46.323+0000] {logging_mixin.py:190} INFO - [2026-09-23T09:51:46.323+0000] {dagbag.py:588} INFO - Filling up the DagBag from /home/airflow/.local/lib/python3.12/site-packages/airflow/example_dags/plugins/decreasing_priority_weight_strategy.py
[2026-09-23T09:51:46.326+0000] {processor.py:927} WARNING - No viable dags retrieved from /home/airflow/.local/lib/python3.12/site-packages/airflow/example_dags/plugins/decreasing_priority_weight_strategy.py
[2026-09-23T09:51:46.341+0000] {processor.py:208} INFO - Processing /home/airflow/.local/lib/python3.12/site-packages/airflow/example_dags/plugins/decreasing_priority_weight_strategy.py took 0.030 seconds
[2026-09-23T09:52:16.799+0000] {processor.py:186} INFO - Started process (PID=1811) to work on /home/airflow/.local/lib/python3.12/site-packages/airflow/example_dags/plugins/decreasing_priority_weight_strategy.py
[2026-09-23T09:52:16.800+0000] {processor.py:914} INFO - Processing file /home/airflow/.local/lib/python3.12/site-packages/airflow/example_dags/plugins/decreasing_priority_weight_strategy.py for tasks to queue
[2026-09-23T09:52:16.803+0000] {logging_mixin.py:190} INFO - [2026-09-23T09:52:16.803+0000] {dagbag.py:588} INFO - Filling up the DagBag from /home/airflow/.local/lib/python3.12/site-packages/airflow/example_dags/plugins/decreasing_priority_weight_strategy.py
[2026-09-23T09:52:16.806+0000] {processor.py:927} WARNING - No viable dags retrieved from /home/airflow/.local/lib/python3.12/site-packages/airflow/example_dags/plugins/decreasing_priority_weight_strategy.py
[2026-09-23T09:52:16.820+0000] {processor.py:208} INFO - Processing /home/airflow/.local/lib/python3.12/site-packages/airflow/example_dags/plugins/decreasing_priority_weight_strategy.py took 0.030 seconds
[2026-09-23T09:52:47.395+0000] {processor.py:186} INFO - Started process (PID=1884) to work on /home/airflow/.local/lib/python3.12/site-packages/airflow/example_dags/plugins/decreasing_priority_weight_strategy.py
[2026-09-23T09:52:47.396+0000] {processor.py:914} INFO - Processing file /home/airflow/.local/lib/python3.12/site-packages/airflow/example_dags/plugins/decreasing_priority_weight_strategy.py for tasks to queue
[2026-09-23T09:52:47.399+0000] {logging_mixin.py:190} INFO - [2026-09-23T09:52:47.398+0000] {dagbag.py:588} INFO - Filling up the DagBag from /home/airflow/.local/lib/python3.12/site-packages/airflow/example_dags/plugins/decreasing_priority_weight_strategy.py
[2026-09-23T09:52:47.402+0000] {processor.py:927} WARNING - No viable dags retrieved from /home/airflow/.local/lib/python3.12/site-packages/airflow/example_dags/plugins/decreasing_priority_weight_strategy.py
[2026-09-23T09:52:47.417+0000] {processor.py:208} INFO - Processing /home/airflow/.local/lib/python3.12/site-packages/airflow/example_dags/plugins/decreasing_priority_weight_strategy.py took 0.031 seconds
[2026-09-23T09:53:18.258+0000] {processor.py:186} INFO - Started process (PID=1958) to work on /home/airflow/.local/lib/python3.12/site-packages/airflow/example_dags/plugins/decreasing_priority_weight_strategy.py
[2026-09-23T09:53:18.259+0000] {processor.py:914} INFO - Processing file /home/airflow/.local/lib/python3.12/site-packages/airflow/example_dags/plugins/decreasing_priority_weight_strategy.py for tasks to queue
[2026-09-23T09:53:18.262+0000] {logging_mixin.py:190} INFO - [2026-09-23T09:53:18.261+0000] {dagbag.py:588} INFO - Filling up the DagBag from /home/airflow/.local/lib/python3.12/site-packages/airflow/example_dags/plugins/decreasing_priority_weight_strategy.py
[2026-09-23T09:53:18.265+0000] {processor.py:927} WARNING - No viable dags retrieved from /home/airflow/.local/lib/python3.12/site-packages/airflow/example_dags/plugins/decreasing_priority_weight_strategy.py
[2026-09-23T09:53:18.278+0000] {processor.py:208} INFO - Processing /home/airflow/.local/lib/python3.12/site-packages/airflow/example_dags/plugins/decreasing_priority_weight_strategy.py took 0.029 seconds
[2026-09-23T09:53:48.839+0000] {processor.py:186} INFO - Started process (PID=2033) to work on /home/airflow/.local/lib/python3.12/site-packages/airflow/example_dags/plugins/decreasing_priority_weight_strategy.py
[2026-09-23T09:53:48.840+0000] {processor.py:914} INFO - Processing file /home/airflow/.local/lib/python3.12/site-packages/airflow/example_dags/plugins/decreasing_priority_weight_strategy.py for tasks to queue
[2026-09-23T09:53:48.843+0000] {logging_mixin.py:190} INFO - [2026-09-23T09:53:48.842+0000] {dagbag.py:588} INFO - Filling up the DagBag from /home/airflow/.local/lib/python3.12/site-packages/airflow/example_dags/plugins/decreasing_priority_weight_strategy.py
[2026-09-23T09:53:48.845+0000] {processor.py:927} WARNING - No viable dags retrieved from /home/airflow/.local/lib/python3.12/site-packages/airflow/example_dags/plugins/decreasing_priority_weight_strategy.py
[2026-09-23T09:53:48.860+0000] {processor.py:208} INFO - Processing /home/airflow/.local/lib/python3.12/site-packages/airflow/example_dags/plugins/decreasing_priority_weight_strategy.py took 0.029 seconds
[2026-09-23T09:54:19.792+0000] {processor.py:186} INFO - Started process (PID=2107) to work on /home/airflow/.local/lib/python3.12/site-packages/airflow/example_dags/plugins/decreasing_priority_weight_strategy.py
[2026-09-23T09:54:19.794+0000] {processor.py:914} INFO - Processing file /home/airflow/.local/lib/python3.12/site-packages/airflow/example_dags/plugins/decreasing_priority_weight_strategy.py for tasks to queue
[2026-09-23T09:54:19.796+0000] {logging_mixin.py:190} INFO - [2026-09-23T09:54:19.796+0000] {dagbag.py:588} INFO - Filling up the DagBag from /home/airflow/.local/lib/python3.12/site-packages/airflow/example_dags/plugins/decreasing_priority_weight_strategy.py
[2026-09-23T09:54:19.799+0000] {processor.py:927} WARNING - No viable dags retrieved from /home/airflow/.local/lib/python3.12/site-packages/airflow/example_dags/plugins/decreasing_priority_weight_strategy.py
[2026-09-23T09:54:19.812+0000] {processor.py:208} INFO - Processing /home/airflow/.local/lib/python3.12/site-packages/airflow/example_dags/plugins/decreasing_priority_weight_strategy.py took 0.029 seconds
[2026-09-23T09:54:50.135+0000] {processor.py:186} INFO - Started process (PID=2181) to work on /home/airflow/.local/lib/python3.12/site-packages/airflow/example_dags/plugins/decreasing_priority_weight_strategy.py
[2026-09-23T09:54:50.136+0000] {processor.py:914} INFO - Processing file /home/airflow/.local/lib/python3.12/site-packages/airflow/example_dags/plugins/decreasing_priority_weight_strategy.py for tasks to queue
[2026-09-23T09:54:50.139+0000] {logging_mixin.py:190} INFO - [2026-09-23T09:54:50.138+0000] {dagbag.py:588} INFO - Filling up the DagBag from /home/airflow/.local/lib/python3.12/site-packages/airflow/example_dags/plugins/decreasing_priority_weight_strategy.py
[2026-09-23T09:54:50.141+0000] {processor.py:927} WARNING - No viable dags retrieved from /home/airflow/.local/lib/python3.12/site-packages/airflow/example_dags/plugins/decreasing_priority_weight_strategy.py
[2026-09-23T09:54:50.154+0000] {processor.py:208} INFO - Processing /home/airflow/.local/lib/python3.12/site-packages/airflow/example_dags/plugins/decreasing_priority_weight_strategy.py took 0.028 seconds
[2026-09-23T09:55:20.636+0000] {processor.py:186} INFO - Started process (PID=2255) to work on /home/airflow/.local/lib/python3.12/site-packages/airflow/example_dags/plugins/decreasing_priority_weight_strategy.py
[2026-09-23T09:55:20.637+0000] {processor.py:914} INFO - Processing file /home/airflow/.local/lib/python3.12/site-packages/airflow/example_dags/plugins/decreasing_priority_weight_strategy.py for tasks to queue
[2026-09-23T09:55:20.639+0000] {logging_mixin.py:190} INFO - [2026-09-23T09:55:20.639+0000] {dagbag.py:588} INFO - Filling up the DagBag from /home/airflow/.local/lib/python3.12/site-packages/airflow/example_dags/plugins/decreasing_priority_weight_strategy.py
[2026-09-23T09:55:20.641+0000] {processor.py:927} WARNING - No viable dags retrieved from /home/airflow/.local/lib/python3.12/site-packages/airflow/example_dags/plugins/decreasing_priority_weight_strategy.py
[2026-09-23T09:55:20.653+0000] {processor.py:208} INFO - Processing /home/airflow/.local/lib/python3.12/site-packages/airflow/example_dags/plugins/decreasing_priority_weight_strategy.py took 0.025 seconds
[2026-09-23T09:55:51.146+0000] {processor.py:186} INFO - Started process (PID=2329) to work on /home/airflow/.local/lib/python3.12/site-packages/airflow/example_dags/plugins/decreasing_priority_weight_strategy.py
[2026-09-23T09:55:51.147+0000] {processor.py:914} INFO - Processing file /home/airflow/.local/lib/python3.12/site-packages/airflow/example_dags/plugins/decreasing_priority_weight_strategy.py for tasks to queue
[2026-09-23T09:55:51.150+0000] {logging_mixin.py:190} INFO - [2026-09-23T09:55:51.150+0000] {dagbag.py:588} INFO - Filling up the DagBag from /home/airflow/.local/lib/python3.12/site-packages/airflow/example_dags/plugins/decreasing_priority_weight_strategy.py
[2026-09-23T09:55:51.153+0000] {processor.py:927} WARNING - No viable dags retrieved from /home/airflow/.local/lib/python3.12/site-packages/airflow/example_dags/plugins/decreasing_priority_weight_strategy.py
[2026-09-23T09:55:51.165+0000] {processor.py:208} INFO - Processing /home/airflow/.local/lib/python3.12/site-packages/airflow/example_dags/plugins/decreasing_priority_weight_strategy.py took 0.026 seconds
[2026-09-23T09:56:21.984+0000] {processor.py:186} INFO - Started process (PID=2403) to work on /home/airflow/.local/lib/python3.12/site-packages/airflow/example_dags/plugins/decreasing_priority_weight_strategy.py
[2026-09-23T09:56:21.985+0000] {processor.py:914} INFO - Processing file /home/airflow/.local/lib/python3.12/site-packages/airflow/example_dags/plugins/decreasing_priority_weight_strategy.py for tasks to queue
[2026-09-23T09:56:21.988+0000] {logging_mixin.py:190} INFO - [2026-09-23T09:56:21.987+0000] {dagbag.py:588} INFO - Filling up the DagBag from /home/airflow/.local/lib/python3.12/site-packages/airflow/example_dags/plugins/decreasing_priority_weight_strategy.py
[2026-09-23T09:56:21.990+0000] {processor.py:927} WARNING - No viable dags retrieved from /home/airflow/.local/lib/python3.12/site-packages/airflow/example_dags/plugins/decreasing_priority_weight_strategy.py
[2026-09-23T09:56:22.002+0000] {processor.py:208} INFO - Processing /home/airflow/.local/lib/python3.12/site-packages/airflow/example_dags/plugins/decreasing_priority_weight_strategy.py took 0.026 seconds
[2026-09-23T09:56:52.782+0000] {processor.py:186} INFO - Started process (PID=2477) to work on /home/airflow/.local/lib/python3.12/site-packages/airflow/example_dags/plugins/decreasing_priority_weight_strategy.py
[2026-09-23T09:56:52.783+0000] {processor.py:914} INFO - Processing file /home/airflow/.local/lib/python3.12/site-packages/airflow/example_dags/plugins/decreasing_priority_weight_strategy.py for tasks to queue
[2026-09-23T09:56:52.785+0000] {logging_mixin.py:190} INFO - [2026-09-23T09:56:52.785+0000] {dagbag.py:588} INFO - Filling up the DagBag from /home/airflow/.local/lib/python3.12/site-packages/airflow/example_dags/plugins/decreasing_priority_weight_strategy.py
[2026-09-23T09:56:52.788+0000] {processor.py:927} WARNING - No viable dags retrieved from /home/airflow/.local/lib/python3.12/site-packages/airflow/example_dags/plugins/decreasing_priority_weight_strategy.py
[2026-09-23T09:56:52.800+0000] {processor.py:208} INFO - Processing /home/airflow/.local/lib/python3.12/site-packages/airflow/example_dags/plugins/decreasing_priority_weight_strategy.py took 0.025 seconds
[2026-09-23T09:57:23.026+0000] {processor.py:186} INFO - Started process (PID=2551) to work on /home/airflow/.local/lib/python3.12/site-packages/airflow/example_dags/plugins/decreasing_priority_weight_strategy.py
[2026-09-23T09:57:23.027+0000] {processor.py:914} INFO - Processing file /home/airflow/.local/lib/python3.12/site-packages/airflow/example_dags/plugins/decreasing_priority_weight_strategy.py for tasks to queue
[2026-09-23T09:57:23.030+0000] {logging_mixin.py:190} INFO - [2026-09-23T09:57:23.029+0000] {dagbag.py:588} INFO - Filling up the DagBag from /home/airflow/.local/lib/python3.12/site-packages/airflow/example_dags/plugins/decreasing_priority_weight_strategy.py
[2026-09-23T09:57:23.033+0000] {processor.py:927} WARNING - No viable dags retrieved from /home/airflow/.local/lib/python3.12/site-packages/airflow/example_dags/plugins/decreasing_priority_weight_strategy.py
[2026-09-23T09:57:23.046+0000] {processor.py:208} INFO - Processing /home/airflow/.local/lib/python3.12/site-packages/airflow/example_dags/plugins/decreasing_priority_weight_strategy.py took 0.030 seconds
[2026-09-23T09:57:53.685+0000] {processor.py:186} INFO - Started process (PID=2625) to work on /home/airflow/.local/lib/python3.12/site-packages/airflow/example_dags/plugins/decreasing_priority_weight_strategy.py
[2026-09-23T09:57:53.685+0000] {processor.py:914} INFO - Processing file /home/airflow/.local/lib/python3.12/site-packages/airflow/example_dags/plugins/decreasing_priority_weight_strategy.py for tasks to queue
[2026-09-23T09:57:53.688+0000] {logging_mixin.py:190} INFO - [2026-09-23T09:57:53.687+0000] {dagbag.py:588} INFO - Filling up the DagBag from /home/airflow/.local/lib/python3.12/site-packages/airflow/example_dags/plugins/decreasing_priority_weight_strategy.py
[2026-09-23T09:57:53.690+0000] {processor.py:927} WARNING - No viable dags retrieved from /home/airflow/.local/lib/python3.12/site-packages/airflow/example_dags/plugins/decreasing_priority_weight_strategy.py
[2026-09-23T09:57:53.705+0000] {processor.py:208} INFO - Processing /home/airflow/.local/lib/python3.12/site-packages/airflow/example_dags/plugins/decreasing_priority_weight_strategy.py took 0.028 seconds
[2026-09-23T09:58:24.490+0000] {processor.py:186} INFO - Started process (PID=2699) to work on /home/airflow/.local/lib/python3.12/site-packages/airflow/example_dags/plugins/decreasing_priority_weight_strategy.py
[2026-09-23T09:58:24.491+0000] {processor.py:914} INFO - Processing file /home/airflow/.local/lib/python3.12/site-packages/airflow/example_dags/plugins/decreasing_priority_weight_strategy.py for tasks to queue
[2026-09-23T09:58:24.494+0000] {logging_mixin.py:190} INFO - [2026-09-23T09:58:24.493+0000] {dagbag.py:588} INFO - Filling up the DagBag from /home/airflow/.local/lib/python3.12/site-packages/airflow/example_dags/plugins/decreasing_priority_weight_strategy.py
[2026-09-23T09:58:24.497+0000] {processor.py:927} WARNING - No viable dags retrieved from /home/airflow/.local/lib/python3.12/site-packages/airflow/example_dags/plugins/decreasing_priority_weight_strategy.py
[2026-09-23T09:58:24.513+0000] {processor.py:208} INFO - Processing /home/airflow/.local/lib/python3.12/site-packages/airflow/example_dags/plugins/decreasing_priority_weight_strategy.py took 0.032 seconds
[2026-09-23T09:58:54.916+0000] {processor.py:186} INFO - Started process (PID=2773) to work on /home/airflow/.local/lib/python3.12/site-packages/airflow/example_dags/plugins/decreasing_priority_weight_strategy.py
[2026-09-23T09:58:54.917+0000] {processor.py:914} INFO - Processing file /home/airflow/.local/lib/python3.12/site-packages/airflow/example_dags/plugins/decreasing_priority_weight_strategy.py for tasks to queue
[2026-09-23T09:58:54.920+0000] {logging_mixin.py:190} INFO - [2026-09-23T09:58:54.920+0000] {dagbag.py:588} INFO - Filling up the DagBag from /home/airflow/.local/lib/python3.12/site-packages/airflow/example_dags/plugins/decreasing_priority_weight_strategy.py
[2026-09-23T09:58:54.924+0000] {processor.py:927} WARNING - No viable dags retrieved from /home/airflow/.local/lib/python3.12/site-packages/airflow/example_dags/plugins/decreasing_priority_weight_strategy.py
[2026-09-23T09:58:54.941+0000] {processor.py:208} INFO - Processing /home/airflow/.local/lib/python3.12/site-packages/airflow/example_dags/plugins/decreasing_priority_weight_strategy.py took 0.034 seconds
[2026-09-23T09:59:25.099+0000] {processor.py:186} INFO - Started process (PID=2847) to work on /home/airflow/.local/lib/python3.12/site-packages/airflow/example_dags/plugins/decreasing_priority_weight_strategy.py
[2026-09-23T09:59:25.100+0000] {processor.py:914} INFO - Processing file /home/airflow/.local/lib/python3.12/site-packages/airflow/example_dags/plugins/decreasing_priority_weight_strategy.py for tasks to queue
[2026-09-23T09:59:25.102+0000] {logging_mixin.py:190} INFO - [2026-09-23T09:59:25.102+0000] {dagbag.py:588} INFO - Filling up the DagBag from /home/airflow/.local/lib/python3.12/site-packages/airflow/example_dags/plugins/decreasing_priority_weight_strategy.py
[2026-09-23T09:59:25.105+0000] {processor.py:927} WARNING - No viable dags retrieved from /home/airflow/.local/lib/python3.12/site-packages/airflow/example_dags/plugins/decreasing_priority_weight_strategy.py
[2026-09-23T09:59:25.116+0000] {processor.py:208} INFO - Processing /home/airflow/.local/lib/python3.12/site-packages/airflow/example_dags/plugins/decreasing_priority_weight_strategy.py took 0.026 seconds
[2026-09-23T09:59:55.404+0000] {processor.py:186} INFO - Started process (PID=2921) to work on /home/airflow/.local/lib/python3.12/site-packages/airflow/example_dags/plugins/decreasing_priority_weight_strategy.py
[2026-09-23T09:59:55.406+0000] {processor.py:914} INFO - Processing file /home/airflow/.local/lib/python3.12/site-packages/airflow/example_dags/plugins/decreasing_priority_weight_strategy.py for tasks to queue
[2026-09-23T09:59:55.409+0000] {logging_mixin.py:190} INFO - [2026-09-23T09:59:55.409+0000] {dagbag.py:588} INFO - Filling up the DagBag from /home/airflow/.local/lib/python3.12/site-packages/airflow/example_dags/plugins/decreasing_priority_weight_strategy.py
[2026-09-23T09:59:55.412+0000] {processor.py:927} WARNING - No viable dags retrieved from /home/airflow/.local/lib/python3.12/site-packages/airflow/example_dags/plugins/decreasing_priority_weight_strategy.py
[2026-09-23T09:59:55.429+0000] {processor.py:208} INFO - Processing /home/airflow/.local/lib/python3.12/site-packages/airflow/example_dags/plugins/decreasing_priority_weight_strategy.py took 0.039 seconds
[2026-09-23T10:00:33.397+0000] {processor.py:186} INFO - Started process (PID=2993) to work on /home/airflow/.local/lib/python3.12/site-packages/airflow/example_dags/plugins/decreasing_priority_weight_strategy.py
[2026-09-23T10:00:33.399+0000] {processor.py:914} INFO - Processing file /home/airflow/.local/lib/python3.12/site-packages/airflow/example_dags/plugins/decreasing_priority_weight_strategy.py for tasks to queue
[2026-09-23T10:00:33.418+0000] {logging_mixin.py:190} INFO - [2026-09-23T10:00:33.415+0000] {dagbag.py:588} INFO - Filling up the DagBag from /home/airflow/.local/lib/python3.12/site-packages/airflow/example_dags/plugins/decreasing_priority_weight_strategy.py
[2026-09-23T10:00:33.434+0000] {processor.py:927} WARNING - No viable dags retrieved from /home/airflow/.local/lib/python3.12/site-packages/airflow/example_dags/plugins/decreasing_priority_weight_strategy.py
[2026-09-23T10:00:33.491+0000] {processor.py:208} INFO - Processing /home/airflow/.local/lib/python3.12/site-packages/airflow/example_dags/plugins/decreasing_priority_weight_strategy.py took 0.107 seconds
[2026-09-23T10:01:04.535+0000] {processor.py:186} INFO - Started process (PID=3067) to work on /home/airflow/.local/lib/python3.12/site-packages/airflow/example_dags/plugins/decreasing_priority_weight_strategy.py
[2026-09-23T10:01:04.538+0000] {processor.py:914} INFO - Processing file /home/airflow/.local/lib/python3.12/site-packages/airflow/example_dags/plugins/decreasing_priority_weight_strategy.py for tasks to queue
[2026-09-23T10:01:04.541+0000] {logging_mixin.py:190} INFO - [2026-09-23T10:01:04.541+0000] {dagbag.py:588} INFO - Filling up the DagBag from /home/airflow/.local/lib/python3.12/site-packages/airflow/example_dags/plugins/decreasing_priority_weight_strategy.py
[2026-09-23T10:01:04.545+0000] {processor.py:927} WARNING - No viable dags retrieved from /home/airflow/.local/lib/python3.12/site-packages/airflow/example_dags/plugins/decreasing_priority_weight_strategy.py
[2026-09-23T10:01:04.560+0000] {processor.py:208} INFO - Processing /home/airflow/.local/lib/python3.12/site-packages/airflow/example_dags/plugins/decreasing_priority_weight_strategy.py took 0.037 seconds
[2026-09-23T10:01:36.627+0000] {processor.py:186} INFO - Started process (PID=3140) to work on /home/airflow/.local/lib/python3.12/site-packages/airflow/example_dags/plugins/decreasing_priority_weight_strategy.py
[2026-09-23T10:01:36.629+0000] {processor.py:914} INFO - Processing file /home/airflow/.local/lib/python3.12/site-packages/airflow/example_dags/plugins/decreasing_priority_weight_strategy.py for tasks to queue
[2026-09-23T10:01:36.633+0000] {logging_mixin.py:190} INFO - [2026-09-23T10:01:36.633+0000] {dagbag.py:588} INFO - Filling up the DagBag from /home/airflow/.local/lib/python3.12/site-packages/airflow/example_dags/plugins/decreasing_priority_weight_strategy.py
[2026-09-23T10:01:36.636+0000] {processor.py:927} WARNING - No viable dags retrieved from /home/airflow/.local/lib/python3.12/site-packages/airflow/example_dags/plugins/decreasing_priority_weight_strategy.py
[2026-09-23T10:01:36.658+0000] {processor.py:208} INFO - Processing /home/airflow/.local/lib/python3.12/site-packages/airflow/example_dags/plugins/decreasing_priority_weight_strategy.py took 0.039 seconds
[2026-09-23T10:02:08.018+0000] {processor.py:186} INFO - Started process (PID=3214) to work on /home/airflow/.local/lib/python3.12/site-packages/airflow/example_dags/plugins/decreasing_priority_weight_strategy.py
[2026-09-23T10:02:08.020+0000] {processor.py:914} INFO - Processing file /home/airflow/.local/lib/python3.12/site-packages/airflow/example_dags/plugins/decreasing_priority_weight_strategy.py for tasks to queue
[2026-09-23T10:02:08.025+0000] {logging_mixin.py:190} INFO - [2026-09-23T10:02:08.024+0000] {dagbag.py:588} INFO - Filling up the DagBag from /home/airflow/.local/lib/python3.12/site-packages/airflow/example_dags/plugins/decreasing_priority_weight_strategy.py
[2026-09-23T10:02:08.032+0000] {processor.py:927} WARNING - No viable dags retrieved from /home/airflow/.local/lib/python3.12/site-packages/airflow/example_dags/plugins/decreasing_priority_weight_strategy.py
[2026-09-23T10:02:08.060+0000] {processor.py:208} INFO - Processing /home/airflow/.local/lib/python3.12/site-packages/airflow/example_dags/plugins/decreasing_priority_weight_strategy.py took 0.053 seconds
[2026-09-23T10:02:39.283+0000] {processor.py:186} INFO - Started process (PID=3288) to work on /home/airflow/.local/lib/python3.12/site-packages/airflow/example_dags/plugins/decreasing_priority_weight_strategy.py
[2026-09-23T10:02:39.284+0000] {processor.py:914} INFO - Processing file /home/airflow/.local/lib/python3.12/site-packages/airflow/example_dags/plugins/decreasing_priority_weight_strategy.py for tasks to queue
[2026-09-23T10:02:39.288+0000] {logging_mixin.py:190} INFO - [2026-09-23T10:02:39.287+0000] {dagbag.py:588} INFO - Filling up the DagBag from /home/airflow/.local/lib/python3.12/site-packages/airflow/example_dags/plugins/decreasing_priority_weight_strategy.py
[2026-09-23T10:02:39.293+0000] {processor.py:927} WARNING - No viable dags retrieved from /home/airflow/.local/lib/python3.12/site-packages/airflow/example_dags/plugins/decreasing_priority_weight_strategy.py
[2026-09-23T10:02:39.325+0000] {processor.py:208} INFO - Processing /home/airflow/.local/lib/python3.12/site-packages/airflow/example_dags/plugins/decreasing_priority_weight_strategy.py took 0.053 seconds
[2026-09-23T10:03:09.734+0000] {processor.py:186} INFO - Started process (PID=3354) to work on /home/airflow/.local/lib/python3.12/site-packages/airflow/example_dags/plugins/decreasing_priority_weight_strategy.py
[2026-09-23T10:03:09.738+0000] {processor.py:914} INFO - Processing file /home/airflow/.local/lib/python3.12/site-packages/airflow/example_dags/plugins/decreasing_priority_weight_strategy.py for tasks to queue
[2026-09-23T10:03:09.741+0000] {logging_mixin.py:190} INFO - [2026-09-23T10:03:09.741+0000] {dagbag.py:588} INFO - Filling up the DagBag from /home/airflow/.local/lib/python3.12/site-packages/airflow/example_dags/plugins/decreasing_priority_weight_strategy.py
[2026-09-23T10:03:09.744+0000] {processor.py:927} WARNING - No viable dags retrieved from /home/airflow/.local/lib/python3.12/site-packages/airflow/example_dags/plugins/decreasing_priority_weight_strategy.py
[2026-09-23T10:03:09.764+0000] {processor.py:208} INFO - Processing /home/airflow/.local/lib/python3.12/site-packages/airflow/example_dags/plugins/decreasing_priority_weight_strategy.py took 0.038 seconds
[2026-09-23T10:03:39.908+0000] {processor.py:186} INFO - Started process (PID=3427) to work on /home/airflow/.local/lib/python3.12/site-packages/airflow/example_dags/plugins/decreasing_priority_weight_strategy.py
[2026-09-23T10:03:39.908+0000] {processor.py:914} INFO - Processing file /home/airflow/.local/lib/python3.12/site-packages/airflow/example_dags/plugins/decreasing_priority_weight_strategy.py for tasks to queue
[2026-09-23T10:03:39.913+0000] {logging_mixin.py:190} INFO - [2026-09-23T10:03:39.913+0000] {dagbag.py:588} INFO - Filling up the DagBag from /home/airflow/.local/lib/python3.12/site-packages/airflow/example_dags/plugins/decreasing_priority_weight_strategy.py
[2026-09-23T10:03:39.916+0000] {processor.py:927} WARNING - No viable dags retrieved from /home/airflow/.local/lib/python3.12/site-packages/airflow/example_dags/plugins/decreasing_priority_weight_strategy.py
[2026-09-23T10:03:39.934+0000] {processor.py:208} INFO - Processing /home/airflow/.local/lib/python3.12/site-packages/airflow/example_dags/plugins/decreasing_priority_weight_strategy.py took 0.036 seconds
[2026-09-23T10:04:10.182+0000] {processor.py:186} INFO - Started process (PID=3501) to work on /home/airflow/.local/lib/python3.12/site-packages/airflow/example_dags/plugins/decreasing_priority_weight_strategy.py
[2026-09-23T10:04:10.183+0000] {processor.py:914} INFO - Processing file /home/airflow/.local/lib/python3.12/site-packages/airflow/example_dags/plugins/decreasing_priority_weight_strategy.py for tasks to queue
[2026-09-23T10:04:10.186+0000] {logging_mixin.py:190} INFO - [2026-09-23T10:04:10.185+0000] {dagbag.py:588} INFO - Filling up the DagBag from /home/airflow/.local/lib/python3.12/site-packages/airflow/example_dags/plugins/decreasing_priority_weight_strategy.py
[2026-09-23T10:04:10.189+0000] {processor.py:927} WARNING - No viable dags retrieved from /home/airflow/.local/lib/python3.12/site-packages/airflow/example_dags/plugins/decreasing_priority_weight_strategy.py
[2026-09-23T10:04:10.209+0000] {processor.py:208} INFO - Processing /home/airflow/.local/lib/python3.12/site-packages/airflow/example_dags/plugins/decreasing_priority_weight_strategy.py took 0.039 seconds
[2026-09-23T10:04:40.407+0000] {processor.py:186} INFO - Started process (PID=3575) to work on /home/airflow/.local/lib/python3.12/site-packages/airflow/example_dags/plugins/decreasing_priority_weight_strategy.py
[2026-09-23T10:04:40.408+0000] {processor.py:914} INFO - Processing file /home/airflow/.local/lib/python3.12/site-packages/airflow/example_dags/plugins/decreasing_priority_weight_strategy.py for tasks to queue
[2026-09-23T10:04:40.412+0000] {logging_mixin.py:190} INFO - [2026-09-23T10:04:40.411+0000] {dagbag.py:588} INFO - Filling up the DagBag from /home/airflow/.local/lib/python3.12/site-packages/airflow/example_dags/plugins/decreasing_priority_weight_strategy.py
[2026-09-23T10:04:40.416+0000] {processor.py:927} WARNING - No viable dags retrieved from /home/airflow/.local/lib/python3.12/site-packages/airflow/example_dags/plugins/decreasing_priority_weight_strategy.py
[2026-09-23T10:04:40.445+0000] {processor.py:208} INFO - Processing /home/airflow/.local/lib/python3.12/site-packages/airflow/example_dags/plugins/decreasing_priority_weight_strategy.py took 0.067 seconds
[2026-09-23T10:05:11.220+0000] {processor.py:186} INFO - Started process (PID=3649) to work on /home/airflow/.local/lib/python3.12/site-packages/airflow/example_dags/plugins/decreasing_priority_weight_strategy.py
[2026-09-23T10:05:11.222+0000] {processor.py:914} INFO - Processing file /home/airflow/.local/lib/python3.12/site-packages/airflow/example_dags/plugins/decreasing_priority_weight_strategy.py for tasks to queue
[2026-09-23T10:05:11.235+0000] {logging_mixin.py:190} INFO - [2026-09-23T10:05:11.231+0000] {dagbag.py:588} INFO - Filling up the DagBag from /home/airflow/.local/lib/python3.12/site-packages/airflow/example_dags/plugins/decreasing_priority_weight_strategy.py
[2026-09-23T10:05:11.251+0000] {processor.py:927} WARNING - No viable dags retrieved from /home/airflow/.local/lib/python3.12/site-packages/airflow/example_dags/plugins/decreasing_priority_weight_strategy.py
[2026-09-23T10:05:11.321+0000] {processor.py:208} INFO - Processing /home/airflow/.local/lib/python3.12/site-packages/airflow/example_dags/plugins/decreasing_priority_weight_strategy.py took 0.127 seconds
[2026-09-23T10:05:41.581+0000] {processor.py:186} INFO - Started process (PID=3722) to work on /home/airflow/.local/lib/python3.12/site-packages/airflow/example_dags/plugins/decreasing_priority_weight_strategy.py
[2026-09-23T10:05:41.583+0000] {processor.py:914} INFO - Processing file /home/airflow/.local/lib/python3.12/site-packages/airflow/example_dags/plugins/decreasing_priority_weight_strategy.py for tasks to queue
[2026-09-23T10:05:41.585+0000] {logging_mixin.py:190} INFO - [2026-09-23T10:05:41.585+0000] {dagbag.py:588} INFO - Filling up the DagBag from /home/airflow/.local/lib/python3.12/site-packages/airflow/example_dags/plugins/decreasing_priority_weight_strategy.py
[2026-09-23T10:05:41.588+0000] {processor.py:927} WARNING - No viable dags retrieved from /home/airflow/.local/lib/python3.12/site-packages/airflow/example_dags/plugins/decreasing_priority_weight_strategy.py
[2026-09-23T10:05:41.608+0000] {processor.py:208} INFO - Processing /home/airflow/.local/lib/python3.12/site-packages/airflow/example_dags/plugins/decreasing_priority_weight_strategy.py took 0.036 seconds
[2026-09-23T10:06:11.781+0000] {processor.py:186} INFO - Started process (PID=3797) to work on /home/airflow/.local/lib/python3.12/site-packages/airflow/example_dags/plugins/decreasing_priority_weight_strategy.py
[2026-09-23T10:06:11.785+0000] {processor.py:914} INFO - Processing file /home/airflow/.local/lib/python3.12/site-packages/airflow/example_dags/plugins/decreasing_priority_weight_strategy.py for tasks to queue
[2026-09-23T10:06:11.792+0000] {logging_mixin.py:190} INFO - [2026-09-23T10:06:11.791+0000] {dagbag.py:588} INFO - Filling up the DagBag from /home/airflow/.local/lib/python3.12/site-packages/airflow/example_dags/plugins/decreasing_priority_weight_strategy.py
[2026-09-23T10:06:11.795+0000] {processor.py:927} WARNING - No viable dags retrieved from /home/airflow/.local/lib/python3.12/site-packages/airflow/example_dags/plugins/decreasing_priority_weight_strategy.py
[2026-09-23T10:06:11.812+0000] {processor.py:208} INFO - Processing /home/airflow/.local/lib/python3.12/site-packages/airflow/example_dags/plugins/decreasing_priority_weight_strategy.py took 0.048 seconds
[2026-09-23T10:06:41.916+0000] {processor.py:186} INFO - Started process (PID=3864) to work on /home/airflow/.local/lib/python3.12/site-packages/airflow/example_dags/plugins/decreasing_priority_weight_strategy.py
[2026-09-23T10:06:41.917+0000] {processor.py:914} INFO - Processing file /home/airflow/.local/lib/python3.12/site-packages/airflow/example_dags/plugins/decreasing_priority_weight_strategy.py for tasks to queue
[2026-09-23T10:06:41.921+0000] {logging_mixin.py:190} INFO - [2026-09-23T10:06:41.920+0000] {dagbag.py:588} INFO - Filling up the DagBag from /home/airflow/.local/lib/python3.12/site-packages/airflow/example_dags/plugins/decreasing_priority_weight_strategy.py
[2026-09-23T10:06:41.926+0000] {processor.py:927} WARNING - No viable dags retrieved from /home/airflow/.local/lib/python3.12/site-packages/airflow/example_dags/plugins/decreasing_priority_weight_strategy.py
[2026-09-23T10:06:41.951+0000] {processor.py:208} INFO - Processing /home/airflow/.local/lib/python3.12/site-packages/airflow/example_dags/plugins/decreasing_priority_weight_strategy.py took 0.047 seconds
[2026-09-23T10:07:12.383+0000] {processor.py:186} INFO - Started process (PID=3938) to work on /home/airflow/.local/lib/python3.12/site-packages/airflow/example_dags/plugins/decreasing_priority_weight_strategy.py
[2026-09-23T10:07:12.384+0000] {processor.py:914} INFO - Processing file /home/airflow/.local/lib/python3.12/site-packages/airflow/example_dags/plugins/decreasing_priority_weight_strategy.py for tasks to queue
[2026-09-23T10:07:12.387+0000] {logging_mixin.py:190} INFO - [2026-09-23T10:07:12.386+0000] {dagbag.py:588} INFO - Filling up the DagBag from /home/airflow/.local/lib/python3.12/site-packages/airflow/example_dags/plugins/decreasing_priority_weight_strategy.py
[2026-09-23T10:07:12.390+0000] {processor.py:927} WARNING - No viable dags retrieved from /home/airflow/.local/lib/python3.12/site-packages/airflow/example_dags/plugins/decreasing_priority_weight_strategy.py
[2026-09-23T10:07:12.404+0000] {processor.py:208} INFO - Processing /home/airflow/.local/lib/python3.12/site-packages/airflow/example_dags/plugins/decreasing_priority_weight_strategy.py took 0.030 seconds
[2026-09-23T10:07:43.390+0000] {processor.py:186} INFO - Started process (PID=4012) to work on /home/airflow/.local/lib/python3.12/site-packages/airflow/example_dags/plugins/decreasing_priority_weight_strategy.py
[2026-09-23T10:07:43.391+0000] {processor.py:914} INFO - Processing file /home/airflow/.local/lib/python3.12/site-packages/airflow/example_dags/plugins/decreasing_priority_weight_strategy.py for tasks to queue
[2026-09-23T10:07:43.394+0000] {logging_mixin.py:190} INFO - [2026-09-23T10:07:43.394+0000] {dagbag.py:588} INFO - Filling up the DagBag from /home/airflow/.local/lib/python3.12/site-packages/airflow/example_dags/plugins/decreasing_priority_weight_strategy.py
[2026-09-23T10:07:43.398+0000] {processor.py:927} WARNING - No viable dags retrieved from /home/airflow/.local/lib/python3.12/site-packages/airflow/example_dags/plugins/decreasing_priority_weight_strategy.py
[2026-09-23T10:07:43.413+0000] {processor.py:208} INFO - Processing /home/airflow/.local/lib/python3.12/site-packages/airflow/example_dags/plugins/decreasing_priority_weight_strategy.py took 0.032 seconds
[2026-09-23T10:08:15.320+0000] {processor.py:186} INFO - Started process (PID=4086) to work on /home/airflow/.local/lib/python3.12/site-packages/airflow/example_dags/plugins/decreasing_priority_weight_strategy.py
[2026-09-23T10:08:15.322+0000] {processor.py:914} INFO - Processing file /home/airflow/.local/lib/python3.12/site-packages/airflow/example_dags/plugins/decreasing_priority_weight_strategy.py for tasks to queue
[2026-09-23T10:08:15.329+0000] {logging_mixin.py:190} INFO - [2026-09-23T10:08:15.329+0000] {dagbag.py:588} INFO - Filling up the DagBag from /home/airflow/.local/lib/python3.12/site-packages/airflow/example_dags/plugins/decreasing_priority_weight_strategy.py
[2026-09-23T10:08:15.333+0000] {processor.py:927} WARNING - No viable dags retrieved from /home/airflow/.local/lib/python3.12/site-packages/airflow/example_dags/plugins/decreasing_priority_weight_strategy.py
[2026-09-23T10:08:15.355+0000] {processor.py:208} INFO - Processing /home/airflow/.local/lib/python3.12/site-packages/airflow/example_dags/plugins/decreasing_priority_weight_strategy.py took 0.050 seconds
[2026-09-23T10:08:46.893+0000] {processor.py:186} INFO - Started process (PID=4160) to work on /home/airflow/.local/lib/python3.12/site-packages/airflow/example_dags/plugins/decreasing_priority_weight_strategy.py
[2026-09-23T10:08:46.896+0000] {processor.py:914} INFO - Processing file /home/airflow/.local/lib/python3.12/site-packages/airflow/example_dags/plugins/decreasing_priority_weight_strategy.py for tasks to queue
[2026-09-23T10:08:46.899+0000] {logging_mixin.py:190} INFO - [2026-09-23T10:08:46.898+0000] {dagbag.py:588} INFO - Filling up the DagBag from /home/airflow/.local/lib/python3.12/site-packages/airflow/example_dags/plugins/decreasing_priority_weight_strategy.py
[2026-09-23T10:08:46.903+0000] {processor.py:927} WARNING - No viable dags retrieved from /home/airflow/.local/lib/python3.12/site-packages/airflow/example_dags/plugins/decreasing_priority_weight_strategy.py
[2026-09-23T10:08:46.922+0000] {processor.py:208} INFO - Processing /home/airflow/.local/lib/python3.12/site-packages/airflow/example_dags/plugins/decreasing_priority_weight_strategy.py took 0.037 seconds
[2026-09-23T10:09:20.804+0000] {processor.py:186} INFO - Started process (PID=4237) to work on /home/airflow/.local/lib/python3.12/site-packages/airflow/example_dags/plugins/decreasing_priority_weight_strategy.py
[2026-09-23T10:09:20.806+0000] {processor.py:914} INFO - Processing file /home/airflow/.local/lib/python3.12/site-packages/airflow/example_dags/plugins/decreasing_priority_weight_strategy.py for tasks to queue
[2026-09-23T10:09:20.809+0000] {logging_mixin.py:190} INFO - [2026-09-23T10:09:20.809+0000] {dagbag.py:588} INFO - Filling up the DagBag from /home/airflow/.local/lib/python3.12/site-packages/airflow/example_dags/plugins/decreasing_priority_weight_strategy.py
[2026-09-23T10:09:20.813+0000] {processor.py:927} WARNING - No viable dags retrieved from /home/airflow/.local/lib/python3.12/site-packages/airflow/example_dags/plugins/decreasing_priority_weight_strategy.py
[2026-09-23T10:09:20.829+0000] {processor.py:208} INFO - Processing /home/airflow/.local/lib/python3.12/site-packages/airflow/example_dags/plugins/decreasing_priority_weight_strategy.py took 0.034 seconds
[2026-09-23T10:09:53.376+0000] {processor.py:186} INFO - Started process (PID=4314) to work on /home/airflow/.local/lib/python3.12/site-packages/airflow/example_dags/plugins/decreasing_priority_weight_strategy.py
[2026-09-23T10:09:53.381+0000] {processor.py:914} INFO - Processing file /home/airflow/.local/lib/python3.12/site-packages/airflow/example_dags/plugins/decreasing_priority_weight_strategy.py for tasks to queue
[2026-09-23T10:09:53.405+0000] {logging_mixin.py:190} INFO - [2026-09-23T10:09:53.400+0000] {dagbag.py:588} INFO - Filling up the DagBag from /home/airflow/.local/lib/python3.12/site-packages/airflow/example_dags/plugins/decreasing_priority_weight_strategy.py
[2026-09-23T10:09:53.420+0000] {processor.py:927} WARNING - No viable dags retrieved from /home/airflow/.local/lib/python3.12/site-packages/airflow/example_dags/plugins/decreasing_priority_weight_strategy.py
[2026-09-23T10:09:53.521+0000] {processor.py:208} INFO - Processing /home/airflow/.local/lib/python3.12/site-packages/airflow/example_dags/plugins/decreasing_priority_weight_strategy.py took 0.175 seconds
[2026-09-23T10:10:24.142+0000] {processor.py:186} INFO - Started process (PID=4386) to work on /home/airflow/.local/lib/python3.12/site-packages/airflow/example_dags/plugins/decreasing_priority_weight_strategy.py
[2026-09-23T10:10:24.144+0000] {processor.py:914} INFO - Processing file /home/airflow/.local/lib/python3.12/site-packages/airflow/example_dags/plugins/decreasing_priority_weight_strategy.py for tasks to queue
[2026-09-23T10:10:24.147+0000] {logging_mixin.py:190} INFO - [2026-09-23T10:10:24.146+0000] {dagbag.py:588} INFO - Filling up the DagBag from /home/airflow/.local/lib/python3.12/site-packages/airflow/example_dags/plugins/decreasing_priority_weight_strategy.py
[2026-09-23T10:10:24.150+0000] {processor.py:927} WARNING - No viable dags retrieved from /home/airflow/.local/lib/python3.12/site-packages/airflow/example_dags/plugins/decreasing_priority_weight_strategy.py
[2026-09-23T10:10:24.179+0000] {processor.py:208} INFO - Processing /home/airflow/.local/lib/python3.12/site-packages/airflow/example_dags/plugins/decreasing_priority_weight_strategy.py took 0.045 seconds
[2026-09-23T10:10:54.665+0000] {processor.py:186} INFO - Started process (PID=4460) to work on /home/airflow/.local/lib/python3.12/site-packages/airflow/example_dags/plugins/decreasing_priority_weight_strategy.py
[2026-09-23T10:10:54.667+0000] {processor.py:914} INFO - Processing file /home/airflow/.local/lib/python3.12/site-packages/airflow/example_dags/plugins/decreasing_priority_weight_strategy.py for tasks to queue
[2026-09-23T10:10:54.670+0000] {logging_mixin.py:190} INFO - [2026-09-23T10:10:54.669+0000] {dagbag.py:588} INFO - Filling up the DagBag from /home/airflow/.local/lib/python3.12/site-packages/airflow/example_dags/plugins/decreasing_priority_weight_strategy.py
[2026-09-23T10:10:54.673+0000] {processor.py:927} WARNING - No viable dags retrieved from /home/airflow/.local/lib/python3.12/site-packages/airflow/example_dags/plugins/decreasing_priority_weight_strategy.py
[2026-09-23T10:10:54.698+0000] {processor.py:208} INFO - Processing /home/airflow/.local/lib/python3.12/site-packages/airflow/example_dags/plugins/decreasing_priority_weight_strategy.py took 0.041 seconds
[2026-09-23T10:11:25.222+0000] {processor.py:186} INFO - Started process (PID=4534) to work on /home/airflow/.local/lib/python3.12/site-packages/airflow/example_dags/plugins/decreasing_priority_weight_strategy.py
[2026-09-23T10:11:25.224+0000] {processor.py:914} INFO - Processing file /home/airflow/.local/lib/python3.12/site-packages/airflow/example_dags/plugins/decreasing_priority_weight_strategy.py for tasks to queue
[2026-09-23T10:11:25.227+0000] {logging_mixin.py:190} INFO - [2026-09-23T10:11:25.227+0000] {dagbag.py:588} INFO - Filling up the DagBag from /home/airflow/.local/lib/python3.12/site-packages/airflow/example_dags/plugins/decreasing_priority_weight_strategy.py
[2026-09-23T10:11:25.231+0000] {processor.py:927} WARNING - No viable dags retrieved from /home/airflow/.local/lib/python3.12/site-packages/airflow/example_dags/plugins/decreasing_priority_weight_strategy.py
[2026-09-23T10:11:25.249+0000] {processor.py:208} INFO - Processing /home/airflow/.local/lib/python3.12/site-packages/airflow/example_dags/plugins/decreasing_priority_weight_strategy.py took 0.037 seconds
[2026-09-23T10:11:55.529+0000] {processor.py:186} INFO - Started process (PID=4606) to work on /home/airflow/.local/lib/python3.12/site-packages/airflow/example_dags/plugins/decreasing_priority_weight_strategy.py
[2026-09-23T10:11:55.530+0000] {processor.py:914} INFO - Processing file /home/airflow/.local/lib/python3.12/site-packages/airflow/example_dags/plugins/decreasing_priority_weight_strategy.py for tasks to queue
[2026-09-23T10:11:55.543+0000] {logging_mixin.py:190} INFO - [2026-09-23T10:11:55.542+0000] {dagbag.py:588} INFO - Filling up the DagBag from /home/airflow/.local/lib/python3.12/site-packages/airflow/example_dags/plugins/decreasing_priority_weight_strategy.py
[2026-09-23T10:11:55.551+0000] {processor.py:927} WARNING - No viable dags retrieved from /home/airflow/.local/lib/python3.12/site-packages/airflow/example_dags/plugins/decreasing_priority_weight_strategy.py
[2026-09-23T10:11:55.610+0000] {processor.py:208} INFO - Processing /home/airflow/.local/lib/python3.12/site-packages/airflow/example_dags/plugins/decreasing_priority_weight_strategy.py took 0.139 seconds
[2026-09-23T10:12:26.512+0000] {processor.py:186} INFO - Started process (PID=4680) to work on /home/airflow/.local/lib/python3.12/site-packages/airflow/example_dags/plugins/decreasing_priority_weight_strategy.py
[2026-09-23T10:12:26.515+0000] {processor.py:914} INFO - Processing file /home/airflow/.local/lib/python3.12/site-packages/airflow/example_dags/plugins/decreasing_priority_weight_strategy.py for tasks to queue
[2026-09-23T10:12:26.517+0000] {logging_mixin.py:190} INFO - [2026-09-23T10:12:26.517+0000] {dagbag.py:588} INFO - Filling up the DagBag from /home/airflow/.local/lib/python3.12/site-packages/airflow/example_dags/plugins/decreasing_priority_weight_strategy.py
[2026-09-23T10:12:26.520+0000] {processor.py:927} WARNING - No viable dags retrieved from /home/airflow/.local/lib/python3.12/site-packages/airflow/example_dags/plugins/decreasing_priority_weight_strategy.py
[2026-09-23T10:12:26.536+0000] {processor.py:208} INFO - Processing /home/airflow/.local/lib/python3.12/site-packages/airflow/example_dags/plugins/decreasing_priority_weight_strategy.py took 0.035 seconds
[2026-09-23T10:12:57.121+0000] {processor.py:186} INFO - Started process (PID=4754) to work on /home/airflow/.local/lib/python3.12/site-packages/airflow/example_dags/plugins/decreasing_priority_weight_strategy.py
[2026-09-23T10:12:57.122+0000] {processor.py:914} INFO - Processing file /home/airflow/.local/lib/python3.12/site-packages/airflow/example_dags/plugins/decreasing_priority_weight_strategy.py for tasks to queue
[2026-09-23T10:12:57.124+0000] {logging_mixin.py:190} INFO - [2026-09-23T10:12:57.124+0000] {dagbag.py:588} INFO - Filling up the DagBag from /home/airflow/.local/lib/python3.12/site-packages/airflow/example_dags/plugins/decreasing_priority_weight_strategy.py
[2026-09-23T10:12:57.127+0000] {processor.py:927} WARNING - No viable dags retrieved from /home/airflow/.local/lib/python3.12/site-packages/airflow/example_dags/plugins/decreasing_priority_weight_strategy.py
[2026-09-23T10:12:57.145+0000] {processor.py:208} INFO - Processing /home/airflow/.local/lib/python3.12/site-packages/airflow/example_dags/plugins/decreasing_priority_weight_strategy.py took 0.034 seconds
[2026-09-23T10:13:27.687+0000] {processor.py:186} INFO - Started process (PID=4827) to work on /home/airflow/.local/lib/python3.12/site-packages/airflow/example_dags/plugins/decreasing_priority_weight_strategy.py
[2026-09-23T10:13:27.689+0000] {processor.py:914} INFO - Processing file /home/airflow/.local/lib/python3.12/site-packages/airflow/example_dags/plugins/decreasing_priority_weight_strategy.py for tasks to queue
[2026-09-23T10:13:27.692+0000] {logging_mixin.py:190} INFO - [2026-09-23T10:13:27.692+0000] {dagbag.py:588} INFO - Filling up the DagBag from /home/airflow/.local/lib/python3.12/site-packages/airflow/example_dags/plugins/decreasing_priority_weight_strategy.py
[2026-09-23T10:13:27.696+0000] {processor.py:927} WARNING - No viable dags retrieved from /home/airflow/.local/lib/python3.12/site-packages/airflow/example_dags/plugins/decreasing_priority_weight_strategy.py
[2026-09-23T10:13:27.715+0000] {processor.py:208} INFO - Processing /home/airflow/.local/lib/python3.12/site-packages/airflow/example_dags/plugins/decreasing_priority_weight_strategy.py took 0.037 seconds
[2026-09-23T10:13:58.615+0000] {processor.py:186} INFO - Started process (PID=4901) to work on /home/airflow/.local/lib/python3.12/site-packages/airflow/example_dags/plugins/decreasing_priority_weight_strategy.py
[2026-09-23T10:13:58.616+0000] {processor.py:914} INFO - Processing file /home/airflow/.local/lib/python3.12/site-packages/airflow/example_dags/plugins/decreasing_priority_weight_strategy.py for tasks to queue
[2026-09-23T10:13:58.628+0000] {logging_mixin.py:190} INFO - [2026-09-23T10:13:58.627+0000] {dagbag.py:588} INFO - Filling up the DagBag from /home/airflow/.local/lib/python3.12/site-packages/airflow/example_dags/plugins/decreasing_priority_weight_strategy.py
[2026-09-23T10:13:58.642+0000] {processor.py:927} WARNING - No viable dags retrieved from /home/airflow/.local/lib/python3.12/site-packages/airflow/example_dags/plugins/decreasing_priority_weight_strategy.py
[2026-09-23T10:13:58.669+0000] {processor.py:208} INFO - Processing /home/airflow/.local/lib/python3.12/site-packages/airflow/example_dags/plugins/decreasing_priority_weight_strategy.py took 0.072 seconds
[2026-09-23T10:14:29.229+0000] {processor.py:186} INFO - Started process (PID=4974) to work on /home/airflow/.local/lib/python3.12/site-packages/airflow/example_dags/plugins/decreasing_priority_weight_strategy.py
[2026-09-23T10:14:29.230+0000] {processor.py:914} INFO - Processing file /home/airflow/.local/lib/python3.12/site-packages/airflow/example_dags/plugins/decreasing_priority_weight_strategy.py for tasks to queue
[2026-09-23T10:14:29.233+0000] {logging_mixin.py:190} INFO - [2026-09-23T10:14:29.232+0000] {dagbag.py:588} INFO - Filling up the DagBag from /home/airflow/.local/lib/python3.12/site-packages/airflow/example_dags/plugins/decreasing_priority_weight_strategy.py
[2026-09-23T10:14:29.236+0000] {processor.py:927} WARNING - No viable dags retrieved from /home/airflow/.local/lib/python3.12/site-packages/airflow/example_dags/plugins/decreasing_priority_weight_strategy.py
[2026-09-23T10:14:29.262+0000] {processor.py:208} INFO - Processing /home/airflow/.local/lib/python3.12/site-packages/airflow/example_dags/plugins/decreasing_priority_weight_strategy.py took 0.041 seconds
[2026-09-23T10:14:59.500+0000] {processor.py:186} INFO - Started process (PID=5042) to work on /home/airflow/.local/lib/python3.12/site-packages/airflow/example_dags/plugins/decreasing_priority_weight_strategy.py
[2026-09-23T10:14:59.501+0000] {processor.py:914} INFO - Processing file /home/airflow/.local/lib/python3.12/site-packages/airflow/example_dags/plugins/decreasing_priority_weight_strategy.py for tasks to queue
[2026-09-23T10:14:59.505+0000] {logging_mixin.py:190} INFO - [2026-09-23T10:14:59.505+0000] {dagbag.py:588} INFO - Filling up the DagBag from /home/airflow/.local/lib/python3.12/site-packages/airflow/example_dags/plugins/decreasing_priority_weight_strategy.py
[2026-09-23T10:14:59.509+0000] {processor.py:927} WARNING - No viable dags retrieved from /home/airflow/.local/lib/python3.12/site-packages/airflow/example_dags/plugins/decreasing_priority_weight_strategy.py
[2026-09-23T10:14:59.531+0000] {processor.py:208} INFO - Processing /home/airflow/.local/lib/python3.12/site-packages/airflow/example_dags/plugins/decreasing_priority_weight_strategy.py took 0.040 seconds
[2026-09-23T10:15:30.320+0000] {processor.py:186} INFO - Started process (PID=5115) to work on /home/airflow/.local/lib/python3.12/site-packages/airflow/example_dags/plugins/decreasing_priority_weight_strategy.py
[2026-09-23T10:15:30.321+0000] {processor.py:914} INFO - Processing file /home/airflow/.local/lib/python3.12/site-packages/airflow/example_dags/plugins/decreasing_priority_weight_strategy.py for tasks to queue
[2026-09-23T10:15:30.327+0000] {logging_mixin.py:190} INFO - [2026-09-23T10:15:30.326+0000] {dagbag.py:588} INFO - Filling up the DagBag from /home/airflow/.local/lib/python3.12/site-packages/airflow/example_dags/plugins/decreasing_priority_weight_strategy.py
[2026-09-23T10:15:30.330+0000] {processor.py:927} WARNING - No viable dags retrieved from /home/airflow/.local/lib/python3.12/site-packages/airflow/example_dags/plugins/decreasing_priority_weight_strategy.py
[2026-09-23T10:15:30.355+0000] {processor.py:208} INFO - Processing /home/airflow/.local/lib/python3.12/site-packages/airflow/example_dags/plugins/decreasing_priority_weight_strategy.py took 0.043 seconds
[2026-09-23T10:16:00.855+0000] {processor.py:186} INFO - Started process (PID=5189) to work on /home/airflow/.local/lib/python3.12/site-packages/airflow/example_dags/plugins/decreasing_priority_weight_strategy.py
[2026-09-23T10:16:00.857+0000] {processor.py:914} INFO - Processing file /home/airflow/.local/lib/python3.12/site-packages/airflow/example_dags/plugins/decreasing_priority_weight_strategy.py for tasks to queue
[2026-09-23T10:16:00.863+0000] {logging_mixin.py:190} INFO - [2026-09-23T10:16:00.862+0000] {dagbag.py:588} INFO - Filling up the DagBag from /home/airflow/.local/lib/python3.12/site-packages/airflow/example_dags/plugins/decreasing_priority_weight_strategy.py
[2026-09-23T10:16:00.866+0000] {processor.py:927} WARNING - No viable dags retrieved from /home/airflow/.local/lib/python3.12/site-packages/airflow/example_dags/plugins/decreasing_priority_weight_strategy.py
[2026-09-23T10:16:00.886+0000] {processor.py:208} INFO - Processing /home/airflow/.local/lib/python3.12/site-packages/airflow/example_dags/plugins/decreasing_priority_weight_strategy.py took 0.041 seconds
[2026-09-23T10:16:31.716+0000] {processor.py:186} INFO - Started process (PID=5263) to work on /home/airflow/.local/lib/python3.12/site-packages/airflow/example_dags/plugins/decreasing_priority_weight_strategy.py
[2026-09-23T10:16:31.717+0000] {processor.py:914} INFO - Processing file /home/airflow/.local/lib/python3.12/site-packages/airflow/example_dags/plugins/decreasing_priority_weight_strategy.py for tasks to queue
[2026-09-23T10:16:31.721+0000] {logging_mixin.py:190} INFO - [2026-09-23T10:16:31.720+0000] {dagbag.py:588} INFO - Filling up the DagBag from /home/airflow/.local/lib/python3.12/site-packages/airflow/example_dags/plugins/decreasing_priority_weight_strategy.py
[2026-09-23T10:16:31.723+0000] {processor.py:927} WARNING - No viable dags retrieved from /home/airflow/.local/lib/python3.12/site-packages/airflow/example_dags/plugins/decreasing_priority_weight_strategy.py
[2026-09-23T10:16:31.736+0000] {processor.py:208} INFO - Processing /home/airflow/.local/lib/python3.12/site-packages/airflow/example_dags/plugins/decreasing_priority_weight_strategy.py took 0.031 seconds
[2026-09-23T10:17:02.570+0000] {processor.py:186} INFO - Started process (PID=5337) to work on /home/airflow/.local/lib/python3.12/site-packages/airflow/example_dags/plugins/decreasing_priority_weight_strategy.py
[2026-09-23T10:17:02.574+0000] {processor.py:914} INFO - Processing file /home/airflow/.local/lib/python3.12/site-packages/airflow/example_dags/plugins/decreasing_priority_weight_strategy.py for tasks to queue
[2026-09-23T10:17:02.582+0000] {logging_mixin.py:190} INFO - [2026-09-23T10:17:02.582+0000] {dagbag.py:588} INFO - Filling up the DagBag from /home/airflow/.local/lib/python3.12/site-packages/airflow/example_dags/plugins/decreasing_priority_weight_strategy.py
[2026-09-23T10:17:02.591+0000] {processor.py:927} WARNING - No viable dags retrieved from /home/airflow/.local/lib/python3.12/site-packages/airflow/example_dags/plugins/decreasing_priority_weight_strategy.py
[2026-09-23T10:17:02.620+0000] {processor.py:208} INFO - Processing /home/airflow/.local/lib/python3.12/site-packages/airflow/example_dags/plugins/decreasing_priority_weight_strategy.py took 0.062 seconds
[2026-09-23T10:17:32.843+0000] {processor.py:186} INFO - Started process (PID=5411) to work on /home/airflow/.local/lib/python3.12/site-packages/airflow/example_dags/plugins/decreasing_priority_weight_strategy.py
[2026-09-23T10:17:32.844+0000] {processor.py:914} INFO - Processing file /home/airflow/.local/lib/python3.12/site-packages/airflow/example_dags/plugins/decreasing_priority_weight_strategy.py for tasks to queue
[2026-09-23T10:17:32.846+0000] {logging_mixin.py:190} INFO - [2026-09-23T10:17:32.846+0000] {dagbag.py:588} INFO - Filling up the DagBag from /home/airflow/.local/lib/python3.12/site-packages/airflow/example_dags/plugins/decreasing_priority_weight_strategy.py
[2026-09-23T10:17:32.849+0000] {processor.py:927} WARNING - No viable dags retrieved from /home/airflow/.local/lib/python3.12/site-packages/airflow/example_dags/plugins/decreasing_priority_weight_strategy.py
[2026-09-23T10:17:32.867+0000] {processor.py:208} INFO - Processing /home/airflow/.local/lib/python3.12/site-packages/airflow/example_dags/plugins/decreasing_priority_weight_strategy.py took 0.032 seconds
[2026-09-23T10:18:04.247+0000] {processor.py:186} INFO - Started process (PID=5485) to work on /home/airflow/.local/lib/python3.12/site-packages/airflow/example_dags/plugins/decreasing_priority_weight_strategy.py
[2026-09-23T10:18:04.250+0000] {processor.py:914} INFO - Processing file /home/airflow/.local/lib/python3.12/site-packages/airflow/example_dags/plugins/decreasing_priority_weight_strategy.py for tasks to queue
[2026-09-23T10:18:04.254+0000] {logging_mixin.py:190} INFO - [2026-09-23T10:18:04.253+0000] {dagbag.py:588} INFO - Filling up the DagBag from /home/airflow/.local/lib/python3.12/site-packages/airflow/example_dags/plugins/decreasing_priority_weight_strategy.py
[2026-09-23T10:18:04.259+0000] {processor.py:927} WARNING - No viable dags retrieved from /home/airflow/.local/lib/python3.12/site-packages/airflow/example_dags/plugins/decreasing_priority_weight_strategy.py
[2026-09-23T10:18:04.285+0000] {processor.py:208} INFO - Processing /home/airflow/.local/lib/python3.12/site-packages/airflow/example_dags/plugins/decreasing_priority_weight_strategy.py took 0.050 seconds
[2026-09-23T10:18:35.074+0000] {processor.py:186} INFO - Started process (PID=5559) to work on /home/airflow/.local/lib/python3.12/site-packages/airflow/example_dags/plugins/decreasing_priority_weight_strategy.py
[2026-09-23T10:18:35.077+0000] {processor.py:914} INFO - Processing file /home/airflow/.local/lib/python3.12/site-packages/airflow/example_dags/plugins/decreasing_priority_weight_strategy.py for tasks to queue
[2026-09-23T10:18:35.080+0000] {logging_mixin.py:190} INFO - [2026-09-23T10:18:35.080+0000] {dagbag.py:588} INFO - Filling up the DagBag from /home/airflow/.local/lib/python3.12/site-packages/airflow/example_dags/plugins/decreasing_priority_weight_strategy.py
[2026-09-23T10:18:35.083+0000] {processor.py:927} WARNING - No viable dags retrieved from /home/airflow/.local/lib/python3.12/site-packages/airflow/example_dags/plugins/decreasing_priority_weight_strategy.py
[2026-09-23T10:18:35.104+0000] {processor.py:208} INFO - Processing /home/airflow/.local/lib/python3.12/site-packages/airflow/example_dags/plugins/decreasing_priority_weight_strategy.py took 0.040 seconds
[2026-09-23T10:19:06.085+0000] {processor.py:186} INFO - Started process (PID=5634) to work on /home/airflow/.local/lib/python3.12/site-packages/airflow/example_dags/plugins/decreasing_priority_weight_strategy.py
[2026-09-23T10:19:06.086+0000] {processor.py:914} INFO - Processing file /home/airflow/.local/lib/python3.12/site-packages/airflow/example_dags/plugins/decreasing_priority_weight_strategy.py for tasks to queue
[2026-09-23T10:19:06.088+0000] {logging_mixin.py:190} INFO - [2026-09-23T10:19:06.088+0000] {dagbag.py:588} INFO - Filling up the DagBag from /home/airflow/.local/lib/python3.12/site-packages/airflow/example_dags/plugins/decreasing_priority_weight_strategy.py
[2026-09-23T10:19:06.091+0000] {processor.py:927} WARNING - No viable dags retrieved from /home/airflow/.local/lib/python3.12/site-packages/airflow/example_dags/plugins/decreasing_priority_weight_strategy.py
[2026-09-23T10:19:06.105+0000] {processor.py:208} INFO - Processing /home/airflow/.local/lib/python3.12/site-packages/airflow/example_dags/plugins/decreasing_priority_weight_strategy.py took 0.028 seconds
[2026-09-23T10:19:36.390+0000] {processor.py:186} INFO - Started process (PID=5707) to work on /home/airflow/.local/lib/python3.12/site-packages/airflow/example_dags/plugins/decreasing_priority_weight_strategy.py
[2026-09-23T10:19:36.390+0000] {processor.py:914} INFO - Processing file /home/airflow/.local/lib/python3.12/site-packages/airflow/example_dags/plugins/decreasing_priority_weight_strategy.py for tasks to queue
[2026-09-23T10:19:36.393+0000] {logging_mixin.py:190} INFO - [2026-09-23T10:19:36.392+0000] {dagbag.py:588} INFO - Filling up the DagBag from /home/airflow/.local/lib/python3.12/site-packages/airflow/example_dags/plugins/decreasing_priority_weight_strategy.py
[2026-09-23T10:19:36.395+0000] {processor.py:927} WARNING - No viable dags retrieved from /home/airflow/.local/lib/python3.12/site-packages/airflow/example_dags/plugins/decreasing_priority_weight_strategy.py
[2026-09-23T10:19:36.407+0000] {processor.py:208} INFO - Processing /home/airflow/.local/lib/python3.12/site-packages/airflow/example_dags/plugins/decreasing_priority_weight_strategy.py took 0.025 seconds
[2026-09-23T10:20:07.381+0000] {processor.py:186} INFO - Started process (PID=5781) to work on /home/airflow/.local/lib/python3.12/site-packages/airflow/example_dags/plugins/decreasing_priority_weight_strategy.py
[2026-09-23T10:20:07.383+0000] {processor.py:914} INFO - Processing file /home/airflow/.local/lib/python3.12/site-packages/airflow/example_dags/plugins/decreasing_priority_weight_strategy.py for tasks to queue
[2026-09-23T10:20:07.386+0000] {logging_mixin.py:190} INFO - [2026-09-23T10:20:07.385+0000] {dagbag.py:588} INFO - Filling up the DagBag from /home/airflow/.local/lib/python3.12/site-packages/airflow/example_dags/plugins/decreasing_priority_weight_strategy.py
[2026-09-23T10:20:07.389+0000] {processor.py:927} WARNING - No viable dags retrieved from /home/airflow/.local/lib/python3.12/site-packages/airflow/example_dags/plugins/decreasing_priority_weight_strategy.py
[2026-09-23T10:20:07.411+0000] {processor.py:208} INFO - Processing /home/airflow/.local/lib/python3.12/site-packages/airflow/example_dags/plugins/decreasing_priority_weight_strategy.py took 0.037 seconds
[2026-09-23T10:20:38.556+0000] {processor.py:186} INFO - Started process (PID=5855) to work on /home/airflow/.local/lib/python3.12/site-packages/airflow/example_dags/plugins/decreasing_priority_weight_strategy.py
[2026-09-23T10:20:38.558+0000] {processor.py:914} INFO - Processing file /home/airflow/.local/lib/python3.12/site-packages/airflow/example_dags/plugins/decreasing_priority_weight_strategy.py for tasks to queue
[2026-09-23T10:20:38.560+0000] {logging_mixin.py:190} INFO - [2026-09-23T10:20:38.560+0000] {dagbag.py:588} INFO - Filling up the DagBag from /home/airflow/.local/lib/python3.12/site-packages/airflow/example_dags/plugins/decreasing_priority_weight_strategy.py
[2026-09-23T10:20:38.563+0000] {processor.py:927} WARNING - No viable dags retrieved from /home/airflow/.local/lib/python3.12/site-packages/airflow/example_dags/plugins/decreasing_priority_weight_strategy.py
[2026-09-23T10:20:38.580+0000] {processor.py:208} INFO - Processing /home/airflow/.local/lib/python3.12/site-packages/airflow/example_dags/plugins/decreasing_priority_weight_strategy.py took 0.032 seconds
[2026-09-23T10:21:10.179+0000] {processor.py:186} INFO - Started process (PID=5933) to work on /home/airflow/.local/lib/python3.12/site-packages/airflow/example_dags/plugins/decreasing_priority_weight_strategy.py
[2026-09-23T10:21:10.180+0000] {processor.py:914} INFO - Processing file /home/airflow/.local/lib/python3.12/site-packages/airflow/example_dags/plugins/decreasing_priority_weight_strategy.py for tasks to queue
[2026-09-23T10:21:10.183+0000] {logging_mixin.py:190} INFO - [2026-09-23T10:21:10.183+0000] {dagbag.py:588} INFO - Filling up the DagBag from /home/airflow/.local/lib/python3.12/site-packages/airflow/example_dags/plugins/decreasing_priority_weight_strategy.py
[2026-09-23T10:21:10.187+0000] {processor.py:927} WARNING - No viable dags retrieved from /home/airflow/.local/lib/python3.12/site-packages/airflow/example_dags/plugins/decreasing_priority_weight_strategy.py
[2026-09-23T10:21:10.208+0000] {processor.py:208} INFO - Processing /home/airflow/.local/lib/python3.12/site-packages/airflow/example_dags/plugins/decreasing_priority_weight_strategy.py took 0.039 seconds
[2026-09-23T10:21:42.214+0000] {processor.py:186} INFO - Started process (PID=6011) to work on /home/airflow/.local/lib/python3.12/site-packages/airflow/example_dags/plugins/decreasing_priority_weight_strategy.py
[2026-09-23T10:21:42.215+0000] {processor.py:914} INFO - Processing file /home/airflow/.local/lib/python3.12/site-packages/airflow/example_dags/plugins/decreasing_priority_weight_strategy.py for tasks to queue
[2026-09-23T10:21:42.219+0000] {logging_mixin.py:190} INFO - [2026-09-23T10:21:42.218+0000] {dagbag.py:588} INFO - Filling up the DagBag from /home/airflow/.local/lib/python3.12/site-packages/airflow/example_dags/plugins/decreasing_priority_weight_strategy.py
[2026-09-23T10:21:42.222+0000] {processor.py:927} WARNING - No viable dags retrieved from /home/airflow/.local/lib/python3.12/site-packages/airflow/example_dags/plugins/decreasing_priority_weight_strategy.py
[2026-09-23T10:21:42.239+0000] {processor.py:208} INFO - Processing /home/airflow/.local/lib/python3.12/site-packages/airflow/example_dags/plugins/decreasing_priority_weight_strategy.py took 0.041 seconds
[2026-09-23T10:22:14.366+0000] {processor.py:186} INFO - Started process (PID=6089) to work on /home/airflow/.local/lib/python3.12/site-packages/airflow/example_dags/plugins/decreasing_priority_weight_strategy.py
[2026-09-23T10:22:14.368+0000] {processor.py:914} INFO - Processing file /home/airflow/.local/lib/python3.12/site-packages/airflow/example_dags/plugins/decreasing_priority_weight_strategy.py for tasks to queue
[2026-09-23T10:22:14.373+0000] {logging_mixin.py:190} INFO - [2026-09-23T10:22:14.372+0000] {dagbag.py:588} INFO - Filling up the DagBag from /home/airflow/.local/lib/python3.12/site-packages/airflow/example_dags/plugins/decreasing_priority_weight_strategy.py
[2026-09-23T10:22:14.376+0000] {processor.py:927} WARNING - No viable dags retrieved from /home/airflow/.local/lib/python3.12/site-packages/airflow/example_dags/plugins/decreasing_priority_weight_strategy.py
[2026-09-23T10:22:14.399+0000] {processor.py:208} INFO - Processing /home/airflow/.local/lib/python3.12/site-packages/airflow/example_dags/plugins/decreasing_priority_weight_strategy.py took 0.043 seconds
[2026-09-23T10:22:45.352+0000] {processor.py:186} INFO - Started process (PID=6163) to work on /home/airflow/.local/lib/python3.12/site-packages/airflow/example_dags/plugins/decreasing_priority_weight_strategy.py
[2026-09-23T10:22:45.353+0000] {processor.py:914} INFO - Processing file /home/airflow/.local/lib/python3.12/site-packages/airflow/example_dags/plugins/decreasing_priority_weight_strategy.py for tasks to queue
[2026-09-23T10:22:45.356+0000] {logging_mixin.py:190} INFO - [2026-09-23T10:22:45.355+0000] {dagbag.py:588} INFO - Filling up the DagBag from /home/airflow/.local/lib/python3.12/site-packages/airflow/example_dags/plugins/decreasing_priority_weight_strategy.py
[2026-09-23T10:22:45.359+0000] {processor.py:927} WARNING - No viable dags retrieved from /home/airflow/.local/lib/python3.12/site-packages/airflow/example_dags/plugins/decreasing_priority_weight_strategy.py
[2026-09-23T10:22:45.372+0000] {processor.py:208} INFO - Processing /home/airflow/.local/lib/python3.12/site-packages/airflow/example_dags/plugins/decreasing_priority_weight_strategy.py took 0.029 seconds
[2026-09-23T10:23:16.851+0000] {processor.py:186} INFO - Started process (PID=6239) to work on /home/airflow/.local/lib/python3.12/site-packages/airflow/example_dags/plugins/decreasing_priority_weight_strategy.py
[2026-09-23T10:23:16.852+0000] {processor.py:914} INFO - Processing file /home/airflow/.local/lib/python3.12/site-packages/airflow/example_dags/plugins/decreasing_priority_weight_strategy.py for tasks to queue
[2026-09-23T10:23:16.854+0000] {logging_mixin.py:190} INFO - [2026-09-23T10:23:16.854+0000] {dagbag.py:588} INFO - Filling up the DagBag from /home/airflow/.local/lib/python3.12/site-packages/airflow/example_dags/plugins/decreasing_priority_weight_strategy.py
[2026-09-23T10:23:16.858+0000] {processor.py:927} WARNING - No viable dags retrieved from /home/airflow/.local/lib/python3.12/site-packages/airflow/example_dags/plugins/decreasing_priority_weight_strategy.py
[2026-09-23T10:23:16.877+0000] {processor.py:208} INFO - Processing /home/airflow/.local/lib/python3.12/site-packages/airflow/example_dags/plugins/decreasing_priority_weight_strategy.py took 0.038 seconds
[2026-09-23T10:23:48.304+0000] {processor.py:186} INFO - Started process (PID=6314) to work on /home/airflow/.local/lib/python3.12/site-packages/airflow/example_dags/plugins/decreasing_priority_weight_strategy.py
[2026-09-23T10:23:48.306+0000] {processor.py:914} INFO - Processing file /home/airflow/.local/lib/python3.12/site-packages/airflow/example_dags/plugins/decreasing_priority_weight_strategy.py for tasks to queue
[2026-09-23T10:23:48.309+0000] {logging_mixin.py:190} INFO - [2026-09-23T10:23:48.309+0000] {dagbag.py:588} INFO - Filling up the DagBag from /home/airflow/.local/lib/python3.12/site-packages/airflow/example_dags/plugins/decreasing_priority_weight_strategy.py
[2026-09-23T10:23:48.313+0000] {processor.py:927} WARNING - No viable dags retrieved from /home/airflow/.local/lib/python3.12/site-packages/airflow/example_dags/plugins/decreasing_priority_weight_strategy.py
[2026-09-23T10:23:48.334+0000] {processor.py:208} INFO - Processing /home/airflow/.local/lib/python3.12/site-packages/airflow/example_dags/plugins/decreasing_priority_weight_strategy.py took 0.046 seconds
[2026-09-23T10:24:19.729+0000] {processor.py:186} INFO - Started process (PID=6390) to work on /home/airflow/.local/lib/python3.12/site-packages/airflow/example_dags/plugins/decreasing_priority_weight_strategy.py
[2026-09-23T10:24:19.730+0000] {processor.py:914} INFO - Processing file /home/airflow/.local/lib/python3.12/site-packages/airflow/example_dags/plugins/decreasing_priority_weight_strategy.py for tasks to queue
[2026-09-23T10:24:19.737+0000] {logging_mixin.py:190} INFO - [2026-09-23T10:24:19.736+0000] {dagbag.py:588} INFO - Filling up the DagBag from /home/airflow/.local/lib/python3.12/site-packages/airflow/example_dags/plugins/decreasing_priority_weight_strategy.py
[2026-09-23T10:24:19.741+0000] {processor.py:927} WARNING - No viable dags retrieved from /home/airflow/.local/lib/python3.12/site-packages/airflow/example_dags/plugins/decreasing_priority_weight_strategy.py
[2026-09-23T10:24:19.759+0000] {processor.py:208} INFO - Processing /home/airflow/.local/lib/python3.12/site-packages/airflow/example_dags/plugins/decreasing_priority_weight_strategy.py took 0.043 seconds
[2026-09-23T10:24:51.104+0000] {processor.py:186} INFO - Started process (PID=6466) to work on /home/airflow/.local/lib/python3.12/site-packages/airflow/example_dags/plugins/decreasing_priority_weight_strategy.py
[2026-09-23T10:24:51.107+0000] {processor.py:914} INFO - Processing file /home/airflow/.local/lib/python3.12/site-packages/airflow/example_dags/plugins/decreasing_priority_weight_strategy.py for tasks to queue
[2026-09-23T10:24:51.114+0000] {logging_mixin.py:190} INFO - [2026-09-23T10:24:51.113+0000] {dagbag.py:588} INFO - Filling up the DagBag from /home/airflow/.local/lib/python3.12/site-packages/airflow/example_dags/plugins/decreasing_priority_weight_strategy.py
[2026-09-23T10:24:51.117+0000] {processor.py:927} WARNING - No viable dags retrieved from /home/airflow/.local/lib/python3.12/site-packages/airflow/example_dags/plugins/decreasing_priority_weight_strategy.py
[2026-09-23T10:24:51.142+0000] {processor.py:208} INFO - Processing /home/airflow/.local/lib/python3.12/site-packages/airflow/example_dags/plugins/decreasing_priority_weight_strategy.py took 0.051 seconds
[2026-09-23T10:25:22.023+0000] {processor.py:186} INFO - Started process (PID=6542) to work on /home/airflow/.local/lib/python3.12/site-packages/airflow/example_dags/plugins/decreasing_priority_weight_strategy.py
[2026-09-23T10:25:22.023+0000] {processor.py:914} INFO - Processing file /home/airflow/.local/lib/python3.12/site-packages/airflow/example_dags/plugins/decreasing_priority_weight_strategy.py for tasks to queue
[2026-09-23T10:25:22.026+0000] {logging_mixin.py:190} INFO - [2026-09-23T10:25:22.026+0000] {dagbag.py:588} INFO - Filling up the DagBag from /home/airflow/.local/lib/python3.12/site-packages/airflow/example_dags/plugins/decreasing_priority_weight_strategy.py
[2026-09-23T10:25:22.029+0000] {processor.py:927} WARNING - No viable dags retrieved from /home/airflow/.local/lib/python3.12/site-packages/airflow/example_dags/plugins/decreasing_priority_weight_strategy.py
[2026-09-23T10:25:22.042+0000] {processor.py:208} INFO - Processing /home/airflow/.local/lib/python3.12/site-packages/airflow/example_dags/plugins/decreasing_priority_weight_strategy.py took 0.027 seconds
[2026-09-23T10:25:52.444+0000] {processor.py:186} INFO - Started process (PID=6615) to work on /home/airflow/.local/lib/python3.12/site-packages/airflow/example_dags/plugins/decreasing_priority_weight_strategy.py
[2026-09-23T10:25:52.449+0000] {processor.py:914} INFO - Processing file /home/airflow/.local/lib/python3.12/site-packages/airflow/example_dags/plugins/decreasing_priority_weight_strategy.py for tasks to queue
[2026-09-23T10:25:52.452+0000] {logging_mixin.py:190} INFO - [2026-09-23T10:25:52.451+0000] {dagbag.py:588} INFO - Filling up the DagBag from /home/airflow/.local/lib/python3.12/site-packages/airflow/example_dags/plugins/decreasing_priority_weight_strategy.py
[2026-09-23T10:25:52.455+0000] {processor.py:927} WARNING - No viable dags retrieved from /home/airflow/.local/lib/python3.12/site-packages/airflow/example_dags/plugins/decreasing_priority_weight_strategy.py
[2026-09-23T10:25:52.476+0000] {processor.py:208} INFO - Processing /home/airflow/.local/lib/python3.12/site-packages/airflow/example_dags/plugins/decreasing_priority_weight_strategy.py took 0.046 seconds
[2026-09-23T10:26:23.471+0000] {processor.py:186} INFO - Started process (PID=6690) to work on /home/airflow/.local/lib/python3.12/site-packages/airflow/example_dags/plugins/decreasing_priority_weight_strategy.py
[2026-09-23T10:26:23.472+0000] {processor.py:914} INFO - Processing file /home/airflow/.local/lib/python3.12/site-packages/airflow/example_dags/plugins/decreasing_priority_weight_strategy.py for tasks to queue
[2026-09-23T10:26:23.475+0000] {logging_mixin.py:190} INFO - [2026-09-23T10:26:23.475+0000] {dagbag.py:588} INFO - Filling up the DagBag from /home/airflow/.local/lib/python3.12/site-packages/airflow/example_dags/plugins/decreasing_priority_weight_strategy.py
[2026-09-23T10:26:23.481+0000] {processor.py:927} WARNING - No viable dags retrieved from /home/airflow/.local/lib/python3.12/site-packages/airflow/example_dags/plugins/decreasing_priority_weight_strategy.py
[2026-09-23T10:26:23.500+0000] {processor.py:208} INFO - Processing /home/airflow/.local/lib/python3.12/site-packages/airflow/example_dags/plugins/decreasing_priority_weight_strategy.py took 0.040 seconds
[2026-09-23T10:26:53.718+0000] {processor.py:186} INFO - Started process (PID=6764) to work on /home/airflow/.local/lib/python3.12/site-packages/airflow/example_dags/plugins/decreasing_priority_weight_strategy.py
[2026-09-23T10:26:53.720+0000] {processor.py:914} INFO - Processing file /home/airflow/.local/lib/python3.12/site-packages/airflow/example_dags/plugins/decreasing_priority_weight_strategy.py for tasks to queue
[2026-09-23T10:26:53.723+0000] {logging_mixin.py:190} INFO - [2026-09-23T10:26:53.723+0000] {dagbag.py:588} INFO - Filling up the DagBag from /home/airflow/.local/lib/python3.12/site-packages/airflow/example_dags/plugins/decreasing_priority_weight_strategy.py
[2026-09-23T10:26:53.727+0000] {processor.py:927} WARNING - No viable dags retrieved from /home/airflow/.local/lib/python3.12/site-packages/airflow/example_dags/plugins/decreasing_priority_weight_strategy.py
[2026-09-23T10:26:53.742+0000] {processor.py:208} INFO - Processing /home/airflow/.local/lib/python3.12/site-packages/airflow/example_dags/plugins/decreasing_priority_weight_strategy.py took 0.033 seconds
[2026-09-23T10:27:23.992+0000] {processor.py:186} INFO - Started process (PID=6838) to work on /home/airflow/.local/lib/python3.12/site-packages/airflow/example_dags/plugins/decreasing_priority_weight_strategy.py
[2026-09-23T10:27:23.993+0000] {processor.py:914} INFO - Processing file /home/airflow/.local/lib/python3.12/site-packages/airflow/example_dags/plugins/decreasing_priority_weight_strategy.py for tasks to queue
[2026-09-23T10:27:23.996+0000] {logging_mixin.py:190} INFO - [2026-09-23T10:27:23.995+0000] {dagbag.py:588} INFO - Filling up the DagBag from /home/airflow/.local/lib/python3.12/site-packages/airflow/example_dags/plugins/decreasing_priority_weight_strategy.py
[2026-09-23T10:27:23.999+0000] {processor.py:927} WARNING - No viable dags retrieved from /home/airflow/.local/lib/python3.12/site-packages/airflow/example_dags/plugins/decreasing_priority_weight_strategy.py
[2026-09-23T10:27:24.014+0000] {processor.py:208} INFO - Processing /home/airflow/.local/lib/python3.12/site-packages/airflow/example_dags/plugins/decreasing_priority_weight_strategy.py took 0.031 seconds
[2026-09-23T10:27:54.918+0000] {processor.py:186} INFO - Started process (PID=6912) to work on /home/airflow/.local/lib/python3.12/site-packages/airflow/example_dags/plugins/decreasing_priority_weight_strategy.py
[2026-09-23T10:27:54.920+0000] {processor.py:914} INFO - Processing file /home/airflow/.local/lib/python3.12/site-packages/airflow/example_dags/plugins/decreasing_priority_weight_strategy.py for tasks to queue
[2026-09-23T10:27:54.922+0000] {logging_mixin.py:190} INFO - [2026-09-23T10:27:54.922+0000] {dagbag.py:588} INFO - Filling up the DagBag from /home/airflow/.local/lib/python3.12/site-packages/airflow/example_dags/plugins/decreasing_priority_weight_strategy.py
[2026-09-23T10:27:54.925+0000] {processor.py:927} WARNING - No viable dags retrieved from /home/airflow/.local/lib/python3.12/site-packages/airflow/example_dags/plugins/decreasing_priority_weight_strategy.py
[2026-09-23T10:27:54.938+0000] {processor.py:208} INFO - Processing /home/airflow/.local/lib/python3.12/site-packages/airflow/example_dags/plugins/decreasing_priority_weight_strategy.py took 0.028 seconds
[2026-09-23T10:28:25.340+0000] {processor.py:186} INFO - Started process (PID=6985) to work on /home/airflow/.local/lib/python3.12/site-packages/airflow/example_dags/plugins/decreasing_priority_weight_strategy.py
[2026-09-23T10:28:25.341+0000] {processor.py:914} INFO - Processing file /home/airflow/.local/lib/python3.12/site-packages/airflow/example_dags/plugins/decreasing_priority_weight_strategy.py for tasks to queue
[2026-09-23T10:28:25.344+0000] {logging_mixin.py:190} INFO - [2026-09-23T10:28:25.344+0000] {dagbag.py:588} INFO - Filling up the DagBag from /home/airflow/.local/lib/python3.12/site-packages/airflow/example_dags/plugins/decreasing_priority_weight_strategy.py
[2026-09-23T10:28:25.348+0000] {processor.py:927} WARNING - No viable dags retrieved from /home/airflow/.local/lib/python3.12/site-packages/airflow/example_dags/plugins/decreasing_priority_weight_strategy.py
[2026-09-23T10:28:25.366+0000] {processor.py:208} INFO - Processing /home/airflow/.local/lib/python3.12/site-packages/airflow/example_dags/plugins/decreasing_priority_weight_strategy.py took 0.036 seconds
[2026-09-23T10:28:56.236+0000] {processor.py:186} INFO - Started process (PID=7060) to work on /home/airflow/.local/lib/python3.12/site-packages/airflow/example_dags/plugins/decreasing_priority_weight_strategy.py
[2026-09-23T10:28:56.238+0000] {processor.py:914} INFO - Processing file /home/airflow/.local/lib/python3.12/site-packages/airflow/example_dags/plugins/decreasing_priority_weight_strategy.py for tasks to queue
[2026-09-23T10:28:56.241+0000] {logging_mixin.py:190} INFO - [2026-09-23T10:28:56.241+0000] {dagbag.py:588} INFO - Filling up the DagBag from /home/airflow/.local/lib/python3.12/site-packages/airflow/example_dags/plugins/decreasing_priority_weight_strategy.py
[2026-09-23T10:28:56.244+0000] {processor.py:927} WARNING - No viable dags retrieved from /home/airflow/.local/lib/python3.12/site-packages/airflow/example_dags/plugins/decreasing_priority_weight_strategy.py
[2026-09-23T10:28:56.264+0000] {processor.py:208} INFO - Processing /home/airflow/.local/lib/python3.12/site-packages/airflow/example_dags/plugins/decreasing_priority_weight_strategy.py took 0.039 seconds
[2026-09-23T10:29:26.656+0000] {processor.py:186} INFO - Started process (PID=7133) to work on /home/airflow/.local/lib/python3.12/site-packages/airflow/example_dags/plugins/decreasing_priority_weight_strategy.py
[2026-09-23T10:29:26.657+0000] {processor.py:914} INFO - Processing file /home/airflow/.local/lib/python3.12/site-packages/airflow/example_dags/plugins/decreasing_priority_weight_strategy.py for tasks to queue
[2026-09-23T10:29:26.660+0000] {logging_mixin.py:190} INFO - [2026-09-23T10:29:26.660+0000] {dagbag.py:588} INFO - Filling up the DagBag from /home/airflow/.local/lib/python3.12/site-packages/airflow/example_dags/plugins/decreasing_priority_weight_strategy.py
[2026-09-23T10:29:26.664+0000] {processor.py:927} WARNING - No viable dags retrieved from /home/airflow/.local/lib/python3.12/site-packages/airflow/example_dags/plugins/decreasing_priority_weight_strategy.py
[2026-09-23T10:29:26.681+0000] {processor.py:208} INFO - Processing /home/airflow/.local/lib/python3.12/site-packages/airflow/example_dags/plugins/decreasing_priority_weight_strategy.py took 0.033 seconds
[2026-09-23T10:29:57.305+0000] {processor.py:186} INFO - Started process (PID=7205) to work on /home/airflow/.local/lib/python3.12/site-packages/airflow/example_dags/plugins/decreasing_priority_weight_strategy.py
[2026-09-23T10:29:57.307+0000] {processor.py:914} INFO - Processing file /home/airflow/.local/lib/python3.12/site-packages/airflow/example_dags/plugins/decreasing_priority_weight_strategy.py for tasks to queue
[2026-09-23T10:29:57.310+0000] {logging_mixin.py:190} INFO - [2026-09-23T10:29:57.309+0000] {dagbag.py:588} INFO - Filling up the DagBag from /home/airflow/.local/lib/python3.12/site-packages/airflow/example_dags/plugins/decreasing_priority_weight_strategy.py
[2026-09-23T10:29:57.313+0000] {processor.py:927} WARNING - No viable dags retrieved from /home/airflow/.local/lib/python3.12/site-packages/airflow/example_dags/plugins/decreasing_priority_weight_strategy.py
[2026-09-23T10:29:57.329+0000] {processor.py:208} INFO - Processing /home/airflow/.local/lib/python3.12/site-packages/airflow/example_dags/plugins/decreasing_priority_weight_strategy.py took 0.036 seconds
[2026-09-23T10:30:28.114+0000] {processor.py:186} INFO - Started process (PID=7279) to work on /home/airflow/.local/lib/python3.12/site-packages/airflow/example_dags/plugins/decreasing_priority_weight_strategy.py
[2026-09-23T10:30:28.115+0000] {processor.py:914} INFO - Processing file /home/airflow/.local/lib/python3.12/site-packages/airflow/example_dags/plugins/decreasing_priority_weight_strategy.py for tasks to queue
[2026-09-23T10:30:28.120+0000] {logging_mixin.py:190} INFO - [2026-09-23T10:30:28.120+0000] {dagbag.py:588} INFO - Filling up the DagBag from /home/airflow/.local/lib/python3.12/site-packages/airflow/example_dags/plugins/decreasing_priority_weight_strategy.py
[2026-09-23T10:30:28.123+0000] {processor.py:927} WARNING - No viable dags retrieved from /home/airflow/.local/lib/python3.12/site-packages/airflow/example_dags/plugins/decreasing_priority_weight_strategy.py
[2026-09-23T10:30:28.141+0000] {processor.py:208} INFO - Processing /home/airflow/.local/lib/python3.12/site-packages/airflow/example_dags/plugins/decreasing_priority_weight_strategy.py took 0.036 seconds
[2026-09-23T10:30:58.326+0000] {processor.py:186} INFO - Started process (PID=7352) to work on /home/airflow/.local/lib/python3.12/site-packages/airflow/example_dags/plugins/decreasing_priority_weight_strategy.py
[2026-09-23T10:30:58.327+0000] {processor.py:914} INFO - Processing file /home/airflow/.local/lib/python3.12/site-packages/airflow/example_dags/plugins/decreasing_priority_weight_strategy.py for tasks to queue
[2026-09-23T10:30:58.334+0000] {logging_mixin.py:190} INFO - [2026-09-23T10:30:58.333+0000] {dagbag.py:588} INFO - Filling up the DagBag from /home/airflow/.local/lib/python3.12/site-packages/airflow/example_dags/plugins/decreasing_priority_weight_strategy.py
[2026-09-23T10:30:58.340+0000] {processor.py:927} WARNING - No viable dags retrieved from /home/airflow/.local/lib/python3.12/site-packages/airflow/example_dags/plugins/decreasing_priority_weight_strategy.py
[2026-09-23T10:30:58.364+0000] {processor.py:208} INFO - Processing /home/airflow/.local/lib/python3.12/site-packages/airflow/example_dags/plugins/decreasing_priority_weight_strategy.py took 0.049 seconds
[2026-09-23T10:31:28.536+0000] {processor.py:186} INFO - Started process (PID=7426) to work on /home/airflow/.local/lib/python3.12/site-packages/airflow/example_dags/plugins/decreasing_priority_weight_strategy.py
[2026-09-23T10:31:28.537+0000] {processor.py:914} INFO - Processing file /home/airflow/.local/lib/python3.12/site-packages/airflow/example_dags/plugins/decreasing_priority_weight_strategy.py for tasks to queue
[2026-09-23T10:31:28.540+0000] {logging_mixin.py:190} INFO - [2026-09-23T10:31:28.539+0000] {dagbag.py:588} INFO - Filling up the DagBag from /home/airflow/.local/lib/python3.12/site-packages/airflow/example_dags/plugins/decreasing_priority_weight_strategy.py
[2026-09-23T10:31:28.542+0000] {processor.py:927} WARNING - No viable dags retrieved from /home/airflow/.local/lib/python3.12/site-packages/airflow/example_dags/plugins/decreasing_priority_weight_strategy.py
[2026-09-23T10:31:28.560+0000] {processor.py:208} INFO - Processing /home/airflow/.local/lib/python3.12/site-packages/airflow/example_dags/plugins/decreasing_priority_weight_strategy.py took 0.032 seconds
[2026-09-23T10:31:59.054+0000] {processor.py:186} INFO - Started process (PID=7500) to work on /home/airflow/.local/lib/python3.12/site-packages/airflow/example_dags/plugins/decreasing_priority_weight_strategy.py
[2026-09-23T10:31:59.056+0000] {processor.py:914} INFO - Processing file /home/airflow/.local/lib/python3.12/site-packages/airflow/example_dags/plugins/decreasing_priority_weight_strategy.py for tasks to queue
[2026-09-23T10:31:59.059+0000] {logging_mixin.py:190} INFO - [2026-09-23T10:31:59.058+0000] {dagbag.py:588} INFO - Filling up the DagBag from /home/airflow/.local/lib/python3.12/site-packages/airflow/example_dags/plugins/decreasing_priority_weight_strategy.py
[2026-09-23T10:31:59.064+0000] {processor.py:927} WARNING - No viable dags retrieved from /home/airflow/.local/lib/python3.12/site-packages/airflow/example_dags/plugins/decreasing_priority_weight_strategy.py
[2026-09-23T10:31:59.090+0000] {processor.py:208} INFO - Processing /home/airflow/.local/lib/python3.12/site-packages/airflow/example_dags/plugins/decreasing_priority_weight_strategy.py took 0.044 seconds
[2026-09-23T10:32:29.576+0000] {processor.py:186} INFO - Started process (PID=7574) to work on /home/airflow/.local/lib/python3.12/site-packages/airflow/example_dags/plugins/decreasing_priority_weight_strategy.py
[2026-09-23T10:32:29.577+0000] {processor.py:914} INFO - Processing file /home/airflow/.local/lib/python3.12/site-packages/airflow/example_dags/plugins/decreasing_priority_weight_strategy.py for tasks to queue
[2026-09-23T10:32:29.580+0000] {logging_mixin.py:190} INFO - [2026-09-23T10:32:29.580+0000] {dagbag.py:588} INFO - Filling up the DagBag from /home/airflow/.local/lib/python3.12/site-packages/airflow/example_dags/plugins/decreasing_priority_weight_strategy.py
[2026-09-23T10:32:29.584+0000] {processor.py:927} WARNING - No viable dags retrieved from /home/airflow/.local/lib/python3.12/site-packages/airflow/example_dags/plugins/decreasing_priority_weight_strategy.py
[2026-09-23T10:32:29.606+0000] {processor.py:208} INFO - Processing /home/airflow/.local/lib/python3.12/site-packages/airflow/example_dags/plugins/decreasing_priority_weight_strategy.py took 0.039 seconds
[2026-09-23T15:38:55.271+0000] {processor.py:186} INFO - Started process (PID=124) to work on /home/airflow/.local/lib/python3.12/site-packages/airflow/example_dags/plugins/decreasing_priority_weight_strategy.py
[2026-09-23T15:38:55.275+0000] {processor.py:914} INFO - Processing file /home/airflow/.local/lib/python3.12/site-packages/airflow/example_dags/plugins/decreasing_priority_weight_strategy.py for tasks to queue
[2026-09-23T15:38:55.288+0000] {logging_mixin.py:190} INFO - [2026-09-23T15:38:55.286+0000] {dagbag.py:588} INFO - Filling up the DagBag from /home/airflow/.local/lib/python3.12/site-packages/airflow/example_dags/plugins/decreasing_priority_weight_strategy.py
[2026-09-23T15:38:55.296+0000] {processor.py:927} WARNING - No viable dags retrieved from /home/airflow/.local/lib/python3.12/site-packages/airflow/example_dags/plugins/decreasing_priority_weight_strategy.py
[2026-09-23T15:38:55.325+0000] {processor.py:208} INFO - Processing /home/airflow/.local/lib/python3.12/site-packages/airflow/example_dags/plugins/decreasing_priority_weight_strategy.py took 0.098 seconds
[2026-09-23T15:39:28.270+0000] {processor.py:186} INFO - Started process (PID=199) to work on /home/airflow/.local/lib/python3.12/site-packages/airflow/example_dags/plugins/decreasing_priority_weight_strategy.py
[2026-09-23T15:39:28.271+0000] {processor.py:914} INFO - Processing file /home/airflow/.local/lib/python3.12/site-packages/airflow/example_dags/plugins/decreasing_priority_weight_strategy.py for tasks to queue
[2026-09-23T15:39:28.274+0000] {logging_mixin.py:190} INFO - [2026-09-23T15:39:28.274+0000] {dagbag.py:588} INFO - Filling up the DagBag from /home/airflow/.local/lib/python3.12/site-packages/airflow/example_dags/plugins/decreasing_priority_weight_strategy.py
[2026-09-23T15:39:28.278+0000] {processor.py:927} WARNING - No viable dags retrieved from /home/airflow/.local/lib/python3.12/site-packages/airflow/example_dags/plugins/decreasing_priority_weight_strategy.py
[2026-09-23T15:39:28.302+0000] {processor.py:208} INFO - Processing /home/airflow/.local/lib/python3.12/site-packages/airflow/example_dags/plugins/decreasing_priority_weight_strategy.py took 0.039 seconds
[2026-09-23T15:40:00.005+0000] {processor.py:186} INFO - Started process (PID=273) to work on /home/airflow/.local/lib/python3.12/site-packages/airflow/example_dags/plugins/decreasing_priority_weight_strategy.py
[2026-09-23T15:40:00.006+0000] {processor.py:914} INFO - Processing file /home/airflow/.local/lib/python3.12/site-packages/airflow/example_dags/plugins/decreasing_priority_weight_strategy.py for tasks to queue
[2026-09-23T15:40:00.010+0000] {logging_mixin.py:190} INFO - [2026-09-23T15:40:00.009+0000] {dagbag.py:588} INFO - Filling up the DagBag from /home/airflow/.local/lib/python3.12/site-packages/airflow/example_dags/plugins/decreasing_priority_weight_strategy.py
[2026-09-23T15:40:00.014+0000] {processor.py:927} WARNING - No viable dags retrieved from /home/airflow/.local/lib/python3.12/site-packages/airflow/example_dags/plugins/decreasing_priority_weight_strategy.py
[2026-09-23T15:40:00.033+0000] {processor.py:208} INFO - Processing /home/airflow/.local/lib/python3.12/site-packages/airflow/example_dags/plugins/decreasing_priority_weight_strategy.py took 0.037 seconds
[2026-09-23T15:40:32.016+0000] {processor.py:186} INFO - Started process (PID=341) to work on /home/airflow/.local/lib/python3.12/site-packages/airflow/example_dags/plugins/decreasing_priority_weight_strategy.py
[2026-09-23T15:40:32.018+0000] {processor.py:914} INFO - Processing file /home/airflow/.local/lib/python3.12/site-packages/airflow/example_dags/plugins/decreasing_priority_weight_strategy.py for tasks to queue
[2026-09-23T15:40:32.023+0000] {logging_mixin.py:190} INFO - [2026-09-23T15:40:32.022+0000] {dagbag.py:588} INFO - Filling up the DagBag from /home/airflow/.local/lib/python3.12/site-packages/airflow/example_dags/plugins/decreasing_priority_weight_strategy.py
[2026-09-23T15:40:32.029+0000] {processor.py:927} WARNING - No viable dags retrieved from /home/airflow/.local/lib/python3.12/site-packages/airflow/example_dags/plugins/decreasing_priority_weight_strategy.py
[2026-09-23T15:40:32.059+0000] {processor.py:208} INFO - Processing /home/airflow/.local/lib/python3.12/site-packages/airflow/example_dags/plugins/decreasing_priority_weight_strategy.py took 0.058 seconds
[2026-09-23T15:41:04.382+0000] {processor.py:186} INFO - Started process (PID=418) to work on /home/airflow/.local/lib/python3.12/site-packages/airflow/example_dags/plugins/decreasing_priority_weight_strategy.py
[2026-09-23T15:41:04.384+0000] {processor.py:914} INFO - Processing file /home/airflow/.local/lib/python3.12/site-packages/airflow/example_dags/plugins/decreasing_priority_weight_strategy.py for tasks to queue
[2026-09-23T15:41:04.387+0000] {logging_mixin.py:190} INFO - [2026-09-23T15:41:04.387+0000] {dagbag.py:588} INFO - Filling up the DagBag from /home/airflow/.local/lib/python3.12/site-packages/airflow/example_dags/plugins/decreasing_priority_weight_strategy.py
[2026-09-23T15:41:04.391+0000] {processor.py:927} WARNING - No viable dags retrieved from /home/airflow/.local/lib/python3.12/site-packages/airflow/example_dags/plugins/decreasing_priority_weight_strategy.py
[2026-09-23T15:41:04.410+0000] {processor.py:208} INFO - Processing /home/airflow/.local/lib/python3.12/site-packages/airflow/example_dags/plugins/decreasing_priority_weight_strategy.py took 0.041 seconds
[2026-09-23T15:41:35.846+0000] {processor.py:186} INFO - Started process (PID=491) to work on /home/airflow/.local/lib/python3.12/site-packages/airflow/example_dags/plugins/decreasing_priority_weight_strategy.py
[2026-09-23T15:41:35.853+0000] {processor.py:914} INFO - Processing file /home/airflow/.local/lib/python3.12/site-packages/airflow/example_dags/plugins/decreasing_priority_weight_strategy.py for tasks to queue
[2026-09-23T15:41:35.860+0000] {logging_mixin.py:190} INFO - [2026-09-23T15:41:35.859+0000] {dagbag.py:588} INFO - Filling up the DagBag from /home/airflow/.local/lib/python3.12/site-packages/airflow/example_dags/plugins/decreasing_priority_weight_strategy.py
[2026-09-23T15:41:35.865+0000] {processor.py:927} WARNING - No viable dags retrieved from /home/airflow/.local/lib/python3.12/site-packages/airflow/example_dags/plugins/decreasing_priority_weight_strategy.py
[2026-09-23T15:41:35.886+0000] {processor.py:208} INFO - Processing /home/airflow/.local/lib/python3.12/site-packages/airflow/example_dags/plugins/decreasing_priority_weight_strategy.py took 0.054 seconds
[2026-09-23T15:42:10.610+0000] {processor.py:186} INFO - Started process (PID=567) to work on /home/airflow/.local/lib/python3.12/site-packages/airflow/example_dags/plugins/decreasing_priority_weight_strategy.py
[2026-09-23T15:42:10.613+0000] {processor.py:914} INFO - Processing file /home/airflow/.local/lib/python3.12/site-packages/airflow/example_dags/plugins/decreasing_priority_weight_strategy.py for tasks to queue
[2026-09-23T15:42:10.623+0000] {logging_mixin.py:190} INFO - [2026-09-23T15:42:10.618+0000] {dagbag.py:588} INFO - Filling up the DagBag from /home/airflow/.local/lib/python3.12/site-packages/airflow/example_dags/plugins/decreasing_priority_weight_strategy.py
[2026-09-23T15:42:10.636+0000] {processor.py:927} WARNING - No viable dags retrieved from /home/airflow/.local/lib/python3.12/site-packages/airflow/example_dags/plugins/decreasing_priority_weight_strategy.py
[2026-09-23T15:42:10.713+0000] {processor.py:208} INFO - Processing /home/airflow/.local/lib/python3.12/site-packages/airflow/example_dags/plugins/decreasing_priority_weight_strategy.py took 0.126 seconds
[2026-09-23T15:42:43.330+0000] {processor.py:186} INFO - Started process (PID=642) to work on /home/airflow/.local/lib/python3.12/site-packages/airflow/example_dags/plugins/decreasing_priority_weight_strategy.py
[2026-09-23T15:42:43.333+0000] {processor.py:914} INFO - Processing file /home/airflow/.local/lib/python3.12/site-packages/airflow/example_dags/plugins/decreasing_priority_weight_strategy.py for tasks to queue
[2026-09-23T15:42:43.337+0000] {logging_mixin.py:190} INFO - [2026-09-23T15:42:43.337+0000] {dagbag.py:588} INFO - Filling up the DagBag from /home/airflow/.local/lib/python3.12/site-packages/airflow/example_dags/plugins/decreasing_priority_weight_strategy.py
[2026-09-23T15:42:43.343+0000] {processor.py:927} WARNING - No viable dags retrieved from /home/airflow/.local/lib/python3.12/site-packages/airflow/example_dags/plugins/decreasing_priority_weight_strategy.py
[2026-09-23T15:42:43.382+0000] {processor.py:208} INFO - Processing /home/airflow/.local/lib/python3.12/site-packages/airflow/example_dags/plugins/decreasing_priority_weight_strategy.py took 0.063 seconds
[2026-09-23T15:43:14.855+0000] {processor.py:186} INFO - Started process (PID=711) to work on /home/airflow/.local/lib/python3.12/site-packages/airflow/example_dags/plugins/decreasing_priority_weight_strategy.py
[2026-09-23T15:43:14.856+0000] {processor.py:914} INFO - Processing file /home/airflow/.local/lib/python3.12/site-packages/airflow/example_dags/plugins/decreasing_priority_weight_strategy.py for tasks to queue
[2026-09-23T15:43:14.860+0000] {logging_mixin.py:190} INFO - [2026-09-23T15:43:14.860+0000] {dagbag.py:588} INFO - Filling up the DagBag from /home/airflow/.local/lib/python3.12/site-packages/airflow/example_dags/plugins/decreasing_priority_weight_strategy.py
[2026-09-23T15:43:14.865+0000] {processor.py:927} WARNING - No viable dags retrieved from /home/airflow/.local/lib/python3.12/site-packages/airflow/example_dags/plugins/decreasing_priority_weight_strategy.py
[2026-09-23T15:43:14.891+0000] {processor.py:208} INFO - Processing /home/airflow/.local/lib/python3.12/site-packages/airflow/example_dags/plugins/decreasing_priority_weight_strategy.py took 0.048 seconds
[2026-09-23T15:43:46.636+0000] {processor.py:186} INFO - Started process (PID=789) to work on /home/airflow/.local/lib/python3.12/site-packages/airflow/example_dags/plugins/decreasing_priority_weight_strategy.py
[2026-09-23T15:43:46.637+0000] {processor.py:914} INFO - Processing file /home/airflow/.local/lib/python3.12/site-packages/airflow/example_dags/plugins/decreasing_priority_weight_strategy.py for tasks to queue
[2026-09-23T15:43:46.641+0000] {logging_mixin.py:190} INFO - [2026-09-23T15:43:46.640+0000] {dagbag.py:588} INFO - Filling up the DagBag from /home/airflow/.local/lib/python3.12/site-packages/airflow/example_dags/plugins/decreasing_priority_weight_strategy.py
[2026-09-23T15:43:46.645+0000] {processor.py:927} WARNING - No viable dags retrieved from /home/airflow/.local/lib/python3.12/site-packages/airflow/example_dags/plugins/decreasing_priority_weight_strategy.py
[2026-09-23T15:43:46.665+0000] {processor.py:208} INFO - Processing /home/airflow/.local/lib/python3.12/site-packages/airflow/example_dags/plugins/decreasing_priority_weight_strategy.py took 0.040 seconds
[2026-09-23T15:44:19.147+0000] {processor.py:186} INFO - Started process (PID=866) to work on /home/airflow/.local/lib/python3.12/site-packages/airflow/example_dags/plugins/decreasing_priority_weight_strategy.py
[2026-09-23T15:44:19.149+0000] {processor.py:914} INFO - Processing file /home/airflow/.local/lib/python3.12/site-packages/airflow/example_dags/plugins/decreasing_priority_weight_strategy.py for tasks to queue
[2026-09-23T15:44:19.157+0000] {logging_mixin.py:190} INFO - [2026-09-23T15:44:19.156+0000] {dagbag.py:588} INFO - Filling up the DagBag from /home/airflow/.local/lib/python3.12/site-packages/airflow/example_dags/plugins/decreasing_priority_weight_strategy.py
[2026-09-23T15:44:19.161+0000] {processor.py:927} WARNING - No viable dags retrieved from /home/airflow/.local/lib/python3.12/site-packages/airflow/example_dags/plugins/decreasing_priority_weight_strategy.py
[2026-09-23T15:44:19.182+0000] {processor.py:208} INFO - Processing /home/airflow/.local/lib/python3.12/site-packages/airflow/example_dags/plugins/decreasing_priority_weight_strategy.py took 0.054 seconds
[2026-09-23T15:44:51.719+0000] {processor.py:186} INFO - Started process (PID=945) to work on /home/airflow/.local/lib/python3.12/site-packages/airflow/example_dags/plugins/decreasing_priority_weight_strategy.py
[2026-09-23T15:44:51.720+0000] {processor.py:914} INFO - Processing file /home/airflow/.local/lib/python3.12/site-packages/airflow/example_dags/plugins/decreasing_priority_weight_strategy.py for tasks to queue
[2026-09-23T15:44:51.723+0000] {logging_mixin.py:190} INFO - [2026-09-23T15:44:51.722+0000] {dagbag.py:588} INFO - Filling up the DagBag from /home/airflow/.local/lib/python3.12/site-packages/airflow/example_dags/plugins/decreasing_priority_weight_strategy.py
[2026-09-23T15:44:51.726+0000] {processor.py:927} WARNING - No viable dags retrieved from /home/airflow/.local/lib/python3.12/site-packages/airflow/example_dags/plugins/decreasing_priority_weight_strategy.py
[2026-09-23T15:44:51.750+0000] {processor.py:208} INFO - Processing /home/airflow/.local/lib/python3.12/site-packages/airflow/example_dags/plugins/decreasing_priority_weight_strategy.py took 0.041 seconds
[2026-09-23T15:45:23.609+0000] {processor.py:186} INFO - Started process (PID=1021) to work on /home/airflow/.local/lib/python3.12/site-packages/airflow/example_dags/plugins/decreasing_priority_weight_strategy.py
[2026-09-23T15:45:23.611+0000] {processor.py:914} INFO - Processing file /home/airflow/.local/lib/python3.12/site-packages/airflow/example_dags/plugins/decreasing_priority_weight_strategy.py for tasks to queue
[2026-09-23T15:45:23.614+0000] {logging_mixin.py:190} INFO - [2026-09-23T15:45:23.614+0000] {dagbag.py:588} INFO - Filling up the DagBag from /home/airflow/.local/lib/python3.12/site-packages/airflow/example_dags/plugins/decreasing_priority_weight_strategy.py
[2026-09-23T15:45:23.618+0000] {processor.py:927} WARNING - No viable dags retrieved from /home/airflow/.local/lib/python3.12/site-packages/airflow/example_dags/plugins/decreasing_priority_weight_strategy.py
[2026-09-23T15:45:23.636+0000] {processor.py:208} INFO - Processing /home/airflow/.local/lib/python3.12/site-packages/airflow/example_dags/plugins/decreasing_priority_weight_strategy.py took 0.037 seconds
[2026-09-23T15:45:55.820+0000] {processor.py:186} INFO - Started process (PID=1095) to work on /home/airflow/.local/lib/python3.12/site-packages/airflow/example_dags/plugins/decreasing_priority_weight_strategy.py
[2026-09-23T15:45:55.825+0000] {processor.py:914} INFO - Processing file /home/airflow/.local/lib/python3.12/site-packages/airflow/example_dags/plugins/decreasing_priority_weight_strategy.py for tasks to queue
[2026-09-23T15:45:55.835+0000] {logging_mixin.py:190} INFO - [2026-09-23T15:45:55.834+0000] {dagbag.py:588} INFO - Filling up the DagBag from /home/airflow/.local/lib/python3.12/site-packages/airflow/example_dags/plugins/decreasing_priority_weight_strategy.py
[2026-09-23T15:45:55.857+0000] {processor.py:927} WARNING - No viable dags retrieved from /home/airflow/.local/lib/python3.12/site-packages/airflow/example_dags/plugins/decreasing_priority_weight_strategy.py
[2026-09-23T15:45:55.925+0000] {processor.py:208} INFO - Processing /home/airflow/.local/lib/python3.12/site-packages/airflow/example_dags/plugins/decreasing_priority_weight_strategy.py took 0.141 seconds
[2026-09-23T15:46:28.147+0000] {processor.py:186} INFO - Started process (PID=1170) to work on /home/airflow/.local/lib/python3.12/site-packages/airflow/example_dags/plugins/decreasing_priority_weight_strategy.py
[2026-09-23T15:46:28.149+0000] {processor.py:914} INFO - Processing file /home/airflow/.local/lib/python3.12/site-packages/airflow/example_dags/plugins/decreasing_priority_weight_strategy.py for tasks to queue
[2026-09-23T15:46:28.151+0000] {logging_mixin.py:190} INFO - [2026-09-23T15:46:28.151+0000] {dagbag.py:588} INFO - Filling up the DagBag from /home/airflow/.local/lib/python3.12/site-packages/airflow/example_dags/plugins/decreasing_priority_weight_strategy.py
[2026-09-23T15:46:28.155+0000] {processor.py:927} WARNING - No viable dags retrieved from /home/airflow/.local/lib/python3.12/site-packages/airflow/example_dags/plugins/decreasing_priority_weight_strategy.py
[2026-09-23T15:46:28.190+0000] {processor.py:208} INFO - Processing /home/airflow/.local/lib/python3.12/site-packages/airflow/example_dags/plugins/decreasing_priority_weight_strategy.py took 0.060 seconds
[2026-09-23T15:47:00.005+0000] {processor.py:186} INFO - Started process (PID=1245) to work on /home/airflow/.local/lib/python3.12/site-packages/airflow/example_dags/plugins/decreasing_priority_weight_strategy.py
[2026-09-23T15:47:00.006+0000] {processor.py:914} INFO - Processing file /home/airflow/.local/lib/python3.12/site-packages/airflow/example_dags/plugins/decreasing_priority_weight_strategy.py for tasks to queue
[2026-09-23T15:47:00.009+0000] {logging_mixin.py:190} INFO - [2026-09-23T15:47:00.009+0000] {dagbag.py:588} INFO - Filling up the DagBag from /home/airflow/.local/lib/python3.12/site-packages/airflow/example_dags/plugins/decreasing_priority_weight_strategy.py
[2026-09-23T15:47:00.013+0000] {processor.py:927} WARNING - No viable dags retrieved from /home/airflow/.local/lib/python3.12/site-packages/airflow/example_dags/plugins/decreasing_priority_weight_strategy.py
[2026-09-23T15:47:00.031+0000] {processor.py:208} INFO - Processing /home/airflow/.local/lib/python3.12/site-packages/airflow/example_dags/plugins/decreasing_priority_weight_strategy.py took 0.037 seconds
[2026-09-23T15:47:31.888+0000] {processor.py:186} INFO - Started process (PID=1320) to work on /home/airflow/.local/lib/python3.12/site-packages/airflow/example_dags/plugins/decreasing_priority_weight_strategy.py
[2026-09-23T15:47:31.889+0000] {processor.py:914} INFO - Processing file /home/airflow/.local/lib/python3.12/site-packages/airflow/example_dags/plugins/decreasing_priority_weight_strategy.py for tasks to queue
[2026-09-23T15:47:31.892+0000] {logging_mixin.py:190} INFO - [2026-09-23T15:47:31.891+0000] {dagbag.py:588} INFO - Filling up the DagBag from /home/airflow/.local/lib/python3.12/site-packages/airflow/example_dags/plugins/decreasing_priority_weight_strategy.py
[2026-09-23T15:47:31.895+0000] {processor.py:927} WARNING - No viable dags retrieved from /home/airflow/.local/lib/python3.12/site-packages/airflow/example_dags/plugins/decreasing_priority_weight_strategy.py
[2026-09-23T15:47:31.910+0000] {processor.py:208} INFO - Processing /home/airflow/.local/lib/python3.12/site-packages/airflow/example_dags/plugins/decreasing_priority_weight_strategy.py took 0.032 seconds
[2026-09-23T15:48:03.913+0000] {processor.py:186} INFO - Started process (PID=1401) to work on /home/airflow/.local/lib/python3.12/site-packages/airflow/example_dags/plugins/decreasing_priority_weight_strategy.py
[2026-09-23T15:48:03.915+0000] {processor.py:914} INFO - Processing file /home/airflow/.local/lib/python3.12/site-packages/airflow/example_dags/plugins/decreasing_priority_weight_strategy.py for tasks to queue
[2026-09-23T15:48:03.917+0000] {logging_mixin.py:190} INFO - [2026-09-23T15:48:03.917+0000] {dagbag.py:588} INFO - Filling up the DagBag from /home/airflow/.local/lib/python3.12/site-packages/airflow/example_dags/plugins/decreasing_priority_weight_strategy.py
[2026-09-23T15:48:03.921+0000] {processor.py:927} WARNING - No viable dags retrieved from /home/airflow/.local/lib/python3.12/site-packages/airflow/example_dags/plugins/decreasing_priority_weight_strategy.py
[2026-09-23T15:48:03.937+0000] {processor.py:208} INFO - Processing /home/airflow/.local/lib/python3.12/site-packages/airflow/example_dags/plugins/decreasing_priority_weight_strategy.py took 0.033 seconds
[2026-09-23T15:48:35.429+0000] {processor.py:186} INFO - Started process (PID=1475) to work on /home/airflow/.local/lib/python3.12/site-packages/airflow/example_dags/plugins/decreasing_priority_weight_strategy.py
[2026-09-23T15:48:35.430+0000] {processor.py:914} INFO - Processing file /home/airflow/.local/lib/python3.12/site-packages/airflow/example_dags/plugins/decreasing_priority_weight_strategy.py for tasks to queue
[2026-09-23T15:48:35.434+0000] {logging_mixin.py:190} INFO - [2026-09-23T15:48:35.433+0000] {dagbag.py:588} INFO - Filling up the DagBag from /home/airflow/.local/lib/python3.12/site-packages/airflow/example_dags/plugins/decreasing_priority_weight_strategy.py
[2026-09-23T15:48:35.438+0000] {processor.py:927} WARNING - No viable dags retrieved from /home/airflow/.local/lib/python3.12/site-packages/airflow/example_dags/plugins/decreasing_priority_weight_strategy.py
[2026-09-23T15:48:35.459+0000] {processor.py:208} INFO - Processing /home/airflow/.local/lib/python3.12/site-packages/airflow/example_dags/plugins/decreasing_priority_weight_strategy.py took 0.039 seconds
[2026-09-23T15:49:07.435+0000] {processor.py:186} INFO - Started process (PID=1553) to work on /home/airflow/.local/lib/python3.12/site-packages/airflow/example_dags/plugins/decreasing_priority_weight_strategy.py
[2026-09-23T15:49:07.436+0000] {processor.py:914} INFO - Processing file /home/airflow/.local/lib/python3.12/site-packages/airflow/example_dags/plugins/decreasing_priority_weight_strategy.py for tasks to queue
[2026-09-23T15:49:07.439+0000] {logging_mixin.py:190} INFO - [2026-09-23T15:49:07.439+0000] {dagbag.py:588} INFO - Filling up the DagBag from /home/airflow/.local/lib/python3.12/site-packages/airflow/example_dags/plugins/decreasing_priority_weight_strategy.py
[2026-09-23T15:49:07.443+0000] {processor.py:927} WARNING - No viable dags retrieved from /home/airflow/.local/lib/python3.12/site-packages/airflow/example_dags/plugins/decreasing_priority_weight_strategy.py
[2026-09-23T15:49:07.466+0000] {processor.py:208} INFO - Processing /home/airflow/.local/lib/python3.12/site-packages/airflow/example_dags/plugins/decreasing_priority_weight_strategy.py took 0.041 seconds
[2026-09-23T15:49:39.578+0000] {processor.py:186} INFO - Started process (PID=1635) to work on /home/airflow/.local/lib/python3.12/site-packages/airflow/example_dags/plugins/decreasing_priority_weight_strategy.py
[2026-09-23T15:49:39.579+0000] {processor.py:914} INFO - Processing file /home/airflow/.local/lib/python3.12/site-packages/airflow/example_dags/plugins/decreasing_priority_weight_strategy.py for tasks to queue
[2026-09-23T15:49:39.583+0000] {logging_mixin.py:190} INFO - [2026-09-23T15:49:39.582+0000] {dagbag.py:588} INFO - Filling up the DagBag from /home/airflow/.local/lib/python3.12/site-packages/airflow/example_dags/plugins/decreasing_priority_weight_strategy.py
[2026-09-23T15:49:39.588+0000] {processor.py:927} WARNING - No viable dags retrieved from /home/airflow/.local/lib/python3.12/site-packages/airflow/example_dags/plugins/decreasing_priority_weight_strategy.py
[2026-09-23T15:49:39.624+0000] {processor.py:208} INFO - Processing /home/airflow/.local/lib/python3.12/site-packages/airflow/example_dags/plugins/decreasing_priority_weight_strategy.py took 0.068 seconds
[2026-09-23T15:50:11.120+0000] {processor.py:186} INFO - Started process (PID=1710) to work on /home/airflow/.local/lib/python3.12/site-packages/airflow/example_dags/plugins/decreasing_priority_weight_strategy.py
[2026-09-23T15:50:11.123+0000] {processor.py:914} INFO - Processing file /home/airflow/.local/lib/python3.12/site-packages/airflow/example_dags/plugins/decreasing_priority_weight_strategy.py for tasks to queue
[2026-09-23T15:50:11.128+0000] {logging_mixin.py:190} INFO - [2026-09-23T15:50:11.128+0000] {dagbag.py:588} INFO - Filling up the DagBag from /home/airflow/.local/lib/python3.12/site-packages/airflow/example_dags/plugins/decreasing_priority_weight_strategy.py
[2026-09-23T15:50:11.132+0000] {processor.py:927} WARNING - No viable dags retrieved from /home/airflow/.local/lib/python3.12/site-packages/airflow/example_dags/plugins/decreasing_priority_weight_strategy.py
[2026-09-23T15:50:11.158+0000] {processor.py:208} INFO - Processing /home/airflow/.local/lib/python3.12/site-packages/airflow/example_dags/plugins/decreasing_priority_weight_strategy.py took 0.048 seconds
[2026-09-23T15:50:42.447+0000] {processor.py:186} INFO - Started process (PID=1784) to work on /home/airflow/.local/lib/python3.12/site-packages/airflow/example_dags/plugins/decreasing_priority_weight_strategy.py
[2026-09-23T15:50:42.449+0000] {processor.py:914} INFO - Processing file /home/airflow/.local/lib/python3.12/site-packages/airflow/example_dags/plugins/decreasing_priority_weight_strategy.py for tasks to queue
[2026-09-23T15:50:42.455+0000] {logging_mixin.py:190} INFO - [2026-09-23T15:50:42.454+0000] {dagbag.py:588} INFO - Filling up the DagBag from /home/airflow/.local/lib/python3.12/site-packages/airflow/example_dags/plugins/decreasing_priority_weight_strategy.py
[2026-09-23T15:50:42.463+0000] {processor.py:927} WARNING - No viable dags retrieved from /home/airflow/.local/lib/python3.12/site-packages/airflow/example_dags/plugins/decreasing_priority_weight_strategy.py
[2026-09-23T15:50:42.493+0000] {processor.py:208} INFO - Processing /home/airflow/.local/lib/python3.12/site-packages/airflow/example_dags/plugins/decreasing_priority_weight_strategy.py took 0.071 seconds
[2026-09-23T15:51:14.624+0000] {processor.py:186} INFO - Started process (PID=1860) to work on /home/airflow/.local/lib/python3.12/site-packages/airflow/example_dags/plugins/decreasing_priority_weight_strategy.py
[2026-09-23T15:51:14.625+0000] {processor.py:914} INFO - Processing file /home/airflow/.local/lib/python3.12/site-packages/airflow/example_dags/plugins/decreasing_priority_weight_strategy.py for tasks to queue
[2026-09-23T15:51:14.628+0000] {logging_mixin.py:190} INFO - [2026-09-23T15:51:14.628+0000] {dagbag.py:588} INFO - Filling up the DagBag from /home/airflow/.local/lib/python3.12/site-packages/airflow/example_dags/plugins/decreasing_priority_weight_strategy.py
[2026-09-23T15:51:14.636+0000] {processor.py:927} WARNING - No viable dags retrieved from /home/airflow/.local/lib/python3.12/site-packages/airflow/example_dags/plugins/decreasing_priority_weight_strategy.py
[2026-09-23T15:51:14.668+0000] {processor.py:208} INFO - Processing /home/airflow/.local/lib/python3.12/site-packages/airflow/example_dags/plugins/decreasing_priority_weight_strategy.py took 0.055 seconds
[2026-09-23T15:51:45.854+0000] {processor.py:186} INFO - Started process (PID=1935) to work on /home/airflow/.local/lib/python3.12/site-packages/airflow/example_dags/plugins/decreasing_priority_weight_strategy.py
[2026-09-23T15:51:45.856+0000] {processor.py:914} INFO - Processing file /home/airflow/.local/lib/python3.12/site-packages/airflow/example_dags/plugins/decreasing_priority_weight_strategy.py for tasks to queue
[2026-09-23T15:51:45.859+0000] {logging_mixin.py:190} INFO - [2026-09-23T15:51:45.858+0000] {dagbag.py:588} INFO - Filling up the DagBag from /home/airflow/.local/lib/python3.12/site-packages/airflow/example_dags/plugins/decreasing_priority_weight_strategy.py
[2026-09-23T15:51:45.863+0000] {processor.py:927} WARNING - No viable dags retrieved from /home/airflow/.local/lib/python3.12/site-packages/airflow/example_dags/plugins/decreasing_priority_weight_strategy.py
[2026-09-23T15:51:45.882+0000] {processor.py:208} INFO - Processing /home/airflow/.local/lib/python3.12/site-packages/airflow/example_dags/plugins/decreasing_priority_weight_strategy.py took 0.040 seconds
[2026-09-23T15:52:17.107+0000] {processor.py:186} INFO - Started process (PID=2011) to work on /home/airflow/.local/lib/python3.12/site-packages/airflow/example_dags/plugins/decreasing_priority_weight_strategy.py
[2026-09-23T15:52:17.110+0000] {processor.py:914} INFO - Processing file /home/airflow/.local/lib/python3.12/site-packages/airflow/example_dags/plugins/decreasing_priority_weight_strategy.py for tasks to queue
[2026-09-23T15:52:17.114+0000] {logging_mixin.py:190} INFO - [2026-09-23T15:52:17.113+0000] {dagbag.py:588} INFO - Filling up the DagBag from /home/airflow/.local/lib/python3.12/site-packages/airflow/example_dags/plugins/decreasing_priority_weight_strategy.py
[2026-09-23T15:52:17.117+0000] {processor.py:927} WARNING - No viable dags retrieved from /home/airflow/.local/lib/python3.12/site-packages/airflow/example_dags/plugins/decreasing_priority_weight_strategy.py
[2026-09-23T15:52:17.137+0000] {processor.py:208} INFO - Processing /home/airflow/.local/lib/python3.12/site-packages/airflow/example_dags/plugins/decreasing_priority_weight_strategy.py took 0.041 seconds
[2026-09-23T15:52:48.236+0000] {processor.py:186} INFO - Started process (PID=2086) to work on /home/airflow/.local/lib/python3.12/site-packages/airflow/example_dags/plugins/decreasing_priority_weight_strategy.py
[2026-09-23T15:52:48.239+0000] {processor.py:914} INFO - Processing file /home/airflow/.local/lib/python3.12/site-packages/airflow/example_dags/plugins/decreasing_priority_weight_strategy.py for tasks to queue
[2026-09-23T15:52:48.244+0000] {logging_mixin.py:190} INFO - [2026-09-23T15:52:48.243+0000] {dagbag.py:588} INFO - Filling up the DagBag from /home/airflow/.local/lib/python3.12/site-packages/airflow/example_dags/plugins/decreasing_priority_weight_strategy.py
[2026-09-23T15:52:48.248+0000] {processor.py:927} WARNING - No viable dags retrieved from /home/airflow/.local/lib/python3.12/site-packages/airflow/example_dags/plugins/decreasing_priority_weight_strategy.py
[2026-09-23T15:52:48.270+0000] {processor.py:208} INFO - Processing /home/airflow/.local/lib/python3.12/site-packages/airflow/example_dags/plugins/decreasing_priority_weight_strategy.py took 0.043 seconds
[2026-09-23T15:53:19.770+0000] {processor.py:186} INFO - Started process (PID=2161) to work on /home/airflow/.local/lib/python3.12/site-packages/airflow/example_dags/plugins/decreasing_priority_weight_strategy.py
[2026-09-23T15:53:19.771+0000] {processor.py:914} INFO - Processing file /home/airflow/.local/lib/python3.12/site-packages/airflow/example_dags/plugins/decreasing_priority_weight_strategy.py for tasks to queue
[2026-09-23T15:53:19.774+0000] {logging_mixin.py:190} INFO - [2026-09-23T15:53:19.774+0000] {dagbag.py:588} INFO - Filling up the DagBag from /home/airflow/.local/lib/python3.12/site-packages/airflow/example_dags/plugins/decreasing_priority_weight_strategy.py
[2026-09-23T15:53:19.778+0000] {processor.py:927} WARNING - No viable dags retrieved from /home/airflow/.local/lib/python3.12/site-packages/airflow/example_dags/plugins/decreasing_priority_weight_strategy.py
[2026-09-23T15:53:19.804+0000] {processor.py:208} INFO - Processing /home/airflow/.local/lib/python3.12/site-packages/airflow/example_dags/plugins/decreasing_priority_weight_strategy.py took 0.046 seconds
[2026-09-23T15:53:51.670+0000] {processor.py:186} INFO - Started process (PID=2236) to work on /home/airflow/.local/lib/python3.12/site-packages/airflow/example_dags/plugins/decreasing_priority_weight_strategy.py
[2026-09-23T15:53:51.672+0000] {processor.py:914} INFO - Processing file /home/airflow/.local/lib/python3.12/site-packages/airflow/example_dags/plugins/decreasing_priority_weight_strategy.py for tasks to queue
[2026-09-23T15:53:51.675+0000] {logging_mixin.py:190} INFO - [2026-09-23T15:53:51.674+0000] {dagbag.py:588} INFO - Filling up the DagBag from /home/airflow/.local/lib/python3.12/site-packages/airflow/example_dags/plugins/decreasing_priority_weight_strategy.py
[2026-09-23T15:53:51.679+0000] {processor.py:927} WARNING - No viable dags retrieved from /home/airflow/.local/lib/python3.12/site-packages/airflow/example_dags/plugins/decreasing_priority_weight_strategy.py
[2026-09-23T15:53:51.706+0000] {processor.py:208} INFO - Processing /home/airflow/.local/lib/python3.12/site-packages/airflow/example_dags/plugins/decreasing_priority_weight_strategy.py took 0.046 seconds
[2026-09-23T15:54:23.957+0000] {processor.py:186} INFO - Started process (PID=2314) to work on /home/airflow/.local/lib/python3.12/site-packages/airflow/example_dags/plugins/decreasing_priority_weight_strategy.py
[2026-09-23T15:54:23.958+0000] {processor.py:914} INFO - Processing file /home/airflow/.local/lib/python3.12/site-packages/airflow/example_dags/plugins/decreasing_priority_weight_strategy.py for tasks to queue
[2026-09-23T15:54:23.962+0000] {logging_mixin.py:190} INFO - [2026-09-23T15:54:23.961+0000] {dagbag.py:588} INFO - Filling up the DagBag from /home/airflow/.local/lib/python3.12/site-packages/airflow/example_dags/plugins/decreasing_priority_weight_strategy.py
[2026-09-23T15:54:23.965+0000] {processor.py:927} WARNING - No viable dags retrieved from /home/airflow/.local/lib/python3.12/site-packages/airflow/example_dags/plugins/decreasing_priority_weight_strategy.py
[2026-09-23T15:54:23.999+0000] {processor.py:208} INFO - Processing /home/airflow/.local/lib/python3.12/site-packages/airflow/example_dags/plugins/decreasing_priority_weight_strategy.py took 0.063 seconds
[2026-09-23T15:54:55.860+0000] {processor.py:186} INFO - Started process (PID=2388) to work on /home/airflow/.local/lib/python3.12/site-packages/airflow/example_dags/plugins/decreasing_priority_weight_strategy.py
[2026-09-23T15:54:55.861+0000] {processor.py:914} INFO - Processing file /home/airflow/.local/lib/python3.12/site-packages/airflow/example_dags/plugins/decreasing_priority_weight_strategy.py for tasks to queue
[2026-09-23T15:54:55.865+0000] {logging_mixin.py:190} INFO - [2026-09-23T15:54:55.864+0000] {dagbag.py:588} INFO - Filling up the DagBag from /home/airflow/.local/lib/python3.12/site-packages/airflow/example_dags/plugins/decreasing_priority_weight_strategy.py
[2026-09-23T15:54:55.872+0000] {processor.py:927} WARNING - No viable dags retrieved from /home/airflow/.local/lib/python3.12/site-packages/airflow/example_dags/plugins/decreasing_priority_weight_strategy.py
[2026-09-23T15:54:55.898+0000] {processor.py:208} INFO - Processing /home/airflow/.local/lib/python3.12/site-packages/airflow/example_dags/plugins/decreasing_priority_weight_strategy.py took 0.050 seconds
[2026-09-23T15:55:30.379+0000] {processor.py:186} INFO - Started process (PID=2463) to work on /home/airflow/.local/lib/python3.12/site-packages/airflow/example_dags/plugins/decreasing_priority_weight_strategy.py
[2026-09-23T15:55:30.389+0000] {processor.py:914} INFO - Processing file /home/airflow/.local/lib/python3.12/site-packages/airflow/example_dags/plugins/decreasing_priority_weight_strategy.py for tasks to queue
[2026-09-23T15:55:30.400+0000] {logging_mixin.py:190} INFO - [2026-09-23T15:55:30.399+0000] {dagbag.py:588} INFO - Filling up the DagBag from /home/airflow/.local/lib/python3.12/site-packages/airflow/example_dags/plugins/decreasing_priority_weight_strategy.py
[2026-09-23T15:55:30.408+0000] {processor.py:927} WARNING - No viable dags retrieved from /home/airflow/.local/lib/python3.12/site-packages/airflow/example_dags/plugins/decreasing_priority_weight_strategy.py
[2026-09-23T15:55:30.449+0000] {processor.py:208} INFO - Processing /home/airflow/.local/lib/python3.12/site-packages/airflow/example_dags/plugins/decreasing_priority_weight_strategy.py took 0.111 seconds
[2026-09-23T15:56:02.970+0000] {processor.py:186} INFO - Started process (PID=2540) to work on /home/airflow/.local/lib/python3.12/site-packages/airflow/example_dags/plugins/decreasing_priority_weight_strategy.py
[2026-09-23T15:56:02.980+0000] {processor.py:914} INFO - Processing file /home/airflow/.local/lib/python3.12/site-packages/airflow/example_dags/plugins/decreasing_priority_weight_strategy.py for tasks to queue
[2026-09-23T15:56:03.001+0000] {logging_mixin.py:190} INFO - [2026-09-23T15:56:03.001+0000] {dagbag.py:588} INFO - Filling up the DagBag from /home/airflow/.local/lib/python3.12/site-packages/airflow/example_dags/plugins/decreasing_priority_weight_strategy.py
[2026-09-23T15:56:03.021+0000] {processor.py:927} WARNING - No viable dags retrieved from /home/airflow/.local/lib/python3.12/site-packages/airflow/example_dags/plugins/decreasing_priority_weight_strategy.py
[2026-09-23T15:56:03.069+0000] {processor.py:208} INFO - Processing /home/airflow/.local/lib/python3.12/site-packages/airflow/example_dags/plugins/decreasing_priority_weight_strategy.py took 0.135 seconds
[2026-09-23T15:56:33.172+0000] {processor.py:186} INFO - Started process (PID=2612) to work on /home/airflow/.local/lib/python3.12/site-packages/airflow/example_dags/plugins/decreasing_priority_weight_strategy.py
[2026-09-23T15:56:33.174+0000] {processor.py:914} INFO - Processing file /home/airflow/.local/lib/python3.12/site-packages/airflow/example_dags/plugins/decreasing_priority_weight_strategy.py for tasks to queue
[2026-09-23T15:56:33.177+0000] {logging_mixin.py:190} INFO - [2026-09-23T15:56:33.177+0000] {dagbag.py:588} INFO - Filling up the DagBag from /home/airflow/.local/lib/python3.12/site-packages/airflow/example_dags/plugins/decreasing_priority_weight_strategy.py
[2026-09-23T15:56:33.181+0000] {processor.py:927} WARNING - No viable dags retrieved from /home/airflow/.local/lib/python3.12/site-packages/airflow/example_dags/plugins/decreasing_priority_weight_strategy.py
[2026-09-23T15:56:33.222+0000] {processor.py:208} INFO - Processing /home/airflow/.local/lib/python3.12/site-packages/airflow/example_dags/plugins/decreasing_priority_weight_strategy.py took 0.059 seconds
[2026-09-23T15:57:05.779+0000] {processor.py:186} INFO - Started process (PID=2679) to work on /home/airflow/.local/lib/python3.12/site-packages/airflow/example_dags/plugins/decreasing_priority_weight_strategy.py
[2026-09-23T15:57:05.787+0000] {processor.py:914} INFO - Processing file /home/airflow/.local/lib/python3.12/site-packages/airflow/example_dags/plugins/decreasing_priority_weight_strategy.py for tasks to queue
[2026-09-23T15:57:05.796+0000] {logging_mixin.py:190} INFO - [2026-09-23T15:57:05.794+0000] {dagbag.py:588} INFO - Filling up the DagBag from /home/airflow/.local/lib/python3.12/site-packages/airflow/example_dags/plugins/decreasing_priority_weight_strategy.py
[2026-09-23T15:57:05.805+0000] {processor.py:927} WARNING - No viable dags retrieved from /home/airflow/.local/lib/python3.12/site-packages/airflow/example_dags/plugins/decreasing_priority_weight_strategy.py
[2026-09-23T15:57:05.863+0000] {processor.py:208} INFO - Processing /home/airflow/.local/lib/python3.12/site-packages/airflow/example_dags/plugins/decreasing_priority_weight_strategy.py took 0.133 seconds
[2026-09-23T15:57:39.939+0000] {processor.py:186} INFO - Started process (PID=2753) to work on /home/airflow/.local/lib/python3.12/site-packages/airflow/example_dags/plugins/decreasing_priority_weight_strategy.py
[2026-09-23T15:57:39.942+0000] {processor.py:914} INFO - Processing file /home/airflow/.local/lib/python3.12/site-packages/airflow/example_dags/plugins/decreasing_priority_weight_strategy.py for tasks to queue
[2026-09-23T15:57:39.951+0000] {logging_mixin.py:190} INFO - [2026-09-23T15:57:39.950+0000] {dagbag.py:588} INFO - Filling up the DagBag from /home/airflow/.local/lib/python3.12/site-packages/airflow/example_dags/plugins/decreasing_priority_weight_strategy.py
[2026-09-23T15:57:39.956+0000] {processor.py:927} WARNING - No viable dags retrieved from /home/airflow/.local/lib/python3.12/site-packages/airflow/example_dags/plugins/decreasing_priority_weight_strategy.py
[2026-09-23T15:57:39.997+0000] {processor.py:208} INFO - Processing /home/airflow/.local/lib/python3.12/site-packages/airflow/example_dags/plugins/decreasing_priority_weight_strategy.py took 0.090 seconds
[2026-09-23T15:58:10.190+0000] {processor.py:186} INFO - Started process (PID=2826) to work on /home/airflow/.local/lib/python3.12/site-packages/airflow/example_dags/plugins/decreasing_priority_weight_strategy.py
[2026-09-23T15:58:10.195+0000] {processor.py:914} INFO - Processing file /home/airflow/.local/lib/python3.12/site-packages/airflow/example_dags/plugins/decreasing_priority_weight_strategy.py for tasks to queue
[2026-09-23T15:58:10.205+0000] {logging_mixin.py:190} INFO - [2026-09-23T15:58:10.204+0000] {dagbag.py:588} INFO - Filling up the DagBag from /home/airflow/.local/lib/python3.12/site-packages/airflow/example_dags/plugins/decreasing_priority_weight_strategy.py
[2026-09-23T15:58:10.211+0000] {processor.py:927} WARNING - No viable dags retrieved from /home/airflow/.local/lib/python3.12/site-packages/airflow/example_dags/plugins/decreasing_priority_weight_strategy.py
[2026-09-23T15:58:10.247+0000] {processor.py:208} INFO - Processing /home/airflow/.local/lib/python3.12/site-packages/airflow/example_dags/plugins/decreasing_priority_weight_strategy.py took 0.092 seconds
[2026-09-23T15:58:40.418+0000] {processor.py:186} INFO - Started process (PID=2899) to work on /home/airflow/.local/lib/python3.12/site-packages/airflow/example_dags/plugins/decreasing_priority_weight_strategy.py
[2026-09-23T15:58:40.420+0000] {processor.py:914} INFO - Processing file /home/airflow/.local/lib/python3.12/site-packages/airflow/example_dags/plugins/decreasing_priority_weight_strategy.py for tasks to queue
[2026-09-23T15:58:40.423+0000] {logging_mixin.py:190} INFO - [2026-09-23T15:58:40.422+0000] {dagbag.py:588} INFO - Filling up the DagBag from /home/airflow/.local/lib/python3.12/site-packages/airflow/example_dags/plugins/decreasing_priority_weight_strategy.py
[2026-09-23T15:58:40.426+0000] {processor.py:927} WARNING - No viable dags retrieved from /home/airflow/.local/lib/python3.12/site-packages/airflow/example_dags/plugins/decreasing_priority_weight_strategy.py
[2026-09-23T15:58:40.452+0000] {processor.py:208} INFO - Processing /home/airflow/.local/lib/python3.12/site-packages/airflow/example_dags/plugins/decreasing_priority_weight_strategy.py took 0.043 seconds
[2026-09-23T15:59:11.227+0000] {processor.py:186} INFO - Started process (PID=2972) to work on /home/airflow/.local/lib/python3.12/site-packages/airflow/example_dags/plugins/decreasing_priority_weight_strategy.py
[2026-09-23T15:59:11.228+0000] {processor.py:914} INFO - Processing file /home/airflow/.local/lib/python3.12/site-packages/airflow/example_dags/plugins/decreasing_priority_weight_strategy.py for tasks to queue
[2026-09-23T15:59:11.231+0000] {logging_mixin.py:190} INFO - [2026-09-23T15:59:11.231+0000] {dagbag.py:588} INFO - Filling up the DagBag from /home/airflow/.local/lib/python3.12/site-packages/airflow/example_dags/plugins/decreasing_priority_weight_strategy.py
[2026-09-23T15:59:11.235+0000] {processor.py:927} WARNING - No viable dags retrieved from /home/airflow/.local/lib/python3.12/site-packages/airflow/example_dags/plugins/decreasing_priority_weight_strategy.py
[2026-09-23T15:59:11.250+0000] {processor.py:208} INFO - Processing /home/airflow/.local/lib/python3.12/site-packages/airflow/example_dags/plugins/decreasing_priority_weight_strategy.py took 0.032 seconds
[2026-09-23T15:59:42.541+0000] {processor.py:186} INFO - Started process (PID=3039) to work on /home/airflow/.local/lib/python3.12/site-packages/airflow/example_dags/plugins/decreasing_priority_weight_strategy.py
[2026-09-23T15:59:42.544+0000] {processor.py:914} INFO - Processing file /home/airflow/.local/lib/python3.12/site-packages/airflow/example_dags/plugins/decreasing_priority_weight_strategy.py for tasks to queue
[2026-09-23T15:59:42.548+0000] {logging_mixin.py:190} INFO - [2026-09-23T15:59:42.547+0000] {dagbag.py:588} INFO - Filling up the DagBag from /home/airflow/.local/lib/python3.12/site-packages/airflow/example_dags/plugins/decreasing_priority_weight_strategy.py
[2026-09-23T15:59:42.552+0000] {processor.py:927} WARNING - No viable dags retrieved from /home/airflow/.local/lib/python3.12/site-packages/airflow/example_dags/plugins/decreasing_priority_weight_strategy.py
[2026-09-23T15:59:42.619+0000] {processor.py:208} INFO - Processing /home/airflow/.local/lib/python3.12/site-packages/airflow/example_dags/plugins/decreasing_priority_weight_strategy.py took 0.091 seconds
[2026-09-23T16:00:13.489+0000] {processor.py:186} INFO - Started process (PID=3113) to work on /home/airflow/.local/lib/python3.12/site-packages/airflow/example_dags/plugins/decreasing_priority_weight_strategy.py
[2026-09-23T16:00:13.490+0000] {processor.py:914} INFO - Processing file /home/airflow/.local/lib/python3.12/site-packages/airflow/example_dags/plugins/decreasing_priority_weight_strategy.py for tasks to queue
[2026-09-23T16:00:13.493+0000] {logging_mixin.py:190} INFO - [2026-09-23T16:00:13.493+0000] {dagbag.py:588} INFO - Filling up the DagBag from /home/airflow/.local/lib/python3.12/site-packages/airflow/example_dags/plugins/decreasing_priority_weight_strategy.py
[2026-09-23T16:00:13.497+0000] {processor.py:927} WARNING - No viable dags retrieved from /home/airflow/.local/lib/python3.12/site-packages/airflow/example_dags/plugins/decreasing_priority_weight_strategy.py
[2026-09-23T16:00:13.521+0000] {processor.py:208} INFO - Processing /home/airflow/.local/lib/python3.12/site-packages/airflow/example_dags/plugins/decreasing_priority_weight_strategy.py took 0.044 seconds
[2026-09-23T16:00:44.173+0000] {processor.py:186} INFO - Started process (PID=3186) to work on /home/airflow/.local/lib/python3.12/site-packages/airflow/example_dags/plugins/decreasing_priority_weight_strategy.py
[2026-09-23T16:00:44.177+0000] {processor.py:914} INFO - Processing file /home/airflow/.local/lib/python3.12/site-packages/airflow/example_dags/plugins/decreasing_priority_weight_strategy.py for tasks to queue
[2026-09-23T16:00:44.184+0000] {logging_mixin.py:190} INFO - [2026-09-23T16:00:44.184+0000] {dagbag.py:588} INFO - Filling up the DagBag from /home/airflow/.local/lib/python3.12/site-packages/airflow/example_dags/plugins/decreasing_priority_weight_strategy.py
[2026-09-23T16:00:44.200+0000] {processor.py:927} WARNING - No viable dags retrieved from /home/airflow/.local/lib/python3.12/site-packages/airflow/example_dags/plugins/decreasing_priority_weight_strategy.py
[2026-09-23T16:00:44.252+0000] {processor.py:208} INFO - Processing /home/airflow/.local/lib/python3.12/site-packages/airflow/example_dags/plugins/decreasing_priority_weight_strategy.py took 0.089 seconds
[2026-09-23T16:01:14.336+0000] {processor.py:186} INFO - Started process (PID=3260) to work on /home/airflow/.local/lib/python3.12/site-packages/airflow/example_dags/plugins/decreasing_priority_weight_strategy.py
[2026-09-23T16:01:14.337+0000] {processor.py:914} INFO - Processing file /home/airflow/.local/lib/python3.12/site-packages/airflow/example_dags/plugins/decreasing_priority_weight_strategy.py for tasks to queue
[2026-09-23T16:01:14.342+0000] {logging_mixin.py:190} INFO - [2026-09-23T16:01:14.341+0000] {dagbag.py:588} INFO - Filling up the DagBag from /home/airflow/.local/lib/python3.12/site-packages/airflow/example_dags/plugins/decreasing_priority_weight_strategy.py
[2026-09-23T16:01:14.346+0000] {processor.py:927} WARNING - No viable dags retrieved from /home/airflow/.local/lib/python3.12/site-packages/airflow/example_dags/plugins/decreasing_priority_weight_strategy.py
[2026-09-23T16:01:14.369+0000] {processor.py:208} INFO - Processing /home/airflow/.local/lib/python3.12/site-packages/airflow/example_dags/plugins/decreasing_priority_weight_strategy.py took 0.045 seconds
[2026-09-23T16:01:44.744+0000] {processor.py:186} INFO - Started process (PID=3334) to work on /home/airflow/.local/lib/python3.12/site-packages/airflow/example_dags/plugins/decreasing_priority_weight_strategy.py
[2026-09-23T16:01:44.745+0000] {processor.py:914} INFO - Processing file /home/airflow/.local/lib/python3.12/site-packages/airflow/example_dags/plugins/decreasing_priority_weight_strategy.py for tasks to queue
[2026-09-23T16:01:44.748+0000] {logging_mixin.py:190} INFO - [2026-09-23T16:01:44.748+0000] {dagbag.py:588} INFO - Filling up the DagBag from /home/airflow/.local/lib/python3.12/site-packages/airflow/example_dags/plugins/decreasing_priority_weight_strategy.py
[2026-09-23T16:01:44.751+0000] {processor.py:927} WARNING - No viable dags retrieved from /home/airflow/.local/lib/python3.12/site-packages/airflow/example_dags/plugins/decreasing_priority_weight_strategy.py
[2026-09-23T16:01:44.766+0000] {processor.py:208} INFO - Processing /home/airflow/.local/lib/python3.12/site-packages/airflow/example_dags/plugins/decreasing_priority_weight_strategy.py took 0.031 seconds
[2026-09-23T16:02:17.215+0000] {processor.py:186} INFO - Started process (PID=3410) to work on /home/airflow/.local/lib/python3.12/site-packages/airflow/example_dags/plugins/decreasing_priority_weight_strategy.py
[2026-09-23T16:02:17.225+0000] {processor.py:914} INFO - Processing file /home/airflow/.local/lib/python3.12/site-packages/airflow/example_dags/plugins/decreasing_priority_weight_strategy.py for tasks to queue
[2026-09-23T16:02:17.239+0000] {logging_mixin.py:190} INFO - [2026-09-23T16:02:17.238+0000] {dagbag.py:588} INFO - Filling up the DagBag from /home/airflow/.local/lib/python3.12/site-packages/airflow/example_dags/plugins/decreasing_priority_weight_strategy.py
[2026-09-23T16:02:17.245+0000] {processor.py:927} WARNING - No viable dags retrieved from /home/airflow/.local/lib/python3.12/site-packages/airflow/example_dags/plugins/decreasing_priority_weight_strategy.py
[2026-09-23T16:02:17.292+0000] {processor.py:208} INFO - Processing /home/airflow/.local/lib/python3.12/site-packages/airflow/example_dags/plugins/decreasing_priority_weight_strategy.py took 0.130 seconds
[2026-09-23T16:02:48.006+0000] {processor.py:186} INFO - Started process (PID=3477) to work on /home/airflow/.local/lib/python3.12/site-packages/airflow/example_dags/plugins/decreasing_priority_weight_strategy.py
[2026-09-23T16:02:48.010+0000] {processor.py:914} INFO - Processing file /home/airflow/.local/lib/python3.12/site-packages/airflow/example_dags/plugins/decreasing_priority_weight_strategy.py for tasks to queue
[2026-09-23T16:02:48.020+0000] {logging_mixin.py:190} INFO - [2026-09-23T16:02:48.020+0000] {dagbag.py:588} INFO - Filling up the DagBag from /home/airflow/.local/lib/python3.12/site-packages/airflow/example_dags/plugins/decreasing_priority_weight_strategy.py
[2026-09-23T16:02:48.037+0000] {processor.py:927} WARNING - No viable dags retrieved from /home/airflow/.local/lib/python3.12/site-packages/airflow/example_dags/plugins/decreasing_priority_weight_strategy.py
[2026-09-23T16:02:48.098+0000] {processor.py:208} INFO - Processing /home/airflow/.local/lib/python3.12/site-packages/airflow/example_dags/plugins/decreasing_priority_weight_strategy.py took 0.101 seconds
[2026-09-23T16:03:19.509+0000] {processor.py:186} INFO - Started process (PID=3553) to work on /home/airflow/.local/lib/python3.12/site-packages/airflow/example_dags/plugins/decreasing_priority_weight_strategy.py
[2026-09-23T16:03:19.516+0000] {processor.py:914} INFO - Processing file /home/airflow/.local/lib/python3.12/site-packages/airflow/example_dags/plugins/decreasing_priority_weight_strategy.py for tasks to queue
[2026-09-23T16:03:19.522+0000] {logging_mixin.py:190} INFO - [2026-09-23T16:03:19.521+0000] {dagbag.py:588} INFO - Filling up the DagBag from /home/airflow/.local/lib/python3.12/site-packages/airflow/example_dags/plugins/decreasing_priority_weight_strategy.py
[2026-09-23T16:03:19.549+0000] {processor.py:927} WARNING - No viable dags retrieved from /home/airflow/.local/lib/python3.12/site-packages/airflow/example_dags/plugins/decreasing_priority_weight_strategy.py
[2026-09-23T16:03:19.663+0000] {processor.py:208} INFO - Processing /home/airflow/.local/lib/python3.12/site-packages/airflow/example_dags/plugins/decreasing_priority_weight_strategy.py took 0.180 seconds
[2026-09-23T16:03:49.858+0000] {processor.py:186} INFO - Started process (PID=3627) to work on /home/airflow/.local/lib/python3.12/site-packages/airflow/example_dags/plugins/decreasing_priority_weight_strategy.py
[2026-09-23T16:03:49.861+0000] {processor.py:914} INFO - Processing file /home/airflow/.local/lib/python3.12/site-packages/airflow/example_dags/plugins/decreasing_priority_weight_strategy.py for tasks to queue
[2026-09-23T16:03:49.868+0000] {logging_mixin.py:190} INFO - [2026-09-23T16:03:49.867+0000] {dagbag.py:588} INFO - Filling up the DagBag from /home/airflow/.local/lib/python3.12/site-packages/airflow/example_dags/plugins/decreasing_priority_weight_strategy.py
[2026-09-23T16:03:49.873+0000] {processor.py:927} WARNING - No viable dags retrieved from /home/airflow/.local/lib/python3.12/site-packages/airflow/example_dags/plugins/decreasing_priority_weight_strategy.py
[2026-09-23T16:03:49.900+0000] {processor.py:208} INFO - Processing /home/airflow/.local/lib/python3.12/site-packages/airflow/example_dags/plugins/decreasing_priority_weight_strategy.py took 0.055 seconds
[2026-09-23T16:04:20.354+0000] {processor.py:186} INFO - Started process (PID=3700) to work on /home/airflow/.local/lib/python3.12/site-packages/airflow/example_dags/plugins/decreasing_priority_weight_strategy.py
[2026-09-23T16:04:20.355+0000] {processor.py:914} INFO - Processing file /home/airflow/.local/lib/python3.12/site-packages/airflow/example_dags/plugins/decreasing_priority_weight_strategy.py for tasks to queue
[2026-09-23T16:04:20.359+0000] {logging_mixin.py:190} INFO - [2026-09-23T16:04:20.358+0000] {dagbag.py:588} INFO - Filling up the DagBag from /home/airflow/.local/lib/python3.12/site-packages/airflow/example_dags/plugins/decreasing_priority_weight_strategy.py
[2026-09-23T16:04:20.363+0000] {processor.py:927} WARNING - No viable dags retrieved from /home/airflow/.local/lib/python3.12/site-packages/airflow/example_dags/plugins/decreasing_priority_weight_strategy.py
[2026-09-23T16:04:20.386+0000] {processor.py:208} INFO - Processing /home/airflow/.local/lib/python3.12/site-packages/airflow/example_dags/plugins/decreasing_priority_weight_strategy.py took 0.058 seconds
[2026-09-23T16:04:51.081+0000] {processor.py:186} INFO - Started process (PID=3768) to work on /home/airflow/.local/lib/python3.12/site-packages/airflow/example_dags/plugins/decreasing_priority_weight_strategy.py
[2026-09-23T16:04:51.085+0000] {processor.py:914} INFO - Processing file /home/airflow/.local/lib/python3.12/site-packages/airflow/example_dags/plugins/decreasing_priority_weight_strategy.py for tasks to queue
[2026-09-23T16:04:51.093+0000] {logging_mixin.py:190} INFO - [2026-09-23T16:04:51.092+0000] {dagbag.py:588} INFO - Filling up the DagBag from /home/airflow/.local/lib/python3.12/site-packages/airflow/example_dags/plugins/decreasing_priority_weight_strategy.py
[2026-09-23T16:04:51.112+0000] {processor.py:927} WARNING - No viable dags retrieved from /home/airflow/.local/lib/python3.12/site-packages/airflow/example_dags/plugins/decreasing_priority_weight_strategy.py
[2026-09-23T16:04:51.142+0000] {processor.py:208} INFO - Processing /home/airflow/.local/lib/python3.12/site-packages/airflow/example_dags/plugins/decreasing_priority_weight_strategy.py took 0.070 seconds
[2026-09-23T16:05:22.413+0000] {processor.py:186} INFO - Started process (PID=3843) to work on /home/airflow/.local/lib/python3.12/site-packages/airflow/example_dags/plugins/decreasing_priority_weight_strategy.py
[2026-09-23T16:05:22.415+0000] {processor.py:914} INFO - Processing file /home/airflow/.local/lib/python3.12/site-packages/airflow/example_dags/plugins/decreasing_priority_weight_strategy.py for tasks to queue
[2026-09-23T16:05:22.419+0000] {logging_mixin.py:190} INFO - [2026-09-23T16:05:22.418+0000] {dagbag.py:588} INFO - Filling up the DagBag from /home/airflow/.local/lib/python3.12/site-packages/airflow/example_dags/plugins/decreasing_priority_weight_strategy.py
[2026-09-23T16:05:22.430+0000] {processor.py:927} WARNING - No viable dags retrieved from /home/airflow/.local/lib/python3.12/site-packages/airflow/example_dags/plugins/decreasing_priority_weight_strategy.py
[2026-09-23T16:05:22.484+0000] {processor.py:208} INFO - Processing /home/airflow/.local/lib/python3.12/site-packages/airflow/example_dags/plugins/decreasing_priority_weight_strategy.py took 0.083 seconds
[2026-09-23T16:05:53.923+0000] {processor.py:186} INFO - Started process (PID=3918) to work on /home/airflow/.local/lib/python3.12/site-packages/airflow/example_dags/plugins/decreasing_priority_weight_strategy.py
[2026-09-23T16:05:53.926+0000] {processor.py:914} INFO - Processing file /home/airflow/.local/lib/python3.12/site-packages/airflow/example_dags/plugins/decreasing_priority_weight_strategy.py for tasks to queue
[2026-09-23T16:05:53.929+0000] {logging_mixin.py:190} INFO - [2026-09-23T16:05:53.929+0000] {dagbag.py:588} INFO - Filling up the DagBag from /home/airflow/.local/lib/python3.12/site-packages/airflow/example_dags/plugins/decreasing_priority_weight_strategy.py
[2026-09-23T16:05:53.933+0000] {processor.py:927} WARNING - No viable dags retrieved from /home/airflow/.local/lib/python3.12/site-packages/airflow/example_dags/plugins/decreasing_priority_weight_strategy.py
[2026-09-23T16:05:53.965+0000] {processor.py:208} INFO - Processing /home/airflow/.local/lib/python3.12/site-packages/airflow/example_dags/plugins/decreasing_priority_weight_strategy.py took 0.054 seconds
[2026-09-23T16:06:25.609+0000] {processor.py:186} INFO - Started process (PID=3996) to work on /home/airflow/.local/lib/python3.12/site-packages/airflow/example_dags/plugins/decreasing_priority_weight_strategy.py
[2026-09-23T16:06:25.610+0000] {processor.py:914} INFO - Processing file /home/airflow/.local/lib/python3.12/site-packages/airflow/example_dags/plugins/decreasing_priority_weight_strategy.py for tasks to queue
[2026-09-23T16:06:25.619+0000] {logging_mixin.py:190} INFO - [2026-09-23T16:06:25.618+0000] {dagbag.py:588} INFO - Filling up the DagBag from /home/airflow/.local/lib/python3.12/site-packages/airflow/example_dags/plugins/decreasing_priority_weight_strategy.py
[2026-09-23T16:06:25.623+0000] {processor.py:927} WARNING - No viable dags retrieved from /home/airflow/.local/lib/python3.12/site-packages/airflow/example_dags/plugins/decreasing_priority_weight_strategy.py
[2026-09-23T16:06:25.645+0000] {processor.py:208} INFO - Processing /home/airflow/.local/lib/python3.12/site-packages/airflow/example_dags/plugins/decreasing_priority_weight_strategy.py took 0.046 seconds
[2026-09-23T16:06:57.387+0000] {processor.py:186} INFO - Started process (PID=4073) to work on /home/airflow/.local/lib/python3.12/site-packages/airflow/example_dags/plugins/decreasing_priority_weight_strategy.py
[2026-09-23T16:06:57.389+0000] {processor.py:914} INFO - Processing file /home/airflow/.local/lib/python3.12/site-packages/airflow/example_dags/plugins/decreasing_priority_weight_strategy.py for tasks to queue
[2026-09-23T16:06:57.394+0000] {logging_mixin.py:190} INFO - [2026-09-23T16:06:57.393+0000] {dagbag.py:588} INFO - Filling up the DagBag from /home/airflow/.local/lib/python3.12/site-packages/airflow/example_dags/plugins/decreasing_priority_weight_strategy.py
[2026-09-23T16:06:57.398+0000] {processor.py:927} WARNING - No viable dags retrieved from /home/airflow/.local/lib/python3.12/site-packages/airflow/example_dags/plugins/decreasing_priority_weight_strategy.py
[2026-09-23T16:06:57.423+0000] {processor.py:208} INFO - Processing /home/airflow/.local/lib/python3.12/site-packages/airflow/example_dags/plugins/decreasing_priority_weight_strategy.py took 0.049 seconds
[2026-09-23T16:07:27.914+0000] {processor.py:186} INFO - Started process (PID=4147) to work on /home/airflow/.local/lib/python3.12/site-packages/airflow/example_dags/plugins/decreasing_priority_weight_strategy.py
[2026-09-23T16:07:27.915+0000] {processor.py:914} INFO - Processing file /home/airflow/.local/lib/python3.12/site-packages/airflow/example_dags/plugins/decreasing_priority_weight_strategy.py for tasks to queue
[2026-09-23T16:07:27.921+0000] {logging_mixin.py:190} INFO - [2026-09-23T16:07:27.921+0000] {dagbag.py:588} INFO - Filling up the DagBag from /home/airflow/.local/lib/python3.12/site-packages/airflow/example_dags/plugins/decreasing_priority_weight_strategy.py
[2026-09-23T16:07:27.925+0000] {processor.py:927} WARNING - No viable dags retrieved from /home/airflow/.local/lib/python3.12/site-packages/airflow/example_dags/plugins/decreasing_priority_weight_strategy.py
[2026-09-23T16:07:27.947+0000] {processor.py:208} INFO - Processing /home/airflow/.local/lib/python3.12/site-packages/airflow/example_dags/plugins/decreasing_priority_weight_strategy.py took 0.046 seconds
[2026-09-23T16:07:59.052+0000] {processor.py:186} INFO - Started process (PID=4223) to work on /home/airflow/.local/lib/python3.12/site-packages/airflow/example_dags/plugins/decreasing_priority_weight_strategy.py
[2026-09-23T16:07:59.053+0000] {processor.py:914} INFO - Processing file /home/airflow/.local/lib/python3.12/site-packages/airflow/example_dags/plugins/decreasing_priority_weight_strategy.py for tasks to queue
[2026-09-23T16:07:59.056+0000] {logging_mixin.py:190} INFO - [2026-09-23T16:07:59.056+0000] {dagbag.py:588} INFO - Filling up the DagBag from /home/airflow/.local/lib/python3.12/site-packages/airflow/example_dags/plugins/decreasing_priority_weight_strategy.py
[2026-09-23T16:07:59.059+0000] {processor.py:927} WARNING - No viable dags retrieved from /home/airflow/.local/lib/python3.12/site-packages/airflow/example_dags/plugins/decreasing_priority_weight_strategy.py
[2026-09-23T16:07:59.076+0000] {processor.py:208} INFO - Processing /home/airflow/.local/lib/python3.12/site-packages/airflow/example_dags/plugins/decreasing_priority_weight_strategy.py took 0.033 seconds
[2026-09-23T16:08:29.655+0000] {processor.py:186} INFO - Started process (PID=4295) to work on /home/airflow/.local/lib/python3.12/site-packages/airflow/example_dags/plugins/decreasing_priority_weight_strategy.py
[2026-09-23T16:08:29.656+0000] {processor.py:914} INFO - Processing file /home/airflow/.local/lib/python3.12/site-packages/airflow/example_dags/plugins/decreasing_priority_weight_strategy.py for tasks to queue
[2026-09-23T16:08:29.659+0000] {logging_mixin.py:190} INFO - [2026-09-23T16:08:29.659+0000] {dagbag.py:588} INFO - Filling up the DagBag from /home/airflow/.local/lib/python3.12/site-packages/airflow/example_dags/plugins/decreasing_priority_weight_strategy.py
[2026-09-23T16:08:29.662+0000] {processor.py:927} WARNING - No viable dags retrieved from /home/airflow/.local/lib/python3.12/site-packages/airflow/example_dags/plugins/decreasing_priority_weight_strategy.py
[2026-09-23T16:08:29.676+0000] {processor.py:208} INFO - Processing /home/airflow/.local/lib/python3.12/site-packages/airflow/example_dags/plugins/decreasing_priority_weight_strategy.py took 0.032 seconds
[2026-09-23T16:09:00.556+0000] {processor.py:186} INFO - Started process (PID=4370) to work on /home/airflow/.local/lib/python3.12/site-packages/airflow/example_dags/plugins/decreasing_priority_weight_strategy.py
[2026-09-23T16:09:00.560+0000] {processor.py:914} INFO - Processing file /home/airflow/.local/lib/python3.12/site-packages/airflow/example_dags/plugins/decreasing_priority_weight_strategy.py for tasks to queue
[2026-09-23T16:09:00.564+0000] {logging_mixin.py:190} INFO - [2026-09-23T16:09:00.564+0000] {dagbag.py:588} INFO - Filling up the DagBag from /home/airflow/.local/lib/python3.12/site-packages/airflow/example_dags/plugins/decreasing_priority_weight_strategy.py
[2026-09-23T16:09:00.568+0000] {processor.py:927} WARNING - No viable dags retrieved from /home/airflow/.local/lib/python3.12/site-packages/airflow/example_dags/plugins/decreasing_priority_weight_strategy.py
[2026-09-23T16:09:00.586+0000] {processor.py:208} INFO - Processing /home/airflow/.local/lib/python3.12/site-packages/airflow/example_dags/plugins/decreasing_priority_weight_strategy.py took 0.039 seconds
[2026-09-23T16:09:30.683+0000] {processor.py:186} INFO - Started process (PID=4443) to work on /home/airflow/.local/lib/python3.12/site-packages/airflow/example_dags/plugins/decreasing_priority_weight_strategy.py
[2026-09-23T16:09:30.684+0000] {processor.py:914} INFO - Processing file /home/airflow/.local/lib/python3.12/site-packages/airflow/example_dags/plugins/decreasing_priority_weight_strategy.py for tasks to queue
[2026-09-23T16:09:30.687+0000] {logging_mixin.py:190} INFO - [2026-09-23T16:09:30.687+0000] {dagbag.py:588} INFO - Filling up the DagBag from /home/airflow/.local/lib/python3.12/site-packages/airflow/example_dags/plugins/decreasing_priority_weight_strategy.py
[2026-09-23T16:09:30.690+0000] {processor.py:927} WARNING - No viable dags retrieved from /home/airflow/.local/lib/python3.12/site-packages/airflow/example_dags/plugins/decreasing_priority_weight_strategy.py
[2026-09-23T16:09:30.705+0000] {processor.py:208} INFO - Processing /home/airflow/.local/lib/python3.12/site-packages/airflow/example_dags/plugins/decreasing_priority_weight_strategy.py took 0.031 seconds
[2026-09-23T16:10:00.992+0000] {processor.py:186} INFO - Started process (PID=4517) to work on /home/airflow/.local/lib/python3.12/site-packages/airflow/example_dags/plugins/decreasing_priority_weight_strategy.py
[2026-09-23T16:10:00.995+0000] {processor.py:914} INFO - Processing file /home/airflow/.local/lib/python3.12/site-packages/airflow/example_dags/plugins/decreasing_priority_weight_strategy.py for tasks to queue
[2026-09-23T16:10:00.999+0000] {logging_mixin.py:190} INFO - [2026-09-23T16:10:00.998+0000] {dagbag.py:588} INFO - Filling up the DagBag from /home/airflow/.local/lib/python3.12/site-packages/airflow/example_dags/plugins/decreasing_priority_weight_strategy.py
[2026-09-23T16:10:01.003+0000] {processor.py:927} WARNING - No viable dags retrieved from /home/airflow/.local/lib/python3.12/site-packages/airflow/example_dags/plugins/decreasing_priority_weight_strategy.py
[2026-09-23T16:10:01.023+0000] {processor.py:208} INFO - Processing /home/airflow/.local/lib/python3.12/site-packages/airflow/example_dags/plugins/decreasing_priority_weight_strategy.py took 0.042 seconds
[2026-09-23T16:10:31.866+0000] {processor.py:186} INFO - Started process (PID=4590) to work on /home/airflow/.local/lib/python3.12/site-packages/airflow/example_dags/plugins/decreasing_priority_weight_strategy.py
[2026-09-23T16:10:31.867+0000] {processor.py:914} INFO - Processing file /home/airflow/.local/lib/python3.12/site-packages/airflow/example_dags/plugins/decreasing_priority_weight_strategy.py for tasks to queue
[2026-09-23T16:10:31.870+0000] {logging_mixin.py:190} INFO - [2026-09-23T16:10:31.870+0000] {dagbag.py:588} INFO - Filling up the DagBag from /home/airflow/.local/lib/python3.12/site-packages/airflow/example_dags/plugins/decreasing_priority_weight_strategy.py
[2026-09-23T16:10:31.874+0000] {processor.py:927} WARNING - No viable dags retrieved from /home/airflow/.local/lib/python3.12/site-packages/airflow/example_dags/plugins/decreasing_priority_weight_strategy.py
[2026-09-23T16:10:31.896+0000] {processor.py:208} INFO - Processing /home/airflow/.local/lib/python3.12/site-packages/airflow/example_dags/plugins/decreasing_priority_weight_strategy.py took 0.040 seconds
[2026-09-23T16:11:02.688+0000] {processor.py:186} INFO - Started process (PID=4664) to work on /home/airflow/.local/lib/python3.12/site-packages/airflow/example_dags/plugins/decreasing_priority_weight_strategy.py
[2026-09-23T16:11:02.689+0000] {processor.py:914} INFO - Processing file /home/airflow/.local/lib/python3.12/site-packages/airflow/example_dags/plugins/decreasing_priority_weight_strategy.py for tasks to queue
[2026-09-23T16:11:02.693+0000] {logging_mixin.py:190} INFO - [2026-09-23T16:11:02.693+0000] {dagbag.py:588} INFO - Filling up the DagBag from /home/airflow/.local/lib/python3.12/site-packages/airflow/example_dags/plugins/decreasing_priority_weight_strategy.py
[2026-09-23T16:11:02.697+0000] {processor.py:927} WARNING - No viable dags retrieved from /home/airflow/.local/lib/python3.12/site-packages/airflow/example_dags/plugins/decreasing_priority_weight_strategy.py
[2026-09-23T16:11:02.716+0000] {processor.py:208} INFO - Processing /home/airflow/.local/lib/python3.12/site-packages/airflow/example_dags/plugins/decreasing_priority_weight_strategy.py took 0.038 seconds
[2026-09-23T16:11:33.179+0000] {processor.py:186} INFO - Started process (PID=4738) to work on /home/airflow/.local/lib/python3.12/site-packages/airflow/example_dags/plugins/decreasing_priority_weight_strategy.py
[2026-09-23T16:11:33.180+0000] {processor.py:914} INFO - Processing file /home/airflow/.local/lib/python3.12/site-packages/airflow/example_dags/plugins/decreasing_priority_weight_strategy.py for tasks to queue
[2026-09-23T16:11:33.183+0000] {logging_mixin.py:190} INFO - [2026-09-23T16:11:33.183+0000] {dagbag.py:588} INFO - Filling up the DagBag from /home/airflow/.local/lib/python3.12/site-packages/airflow/example_dags/plugins/decreasing_priority_weight_strategy.py
[2026-09-23T16:11:33.188+0000] {processor.py:927} WARNING - No viable dags retrieved from /home/airflow/.local/lib/python3.12/site-packages/airflow/example_dags/plugins/decreasing_priority_weight_strategy.py
[2026-09-23T16:11:33.206+0000] {processor.py:208} INFO - Processing /home/airflow/.local/lib/python3.12/site-packages/airflow/example_dags/plugins/decreasing_priority_weight_strategy.py took 0.038 seconds
[2026-09-23T16:12:05.014+0000] {processor.py:186} INFO - Started process (PID=4812) to work on /home/airflow/.local/lib/python3.12/site-packages/airflow/example_dags/plugins/decreasing_priority_weight_strategy.py
[2026-09-23T16:12:05.016+0000] {processor.py:914} INFO - Processing file /home/airflow/.local/lib/python3.12/site-packages/airflow/example_dags/plugins/decreasing_priority_weight_strategy.py for tasks to queue
[2026-09-23T16:12:05.020+0000] {logging_mixin.py:190} INFO - [2026-09-23T16:12:05.019+0000] {dagbag.py:588} INFO - Filling up the DagBag from /home/airflow/.local/lib/python3.12/site-packages/airflow/example_dags/plugins/decreasing_priority_weight_strategy.py
[2026-09-23T16:12:05.023+0000] {processor.py:927} WARNING - No viable dags retrieved from /home/airflow/.local/lib/python3.12/site-packages/airflow/example_dags/plugins/decreasing_priority_weight_strategy.py
[2026-09-23T16:12:05.044+0000] {processor.py:208} INFO - Processing /home/airflow/.local/lib/python3.12/site-packages/airflow/example_dags/plugins/decreasing_priority_weight_strategy.py took 0.042 seconds
[2026-09-23T16:12:36.487+0000] {processor.py:186} INFO - Started process (PID=4886) to work on /home/airflow/.local/lib/python3.12/site-packages/airflow/example_dags/plugins/decreasing_priority_weight_strategy.py
[2026-09-23T16:12:36.489+0000] {processor.py:914} INFO - Processing file /home/airflow/.local/lib/python3.12/site-packages/airflow/example_dags/plugins/decreasing_priority_weight_strategy.py for tasks to queue
[2026-09-23T16:12:36.493+0000] {logging_mixin.py:190} INFO - [2026-09-23T16:12:36.492+0000] {dagbag.py:588} INFO - Filling up the DagBag from /home/airflow/.local/lib/python3.12/site-packages/airflow/example_dags/plugins/decreasing_priority_weight_strategy.py
[2026-09-23T16:12:36.497+0000] {processor.py:927} WARNING - No viable dags retrieved from /home/airflow/.local/lib/python3.12/site-packages/airflow/example_dags/plugins/decreasing_priority_weight_strategy.py
[2026-09-23T16:12:36.518+0000] {processor.py:208} INFO - Processing /home/airflow/.local/lib/python3.12/site-packages/airflow/example_dags/plugins/decreasing_priority_weight_strategy.py took 0.041 seconds
[2026-09-23T16:13:06.662+0000] {processor.py:186} INFO - Started process (PID=4959) to work on /home/airflow/.local/lib/python3.12/site-packages/airflow/example_dags/plugins/decreasing_priority_weight_strategy.py
[2026-09-23T16:13:06.663+0000] {processor.py:914} INFO - Processing file /home/airflow/.local/lib/python3.12/site-packages/airflow/example_dags/plugins/decreasing_priority_weight_strategy.py for tasks to queue
[2026-09-23T16:13:06.667+0000] {logging_mixin.py:190} INFO - [2026-09-23T16:13:06.666+0000] {dagbag.py:588} INFO - Filling up the DagBag from /home/airflow/.local/lib/python3.12/site-packages/airflow/example_dags/plugins/decreasing_priority_weight_strategy.py
[2026-09-23T16:13:06.671+0000] {processor.py:927} WARNING - No viable dags retrieved from /home/airflow/.local/lib/python3.12/site-packages/airflow/example_dags/plugins/decreasing_priority_weight_strategy.py
[2026-09-23T16:13:06.695+0000] {processor.py:208} INFO - Processing /home/airflow/.local/lib/python3.12/site-packages/airflow/example_dags/plugins/decreasing_priority_weight_strategy.py took 0.045 seconds
[2026-09-23T16:13:37.678+0000] {processor.py:186} INFO - Started process (PID=5034) to work on /home/airflow/.local/lib/python3.12/site-packages/airflow/example_dags/plugins/decreasing_priority_weight_strategy.py
[2026-09-23T16:13:37.679+0000] {processor.py:914} INFO - Processing file /home/airflow/.local/lib/python3.12/site-packages/airflow/example_dags/plugins/decreasing_priority_weight_strategy.py for tasks to queue
[2026-09-23T16:13:37.684+0000] {logging_mixin.py:190} INFO - [2026-09-23T16:13:37.683+0000] {dagbag.py:588} INFO - Filling up the DagBag from /home/airflow/.local/lib/python3.12/site-packages/airflow/example_dags/plugins/decreasing_priority_weight_strategy.py
[2026-09-23T16:13:37.688+0000] {processor.py:927} WARNING - No viable dags retrieved from /home/airflow/.local/lib/python3.12/site-packages/airflow/example_dags/plugins/decreasing_priority_weight_strategy.py
[2026-09-23T16:13:37.708+0000] {processor.py:208} INFO - Processing /home/airflow/.local/lib/python3.12/site-packages/airflow/example_dags/plugins/decreasing_priority_weight_strategy.py took 0.040 seconds
[2026-09-23T16:14:08.306+0000] {processor.py:186} INFO - Started process (PID=5108) to work on /home/airflow/.local/lib/python3.12/site-packages/airflow/example_dags/plugins/decreasing_priority_weight_strategy.py
[2026-09-23T16:14:08.308+0000] {processor.py:914} INFO - Processing file /home/airflow/.local/lib/python3.12/site-packages/airflow/example_dags/plugins/decreasing_priority_weight_strategy.py for tasks to queue
[2026-09-23T16:14:08.311+0000] {logging_mixin.py:190} INFO - [2026-09-23T16:14:08.311+0000] {dagbag.py:588} INFO - Filling up the DagBag from /home/airflow/.local/lib/python3.12/site-packages/airflow/example_dags/plugins/decreasing_priority_weight_strategy.py
[2026-09-23T16:14:08.315+0000] {processor.py:927} WARNING - No viable dags retrieved from /home/airflow/.local/lib/python3.12/site-packages/airflow/example_dags/plugins/decreasing_priority_weight_strategy.py
[2026-09-23T16:14:08.332+0000] {processor.py:208} INFO - Processing /home/airflow/.local/lib/python3.12/site-packages/airflow/example_dags/plugins/decreasing_priority_weight_strategy.py took 0.035 seconds
[2026-09-23T16:14:38.769+0000] {processor.py:186} INFO - Started process (PID=5181) to work on /home/airflow/.local/lib/python3.12/site-packages/airflow/example_dags/plugins/decreasing_priority_weight_strategy.py
[2026-09-23T16:14:38.770+0000] {processor.py:914} INFO - Processing file /home/airflow/.local/lib/python3.12/site-packages/airflow/example_dags/plugins/decreasing_priority_weight_strategy.py for tasks to queue
[2026-09-23T16:14:38.772+0000] {logging_mixin.py:190} INFO - [2026-09-23T16:14:38.772+0000] {dagbag.py:588} INFO - Filling up the DagBag from /home/airflow/.local/lib/python3.12/site-packages/airflow/example_dags/plugins/decreasing_priority_weight_strategy.py
[2026-09-23T16:14:38.775+0000] {processor.py:927} WARNING - No viable dags retrieved from /home/airflow/.local/lib/python3.12/site-packages/airflow/example_dags/plugins/decreasing_priority_weight_strategy.py
[2026-09-23T16:14:38.796+0000] {processor.py:208} INFO - Processing /home/airflow/.local/lib/python3.12/site-packages/airflow/example_dags/plugins/decreasing_priority_weight_strategy.py took 0.037 seconds
[2026-09-23T16:15:09.284+0000] {processor.py:186} INFO - Started process (PID=5248) to work on /home/airflow/.local/lib/python3.12/site-packages/airflow/example_dags/plugins/decreasing_priority_weight_strategy.py
[2026-09-23T16:15:09.286+0000] {processor.py:914} INFO - Processing file /home/airflow/.local/lib/python3.12/site-packages/airflow/example_dags/plugins/decreasing_priority_weight_strategy.py for tasks to queue
[2026-09-23T16:15:09.292+0000] {logging_mixin.py:190} INFO - [2026-09-23T16:15:09.291+0000] {dagbag.py:588} INFO - Filling up the DagBag from /home/airflow/.local/lib/python3.12/site-packages/airflow/example_dags/plugins/decreasing_priority_weight_strategy.py
[2026-09-23T16:15:09.296+0000] {processor.py:927} WARNING - No viable dags retrieved from /home/airflow/.local/lib/python3.12/site-packages/airflow/example_dags/plugins/decreasing_priority_weight_strategy.py
[2026-09-23T16:15:09.313+0000] {processor.py:208} INFO - Processing /home/airflow/.local/lib/python3.12/site-packages/airflow/example_dags/plugins/decreasing_priority_weight_strategy.py took 0.042 seconds
[2026-09-23T16:15:39.383+0000] {processor.py:186} INFO - Started process (PID=5321) to work on /home/airflow/.local/lib/python3.12/site-packages/airflow/example_dags/plugins/decreasing_priority_weight_strategy.py
[2026-09-23T16:15:39.384+0000] {processor.py:914} INFO - Processing file /home/airflow/.local/lib/python3.12/site-packages/airflow/example_dags/plugins/decreasing_priority_weight_strategy.py for tasks to queue
[2026-09-23T16:15:39.387+0000] {logging_mixin.py:190} INFO - [2026-09-23T16:15:39.387+0000] {dagbag.py:588} INFO - Filling up the DagBag from /home/airflow/.local/lib/python3.12/site-packages/airflow/example_dags/plugins/decreasing_priority_weight_strategy.py
[2026-09-23T16:15:39.391+0000] {processor.py:927} WARNING - No viable dags retrieved from /home/airflow/.local/lib/python3.12/site-packages/airflow/example_dags/plugins/decreasing_priority_weight_strategy.py
[2026-09-23T16:15:39.414+0000] {processor.py:208} INFO - Processing /home/airflow/.local/lib/python3.12/site-packages/airflow/example_dags/plugins/decreasing_priority_weight_strategy.py took 0.042 seconds
[2026-09-23T16:16:10.128+0000] {processor.py:186} INFO - Started process (PID=5395) to work on /home/airflow/.local/lib/python3.12/site-packages/airflow/example_dags/plugins/decreasing_priority_weight_strategy.py
[2026-09-23T16:16:10.130+0000] {processor.py:914} INFO - Processing file /home/airflow/.local/lib/python3.12/site-packages/airflow/example_dags/plugins/decreasing_priority_weight_strategy.py for tasks to queue
[2026-09-23T16:16:10.133+0000] {logging_mixin.py:190} INFO - [2026-09-23T16:16:10.133+0000] {dagbag.py:588} INFO - Filling up the DagBag from /home/airflow/.local/lib/python3.12/site-packages/airflow/example_dags/plugins/decreasing_priority_weight_strategy.py
[2026-09-23T16:16:10.137+0000] {processor.py:927} WARNING - No viable dags retrieved from /home/airflow/.local/lib/python3.12/site-packages/airflow/example_dags/plugins/decreasing_priority_weight_strategy.py
[2026-09-23T16:16:10.153+0000] {processor.py:208} INFO - Processing /home/airflow/.local/lib/python3.12/site-packages/airflow/example_dags/plugins/decreasing_priority_weight_strategy.py took 0.035 seconds
[2026-09-23T16:16:41.154+0000] {processor.py:186} INFO - Started process (PID=5469) to work on /home/airflow/.local/lib/python3.12/site-packages/airflow/example_dags/plugins/decreasing_priority_weight_strategy.py
[2026-09-23T16:16:41.155+0000] {processor.py:914} INFO - Processing file /home/airflow/.local/lib/python3.12/site-packages/airflow/example_dags/plugins/decreasing_priority_weight_strategy.py for tasks to queue
[2026-09-23T16:16:41.158+0000] {logging_mixin.py:190} INFO - [2026-09-23T16:16:41.157+0000] {dagbag.py:588} INFO - Filling up the DagBag from /home/airflow/.local/lib/python3.12/site-packages/airflow/example_dags/plugins/decreasing_priority_weight_strategy.py
[2026-09-23T16:16:41.162+0000] {processor.py:927} WARNING - No viable dags retrieved from /home/airflow/.local/lib/python3.12/site-packages/airflow/example_dags/plugins/decreasing_priority_weight_strategy.py
[2026-09-23T16:16:41.178+0000] {processor.py:208} INFO - Processing /home/airflow/.local/lib/python3.12/site-packages/airflow/example_dags/plugins/decreasing_priority_weight_strategy.py took 0.035 seconds
[2026-09-23T16:17:11.359+0000] {processor.py:186} INFO - Started process (PID=5542) to work on /home/airflow/.local/lib/python3.12/site-packages/airflow/example_dags/plugins/decreasing_priority_weight_strategy.py
[2026-09-23T16:17:11.361+0000] {processor.py:914} INFO - Processing file /home/airflow/.local/lib/python3.12/site-packages/airflow/example_dags/plugins/decreasing_priority_weight_strategy.py for tasks to queue
[2026-09-23T16:17:11.364+0000] {logging_mixin.py:190} INFO - [2026-09-23T16:17:11.363+0000] {dagbag.py:588} INFO - Filling up the DagBag from /home/airflow/.local/lib/python3.12/site-packages/airflow/example_dags/plugins/decreasing_priority_weight_strategy.py
[2026-09-23T16:17:11.367+0000] {processor.py:927} WARNING - No viable dags retrieved from /home/airflow/.local/lib/python3.12/site-packages/airflow/example_dags/plugins/decreasing_priority_weight_strategy.py
[2026-09-23T16:17:11.384+0000] {processor.py:208} INFO - Processing /home/airflow/.local/lib/python3.12/site-packages/airflow/example_dags/plugins/decreasing_priority_weight_strategy.py took 0.036 seconds
[2026-09-23T16:17:42.340+0000] {processor.py:186} INFO - Started process (PID=5616) to work on /home/airflow/.local/lib/python3.12/site-packages/airflow/example_dags/plugins/decreasing_priority_weight_strategy.py
[2026-09-23T16:17:42.342+0000] {processor.py:914} INFO - Processing file /home/airflow/.local/lib/python3.12/site-packages/airflow/example_dags/plugins/decreasing_priority_weight_strategy.py for tasks to queue
[2026-09-23T16:17:42.346+0000] {logging_mixin.py:190} INFO - [2026-09-23T16:17:42.345+0000] {dagbag.py:588} INFO - Filling up the DagBag from /home/airflow/.local/lib/python3.12/site-packages/airflow/example_dags/plugins/decreasing_priority_weight_strategy.py
[2026-09-23T16:17:42.349+0000] {processor.py:927} WARNING - No viable dags retrieved from /home/airflow/.local/lib/python3.12/site-packages/airflow/example_dags/plugins/decreasing_priority_weight_strategy.py
[2026-09-23T16:17:42.367+0000] {processor.py:208} INFO - Processing /home/airflow/.local/lib/python3.12/site-packages/airflow/example_dags/plugins/decreasing_priority_weight_strategy.py took 0.036 seconds
[2026-09-23T16:18:13.102+0000] {processor.py:186} INFO - Started process (PID=5690) to work on /home/airflow/.local/lib/python3.12/site-packages/airflow/example_dags/plugins/decreasing_priority_weight_strategy.py
[2026-09-23T16:18:13.103+0000] {processor.py:914} INFO - Processing file /home/airflow/.local/lib/python3.12/site-packages/airflow/example_dags/plugins/decreasing_priority_weight_strategy.py for tasks to queue
[2026-09-23T16:18:13.106+0000] {logging_mixin.py:190} INFO - [2026-09-23T16:18:13.106+0000] {dagbag.py:588} INFO - Filling up the DagBag from /home/airflow/.local/lib/python3.12/site-packages/airflow/example_dags/plugins/decreasing_priority_weight_strategy.py
[2026-09-23T16:18:13.110+0000] {processor.py:927} WARNING - No viable dags retrieved from /home/airflow/.local/lib/python3.12/site-packages/airflow/example_dags/plugins/decreasing_priority_weight_strategy.py
[2026-09-23T16:18:13.128+0000] {processor.py:208} INFO - Processing /home/airflow/.local/lib/python3.12/site-packages/airflow/example_dags/plugins/decreasing_priority_weight_strategy.py took 0.039 seconds
[2026-09-23T16:18:44.015+0000] {processor.py:186} INFO - Started process (PID=5764) to work on /home/airflow/.local/lib/python3.12/site-packages/airflow/example_dags/plugins/decreasing_priority_weight_strategy.py
[2026-09-23T16:18:44.016+0000] {processor.py:914} INFO - Processing file /home/airflow/.local/lib/python3.12/site-packages/airflow/example_dags/plugins/decreasing_priority_weight_strategy.py for tasks to queue
[2026-09-23T16:18:44.019+0000] {logging_mixin.py:190} INFO - [2026-09-23T16:18:44.018+0000] {dagbag.py:588} INFO - Filling up the DagBag from /home/airflow/.local/lib/python3.12/site-packages/airflow/example_dags/plugins/decreasing_priority_weight_strategy.py
[2026-09-23T16:18:44.022+0000] {processor.py:927} WARNING - No viable dags retrieved from /home/airflow/.local/lib/python3.12/site-packages/airflow/example_dags/plugins/decreasing_priority_weight_strategy.py
[2026-09-23T16:18:44.037+0000] {processor.py:208} INFO - Processing /home/airflow/.local/lib/python3.12/site-packages/airflow/example_dags/plugins/decreasing_priority_weight_strategy.py took 0.030 seconds
[2026-09-23T16:19:14.663+0000] {processor.py:186} INFO - Started process (PID=5839) to work on /home/airflow/.local/lib/python3.12/site-packages/airflow/example_dags/plugins/decreasing_priority_weight_strategy.py
[2026-09-23T16:19:14.664+0000] {processor.py:914} INFO - Processing file /home/airflow/.local/lib/python3.12/site-packages/airflow/example_dags/plugins/decreasing_priority_weight_strategy.py for tasks to queue
[2026-09-23T16:19:14.667+0000] {logging_mixin.py:190} INFO - [2026-09-23T16:19:14.667+0000] {dagbag.py:588} INFO - Filling up the DagBag from /home/airflow/.local/lib/python3.12/site-packages/airflow/example_dags/plugins/decreasing_priority_weight_strategy.py
[2026-09-23T16:19:14.671+0000] {processor.py:927} WARNING - No viable dags retrieved from /home/airflow/.local/lib/python3.12/site-packages/airflow/example_dags/plugins/decreasing_priority_weight_strategy.py
[2026-09-23T16:19:14.687+0000] {processor.py:208} INFO - Processing /home/airflow/.local/lib/python3.12/site-packages/airflow/example_dags/plugins/decreasing_priority_weight_strategy.py took 0.034 seconds
[2026-09-23T16:19:44.910+0000] {processor.py:186} INFO - Started process (PID=5913) to work on /home/airflow/.local/lib/python3.12/site-packages/airflow/example_dags/plugins/decreasing_priority_weight_strategy.py
[2026-09-23T16:19:44.911+0000] {processor.py:914} INFO - Processing file /home/airflow/.local/lib/python3.12/site-packages/airflow/example_dags/plugins/decreasing_priority_weight_strategy.py for tasks to queue
[2026-09-23T16:19:44.914+0000] {logging_mixin.py:190} INFO - [2026-09-23T16:19:44.913+0000] {dagbag.py:588} INFO - Filling up the DagBag from /home/airflow/.local/lib/python3.12/site-packages/airflow/example_dags/plugins/decreasing_priority_weight_strategy.py
[2026-09-23T16:19:44.916+0000] {processor.py:927} WARNING - No viable dags retrieved from /home/airflow/.local/lib/python3.12/site-packages/airflow/example_dags/plugins/decreasing_priority_weight_strategy.py
[2026-09-23T16:19:44.931+0000] {processor.py:208} INFO - Processing /home/airflow/.local/lib/python3.12/site-packages/airflow/example_dags/plugins/decreasing_priority_weight_strategy.py took 0.030 seconds
[2026-09-23T16:20:15.336+0000] {processor.py:186} INFO - Started process (PID=5987) to work on /home/airflow/.local/lib/python3.12/site-packages/airflow/example_dags/plugins/decreasing_priority_weight_strategy.py
[2026-09-23T16:20:15.337+0000] {processor.py:914} INFO - Processing file /home/airflow/.local/lib/python3.12/site-packages/airflow/example_dags/plugins/decreasing_priority_weight_strategy.py for tasks to queue
[2026-09-23T16:20:15.341+0000] {logging_mixin.py:190} INFO - [2026-09-23T16:20:15.340+0000] {dagbag.py:588} INFO - Filling up the DagBag from /home/airflow/.local/lib/python3.12/site-packages/airflow/example_dags/plugins/decreasing_priority_weight_strategy.py
[2026-09-23T16:20:15.344+0000] {processor.py:927} WARNING - No viable dags retrieved from /home/airflow/.local/lib/python3.12/site-packages/airflow/example_dags/plugins/decreasing_priority_weight_strategy.py
[2026-09-23T16:20:15.358+0000] {processor.py:208} INFO - Processing /home/airflow/.local/lib/python3.12/site-packages/airflow/example_dags/plugins/decreasing_priority_weight_strategy.py took 0.032 seconds
[2026-09-23T16:20:45.688+0000] {processor.py:186} INFO - Started process (PID=6061) to work on /home/airflow/.local/lib/python3.12/site-packages/airflow/example_dags/plugins/decreasing_priority_weight_strategy.py
[2026-09-23T16:20:45.689+0000] {processor.py:914} INFO - Processing file /home/airflow/.local/lib/python3.12/site-packages/airflow/example_dags/plugins/decreasing_priority_weight_strategy.py for tasks to queue
[2026-09-23T16:20:45.692+0000] {logging_mixin.py:190} INFO - [2026-09-23T16:20:45.691+0000] {dagbag.py:588} INFO - Filling up the DagBag from /home/airflow/.local/lib/python3.12/site-packages/airflow/example_dags/plugins/decreasing_priority_weight_strategy.py
[2026-09-23T16:20:45.695+0000] {processor.py:927} WARNING - No viable dags retrieved from /home/airflow/.local/lib/python3.12/site-packages/airflow/example_dags/plugins/decreasing_priority_weight_strategy.py
[2026-09-23T16:20:45.711+0000] {processor.py:208} INFO - Processing /home/airflow/.local/lib/python3.12/site-packages/airflow/example_dags/plugins/decreasing_priority_weight_strategy.py took 0.034 seconds
[2026-09-23T16:21:16.047+0000] {processor.py:186} INFO - Started process (PID=6135) to work on /home/airflow/.local/lib/python3.12/site-packages/airflow/example_dags/plugins/decreasing_priority_weight_strategy.py
[2026-09-23T16:21:16.049+0000] {processor.py:914} INFO - Processing file /home/airflow/.local/lib/python3.12/site-packages/airflow/example_dags/plugins/decreasing_priority_weight_strategy.py for tasks to queue
[2026-09-23T16:21:16.052+0000] {logging_mixin.py:190} INFO - [2026-09-23T16:21:16.052+0000] {dagbag.py:588} INFO - Filling up the DagBag from /home/airflow/.local/lib/python3.12/site-packages/airflow/example_dags/plugins/decreasing_priority_weight_strategy.py
[2026-09-23T16:21:16.055+0000] {processor.py:927} WARNING - No viable dags retrieved from /home/airflow/.local/lib/python3.12/site-packages/airflow/example_dags/plugins/decreasing_priority_weight_strategy.py
[2026-09-23T16:21:16.072+0000] {processor.py:208} INFO - Processing /home/airflow/.local/lib/python3.12/site-packages/airflow/example_dags/plugins/decreasing_priority_weight_strategy.py took 0.034 seconds
[2026-09-23T16:21:46.374+0000] {processor.py:186} INFO - Started process (PID=6209) to work on /home/airflow/.local/lib/python3.12/site-packages/airflow/example_dags/plugins/decreasing_priority_weight_strategy.py
[2026-09-23T16:21:46.375+0000] {processor.py:914} INFO - Processing file /home/airflow/.local/lib/python3.12/site-packages/airflow/example_dags/plugins/decreasing_priority_weight_strategy.py for tasks to queue
[2026-09-23T16:21:46.377+0000] {logging_mixin.py:190} INFO - [2026-09-23T16:21:46.377+0000] {dagbag.py:588} INFO - Filling up the DagBag from /home/airflow/.local/lib/python3.12/site-packages/airflow/example_dags/plugins/decreasing_priority_weight_strategy.py
[2026-09-23T16:21:46.380+0000] {processor.py:927} WARNING - No viable dags retrieved from /home/airflow/.local/lib/python3.12/site-packages/airflow/example_dags/plugins/decreasing_priority_weight_strategy.py
[2026-09-23T16:21:46.395+0000] {processor.py:208} INFO - Processing /home/airflow/.local/lib/python3.12/site-packages/airflow/example_dags/plugins/decreasing_priority_weight_strategy.py took 0.030 seconds
[2026-09-23T16:22:16.707+0000] {processor.py:186} INFO - Started process (PID=6283) to work on /home/airflow/.local/lib/python3.12/site-packages/airflow/example_dags/plugins/decreasing_priority_weight_strategy.py
[2026-09-23T16:22:16.708+0000] {processor.py:914} INFO - Processing file /home/airflow/.local/lib/python3.12/site-packages/airflow/example_dags/plugins/decreasing_priority_weight_strategy.py for tasks to queue
[2026-09-23T16:22:16.711+0000] {logging_mixin.py:190} INFO - [2026-09-23T16:22:16.710+0000] {dagbag.py:588} INFO - Filling up the DagBag from /home/airflow/.local/lib/python3.12/site-packages/airflow/example_dags/plugins/decreasing_priority_weight_strategy.py
[2026-09-23T16:22:16.714+0000] {processor.py:927} WARNING - No viable dags retrieved from /home/airflow/.local/lib/python3.12/site-packages/airflow/example_dags/plugins/decreasing_priority_weight_strategy.py
[2026-09-23T16:22:16.729+0000] {processor.py:208} INFO - Processing /home/airflow/.local/lib/python3.12/site-packages/airflow/example_dags/plugins/decreasing_priority_weight_strategy.py took 0.031 seconds
[2026-09-23T16:22:47.199+0000] {processor.py:186} INFO - Started process (PID=6357) to work on /home/airflow/.local/lib/python3.12/site-packages/airflow/example_dags/plugins/decreasing_priority_weight_strategy.py
[2026-09-23T16:22:47.200+0000] {processor.py:914} INFO - Processing file /home/airflow/.local/lib/python3.12/site-packages/airflow/example_dags/plugins/decreasing_priority_weight_strategy.py for tasks to queue
[2026-09-23T16:22:47.203+0000] {logging_mixin.py:190} INFO - [2026-09-23T16:22:47.202+0000] {dagbag.py:588} INFO - Filling up the DagBag from /home/airflow/.local/lib/python3.12/site-packages/airflow/example_dags/plugins/decreasing_priority_weight_strategy.py
[2026-09-23T16:22:47.206+0000] {processor.py:927} WARNING - No viable dags retrieved from /home/airflow/.local/lib/python3.12/site-packages/airflow/example_dags/plugins/decreasing_priority_weight_strategy.py
[2026-09-23T16:22:47.222+0000] {processor.py:208} INFO - Processing /home/airflow/.local/lib/python3.12/site-packages/airflow/example_dags/plugins/decreasing_priority_weight_strategy.py took 0.031 seconds
[2026-09-23T16:23:18.879+0000] {processor.py:186} INFO - Started process (PID=6431) to work on /home/airflow/.local/lib/python3.12/site-packages/airflow/example_dags/plugins/decreasing_priority_weight_strategy.py
[2026-09-23T16:23:18.881+0000] {processor.py:914} INFO - Processing file /home/airflow/.local/lib/python3.12/site-packages/airflow/example_dags/plugins/decreasing_priority_weight_strategy.py for tasks to queue
[2026-09-23T16:23:18.885+0000] {logging_mixin.py:190} INFO - [2026-09-23T16:23:18.885+0000] {dagbag.py:588} INFO - Filling up the DagBag from /home/airflow/.local/lib/python3.12/site-packages/airflow/example_dags/plugins/decreasing_priority_weight_strategy.py
[2026-09-23T16:23:18.891+0000] {processor.py:927} WARNING - No viable dags retrieved from /home/airflow/.local/lib/python3.12/site-packages/airflow/example_dags/plugins/decreasing_priority_weight_strategy.py
[2026-09-23T16:23:18.957+0000] {processor.py:208} INFO - Processing /home/airflow/.local/lib/python3.12/site-packages/airflow/example_dags/plugins/decreasing_priority_weight_strategy.py took 0.089 seconds
[2026-09-23T16:23:49.935+0000] {processor.py:186} INFO - Started process (PID=6505) to work on /home/airflow/.local/lib/python3.12/site-packages/airflow/example_dags/plugins/decreasing_priority_weight_strategy.py
[2026-09-23T16:23:49.936+0000] {processor.py:914} INFO - Processing file /home/airflow/.local/lib/python3.12/site-packages/airflow/example_dags/plugins/decreasing_priority_weight_strategy.py for tasks to queue
[2026-09-23T16:23:49.940+0000] {logging_mixin.py:190} INFO - [2026-09-23T16:23:49.940+0000] {dagbag.py:588} INFO - Filling up the DagBag from /home/airflow/.local/lib/python3.12/site-packages/airflow/example_dags/plugins/decreasing_priority_weight_strategy.py
[2026-09-23T16:23:49.945+0000] {processor.py:927} WARNING - No viable dags retrieved from /home/airflow/.local/lib/python3.12/site-packages/airflow/example_dags/plugins/decreasing_priority_weight_strategy.py
[2026-09-23T16:23:49.982+0000] {processor.py:208} INFO - Processing /home/airflow/.local/lib/python3.12/site-packages/airflow/example_dags/plugins/decreasing_priority_weight_strategy.py took 0.058 seconds
[2026-09-23T16:24:20.480+0000] {processor.py:186} INFO - Started process (PID=6578) to work on /home/airflow/.local/lib/python3.12/site-packages/airflow/example_dags/plugins/decreasing_priority_weight_strategy.py
[2026-09-23T16:24:20.482+0000] {processor.py:914} INFO - Processing file /home/airflow/.local/lib/python3.12/site-packages/airflow/example_dags/plugins/decreasing_priority_weight_strategy.py for tasks to queue
[2026-09-23T16:24:20.485+0000] {logging_mixin.py:190} INFO - [2026-09-23T16:24:20.485+0000] {dagbag.py:588} INFO - Filling up the DagBag from /home/airflow/.local/lib/python3.12/site-packages/airflow/example_dags/plugins/decreasing_priority_weight_strategy.py
[2026-09-23T16:24:20.489+0000] {processor.py:927} WARNING - No viable dags retrieved from /home/airflow/.local/lib/python3.12/site-packages/airflow/example_dags/plugins/decreasing_priority_weight_strategy.py
[2026-09-23T16:24:20.508+0000] {processor.py:208} INFO - Processing /home/airflow/.local/lib/python3.12/site-packages/airflow/example_dags/plugins/decreasing_priority_weight_strategy.py took 0.037 seconds
[2026-09-23T16:24:50.783+0000] {processor.py:186} INFO - Started process (PID=6652) to work on /home/airflow/.local/lib/python3.12/site-packages/airflow/example_dags/plugins/decreasing_priority_weight_strategy.py
[2026-09-23T16:24:50.784+0000] {processor.py:914} INFO - Processing file /home/airflow/.local/lib/python3.12/site-packages/airflow/example_dags/plugins/decreasing_priority_weight_strategy.py for tasks to queue
[2026-09-23T16:24:50.787+0000] {logging_mixin.py:190} INFO - [2026-09-23T16:24:50.786+0000] {dagbag.py:588} INFO - Filling up the DagBag from /home/airflow/.local/lib/python3.12/site-packages/airflow/example_dags/plugins/decreasing_priority_weight_strategy.py
[2026-09-23T16:24:50.791+0000] {processor.py:927} WARNING - No viable dags retrieved from /home/airflow/.local/lib/python3.12/site-packages/airflow/example_dags/plugins/decreasing_priority_weight_strategy.py
[2026-09-23T16:24:50.812+0000] {processor.py:208} INFO - Processing /home/airflow/.local/lib/python3.12/site-packages/airflow/example_dags/plugins/decreasing_priority_weight_strategy.py took 0.045 seconds
[2026-09-23T16:25:20.948+0000] {processor.py:186} INFO - Started process (PID=6718) to work on /home/airflow/.local/lib/python3.12/site-packages/airflow/example_dags/plugins/decreasing_priority_weight_strategy.py
[2026-09-23T16:25:20.950+0000] {processor.py:914} INFO - Processing file /home/airflow/.local/lib/python3.12/site-packages/airflow/example_dags/plugins/decreasing_priority_weight_strategy.py for tasks to queue
[2026-09-23T16:25:20.955+0000] {logging_mixin.py:190} INFO - [2026-09-23T16:25:20.954+0000] {dagbag.py:588} INFO - Filling up the DagBag from /home/airflow/.local/lib/python3.12/site-packages/airflow/example_dags/plugins/decreasing_priority_weight_strategy.py
[2026-09-23T16:25:20.958+0000] {processor.py:927} WARNING - No viable dags retrieved from /home/airflow/.local/lib/python3.12/site-packages/airflow/example_dags/plugins/decreasing_priority_weight_strategy.py
[2026-09-23T16:25:20.976+0000] {processor.py:208} INFO - Processing /home/airflow/.local/lib/python3.12/site-packages/airflow/example_dags/plugins/decreasing_priority_weight_strategy.py took 0.038 seconds
[2026-09-23T16:25:53.456+0000] {processor.py:186} INFO - Started process (PID=6793) to work on /home/airflow/.local/lib/python3.12/site-packages/airflow/example_dags/plugins/decreasing_priority_weight_strategy.py
[2026-09-23T16:25:53.458+0000] {processor.py:914} INFO - Processing file /home/airflow/.local/lib/python3.12/site-packages/airflow/example_dags/plugins/decreasing_priority_weight_strategy.py for tasks to queue
[2026-09-23T16:25:53.464+0000] {logging_mixin.py:190} INFO - [2026-09-23T16:25:53.464+0000] {dagbag.py:588} INFO - Filling up the DagBag from /home/airflow/.local/lib/python3.12/site-packages/airflow/example_dags/plugins/decreasing_priority_weight_strategy.py
[2026-09-23T16:25:53.469+0000] {processor.py:927} WARNING - No viable dags retrieved from /home/airflow/.local/lib/python3.12/site-packages/airflow/example_dags/plugins/decreasing_priority_weight_strategy.py
[2026-09-23T16:25:53.500+0000] {processor.py:208} INFO - Processing /home/airflow/.local/lib/python3.12/site-packages/airflow/example_dags/plugins/decreasing_priority_weight_strategy.py took 0.061 seconds
[2026-09-23T16:26:25.390+0000] {processor.py:186} INFO - Started process (PID=6867) to work on /home/airflow/.local/lib/python3.12/site-packages/airflow/example_dags/plugins/decreasing_priority_weight_strategy.py
[2026-09-23T16:26:25.393+0000] {processor.py:914} INFO - Processing file /home/airflow/.local/lib/python3.12/site-packages/airflow/example_dags/plugins/decreasing_priority_weight_strategy.py for tasks to queue
[2026-09-23T16:26:25.414+0000] {logging_mixin.py:190} INFO - [2026-09-23T16:26:25.406+0000] {dagbag.py:588} INFO - Filling up the DagBag from /home/airflow/.local/lib/python3.12/site-packages/airflow/example_dags/plugins/decreasing_priority_weight_strategy.py
[2026-09-23T16:26:25.419+0000] {processor.py:927} WARNING - No viable dags retrieved from /home/airflow/.local/lib/python3.12/site-packages/airflow/example_dags/plugins/decreasing_priority_weight_strategy.py
[2026-09-23T16:26:25.443+0000] {processor.py:208} INFO - Processing /home/airflow/.local/lib/python3.12/site-packages/airflow/example_dags/plugins/decreasing_priority_weight_strategy.py took 0.066 seconds
[2026-09-23T16:26:56.728+0000] {processor.py:186} INFO - Started process (PID=6939) to work on /home/airflow/.local/lib/python3.12/site-packages/airflow/example_dags/plugins/decreasing_priority_weight_strategy.py
[2026-09-23T16:26:56.730+0000] {processor.py:914} INFO - Processing file /home/airflow/.local/lib/python3.12/site-packages/airflow/example_dags/plugins/decreasing_priority_weight_strategy.py for tasks to queue
[2026-09-23T16:26:56.734+0000] {logging_mixin.py:190} INFO - [2026-09-23T16:26:56.733+0000] {dagbag.py:588} INFO - Filling up the DagBag from /home/airflow/.local/lib/python3.12/site-packages/airflow/example_dags/plugins/decreasing_priority_weight_strategy.py
[2026-09-23T16:26:56.739+0000] {processor.py:927} WARNING - No viable dags retrieved from /home/airflow/.local/lib/python3.12/site-packages/airflow/example_dags/plugins/decreasing_priority_weight_strategy.py
[2026-09-23T16:26:56.777+0000] {processor.py:208} INFO - Processing /home/airflow/.local/lib/python3.12/site-packages/airflow/example_dags/plugins/decreasing_priority_weight_strategy.py took 0.063 seconds
[2026-09-23T16:27:26.848+0000] {processor.py:186} INFO - Started process (PID=7012) to work on /home/airflow/.local/lib/python3.12/site-packages/airflow/example_dags/plugins/decreasing_priority_weight_strategy.py
[2026-09-23T16:27:26.850+0000] {processor.py:914} INFO - Processing file /home/airflow/.local/lib/python3.12/site-packages/airflow/example_dags/plugins/decreasing_priority_weight_strategy.py for tasks to queue
[2026-09-23T16:27:26.853+0000] {logging_mixin.py:190} INFO - [2026-09-23T16:27:26.853+0000] {dagbag.py:588} INFO - Filling up the DagBag from /home/airflow/.local/lib/python3.12/site-packages/airflow/example_dags/plugins/decreasing_priority_weight_strategy.py
[2026-09-23T16:27:26.856+0000] {processor.py:927} WARNING - No viable dags retrieved from /home/airflow/.local/lib/python3.12/site-packages/airflow/example_dags/plugins/decreasing_priority_weight_strategy.py
[2026-09-23T16:27:26.878+0000] {processor.py:208} INFO - Processing /home/airflow/.local/lib/python3.12/site-packages/airflow/example_dags/plugins/decreasing_priority_weight_strategy.py took 0.041 seconds
[2026-09-23T16:27:56.984+0000] {processor.py:186} INFO - Started process (PID=7085) to work on /home/airflow/.local/lib/python3.12/site-packages/airflow/example_dags/plugins/decreasing_priority_weight_strategy.py
[2026-09-23T16:27:56.985+0000] {processor.py:914} INFO - Processing file /home/airflow/.local/lib/python3.12/site-packages/airflow/example_dags/plugins/decreasing_priority_weight_strategy.py for tasks to queue
[2026-09-23T16:27:56.990+0000] {logging_mixin.py:190} INFO - [2026-09-23T16:27:56.989+0000] {dagbag.py:588} INFO - Filling up the DagBag from /home/airflow/.local/lib/python3.12/site-packages/airflow/example_dags/plugins/decreasing_priority_weight_strategy.py
[2026-09-23T16:27:56.994+0000] {processor.py:927} WARNING - No viable dags retrieved from /home/airflow/.local/lib/python3.12/site-packages/airflow/example_dags/plugins/decreasing_priority_weight_strategy.py
[2026-09-23T16:27:57.023+0000] {processor.py:208} INFO - Processing /home/airflow/.local/lib/python3.12/site-packages/airflow/example_dags/plugins/decreasing_priority_weight_strategy.py took 0.051 seconds
[2026-09-23T16:28:27.219+0000] {processor.py:186} INFO - Started process (PID=7158) to work on /home/airflow/.local/lib/python3.12/site-packages/airflow/example_dags/plugins/decreasing_priority_weight_strategy.py
[2026-09-23T16:28:27.222+0000] {processor.py:914} INFO - Processing file /home/airflow/.local/lib/python3.12/site-packages/airflow/example_dags/plugins/decreasing_priority_weight_strategy.py for tasks to queue
[2026-09-23T16:28:27.238+0000] {logging_mixin.py:190} INFO - [2026-09-23T16:28:27.227+0000] {dagbag.py:588} INFO - Filling up the DagBag from /home/airflow/.local/lib/python3.12/site-packages/airflow/example_dags/plugins/decreasing_priority_weight_strategy.py
[2026-09-23T16:28:27.245+0000] {processor.py:927} WARNING - No viable dags retrieved from /home/airflow/.local/lib/python3.12/site-packages/airflow/example_dags/plugins/decreasing_priority_weight_strategy.py
[2026-09-23T16:28:27.267+0000] {processor.py:208} INFO - Processing /home/airflow/.local/lib/python3.12/site-packages/airflow/example_dags/plugins/decreasing_priority_weight_strategy.py took 0.060 seconds
[2026-09-23T16:28:57.462+0000] {processor.py:186} INFO - Started process (PID=7225) to work on /home/airflow/.local/lib/python3.12/site-packages/airflow/example_dags/plugins/decreasing_priority_weight_strategy.py
[2026-09-23T16:28:57.463+0000] {processor.py:914} INFO - Processing file /home/airflow/.local/lib/python3.12/site-packages/airflow/example_dags/plugins/decreasing_priority_weight_strategy.py for tasks to queue
[2026-09-23T16:28:57.466+0000] {logging_mixin.py:190} INFO - [2026-09-23T16:28:57.465+0000] {dagbag.py:588} INFO - Filling up the DagBag from /home/airflow/.local/lib/python3.12/site-packages/airflow/example_dags/plugins/decreasing_priority_weight_strategy.py
[2026-09-23T16:28:57.470+0000] {processor.py:927} WARNING - No viable dags retrieved from /home/airflow/.local/lib/python3.12/site-packages/airflow/example_dags/plugins/decreasing_priority_weight_strategy.py
[2026-09-23T16:28:57.488+0000] {processor.py:208} INFO - Processing /home/airflow/.local/lib/python3.12/site-packages/airflow/example_dags/plugins/decreasing_priority_weight_strategy.py took 0.036 seconds
[2026-09-23T16:29:28.278+0000] {processor.py:186} INFO - Started process (PID=7298) to work on /home/airflow/.local/lib/python3.12/site-packages/airflow/example_dags/plugins/decreasing_priority_weight_strategy.py
[2026-09-23T16:29:28.280+0000] {processor.py:914} INFO - Processing file /home/airflow/.local/lib/python3.12/site-packages/airflow/example_dags/plugins/decreasing_priority_weight_strategy.py for tasks to queue
[2026-09-23T16:29:28.283+0000] {logging_mixin.py:190} INFO - [2026-09-23T16:29:28.282+0000] {dagbag.py:588} INFO - Filling up the DagBag from /home/airflow/.local/lib/python3.12/site-packages/airflow/example_dags/plugins/decreasing_priority_weight_strategy.py
[2026-09-23T16:29:28.288+0000] {processor.py:927} WARNING - No viable dags retrieved from /home/airflow/.local/lib/python3.12/site-packages/airflow/example_dags/plugins/decreasing_priority_weight_strategy.py
[2026-09-23T16:29:28.317+0000] {processor.py:208} INFO - Processing /home/airflow/.local/lib/python3.12/site-packages/airflow/example_dags/plugins/decreasing_priority_weight_strategy.py took 0.049 seconds
[2026-09-23T16:29:58.405+0000] {processor.py:186} INFO - Started process (PID=7370) to work on /home/airflow/.local/lib/python3.12/site-packages/airflow/example_dags/plugins/decreasing_priority_weight_strategy.py
[2026-09-23T16:29:58.406+0000] {processor.py:914} INFO - Processing file /home/airflow/.local/lib/python3.12/site-packages/airflow/example_dags/plugins/decreasing_priority_weight_strategy.py for tasks to queue
[2026-09-23T16:29:58.412+0000] {logging_mixin.py:190} INFO - [2026-09-23T16:29:58.411+0000] {dagbag.py:588} INFO - Filling up the DagBag from /home/airflow/.local/lib/python3.12/site-packages/airflow/example_dags/plugins/decreasing_priority_weight_strategy.py
[2026-09-23T16:29:58.416+0000] {processor.py:927} WARNING - No viable dags retrieved from /home/airflow/.local/lib/python3.12/site-packages/airflow/example_dags/plugins/decreasing_priority_weight_strategy.py
[2026-09-23T16:29:58.463+0000] {processor.py:208} INFO - Processing /home/airflow/.local/lib/python3.12/site-packages/airflow/example_dags/plugins/decreasing_priority_weight_strategy.py took 0.070 seconds
[2026-09-23T16:30:29.100+0000] {processor.py:186} INFO - Started process (PID=7443) to work on /home/airflow/.local/lib/python3.12/site-packages/airflow/example_dags/plugins/decreasing_priority_weight_strategy.py
[2026-09-23T16:30:29.102+0000] {processor.py:914} INFO - Processing file /home/airflow/.local/lib/python3.12/site-packages/airflow/example_dags/plugins/decreasing_priority_weight_strategy.py for tasks to queue
[2026-09-23T16:30:29.105+0000] {logging_mixin.py:190} INFO - [2026-09-23T16:30:29.104+0000] {dagbag.py:588} INFO - Filling up the DagBag from /home/airflow/.local/lib/python3.12/site-packages/airflow/example_dags/plugins/decreasing_priority_weight_strategy.py
[2026-09-23T16:30:29.108+0000] {processor.py:927} WARNING - No viable dags retrieved from /home/airflow/.local/lib/python3.12/site-packages/airflow/example_dags/plugins/decreasing_priority_weight_strategy.py
[2026-09-23T16:30:29.130+0000] {processor.py:208} INFO - Processing /home/airflow/.local/lib/python3.12/site-packages/airflow/example_dags/plugins/decreasing_priority_weight_strategy.py took 0.040 seconds
[2026-09-23T16:30:59.942+0000] {processor.py:186} INFO - Started process (PID=7518) to work on /home/airflow/.local/lib/python3.12/site-packages/airflow/example_dags/plugins/decreasing_priority_weight_strategy.py
[2026-09-23T16:30:59.944+0000] {processor.py:914} INFO - Processing file /home/airflow/.local/lib/python3.12/site-packages/airflow/example_dags/plugins/decreasing_priority_weight_strategy.py for tasks to queue
[2026-09-23T16:30:59.948+0000] {logging_mixin.py:190} INFO - [2026-09-23T16:30:59.947+0000] {dagbag.py:588} INFO - Filling up the DagBag from /home/airflow/.local/lib/python3.12/site-packages/airflow/example_dags/plugins/decreasing_priority_weight_strategy.py
[2026-09-23T16:30:59.953+0000] {processor.py:927} WARNING - No viable dags retrieved from /home/airflow/.local/lib/python3.12/site-packages/airflow/example_dags/plugins/decreasing_priority_weight_strategy.py
[2026-09-23T16:30:59.972+0000] {processor.py:208} INFO - Processing /home/airflow/.local/lib/python3.12/site-packages/airflow/example_dags/plugins/decreasing_priority_weight_strategy.py took 0.044 seconds
[2026-09-23T16:31:30.109+0000] {processor.py:186} INFO - Started process (PID=7592) to work on /home/airflow/.local/lib/python3.12/site-packages/airflow/example_dags/plugins/decreasing_priority_weight_strategy.py
[2026-09-23T16:31:30.111+0000] {processor.py:914} INFO - Processing file /home/airflow/.local/lib/python3.12/site-packages/airflow/example_dags/plugins/decreasing_priority_weight_strategy.py for tasks to queue
[2026-09-23T16:31:30.116+0000] {logging_mixin.py:190} INFO - [2026-09-23T16:31:30.116+0000] {dagbag.py:588} INFO - Filling up the DagBag from /home/airflow/.local/lib/python3.12/site-packages/airflow/example_dags/plugins/decreasing_priority_weight_strategy.py
[2026-09-23T16:31:30.120+0000] {processor.py:927} WARNING - No viable dags retrieved from /home/airflow/.local/lib/python3.12/site-packages/airflow/example_dags/plugins/decreasing_priority_weight_strategy.py
[2026-09-23T16:31:30.145+0000] {processor.py:208} INFO - Processing /home/airflow/.local/lib/python3.12/site-packages/airflow/example_dags/plugins/decreasing_priority_weight_strategy.py took 0.050 seconds
[2026-09-23T16:32:01.376+0000] {processor.py:186} INFO - Started process (PID=7667) to work on /home/airflow/.local/lib/python3.12/site-packages/airflow/example_dags/plugins/decreasing_priority_weight_strategy.py
[2026-09-23T16:32:01.378+0000] {processor.py:914} INFO - Processing file /home/airflow/.local/lib/python3.12/site-packages/airflow/example_dags/plugins/decreasing_priority_weight_strategy.py for tasks to queue
[2026-09-23T16:32:01.382+0000] {logging_mixin.py:190} INFO - [2026-09-23T16:32:01.381+0000] {dagbag.py:588} INFO - Filling up the DagBag from /home/airflow/.local/lib/python3.12/site-packages/airflow/example_dags/plugins/decreasing_priority_weight_strategy.py
[2026-09-23T16:32:01.387+0000] {processor.py:927} WARNING - No viable dags retrieved from /home/airflow/.local/lib/python3.12/site-packages/airflow/example_dags/plugins/decreasing_priority_weight_strategy.py
[2026-09-23T16:32:01.421+0000] {processor.py:208} INFO - Processing /home/airflow/.local/lib/python3.12/site-packages/airflow/example_dags/plugins/decreasing_priority_weight_strategy.py took 0.072 seconds
[2026-09-23T16:32:32.073+0000] {processor.py:186} INFO - Started process (PID=7739) to work on /home/airflow/.local/lib/python3.12/site-packages/airflow/example_dags/plugins/decreasing_priority_weight_strategy.py
[2026-09-23T16:32:32.080+0000] {processor.py:914} INFO - Processing file /home/airflow/.local/lib/python3.12/site-packages/airflow/example_dags/plugins/decreasing_priority_weight_strategy.py for tasks to queue
[2026-09-23T16:32:32.095+0000] {logging_mixin.py:190} INFO - [2026-09-23T16:32:32.088+0000] {dagbag.py:588} INFO - Filling up the DagBag from /home/airflow/.local/lib/python3.12/site-packages/airflow/example_dags/plugins/decreasing_priority_weight_strategy.py
[2026-09-23T16:32:32.105+0000] {processor.py:927} WARNING - No viable dags retrieved from /home/airflow/.local/lib/python3.12/site-packages/airflow/example_dags/plugins/decreasing_priority_weight_strategy.py
[2026-09-23T16:32:32.174+0000] {processor.py:208} INFO - Processing /home/airflow/.local/lib/python3.12/site-packages/airflow/example_dags/plugins/decreasing_priority_weight_strategy.py took 0.171 seconds
[2026-09-23T16:33:02.308+0000] {processor.py:186} INFO - Started process (PID=7806) to work on /home/airflow/.local/lib/python3.12/site-packages/airflow/example_dags/plugins/decreasing_priority_weight_strategy.py
[2026-09-23T16:33:02.310+0000] {processor.py:914} INFO - Processing file /home/airflow/.local/lib/python3.12/site-packages/airflow/example_dags/plugins/decreasing_priority_weight_strategy.py for tasks to queue
[2026-09-23T16:33:02.314+0000] {logging_mixin.py:190} INFO - [2026-09-23T16:33:02.313+0000] {dagbag.py:588} INFO - Filling up the DagBag from /home/airflow/.local/lib/python3.12/site-packages/airflow/example_dags/plugins/decreasing_priority_weight_strategy.py
[2026-09-23T16:33:02.321+0000] {processor.py:927} WARNING - No viable dags retrieved from /home/airflow/.local/lib/python3.12/site-packages/airflow/example_dags/plugins/decreasing_priority_weight_strategy.py
[2026-09-23T16:33:02.350+0000] {processor.py:208} INFO - Processing /home/airflow/.local/lib/python3.12/site-packages/airflow/example_dags/plugins/decreasing_priority_weight_strategy.py took 0.058 seconds
[2026-09-23T16:33:33.225+0000] {processor.py:186} INFO - Started process (PID=7882) to work on /home/airflow/.local/lib/python3.12/site-packages/airflow/example_dags/plugins/decreasing_priority_weight_strategy.py
[2026-09-23T16:33:33.228+0000] {processor.py:914} INFO - Processing file /home/airflow/.local/lib/python3.12/site-packages/airflow/example_dags/plugins/decreasing_priority_weight_strategy.py for tasks to queue
[2026-09-23T16:33:33.233+0000] {logging_mixin.py:190} INFO - [2026-09-23T16:33:33.232+0000] {dagbag.py:588} INFO - Filling up the DagBag from /home/airflow/.local/lib/python3.12/site-packages/airflow/example_dags/plugins/decreasing_priority_weight_strategy.py
[2026-09-23T16:33:33.239+0000] {processor.py:927} WARNING - No viable dags retrieved from /home/airflow/.local/lib/python3.12/site-packages/airflow/example_dags/plugins/decreasing_priority_weight_strategy.py
[2026-09-23T16:33:33.268+0000] {processor.py:208} INFO - Processing /home/airflow/.local/lib/python3.12/site-packages/airflow/example_dags/plugins/decreasing_priority_weight_strategy.py took 0.053 seconds
[2026-09-23T16:34:03.625+0000] {processor.py:186} INFO - Started process (PID=7954) to work on /home/airflow/.local/lib/python3.12/site-packages/airflow/example_dags/plugins/decreasing_priority_weight_strategy.py
[2026-09-23T16:34:03.626+0000] {processor.py:914} INFO - Processing file /home/airflow/.local/lib/python3.12/site-packages/airflow/example_dags/plugins/decreasing_priority_weight_strategy.py for tasks to queue
[2026-09-23T16:34:03.630+0000] {logging_mixin.py:190} INFO - [2026-09-23T16:34:03.629+0000] {dagbag.py:588} INFO - Filling up the DagBag from /home/airflow/.local/lib/python3.12/site-packages/airflow/example_dags/plugins/decreasing_priority_weight_strategy.py
[2026-09-23T16:34:03.634+0000] {processor.py:927} WARNING - No viable dags retrieved from /home/airflow/.local/lib/python3.12/site-packages/airflow/example_dags/plugins/decreasing_priority_weight_strategy.py
[2026-09-23T16:34:03.676+0000] {processor.py:208} INFO - Processing /home/airflow/.local/lib/python3.12/site-packages/airflow/example_dags/plugins/decreasing_priority_weight_strategy.py took 0.069 seconds
[2026-09-23T16:34:34.238+0000] {processor.py:186} INFO - Started process (PID=8021) to work on /home/airflow/.local/lib/python3.12/site-packages/airflow/example_dags/plugins/decreasing_priority_weight_strategy.py
[2026-09-23T16:34:34.243+0000] {processor.py:914} INFO - Processing file /home/airflow/.local/lib/python3.12/site-packages/airflow/example_dags/plugins/decreasing_priority_weight_strategy.py for tasks to queue
[2026-09-23T16:34:34.248+0000] {logging_mixin.py:190} INFO - [2026-09-23T16:34:34.246+0000] {dagbag.py:588} INFO - Filling up the DagBag from /home/airflow/.local/lib/python3.12/site-packages/airflow/example_dags/plugins/decreasing_priority_weight_strategy.py
[2026-09-23T16:34:34.254+0000] {processor.py:927} WARNING - No viable dags retrieved from /home/airflow/.local/lib/python3.12/site-packages/airflow/example_dags/plugins/decreasing_priority_weight_strategy.py
[2026-09-23T16:34:34.271+0000] {processor.py:208} INFO - Processing /home/airflow/.local/lib/python3.12/site-packages/airflow/example_dags/plugins/decreasing_priority_weight_strategy.py took 0.056 seconds
[2026-09-23T16:35:04.463+0000] {processor.py:186} INFO - Started process (PID=8096) to work on /home/airflow/.local/lib/python3.12/site-packages/airflow/example_dags/plugins/decreasing_priority_weight_strategy.py
[2026-09-23T16:35:04.464+0000] {processor.py:914} INFO - Processing file /home/airflow/.local/lib/python3.12/site-packages/airflow/example_dags/plugins/decreasing_priority_weight_strategy.py for tasks to queue
[2026-09-23T16:35:04.467+0000] {logging_mixin.py:190} INFO - [2026-09-23T16:35:04.466+0000] {dagbag.py:588} INFO - Filling up the DagBag from /home/airflow/.local/lib/python3.12/site-packages/airflow/example_dags/plugins/decreasing_priority_weight_strategy.py
[2026-09-23T16:35:04.470+0000] {processor.py:927} WARNING - No viable dags retrieved from /home/airflow/.local/lib/python3.12/site-packages/airflow/example_dags/plugins/decreasing_priority_weight_strategy.py
[2026-09-23T16:35:04.484+0000] {processor.py:208} INFO - Processing /home/airflow/.local/lib/python3.12/site-packages/airflow/example_dags/plugins/decreasing_priority_weight_strategy.py took 0.033 seconds
[2026-09-23T16:35:35.336+0000] {processor.py:186} INFO - Started process (PID=8169) to work on /home/airflow/.local/lib/python3.12/site-packages/airflow/example_dags/plugins/decreasing_priority_weight_strategy.py
[2026-09-23T16:35:35.341+0000] {processor.py:914} INFO - Processing file /home/airflow/.local/lib/python3.12/site-packages/airflow/example_dags/plugins/decreasing_priority_weight_strategy.py for tasks to queue
[2026-09-23T16:35:35.347+0000] {logging_mixin.py:190} INFO - [2026-09-23T16:35:35.346+0000] {dagbag.py:588} INFO - Filling up the DagBag from /home/airflow/.local/lib/python3.12/site-packages/airflow/example_dags/plugins/decreasing_priority_weight_strategy.py
[2026-09-23T16:35:35.357+0000] {processor.py:927} WARNING - No viable dags retrieved from /home/airflow/.local/lib/python3.12/site-packages/airflow/example_dags/plugins/decreasing_priority_weight_strategy.py
[2026-09-23T16:35:35.392+0000] {processor.py:208} INFO - Processing /home/airflow/.local/lib/python3.12/site-packages/airflow/example_dags/plugins/decreasing_priority_weight_strategy.py took 0.066 seconds
[2026-09-23T16:36:06.366+0000] {processor.py:186} INFO - Started process (PID=8243) to work on /home/airflow/.local/lib/python3.12/site-packages/airflow/example_dags/plugins/decreasing_priority_weight_strategy.py
[2026-09-23T16:36:06.370+0000] {processor.py:914} INFO - Processing file /home/airflow/.local/lib/python3.12/site-packages/airflow/example_dags/plugins/decreasing_priority_weight_strategy.py for tasks to queue
[2026-09-23T16:36:06.375+0000] {logging_mixin.py:190} INFO - [2026-09-23T16:36:06.374+0000] {dagbag.py:588} INFO - Filling up the DagBag from /home/airflow/.local/lib/python3.12/site-packages/airflow/example_dags/plugins/decreasing_priority_weight_strategy.py
[2026-09-23T16:36:06.379+0000] {processor.py:927} WARNING - No viable dags retrieved from /home/airflow/.local/lib/python3.12/site-packages/airflow/example_dags/plugins/decreasing_priority_weight_strategy.py
[2026-09-23T16:36:06.404+0000] {processor.py:208} INFO - Processing /home/airflow/.local/lib/python3.12/site-packages/airflow/example_dags/plugins/decreasing_priority_weight_strategy.py took 0.048 seconds
[2026-09-23T16:36:36.563+0000] {processor.py:186} INFO - Started process (PID=8310) to work on /home/airflow/.local/lib/python3.12/site-packages/airflow/example_dags/plugins/decreasing_priority_weight_strategy.py
[2026-09-23T16:36:36.569+0000] {processor.py:914} INFO - Processing file /home/airflow/.local/lib/python3.12/site-packages/airflow/example_dags/plugins/decreasing_priority_weight_strategy.py for tasks to queue
[2026-09-23T16:36:36.572+0000] {logging_mixin.py:190} INFO - [2026-09-23T16:36:36.572+0000] {dagbag.py:588} INFO - Filling up the DagBag from /home/airflow/.local/lib/python3.12/site-packages/airflow/example_dags/plugins/decreasing_priority_weight_strategy.py
[2026-09-23T16:36:36.576+0000] {processor.py:927} WARNING - No viable dags retrieved from /home/airflow/.local/lib/python3.12/site-packages/airflow/example_dags/plugins/decreasing_priority_weight_strategy.py
[2026-09-23T16:36:36.600+0000] {processor.py:208} INFO - Processing /home/airflow/.local/lib/python3.12/site-packages/airflow/example_dags/plugins/decreasing_priority_weight_strategy.py took 0.050 seconds
[2026-09-23T16:37:06.795+0000] {processor.py:186} INFO - Started process (PID=8384) to work on /home/airflow/.local/lib/python3.12/site-packages/airflow/example_dags/plugins/decreasing_priority_weight_strategy.py
[2026-09-23T16:37:06.796+0000] {processor.py:914} INFO - Processing file /home/airflow/.local/lib/python3.12/site-packages/airflow/example_dags/plugins/decreasing_priority_weight_strategy.py for tasks to queue
[2026-09-23T16:37:06.799+0000] {logging_mixin.py:190} INFO - [2026-09-23T16:37:06.799+0000] {dagbag.py:588} INFO - Filling up the DagBag from /home/airflow/.local/lib/python3.12/site-packages/airflow/example_dags/plugins/decreasing_priority_weight_strategy.py
[2026-09-23T16:37:06.803+0000] {processor.py:927} WARNING - No viable dags retrieved from /home/airflow/.local/lib/python3.12/site-packages/airflow/example_dags/plugins/decreasing_priority_weight_strategy.py
[2026-09-23T16:37:06.841+0000] {processor.py:208} INFO - Processing /home/airflow/.local/lib/python3.12/site-packages/airflow/example_dags/plugins/decreasing_priority_weight_strategy.py took 0.057 seconds
[2026-09-23T16:37:38.173+0000] {processor.py:186} INFO - Started process (PID=8457) to work on /home/airflow/.local/lib/python3.12/site-packages/airflow/example_dags/plugins/decreasing_priority_weight_strategy.py
[2026-09-23T16:37:38.177+0000] {processor.py:914} INFO - Processing file /home/airflow/.local/lib/python3.12/site-packages/airflow/example_dags/plugins/decreasing_priority_weight_strategy.py for tasks to queue
[2026-09-23T16:37:38.200+0000] {logging_mixin.py:190} INFO - [2026-09-23T16:37:38.197+0000] {dagbag.py:588} INFO - Filling up the DagBag from /home/airflow/.local/lib/python3.12/site-packages/airflow/example_dags/plugins/decreasing_priority_weight_strategy.py
[2026-09-23T16:37:38.212+0000] {processor.py:927} WARNING - No viable dags retrieved from /home/airflow/.local/lib/python3.12/site-packages/airflow/example_dags/plugins/decreasing_priority_weight_strategy.py
[2026-09-23T16:37:38.268+0000] {processor.py:208} INFO - Processing /home/airflow/.local/lib/python3.12/site-packages/airflow/example_dags/plugins/decreasing_priority_weight_strategy.py took 0.119 seconds
[2026-09-23T16:38:08.427+0000] {processor.py:186} INFO - Started process (PID=8524) to work on /home/airflow/.local/lib/python3.12/site-packages/airflow/example_dags/plugins/decreasing_priority_weight_strategy.py
[2026-09-23T16:38:08.430+0000] {processor.py:914} INFO - Processing file /home/airflow/.local/lib/python3.12/site-packages/airflow/example_dags/plugins/decreasing_priority_weight_strategy.py for tasks to queue
[2026-09-23T16:38:08.436+0000] {logging_mixin.py:190} INFO - [2026-09-23T16:38:08.435+0000] {dagbag.py:588} INFO - Filling up the DagBag from /home/airflow/.local/lib/python3.12/site-packages/airflow/example_dags/plugins/decreasing_priority_weight_strategy.py
[2026-09-23T16:38:08.440+0000] {processor.py:927} WARNING - No viable dags retrieved from /home/airflow/.local/lib/python3.12/site-packages/airflow/example_dags/plugins/decreasing_priority_weight_strategy.py
[2026-09-23T16:38:08.461+0000] {processor.py:208} INFO - Processing /home/airflow/.local/lib/python3.12/site-packages/airflow/example_dags/plugins/decreasing_priority_weight_strategy.py took 0.049 seconds
[2026-09-23T16:38:39.619+0000] {processor.py:186} INFO - Started process (PID=8597) to work on /home/airflow/.local/lib/python3.12/site-packages/airflow/example_dags/plugins/decreasing_priority_weight_strategy.py
[2026-09-23T16:38:39.623+0000] {processor.py:914} INFO - Processing file /home/airflow/.local/lib/python3.12/site-packages/airflow/example_dags/plugins/decreasing_priority_weight_strategy.py for tasks to queue
[2026-09-23T16:38:39.626+0000] {logging_mixin.py:190} INFO - [2026-09-23T16:38:39.625+0000] {dagbag.py:588} INFO - Filling up the DagBag from /home/airflow/.local/lib/python3.12/site-packages/airflow/example_dags/plugins/decreasing_priority_weight_strategy.py
[2026-09-23T16:38:39.632+0000] {processor.py:927} WARNING - No viable dags retrieved from /home/airflow/.local/lib/python3.12/site-packages/airflow/example_dags/plugins/decreasing_priority_weight_strategy.py
[2026-09-23T16:38:39.651+0000] {processor.py:208} INFO - Processing /home/airflow/.local/lib/python3.12/site-packages/airflow/example_dags/plugins/decreasing_priority_weight_strategy.py took 0.042 seconds
[2026-09-23T16:39:10.138+0000] {processor.py:186} INFO - Started process (PID=8670) to work on /home/airflow/.local/lib/python3.12/site-packages/airflow/example_dags/plugins/decreasing_priority_weight_strategy.py
[2026-09-23T16:39:10.139+0000] {processor.py:914} INFO - Processing file /home/airflow/.local/lib/python3.12/site-packages/airflow/example_dags/plugins/decreasing_priority_weight_strategy.py for tasks to queue
[2026-09-23T16:39:10.142+0000] {logging_mixin.py:190} INFO - [2026-09-23T16:39:10.142+0000] {dagbag.py:588} INFO - Filling up the DagBag from /home/airflow/.local/lib/python3.12/site-packages/airflow/example_dags/plugins/decreasing_priority_weight_strategy.py
[2026-09-23T16:39:10.149+0000] {processor.py:927} WARNING - No viable dags retrieved from /home/airflow/.local/lib/python3.12/site-packages/airflow/example_dags/plugins/decreasing_priority_weight_strategy.py
[2026-09-23T16:39:10.203+0000] {processor.py:208} INFO - Processing /home/airflow/.local/lib/python3.12/site-packages/airflow/example_dags/plugins/decreasing_priority_weight_strategy.py took 0.094 seconds
[2026-09-23T16:39:40.602+0000] {processor.py:186} INFO - Started process (PID=8744) to work on /home/airflow/.local/lib/python3.12/site-packages/airflow/example_dags/plugins/decreasing_priority_weight_strategy.py
[2026-09-23T16:39:40.604+0000] {processor.py:914} INFO - Processing file /home/airflow/.local/lib/python3.12/site-packages/airflow/example_dags/plugins/decreasing_priority_weight_strategy.py for tasks to queue
[2026-09-23T16:39:40.609+0000] {logging_mixin.py:190} INFO - [2026-09-23T16:39:40.608+0000] {dagbag.py:588} INFO - Filling up the DagBag from /home/airflow/.local/lib/python3.12/site-packages/airflow/example_dags/plugins/decreasing_priority_weight_strategy.py
[2026-09-23T16:39:40.615+0000] {processor.py:927} WARNING - No viable dags retrieved from /home/airflow/.local/lib/python3.12/site-packages/airflow/example_dags/plugins/decreasing_priority_weight_strategy.py
[2026-09-23T16:39:40.641+0000] {processor.py:208} INFO - Processing /home/airflow/.local/lib/python3.12/site-packages/airflow/example_dags/plugins/decreasing_priority_weight_strategy.py took 0.055 seconds
[2026-09-23T16:40:11.582+0000] {processor.py:186} INFO - Started process (PID=8817) to work on /home/airflow/.local/lib/python3.12/site-packages/airflow/example_dags/plugins/decreasing_priority_weight_strategy.py
[2026-09-23T16:40:11.585+0000] {processor.py:914} INFO - Processing file /home/airflow/.local/lib/python3.12/site-packages/airflow/example_dags/plugins/decreasing_priority_weight_strategy.py for tasks to queue
[2026-09-23T16:40:11.595+0000] {logging_mixin.py:190} INFO - [2026-09-23T16:40:11.595+0000] {dagbag.py:588} INFO - Filling up the DagBag from /home/airflow/.local/lib/python3.12/site-packages/airflow/example_dags/plugins/decreasing_priority_weight_strategy.py
[2026-09-23T16:40:11.607+0000] {processor.py:927} WARNING - No viable dags retrieved from /home/airflow/.local/lib/python3.12/site-packages/airflow/example_dags/plugins/decreasing_priority_weight_strategy.py
[2026-09-23T16:40:11.662+0000] {processor.py:208} INFO - Processing /home/airflow/.local/lib/python3.12/site-packages/airflow/example_dags/plugins/decreasing_priority_weight_strategy.py took 0.099 seconds
[2026-09-23T16:40:42.038+0000] {processor.py:186} INFO - Started process (PID=8884) to work on /home/airflow/.local/lib/python3.12/site-packages/airflow/example_dags/plugins/decreasing_priority_weight_strategy.py
[2026-09-23T16:40:42.040+0000] {processor.py:914} INFO - Processing file /home/airflow/.local/lib/python3.12/site-packages/airflow/example_dags/plugins/decreasing_priority_weight_strategy.py for tasks to queue
[2026-09-23T16:40:42.043+0000] {logging_mixin.py:190} INFO - [2026-09-23T16:40:42.043+0000] {dagbag.py:588} INFO - Filling up the DagBag from /home/airflow/.local/lib/python3.12/site-packages/airflow/example_dags/plugins/decreasing_priority_weight_strategy.py
[2026-09-23T16:40:42.047+0000] {processor.py:927} WARNING - No viable dags retrieved from /home/airflow/.local/lib/python3.12/site-packages/airflow/example_dags/plugins/decreasing_priority_weight_strategy.py
[2026-09-23T16:40:42.066+0000] {processor.py:208} INFO - Processing /home/airflow/.local/lib/python3.12/site-packages/airflow/example_dags/plugins/decreasing_priority_weight_strategy.py took 0.039 seconds
[2026-09-23T16:41:13.944+0000] {processor.py:186} INFO - Started process (PID=8958) to work on /home/airflow/.local/lib/python3.12/site-packages/airflow/example_dags/plugins/decreasing_priority_weight_strategy.py
[2026-09-23T16:41:13.948+0000] {processor.py:914} INFO - Processing file /home/airflow/.local/lib/python3.12/site-packages/airflow/example_dags/plugins/decreasing_priority_weight_strategy.py for tasks to queue
[2026-09-23T16:41:13.962+0000] {logging_mixin.py:190} INFO - [2026-09-23T16:41:13.961+0000] {dagbag.py:588} INFO - Filling up the DagBag from /home/airflow/.local/lib/python3.12/site-packages/airflow/example_dags/plugins/decreasing_priority_weight_strategy.py
[2026-09-23T16:41:13.981+0000] {processor.py:927} WARNING - No viable dags retrieved from /home/airflow/.local/lib/python3.12/site-packages/airflow/example_dags/plugins/decreasing_priority_weight_strategy.py
[2026-09-23T16:41:14.080+0000] {processor.py:208} INFO - Processing /home/airflow/.local/lib/python3.12/site-packages/airflow/example_dags/plugins/decreasing_priority_weight_strategy.py took 0.146 seconds
[2026-09-23T16:41:44.607+0000] {processor.py:186} INFO - Started process (PID=9032) to work on /home/airflow/.local/lib/python3.12/site-packages/airflow/example_dags/plugins/decreasing_priority_weight_strategy.py
[2026-09-23T16:41:44.609+0000] {processor.py:914} INFO - Processing file /home/airflow/.local/lib/python3.12/site-packages/airflow/example_dags/plugins/decreasing_priority_weight_strategy.py for tasks to queue
[2026-09-23T16:41:44.613+0000] {logging_mixin.py:190} INFO - [2026-09-23T16:41:44.612+0000] {dagbag.py:588} INFO - Filling up the DagBag from /home/airflow/.local/lib/python3.12/site-packages/airflow/example_dags/plugins/decreasing_priority_weight_strategy.py
[2026-09-23T16:41:44.617+0000] {processor.py:927} WARNING - No viable dags retrieved from /home/airflow/.local/lib/python3.12/site-packages/airflow/example_dags/plugins/decreasing_priority_weight_strategy.py
[2026-09-23T16:41:44.635+0000] {processor.py:208} INFO - Processing /home/airflow/.local/lib/python3.12/site-packages/airflow/example_dags/plugins/decreasing_priority_weight_strategy.py took 0.049 seconds
[2026-09-23T16:42:15.026+0000] {processor.py:186} INFO - Started process (PID=9105) to work on /home/airflow/.local/lib/python3.12/site-packages/airflow/example_dags/plugins/decreasing_priority_weight_strategy.py
[2026-09-23T16:42:15.028+0000] {processor.py:914} INFO - Processing file /home/airflow/.local/lib/python3.12/site-packages/airflow/example_dags/plugins/decreasing_priority_weight_strategy.py for tasks to queue
[2026-09-23T16:42:15.031+0000] {logging_mixin.py:190} INFO - [2026-09-23T16:42:15.031+0000] {dagbag.py:588} INFO - Filling up the DagBag from /home/airflow/.local/lib/python3.12/site-packages/airflow/example_dags/plugins/decreasing_priority_weight_strategy.py
[2026-09-23T16:42:15.036+0000] {processor.py:927} WARNING - No viable dags retrieved from /home/airflow/.local/lib/python3.12/site-packages/airflow/example_dags/plugins/decreasing_priority_weight_strategy.py
[2026-09-23T16:42:15.072+0000] {processor.py:208} INFO - Processing /home/airflow/.local/lib/python3.12/site-packages/airflow/example_dags/plugins/decreasing_priority_weight_strategy.py took 0.056 seconds
[2026-09-23T16:42:45.974+0000] {processor.py:186} INFO - Started process (PID=9179) to work on /home/airflow/.local/lib/python3.12/site-packages/airflow/example_dags/plugins/decreasing_priority_weight_strategy.py
[2026-09-23T16:42:45.975+0000] {processor.py:914} INFO - Processing file /home/airflow/.local/lib/python3.12/site-packages/airflow/example_dags/plugins/decreasing_priority_weight_strategy.py for tasks to queue
[2026-09-23T16:42:45.979+0000] {logging_mixin.py:190} INFO - [2026-09-23T16:42:45.978+0000] {dagbag.py:588} INFO - Filling up the DagBag from /home/airflow/.local/lib/python3.12/site-packages/airflow/example_dags/plugins/decreasing_priority_weight_strategy.py
[2026-09-23T16:42:45.983+0000] {processor.py:927} WARNING - No viable dags retrieved from /home/airflow/.local/lib/python3.12/site-packages/airflow/example_dags/plugins/decreasing_priority_weight_strategy.py
[2026-09-23T16:42:46.028+0000] {processor.py:208} INFO - Processing /home/airflow/.local/lib/python3.12/site-packages/airflow/example_dags/plugins/decreasing_priority_weight_strategy.py took 0.062 seconds
[2026-09-23T16:43:16.506+0000] {processor.py:186} INFO - Started process (PID=9252) to work on /home/airflow/.local/lib/python3.12/site-packages/airflow/example_dags/plugins/decreasing_priority_weight_strategy.py
[2026-09-23T16:43:16.508+0000] {processor.py:914} INFO - Processing file /home/airflow/.local/lib/python3.12/site-packages/airflow/example_dags/plugins/decreasing_priority_weight_strategy.py for tasks to queue
[2026-09-23T16:43:16.513+0000] {logging_mixin.py:190} INFO - [2026-09-23T16:43:16.512+0000] {dagbag.py:588} INFO - Filling up the DagBag from /home/airflow/.local/lib/python3.12/site-packages/airflow/example_dags/plugins/decreasing_priority_weight_strategy.py
[2026-09-23T16:43:16.524+0000] {processor.py:927} WARNING - No viable dags retrieved from /home/airflow/.local/lib/python3.12/site-packages/airflow/example_dags/plugins/decreasing_priority_weight_strategy.py
[2026-09-23T16:43:16.564+0000] {processor.py:208} INFO - Processing /home/airflow/.local/lib/python3.12/site-packages/airflow/example_dags/plugins/decreasing_priority_weight_strategy.py took 0.071 seconds
[2026-09-23T16:43:46.795+0000] {processor.py:186} INFO - Started process (PID=9326) to work on /home/airflow/.local/lib/python3.12/site-packages/airflow/example_dags/plugins/decreasing_priority_weight_strategy.py
[2026-09-23T16:43:46.796+0000] {processor.py:914} INFO - Processing file /home/airflow/.local/lib/python3.12/site-packages/airflow/example_dags/plugins/decreasing_priority_weight_strategy.py for tasks to queue
[2026-09-23T16:43:46.799+0000] {logging_mixin.py:190} INFO - [2026-09-23T16:43:46.799+0000] {dagbag.py:588} INFO - Filling up the DagBag from /home/airflow/.local/lib/python3.12/site-packages/airflow/example_dags/plugins/decreasing_priority_weight_strategy.py
[2026-09-23T16:43:46.803+0000] {processor.py:927} WARNING - No viable dags retrieved from /home/airflow/.local/lib/python3.12/site-packages/airflow/example_dags/plugins/decreasing_priority_weight_strategy.py
[2026-09-23T16:43:46.820+0000] {processor.py:208} INFO - Processing /home/airflow/.local/lib/python3.12/site-packages/airflow/example_dags/plugins/decreasing_priority_weight_strategy.py took 0.034 seconds
[2026-09-23T16:46:27.328+0000] {processor.py:186} INFO - Started process (PID=111) to work on /home/airflow/.local/lib/python3.12/site-packages/airflow/example_dags/plugins/decreasing_priority_weight_strategy.py
[2026-09-23T16:46:27.329+0000] {processor.py:914} INFO - Processing file /home/airflow/.local/lib/python3.12/site-packages/airflow/example_dags/plugins/decreasing_priority_weight_strategy.py for tasks to queue
[2026-09-23T16:46:27.333+0000] {logging_mixin.py:190} INFO - [2026-09-23T16:46:27.332+0000] {dagbag.py:588} INFO - Filling up the DagBag from /home/airflow/.local/lib/python3.12/site-packages/airflow/example_dags/plugins/decreasing_priority_weight_strategy.py
[2026-09-23T16:46:27.337+0000] {processor.py:927} WARNING - No viable dags retrieved from /home/airflow/.local/lib/python3.12/site-packages/airflow/example_dags/plugins/decreasing_priority_weight_strategy.py
[2026-09-23T16:46:27.357+0000] {processor.py:208} INFO - Processing /home/airflow/.local/lib/python3.12/site-packages/airflow/example_dags/plugins/decreasing_priority_weight_strategy.py took 0.039 seconds
[2026-09-23T16:46:58.501+0000] {processor.py:186} INFO - Started process (PID=185) to work on /home/airflow/.local/lib/python3.12/site-packages/airflow/example_dags/plugins/decreasing_priority_weight_strategy.py
[2026-09-23T16:46:58.502+0000] {processor.py:914} INFO - Processing file /home/airflow/.local/lib/python3.12/site-packages/airflow/example_dags/plugins/decreasing_priority_weight_strategy.py for tasks to queue
[2026-09-23T16:46:58.506+0000] {logging_mixin.py:190} INFO - [2026-09-23T16:46:58.505+0000] {dagbag.py:588} INFO - Filling up the DagBag from /home/airflow/.local/lib/python3.12/site-packages/airflow/example_dags/plugins/decreasing_priority_weight_strategy.py
[2026-09-23T16:46:58.510+0000] {processor.py:927} WARNING - No viable dags retrieved from /home/airflow/.local/lib/python3.12/site-packages/airflow/example_dags/plugins/decreasing_priority_weight_strategy.py
[2026-09-23T16:46:58.527+0000] {processor.py:208} INFO - Processing /home/airflow/.local/lib/python3.12/site-packages/airflow/example_dags/plugins/decreasing_priority_weight_strategy.py took 0.037 seconds
[2026-09-23T16:47:31.524+0000] {processor.py:186} INFO - Started process (PID=258) to work on /home/airflow/.local/lib/python3.12/site-packages/airflow/example_dags/plugins/decreasing_priority_weight_strategy.py
[2026-09-23T16:47:31.525+0000] {processor.py:914} INFO - Processing file /home/airflow/.local/lib/python3.12/site-packages/airflow/example_dags/plugins/decreasing_priority_weight_strategy.py for tasks to queue
[2026-09-23T16:47:31.530+0000] {logging_mixin.py:190} INFO - [2026-09-23T16:47:31.529+0000] {dagbag.py:588} INFO - Filling up the DagBag from /home/airflow/.local/lib/python3.12/site-packages/airflow/example_dags/plugins/decreasing_priority_weight_strategy.py
[2026-09-23T16:47:31.537+0000] {processor.py:927} WARNING - No viable dags retrieved from /home/airflow/.local/lib/python3.12/site-packages/airflow/example_dags/plugins/decreasing_priority_weight_strategy.py
[2026-09-23T16:47:31.572+0000] {processor.py:208} INFO - Processing /home/airflow/.local/lib/python3.12/site-packages/airflow/example_dags/plugins/decreasing_priority_weight_strategy.py took 0.065 seconds
[2026-09-23T16:48:04.520+0000] {processor.py:186} INFO - Started process (PID=331) to work on /home/airflow/.local/lib/python3.12/site-packages/airflow/example_dags/plugins/decreasing_priority_weight_strategy.py
[2026-09-23T16:48:04.528+0000] {processor.py:914} INFO - Processing file /home/airflow/.local/lib/python3.12/site-packages/airflow/example_dags/plugins/decreasing_priority_weight_strategy.py for tasks to queue
[2026-09-23T16:48:04.541+0000] {logging_mixin.py:190} INFO - [2026-09-23T16:48:04.541+0000] {dagbag.py:588} INFO - Filling up the DagBag from /home/airflow/.local/lib/python3.12/site-packages/airflow/example_dags/plugins/decreasing_priority_weight_strategy.py
[2026-09-23T16:48:04.558+0000] {processor.py:927} WARNING - No viable dags retrieved from /home/airflow/.local/lib/python3.12/site-packages/airflow/example_dags/plugins/decreasing_priority_weight_strategy.py
[2026-09-23T16:48:04.664+0000] {processor.py:208} INFO - Processing /home/airflow/.local/lib/python3.12/site-packages/airflow/example_dags/plugins/decreasing_priority_weight_strategy.py took 0.158 seconds
[2026-09-23T16:48:36.321+0000] {processor.py:186} INFO - Started process (PID=404) to work on /home/airflow/.local/lib/python3.12/site-packages/airflow/example_dags/plugins/decreasing_priority_weight_strategy.py
[2026-09-23T16:48:36.324+0000] {processor.py:914} INFO - Processing file /home/airflow/.local/lib/python3.12/site-packages/airflow/example_dags/plugins/decreasing_priority_weight_strategy.py for tasks to queue
[2026-09-23T16:48:36.328+0000] {logging_mixin.py:190} INFO - [2026-09-23T16:48:36.328+0000] {dagbag.py:588} INFO - Filling up the DagBag from /home/airflow/.local/lib/python3.12/site-packages/airflow/example_dags/plugins/decreasing_priority_weight_strategy.py
[2026-09-23T16:48:36.332+0000] {processor.py:927} WARNING - No viable dags retrieved from /home/airflow/.local/lib/python3.12/site-packages/airflow/example_dags/plugins/decreasing_priority_weight_strategy.py
[2026-09-23T16:48:36.354+0000] {processor.py:208} INFO - Processing /home/airflow/.local/lib/python3.12/site-packages/airflow/example_dags/plugins/decreasing_priority_weight_strategy.py took 0.058 seconds
[2026-09-23T16:49:07.684+0000] {processor.py:186} INFO - Started process (PID=478) to work on /home/airflow/.local/lib/python3.12/site-packages/airflow/example_dags/plugins/decreasing_priority_weight_strategy.py
[2026-09-23T16:49:07.687+0000] {processor.py:914} INFO - Processing file /home/airflow/.local/lib/python3.12/site-packages/airflow/example_dags/plugins/decreasing_priority_weight_strategy.py for tasks to queue
[2026-09-23T16:49:07.691+0000] {logging_mixin.py:190} INFO - [2026-09-23T16:49:07.691+0000] {dagbag.py:588} INFO - Filling up the DagBag from /home/airflow/.local/lib/python3.12/site-packages/airflow/example_dags/plugins/decreasing_priority_weight_strategy.py
[2026-09-23T16:49:07.694+0000] {processor.py:927} WARNING - No viable dags retrieved from /home/airflow/.local/lib/python3.12/site-packages/airflow/example_dags/plugins/decreasing_priority_weight_strategy.py
[2026-09-23T16:49:07.732+0000] {processor.py:208} INFO - Processing /home/airflow/.local/lib/python3.12/site-packages/airflow/example_dags/plugins/decreasing_priority_weight_strategy.py took 0.061 seconds
[2026-09-23T16:49:39.155+0000] {processor.py:186} INFO - Started process (PID=552) to work on /home/airflow/.local/lib/python3.12/site-packages/airflow/example_dags/plugins/decreasing_priority_weight_strategy.py
[2026-09-23T16:49:39.159+0000] {processor.py:914} INFO - Processing file /home/airflow/.local/lib/python3.12/site-packages/airflow/example_dags/plugins/decreasing_priority_weight_strategy.py for tasks to queue
[2026-09-23T16:49:39.162+0000] {logging_mixin.py:190} INFO - [2026-09-23T16:49:39.162+0000] {dagbag.py:588} INFO - Filling up the DagBag from /home/airflow/.local/lib/python3.12/site-packages/airflow/example_dags/plugins/decreasing_priority_weight_strategy.py
[2026-09-23T16:49:39.167+0000] {processor.py:927} WARNING - No viable dags retrieved from /home/airflow/.local/lib/python3.12/site-packages/airflow/example_dags/plugins/decreasing_priority_weight_strategy.py
[2026-09-23T16:49:39.195+0000] {processor.py:208} INFO - Processing /home/airflow/.local/lib/python3.12/site-packages/airflow/example_dags/plugins/decreasing_priority_weight_strategy.py took 0.053 seconds
[2026-09-23T16:50:09.669+0000] {processor.py:186} INFO - Started process (PID=618) to work on /home/airflow/.local/lib/python3.12/site-packages/airflow/example_dags/plugins/decreasing_priority_weight_strategy.py
[2026-09-23T16:50:09.670+0000] {processor.py:914} INFO - Processing file /home/airflow/.local/lib/python3.12/site-packages/airflow/example_dags/plugins/decreasing_priority_weight_strategy.py for tasks to queue
[2026-09-23T16:50:09.673+0000] {logging_mixin.py:190} INFO - [2026-09-23T16:50:09.672+0000] {dagbag.py:588} INFO - Filling up the DagBag from /home/airflow/.local/lib/python3.12/site-packages/airflow/example_dags/plugins/decreasing_priority_weight_strategy.py
[2026-09-23T16:50:09.678+0000] {processor.py:927} WARNING - No viable dags retrieved from /home/airflow/.local/lib/python3.12/site-packages/airflow/example_dags/plugins/decreasing_priority_weight_strategy.py
[2026-09-23T16:50:09.702+0000] {processor.py:208} INFO - Processing /home/airflow/.local/lib/python3.12/site-packages/airflow/example_dags/plugins/decreasing_priority_weight_strategy.py took 0.045 seconds
[2026-09-23T16:50:40.724+0000] {processor.py:186} INFO - Started process (PID=691) to work on /home/airflow/.local/lib/python3.12/site-packages/airflow/example_dags/plugins/decreasing_priority_weight_strategy.py
[2026-09-23T16:50:40.729+0000] {processor.py:914} INFO - Processing file /home/airflow/.local/lib/python3.12/site-packages/airflow/example_dags/plugins/decreasing_priority_weight_strategy.py for tasks to queue
[2026-09-23T16:50:40.755+0000] {logging_mixin.py:190} INFO - [2026-09-23T16:50:40.749+0000] {dagbag.py:588} INFO - Filling up the DagBag from /home/airflow/.local/lib/python3.12/site-packages/airflow/example_dags/plugins/decreasing_priority_weight_strategy.py
[2026-09-23T16:50:40.770+0000] {processor.py:927} WARNING - No viable dags retrieved from /home/airflow/.local/lib/python3.12/site-packages/airflow/example_dags/plugins/decreasing_priority_weight_strategy.py
[2026-09-23T16:50:40.832+0000] {processor.py:208} INFO - Processing /home/airflow/.local/lib/python3.12/site-packages/airflow/example_dags/plugins/decreasing_priority_weight_strategy.py took 0.160 seconds
[2026-09-23T16:51:12.395+0000] {processor.py:186} INFO - Started process (PID=765) to work on /home/airflow/.local/lib/python3.12/site-packages/airflow/example_dags/plugins/decreasing_priority_weight_strategy.py
[2026-09-23T16:51:12.397+0000] {processor.py:914} INFO - Processing file /home/airflow/.local/lib/python3.12/site-packages/airflow/example_dags/plugins/decreasing_priority_weight_strategy.py for tasks to queue
[2026-09-23T16:51:12.407+0000] {logging_mixin.py:190} INFO - [2026-09-23T16:51:12.405+0000] {dagbag.py:588} INFO - Filling up the DagBag from /home/airflow/.local/lib/python3.12/site-packages/airflow/example_dags/plugins/decreasing_priority_weight_strategy.py
[2026-09-23T16:51:12.419+0000] {processor.py:927} WARNING - No viable dags retrieved from /home/airflow/.local/lib/python3.12/site-packages/airflow/example_dags/plugins/decreasing_priority_weight_strategy.py
[2026-09-23T16:51:12.478+0000] {processor.py:208} INFO - Processing /home/airflow/.local/lib/python3.12/site-packages/airflow/example_dags/plugins/decreasing_priority_weight_strategy.py took 0.095 seconds
[2026-09-23T16:51:43.504+0000] {processor.py:186} INFO - Started process (PID=837) to work on /home/airflow/.local/lib/python3.12/site-packages/airflow/example_dags/plugins/decreasing_priority_weight_strategy.py
[2026-09-23T16:51:43.506+0000] {processor.py:914} INFO - Processing file /home/airflow/.local/lib/python3.12/site-packages/airflow/example_dags/plugins/decreasing_priority_weight_strategy.py for tasks to queue
[2026-09-23T16:51:43.509+0000] {logging_mixin.py:190} INFO - [2026-09-23T16:51:43.509+0000] {dagbag.py:588} INFO - Filling up the DagBag from /home/airflow/.local/lib/python3.12/site-packages/airflow/example_dags/plugins/decreasing_priority_weight_strategy.py
[2026-09-23T16:51:43.513+0000] {processor.py:927} WARNING - No viable dags retrieved from /home/airflow/.local/lib/python3.12/site-packages/airflow/example_dags/plugins/decreasing_priority_weight_strategy.py
[2026-09-23T16:51:43.538+0000] {processor.py:208} INFO - Processing /home/airflow/.local/lib/python3.12/site-packages/airflow/example_dags/plugins/decreasing_priority_weight_strategy.py took 0.044 seconds
[2026-09-23T16:52:14.080+0000] {processor.py:186} INFO - Started process (PID=904) to work on /home/airflow/.local/lib/python3.12/site-packages/airflow/example_dags/plugins/decreasing_priority_weight_strategy.py
[2026-09-23T16:52:14.081+0000] {processor.py:914} INFO - Processing file /home/airflow/.local/lib/python3.12/site-packages/airflow/example_dags/plugins/decreasing_priority_weight_strategy.py for tasks to queue
[2026-09-23T16:52:14.085+0000] {logging_mixin.py:190} INFO - [2026-09-23T16:52:14.084+0000] {dagbag.py:588} INFO - Filling up the DagBag from /home/airflow/.local/lib/python3.12/site-packages/airflow/example_dags/plugins/decreasing_priority_weight_strategy.py
[2026-09-23T16:52:14.091+0000] {processor.py:927} WARNING - No viable dags retrieved from /home/airflow/.local/lib/python3.12/site-packages/airflow/example_dags/plugins/decreasing_priority_weight_strategy.py
[2026-09-23T16:52:14.112+0000] {processor.py:208} INFO - Processing /home/airflow/.local/lib/python3.12/site-packages/airflow/example_dags/plugins/decreasing_priority_weight_strategy.py took 0.044 seconds
[2026-09-23T16:52:45.120+0000] {processor.py:186} INFO - Started process (PID=978) to work on /home/airflow/.local/lib/python3.12/site-packages/airflow/example_dags/plugins/decreasing_priority_weight_strategy.py
[2026-09-23T16:52:45.121+0000] {processor.py:914} INFO - Processing file /home/airflow/.local/lib/python3.12/site-packages/airflow/example_dags/plugins/decreasing_priority_weight_strategy.py for tasks to queue
[2026-09-23T16:52:45.125+0000] {logging_mixin.py:190} INFO - [2026-09-23T16:52:45.124+0000] {dagbag.py:588} INFO - Filling up the DagBag from /home/airflow/.local/lib/python3.12/site-packages/airflow/example_dags/plugins/decreasing_priority_weight_strategy.py
[2026-09-23T16:52:45.128+0000] {processor.py:927} WARNING - No viable dags retrieved from /home/airflow/.local/lib/python3.12/site-packages/airflow/example_dags/plugins/decreasing_priority_weight_strategy.py
[2026-09-23T16:52:45.151+0000] {processor.py:208} INFO - Processing /home/airflow/.local/lib/python3.12/site-packages/airflow/example_dags/plugins/decreasing_priority_weight_strategy.py took 0.041 seconds
[2026-09-23T16:53:16.008+0000] {processor.py:186} INFO - Started process (PID=1051) to work on /home/airflow/.local/lib/python3.12/site-packages/airflow/example_dags/plugins/decreasing_priority_weight_strategy.py
[2026-09-23T16:53:16.014+0000] {processor.py:914} INFO - Processing file /home/airflow/.local/lib/python3.12/site-packages/airflow/example_dags/plugins/decreasing_priority_weight_strategy.py for tasks to queue
[2026-09-23T16:53:16.033+0000] {logging_mixin.py:190} INFO - [2026-09-23T16:53:16.032+0000] {dagbag.py:588} INFO - Filling up the DagBag from /home/airflow/.local/lib/python3.12/site-packages/airflow/example_dags/plugins/decreasing_priority_weight_strategy.py
[2026-09-23T16:53:16.072+0000] {processor.py:927} WARNING - No viable dags retrieved from /home/airflow/.local/lib/python3.12/site-packages/airflow/example_dags/plugins/decreasing_priority_weight_strategy.py
[2026-09-23T16:53:16.155+0000] {processor.py:208} INFO - Processing /home/airflow/.local/lib/python3.12/site-packages/airflow/example_dags/plugins/decreasing_priority_weight_strategy.py took 0.176 seconds
[2026-09-23T16:53:46.796+0000] {processor.py:186} INFO - Started process (PID=1123) to work on /home/airflow/.local/lib/python3.12/site-packages/airflow/example_dags/plugins/decreasing_priority_weight_strategy.py
[2026-09-23T16:53:46.797+0000] {processor.py:914} INFO - Processing file /home/airflow/.local/lib/python3.12/site-packages/airflow/example_dags/plugins/decreasing_priority_weight_strategy.py for tasks to queue
[2026-09-23T16:53:46.800+0000] {logging_mixin.py:190} INFO - [2026-09-23T16:53:46.800+0000] {dagbag.py:588} INFO - Filling up the DagBag from /home/airflow/.local/lib/python3.12/site-packages/airflow/example_dags/plugins/decreasing_priority_weight_strategy.py
[2026-09-23T16:53:46.805+0000] {processor.py:927} WARNING - No viable dags retrieved from /home/airflow/.local/lib/python3.12/site-packages/airflow/example_dags/plugins/decreasing_priority_weight_strategy.py
[2026-09-23T16:53:46.829+0000] {processor.py:208} INFO - Processing /home/airflow/.local/lib/python3.12/site-packages/airflow/example_dags/plugins/decreasing_priority_weight_strategy.py took 0.043 seconds
[2026-09-23T16:54:17.223+0000] {processor.py:186} INFO - Started process (PID=1197) to work on /home/airflow/.local/lib/python3.12/site-packages/airflow/example_dags/plugins/decreasing_priority_weight_strategy.py
[2026-09-23T16:54:17.224+0000] {processor.py:914} INFO - Processing file /home/airflow/.local/lib/python3.12/site-packages/airflow/example_dags/plugins/decreasing_priority_weight_strategy.py for tasks to queue
[2026-09-23T16:54:17.236+0000] {logging_mixin.py:190} INFO - [2026-09-23T16:54:17.236+0000] {dagbag.py:588} INFO - Filling up the DagBag from /home/airflow/.local/lib/python3.12/site-packages/airflow/example_dags/plugins/decreasing_priority_weight_strategy.py
[2026-09-23T16:54:17.282+0000] {processor.py:927} WARNING - No viable dags retrieved from /home/airflow/.local/lib/python3.12/site-packages/airflow/example_dags/plugins/decreasing_priority_weight_strategy.py
[2026-09-23T16:54:17.450+0000] {processor.py:208} INFO - Processing /home/airflow/.local/lib/python3.12/site-packages/airflow/example_dags/plugins/decreasing_priority_weight_strategy.py took 0.303 seconds
[2026-09-23T16:54:48.063+0000] {processor.py:186} INFO - Started process (PID=1264) to work on /home/airflow/.local/lib/python3.12/site-packages/airflow/example_dags/plugins/decreasing_priority_weight_strategy.py
[2026-09-23T16:54:48.064+0000] {processor.py:914} INFO - Processing file /home/airflow/.local/lib/python3.12/site-packages/airflow/example_dags/plugins/decreasing_priority_weight_strategy.py for tasks to queue
[2026-09-23T16:54:48.068+0000] {logging_mixin.py:190} INFO - [2026-09-23T16:54:48.067+0000] {dagbag.py:588} INFO - Filling up the DagBag from /home/airflow/.local/lib/python3.12/site-packages/airflow/example_dags/plugins/decreasing_priority_weight_strategy.py
[2026-09-23T16:54:48.072+0000] {processor.py:927} WARNING - No viable dags retrieved from /home/airflow/.local/lib/python3.12/site-packages/airflow/example_dags/plugins/decreasing_priority_weight_strategy.py
[2026-09-23T16:54:48.100+0000] {processor.py:208} INFO - Processing /home/airflow/.local/lib/python3.12/site-packages/airflow/example_dags/plugins/decreasing_priority_weight_strategy.py took 0.048 seconds
[2026-09-23T16:55:19.100+0000] {processor.py:186} INFO - Started process (PID=1338) to work on /home/airflow/.local/lib/python3.12/site-packages/airflow/example_dags/plugins/decreasing_priority_weight_strategy.py
[2026-09-23T16:55:19.104+0000] {processor.py:914} INFO - Processing file /home/airflow/.local/lib/python3.12/site-packages/airflow/example_dags/plugins/decreasing_priority_weight_strategy.py for tasks to queue
[2026-09-23T16:55:19.118+0000] {logging_mixin.py:190} INFO - [2026-09-23T16:55:19.117+0000] {dagbag.py:588} INFO - Filling up the DagBag from /home/airflow/.local/lib/python3.12/site-packages/airflow/example_dags/plugins/decreasing_priority_weight_strategy.py
[2026-09-23T16:55:19.136+0000] {processor.py:927} WARNING - No viable dags retrieved from /home/airflow/.local/lib/python3.12/site-packages/airflow/example_dags/plugins/decreasing_priority_weight_strategy.py
[2026-09-23T16:55:19.199+0000] {processor.py:208} INFO - Processing /home/airflow/.local/lib/python3.12/site-packages/airflow/example_dags/plugins/decreasing_priority_weight_strategy.py took 0.120 seconds
[2026-09-23T16:55:49.377+0000] {processor.py:186} INFO - Started process (PID=1412) to work on /home/airflow/.local/lib/python3.12/site-packages/airflow/example_dags/plugins/decreasing_priority_weight_strategy.py
[2026-09-23T16:55:49.378+0000] {processor.py:914} INFO - Processing file /home/airflow/.local/lib/python3.12/site-packages/airflow/example_dags/plugins/decreasing_priority_weight_strategy.py for tasks to queue
[2026-09-23T16:55:49.382+0000] {logging_mixin.py:190} INFO - [2026-09-23T16:55:49.381+0000] {dagbag.py:588} INFO - Filling up the DagBag from /home/airflow/.local/lib/python3.12/site-packages/airflow/example_dags/plugins/decreasing_priority_weight_strategy.py
[2026-09-23T16:55:49.387+0000] {processor.py:927} WARNING - No viable dags retrieved from /home/airflow/.local/lib/python3.12/site-packages/airflow/example_dags/plugins/decreasing_priority_weight_strategy.py
[2026-09-23T16:55:49.412+0000] {processor.py:208} INFO - Processing /home/airflow/.local/lib/python3.12/site-packages/airflow/example_dags/plugins/decreasing_priority_weight_strategy.py took 0.047 seconds
[2026-09-23T16:56:19.687+0000] {processor.py:186} INFO - Started process (PID=1479) to work on /home/airflow/.local/lib/python3.12/site-packages/airflow/example_dags/plugins/decreasing_priority_weight_strategy.py
[2026-09-23T16:56:19.689+0000] {processor.py:914} INFO - Processing file /home/airflow/.local/lib/python3.12/site-packages/airflow/example_dags/plugins/decreasing_priority_weight_strategy.py for tasks to queue
[2026-09-23T16:56:19.691+0000] {logging_mixin.py:190} INFO - [2026-09-23T16:56:19.691+0000] {dagbag.py:588} INFO - Filling up the DagBag from /home/airflow/.local/lib/python3.12/site-packages/airflow/example_dags/plugins/decreasing_priority_weight_strategy.py
[2026-09-23T16:56:19.694+0000] {processor.py:927} WARNING - No viable dags retrieved from /home/airflow/.local/lib/python3.12/site-packages/airflow/example_dags/plugins/decreasing_priority_weight_strategy.py
[2026-09-23T16:56:19.713+0000] {processor.py:208} INFO - Processing /home/airflow/.local/lib/python3.12/site-packages/airflow/example_dags/plugins/decreasing_priority_weight_strategy.py took 0.035 seconds
[2026-09-23T16:56:49.982+0000] {processor.py:186} INFO - Started process (PID=1553) to work on /home/airflow/.local/lib/python3.12/site-packages/airflow/example_dags/plugins/decreasing_priority_weight_strategy.py
[2026-09-23T16:56:49.983+0000] {processor.py:914} INFO - Processing file /home/airflow/.local/lib/python3.12/site-packages/airflow/example_dags/plugins/decreasing_priority_weight_strategy.py for tasks to queue
[2026-09-23T16:56:49.986+0000] {logging_mixin.py:190} INFO - [2026-09-23T16:56:49.986+0000] {dagbag.py:588} INFO - Filling up the DagBag from /home/airflow/.local/lib/python3.12/site-packages/airflow/example_dags/plugins/decreasing_priority_weight_strategy.py
[2026-09-23T16:56:49.990+0000] {processor.py:927} WARNING - No viable dags retrieved from /home/airflow/.local/lib/python3.12/site-packages/airflow/example_dags/plugins/decreasing_priority_weight_strategy.py
[2026-09-23T16:56:50.009+0000] {processor.py:208} INFO - Processing /home/airflow/.local/lib/python3.12/site-packages/airflow/example_dags/plugins/decreasing_priority_weight_strategy.py took 0.036 seconds
[2026-09-23T16:57:20.976+0000] {processor.py:186} INFO - Started process (PID=1627) to work on /home/airflow/.local/lib/python3.12/site-packages/airflow/example_dags/plugins/decreasing_priority_weight_strategy.py
[2026-09-23T16:57:20.978+0000] {processor.py:914} INFO - Processing file /home/airflow/.local/lib/python3.12/site-packages/airflow/example_dags/plugins/decreasing_priority_weight_strategy.py for tasks to queue
[2026-09-23T16:57:20.981+0000] {logging_mixin.py:190} INFO - [2026-09-23T16:57:20.981+0000] {dagbag.py:588} INFO - Filling up the DagBag from /home/airflow/.local/lib/python3.12/site-packages/airflow/example_dags/plugins/decreasing_priority_weight_strategy.py
[2026-09-23T16:57:20.985+0000] {processor.py:927} WARNING - No viable dags retrieved from /home/airflow/.local/lib/python3.12/site-packages/airflow/example_dags/plugins/decreasing_priority_weight_strategy.py
[2026-09-23T16:57:21.008+0000] {processor.py:208} INFO - Processing /home/airflow/.local/lib/python3.12/site-packages/airflow/example_dags/plugins/decreasing_priority_weight_strategy.py took 0.042 seconds
[2026-09-23T16:57:51.893+0000] {processor.py:186} INFO - Started process (PID=1701) to work on /home/airflow/.local/lib/python3.12/site-packages/airflow/example_dags/plugins/decreasing_priority_weight_strategy.py
[2026-09-23T16:57:51.894+0000] {processor.py:914} INFO - Processing file /home/airflow/.local/lib/python3.12/site-packages/airflow/example_dags/plugins/decreasing_priority_weight_strategy.py for tasks to queue
[2026-09-23T16:57:51.897+0000] {logging_mixin.py:190} INFO - [2026-09-23T16:57:51.897+0000] {dagbag.py:588} INFO - Filling up the DagBag from /home/airflow/.local/lib/python3.12/site-packages/airflow/example_dags/plugins/decreasing_priority_weight_strategy.py
[2026-09-23T16:57:51.902+0000] {processor.py:927} WARNING - No viable dags retrieved from /home/airflow/.local/lib/python3.12/site-packages/airflow/example_dags/plugins/decreasing_priority_weight_strategy.py
[2026-09-23T16:57:51.922+0000] {processor.py:208} INFO - Processing /home/airflow/.local/lib/python3.12/site-packages/airflow/example_dags/plugins/decreasing_priority_weight_strategy.py took 0.053 seconds
[2026-09-23T16:58:22.336+0000] {processor.py:186} INFO - Started process (PID=1774) to work on /home/airflow/.local/lib/python3.12/site-packages/airflow/example_dags/plugins/decreasing_priority_weight_strategy.py
[2026-09-23T16:58:22.341+0000] {processor.py:914} INFO - Processing file /home/airflow/.local/lib/python3.12/site-packages/airflow/example_dags/plugins/decreasing_priority_weight_strategy.py for tasks to queue
[2026-09-23T16:58:22.349+0000] {logging_mixin.py:190} INFO - [2026-09-23T16:58:22.348+0000] {dagbag.py:588} INFO - Filling up the DagBag from /home/airflow/.local/lib/python3.12/site-packages/airflow/example_dags/plugins/decreasing_priority_weight_strategy.py
[2026-09-23T16:58:22.358+0000] {processor.py:927} WARNING - No viable dags retrieved from /home/airflow/.local/lib/python3.12/site-packages/airflow/example_dags/plugins/decreasing_priority_weight_strategy.py
[2026-09-23T16:58:22.386+0000] {processor.py:208} INFO - Processing /home/airflow/.local/lib/python3.12/site-packages/airflow/example_dags/plugins/decreasing_priority_weight_strategy.py took 0.062 seconds
[2026-09-23T16:58:53.439+0000] {processor.py:186} INFO - Started process (PID=1848) to work on /home/airflow/.local/lib/python3.12/site-packages/airflow/example_dags/plugins/decreasing_priority_weight_strategy.py
[2026-09-23T16:58:53.440+0000] {processor.py:914} INFO - Processing file /home/airflow/.local/lib/python3.12/site-packages/airflow/example_dags/plugins/decreasing_priority_weight_strategy.py for tasks to queue
[2026-09-23T16:58:53.445+0000] {logging_mixin.py:190} INFO - [2026-09-23T16:58:53.445+0000] {dagbag.py:588} INFO - Filling up the DagBag from /home/airflow/.local/lib/python3.12/site-packages/airflow/example_dags/plugins/decreasing_priority_weight_strategy.py
[2026-09-23T16:58:53.449+0000] {processor.py:927} WARNING - No viable dags retrieved from /home/airflow/.local/lib/python3.12/site-packages/airflow/example_dags/plugins/decreasing_priority_weight_strategy.py
[2026-09-23T16:58:53.478+0000] {processor.py:208} INFO - Processing /home/airflow/.local/lib/python3.12/site-packages/airflow/example_dags/plugins/decreasing_priority_weight_strategy.py took 0.051 seconds
[2026-09-23T16:59:23.642+0000] {processor.py:186} INFO - Started process (PID=1920) to work on /home/airflow/.local/lib/python3.12/site-packages/airflow/example_dags/plugins/decreasing_priority_weight_strategy.py
[2026-09-23T16:59:23.644+0000] {processor.py:914} INFO - Processing file /home/airflow/.local/lib/python3.12/site-packages/airflow/example_dags/plugins/decreasing_priority_weight_strategy.py for tasks to queue
[2026-09-23T16:59:23.647+0000] {logging_mixin.py:190} INFO - [2026-09-23T16:59:23.647+0000] {dagbag.py:588} INFO - Filling up the DagBag from /home/airflow/.local/lib/python3.12/site-packages/airflow/example_dags/plugins/decreasing_priority_weight_strategy.py
[2026-09-23T16:59:23.650+0000] {processor.py:927} WARNING - No viable dags retrieved from /home/airflow/.local/lib/python3.12/site-packages/airflow/example_dags/plugins/decreasing_priority_weight_strategy.py
[2026-09-23T16:59:23.668+0000] {processor.py:208} INFO - Processing /home/airflow/.local/lib/python3.12/site-packages/airflow/example_dags/plugins/decreasing_priority_weight_strategy.py took 0.036 seconds
[2026-09-23T16:59:54.037+0000] {processor.py:186} INFO - Started process (PID=1987) to work on /home/airflow/.local/lib/python3.12/site-packages/airflow/example_dags/plugins/decreasing_priority_weight_strategy.py
[2026-09-23T16:59:54.038+0000] {processor.py:914} INFO - Processing file /home/airflow/.local/lib/python3.12/site-packages/airflow/example_dags/plugins/decreasing_priority_weight_strategy.py for tasks to queue
[2026-09-23T16:59:54.042+0000] {logging_mixin.py:190} INFO - [2026-09-23T16:59:54.042+0000] {dagbag.py:588} INFO - Filling up the DagBag from /home/airflow/.local/lib/python3.12/site-packages/airflow/example_dags/plugins/decreasing_priority_weight_strategy.py
[2026-09-23T16:59:54.045+0000] {processor.py:927} WARNING - No viable dags retrieved from /home/airflow/.local/lib/python3.12/site-packages/airflow/example_dags/plugins/decreasing_priority_weight_strategy.py
[2026-09-23T16:59:54.062+0000] {processor.py:208} INFO - Processing /home/airflow/.local/lib/python3.12/site-packages/airflow/example_dags/plugins/decreasing_priority_weight_strategy.py took 0.034 seconds
[2026-09-23T17:00:24.995+0000] {processor.py:186} INFO - Started process (PID=2061) to work on /home/airflow/.local/lib/python3.12/site-packages/airflow/example_dags/plugins/decreasing_priority_weight_strategy.py
[2026-09-23T17:00:24.998+0000] {processor.py:914} INFO - Processing file /home/airflow/.local/lib/python3.12/site-packages/airflow/example_dags/plugins/decreasing_priority_weight_strategy.py for tasks to queue
[2026-09-23T17:00:25.004+0000] {logging_mixin.py:190} INFO - [2026-09-23T17:00:25.003+0000] {dagbag.py:588} INFO - Filling up the DagBag from /home/airflow/.local/lib/python3.12/site-packages/airflow/example_dags/plugins/decreasing_priority_weight_strategy.py
[2026-09-23T17:00:25.008+0000] {processor.py:927} WARNING - No viable dags retrieved from /home/airflow/.local/lib/python3.12/site-packages/airflow/example_dags/plugins/decreasing_priority_weight_strategy.py
[2026-09-23T17:00:25.028+0000] {processor.py:208} INFO - Processing /home/airflow/.local/lib/python3.12/site-packages/airflow/example_dags/plugins/decreasing_priority_weight_strategy.py took 0.043 seconds
[2026-09-23T17:00:55.188+0000] {processor.py:186} INFO - Started process (PID=2135) to work on /home/airflow/.local/lib/python3.12/site-packages/airflow/example_dags/plugins/decreasing_priority_weight_strategy.py
[2026-09-23T17:00:55.189+0000] {processor.py:914} INFO - Processing file /home/airflow/.local/lib/python3.12/site-packages/airflow/example_dags/plugins/decreasing_priority_weight_strategy.py for tasks to queue
[2026-09-23T17:00:55.192+0000] {logging_mixin.py:190} INFO - [2026-09-23T17:00:55.191+0000] {dagbag.py:588} INFO - Filling up the DagBag from /home/airflow/.local/lib/python3.12/site-packages/airflow/example_dags/plugins/decreasing_priority_weight_strategy.py
[2026-09-23T17:00:55.195+0000] {processor.py:927} WARNING - No viable dags retrieved from /home/airflow/.local/lib/python3.12/site-packages/airflow/example_dags/plugins/decreasing_priority_weight_strategy.py
[2026-09-23T17:00:55.218+0000] {processor.py:208} INFO - Processing /home/airflow/.local/lib/python3.12/site-packages/airflow/example_dags/plugins/decreasing_priority_weight_strategy.py took 0.040 seconds
[2026-09-23T17:01:25.780+0000] {processor.py:186} INFO - Started process (PID=2208) to work on /home/airflow/.local/lib/python3.12/site-packages/airflow/example_dags/plugins/decreasing_priority_weight_strategy.py
[2026-09-23T17:01:25.783+0000] {processor.py:914} INFO - Processing file /home/airflow/.local/lib/python3.12/site-packages/airflow/example_dags/plugins/decreasing_priority_weight_strategy.py for tasks to queue
[2026-09-23T17:01:25.789+0000] {logging_mixin.py:190} INFO - [2026-09-23T17:01:25.789+0000] {dagbag.py:588} INFO - Filling up the DagBag from /home/airflow/.local/lib/python3.12/site-packages/airflow/example_dags/plugins/decreasing_priority_weight_strategy.py
[2026-09-23T17:01:25.798+0000] {processor.py:927} WARNING - No viable dags retrieved from /home/airflow/.local/lib/python3.12/site-packages/airflow/example_dags/plugins/decreasing_priority_weight_strategy.py
[2026-09-23T17:01:25.820+0000] {processor.py:208} INFO - Processing /home/airflow/.local/lib/python3.12/site-packages/airflow/example_dags/plugins/decreasing_priority_weight_strategy.py took 0.051 seconds
[2026-09-23T17:01:56.257+0000] {processor.py:186} INFO - Started process (PID=2281) to work on /home/airflow/.local/lib/python3.12/site-packages/airflow/example_dags/plugins/decreasing_priority_weight_strategy.py
[2026-09-23T17:01:56.258+0000] {processor.py:914} INFO - Processing file /home/airflow/.local/lib/python3.12/site-packages/airflow/example_dags/plugins/decreasing_priority_weight_strategy.py for tasks to queue
[2026-09-23T17:01:56.261+0000] {logging_mixin.py:190} INFO - [2026-09-23T17:01:56.261+0000] {dagbag.py:588} INFO - Filling up the DagBag from /home/airflow/.local/lib/python3.12/site-packages/airflow/example_dags/plugins/decreasing_priority_weight_strategy.py
[2026-09-23T17:01:56.265+0000] {processor.py:927} WARNING - No viable dags retrieved from /home/airflow/.local/lib/python3.12/site-packages/airflow/example_dags/plugins/decreasing_priority_weight_strategy.py
[2026-09-23T17:01:56.284+0000] {processor.py:208} INFO - Processing /home/airflow/.local/lib/python3.12/site-packages/airflow/example_dags/plugins/decreasing_priority_weight_strategy.py took 0.037 seconds
[2026-09-23T17:02:26.443+0000] {processor.py:186} INFO - Started process (PID=2355) to work on /home/airflow/.local/lib/python3.12/site-packages/airflow/example_dags/plugins/decreasing_priority_weight_strategy.py
[2026-09-23T17:02:26.444+0000] {processor.py:914} INFO - Processing file /home/airflow/.local/lib/python3.12/site-packages/airflow/example_dags/plugins/decreasing_priority_weight_strategy.py for tasks to queue
[2026-09-23T17:02:26.449+0000] {logging_mixin.py:190} INFO - [2026-09-23T17:02:26.449+0000] {dagbag.py:588} INFO - Filling up the DagBag from /home/airflow/.local/lib/python3.12/site-packages/airflow/example_dags/plugins/decreasing_priority_weight_strategy.py
[2026-09-23T17:02:26.456+0000] {processor.py:927} WARNING - No viable dags retrieved from /home/airflow/.local/lib/python3.12/site-packages/airflow/example_dags/plugins/decreasing_priority_weight_strategy.py
[2026-09-23T17:02:26.479+0000] {processor.py:208} INFO - Processing /home/airflow/.local/lib/python3.12/site-packages/airflow/example_dags/plugins/decreasing_priority_weight_strategy.py took 0.056 seconds
[2026-09-23T17:02:58.161+0000] {processor.py:186} INFO - Started process (PID=2430) to work on /home/airflow/.local/lib/python3.12/site-packages/airflow/example_dags/plugins/decreasing_priority_weight_strategy.py
[2026-09-23T17:02:58.163+0000] {processor.py:914} INFO - Processing file /home/airflow/.local/lib/python3.12/site-packages/airflow/example_dags/plugins/decreasing_priority_weight_strategy.py for tasks to queue
[2026-09-23T17:02:58.166+0000] {logging_mixin.py:190} INFO - [2026-09-23T17:02:58.166+0000] {dagbag.py:588} INFO - Filling up the DagBag from /home/airflow/.local/lib/python3.12/site-packages/airflow/example_dags/plugins/decreasing_priority_weight_strategy.py
[2026-09-23T17:02:58.170+0000] {processor.py:927} WARNING - No viable dags retrieved from /home/airflow/.local/lib/python3.12/site-packages/airflow/example_dags/plugins/decreasing_priority_weight_strategy.py
[2026-09-23T17:02:58.194+0000] {processor.py:208} INFO - Processing /home/airflow/.local/lib/python3.12/site-packages/airflow/example_dags/plugins/decreasing_priority_weight_strategy.py took 0.043 seconds
[2026-09-23T17:03:32.048+0000] {processor.py:186} INFO - Started process (PID=2504) to work on /home/airflow/.local/lib/python3.12/site-packages/airflow/example_dags/plugins/decreasing_priority_weight_strategy.py
[2026-09-23T17:03:32.052+0000] {processor.py:914} INFO - Processing file /home/airflow/.local/lib/python3.12/site-packages/airflow/example_dags/plugins/decreasing_priority_weight_strategy.py for tasks to queue
[2026-09-23T17:03:32.057+0000] {logging_mixin.py:190} INFO - [2026-09-23T17:03:32.057+0000] {dagbag.py:588} INFO - Filling up the DagBag from /home/airflow/.local/lib/python3.12/site-packages/airflow/example_dags/plugins/decreasing_priority_weight_strategy.py
[2026-09-23T17:03:32.061+0000] {processor.py:927} WARNING - No viable dags retrieved from /home/airflow/.local/lib/python3.12/site-packages/airflow/example_dags/plugins/decreasing_priority_weight_strategy.py
[2026-09-23T17:03:32.099+0000] {processor.py:208} INFO - Processing /home/airflow/.local/lib/python3.12/site-packages/airflow/example_dags/plugins/decreasing_priority_weight_strategy.py took 0.081 seconds
[2026-09-23T17:04:04.248+0000] {processor.py:186} INFO - Started process (PID=2579) to work on /home/airflow/.local/lib/python3.12/site-packages/airflow/example_dags/plugins/decreasing_priority_weight_strategy.py
[2026-09-23T17:04:04.250+0000] {processor.py:914} INFO - Processing file /home/airflow/.local/lib/python3.12/site-packages/airflow/example_dags/plugins/decreasing_priority_weight_strategy.py for tasks to queue
[2026-09-23T17:04:04.254+0000] {logging_mixin.py:190} INFO - [2026-09-23T17:04:04.253+0000] {dagbag.py:588} INFO - Filling up the DagBag from /home/airflow/.local/lib/python3.12/site-packages/airflow/example_dags/plugins/decreasing_priority_weight_strategy.py
[2026-09-23T17:04:04.258+0000] {processor.py:927} WARNING - No viable dags retrieved from /home/airflow/.local/lib/python3.12/site-packages/airflow/example_dags/plugins/decreasing_priority_weight_strategy.py
[2026-09-23T17:04:04.286+0000] {processor.py:208} INFO - Processing /home/airflow/.local/lib/python3.12/site-packages/airflow/example_dags/plugins/decreasing_priority_weight_strategy.py took 0.049 seconds
[2026-09-23T17:04:34.704+0000] {processor.py:186} INFO - Started process (PID=2646) to work on /home/airflow/.local/lib/python3.12/site-packages/airflow/example_dags/plugins/decreasing_priority_weight_strategy.py
[2026-09-23T17:04:34.706+0000] {processor.py:914} INFO - Processing file /home/airflow/.local/lib/python3.12/site-packages/airflow/example_dags/plugins/decreasing_priority_weight_strategy.py for tasks to queue
[2026-09-23T17:04:34.710+0000] {logging_mixin.py:190} INFO - [2026-09-23T17:04:34.709+0000] {dagbag.py:588} INFO - Filling up the DagBag from /home/airflow/.local/lib/python3.12/site-packages/airflow/example_dags/plugins/decreasing_priority_weight_strategy.py
[2026-09-23T17:04:34.715+0000] {processor.py:927} WARNING - No viable dags retrieved from /home/airflow/.local/lib/python3.12/site-packages/airflow/example_dags/plugins/decreasing_priority_weight_strategy.py
[2026-09-23T17:04:34.735+0000] {processor.py:208} INFO - Processing /home/airflow/.local/lib/python3.12/site-packages/airflow/example_dags/plugins/decreasing_priority_weight_strategy.py took 0.044 seconds
[2026-09-23T17:05:05.130+0000] {processor.py:186} INFO - Started process (PID=2721) to work on /home/airflow/.local/lib/python3.12/site-packages/airflow/example_dags/plugins/decreasing_priority_weight_strategy.py
[2026-09-23T17:05:05.132+0000] {processor.py:914} INFO - Processing file /home/airflow/.local/lib/python3.12/site-packages/airflow/example_dags/plugins/decreasing_priority_weight_strategy.py for tasks to queue
[2026-09-23T17:05:05.135+0000] {logging_mixin.py:190} INFO - [2026-09-23T17:05:05.135+0000] {dagbag.py:588} INFO - Filling up the DagBag from /home/airflow/.local/lib/python3.12/site-packages/airflow/example_dags/plugins/decreasing_priority_weight_strategy.py
[2026-09-23T17:05:05.139+0000] {processor.py:927} WARNING - No viable dags retrieved from /home/airflow/.local/lib/python3.12/site-packages/airflow/example_dags/plugins/decreasing_priority_weight_strategy.py
[2026-09-23T17:05:05.173+0000] {processor.py:208} INFO - Processing /home/airflow/.local/lib/python3.12/site-packages/airflow/example_dags/plugins/decreasing_priority_weight_strategy.py took 0.055 seconds
[2026-09-23T17:05:37.745+0000] {processor.py:186} INFO - Started process (PID=2794) to work on /home/airflow/.local/lib/python3.12/site-packages/airflow/example_dags/plugins/decreasing_priority_weight_strategy.py
[2026-09-23T17:05:37.749+0000] {processor.py:914} INFO - Processing file /home/airflow/.local/lib/python3.12/site-packages/airflow/example_dags/plugins/decreasing_priority_weight_strategy.py for tasks to queue
[2026-09-23T17:05:37.759+0000] {logging_mixin.py:190} INFO - [2026-09-23T17:05:37.754+0000] {dagbag.py:588} INFO - Filling up the DagBag from /home/airflow/.local/lib/python3.12/site-packages/airflow/example_dags/plugins/decreasing_priority_weight_strategy.py
[2026-09-23T17:05:37.765+0000] {processor.py:927} WARNING - No viable dags retrieved from /home/airflow/.local/lib/python3.12/site-packages/airflow/example_dags/plugins/decreasing_priority_weight_strategy.py
[2026-09-23T17:05:37.844+0000] {processor.py:208} INFO - Processing /home/airflow/.local/lib/python3.12/site-packages/airflow/example_dags/plugins/decreasing_priority_weight_strategy.py took 0.110 seconds
[2026-09-23T17:06:08.537+0000] {processor.py:186} INFO - Started process (PID=2867) to work on /home/airflow/.local/lib/python3.12/site-packages/airflow/example_dags/plugins/decreasing_priority_weight_strategy.py
[2026-09-23T17:06:08.539+0000] {processor.py:914} INFO - Processing file /home/airflow/.local/lib/python3.12/site-packages/airflow/example_dags/plugins/decreasing_priority_weight_strategy.py for tasks to queue
[2026-09-23T17:06:08.544+0000] {logging_mixin.py:190} INFO - [2026-09-23T17:06:08.543+0000] {dagbag.py:588} INFO - Filling up the DagBag from /home/airflow/.local/lib/python3.12/site-packages/airflow/example_dags/plugins/decreasing_priority_weight_strategy.py
[2026-09-23T17:06:08.550+0000] {processor.py:927} WARNING - No viable dags retrieved from /home/airflow/.local/lib/python3.12/site-packages/airflow/example_dags/plugins/decreasing_priority_weight_strategy.py
[2026-09-23T17:06:08.598+0000] {processor.py:208} INFO - Processing /home/airflow/.local/lib/python3.12/site-packages/airflow/example_dags/plugins/decreasing_priority_weight_strategy.py took 0.077 seconds
[2026-09-23T17:06:38.779+0000] {processor.py:186} INFO - Started process (PID=2941) to work on /home/airflow/.local/lib/python3.12/site-packages/airflow/example_dags/plugins/decreasing_priority_weight_strategy.py
[2026-09-23T17:06:38.780+0000] {processor.py:914} INFO - Processing file /home/airflow/.local/lib/python3.12/site-packages/airflow/example_dags/plugins/decreasing_priority_weight_strategy.py for tasks to queue
[2026-09-23T17:06:38.784+0000] {logging_mixin.py:190} INFO - [2026-09-23T17:06:38.783+0000] {dagbag.py:588} INFO - Filling up the DagBag from /home/airflow/.local/lib/python3.12/site-packages/airflow/example_dags/plugins/decreasing_priority_weight_strategy.py
[2026-09-23T17:06:38.787+0000] {processor.py:927} WARNING - No viable dags retrieved from /home/airflow/.local/lib/python3.12/site-packages/airflow/example_dags/plugins/decreasing_priority_weight_strategy.py
[2026-09-23T17:06:38.806+0000] {processor.py:208} INFO - Processing /home/airflow/.local/lib/python3.12/site-packages/airflow/example_dags/plugins/decreasing_priority_weight_strategy.py took 0.038 seconds
[2026-09-23T17:07:09.697+0000] {processor.py:186} INFO - Started process (PID=3015) to work on /home/airflow/.local/lib/python3.12/site-packages/airflow/example_dags/plugins/decreasing_priority_weight_strategy.py
[2026-09-23T17:07:09.698+0000] {processor.py:914} INFO - Processing file /home/airflow/.local/lib/python3.12/site-packages/airflow/example_dags/plugins/decreasing_priority_weight_strategy.py for tasks to queue
[2026-09-23T17:07:09.702+0000] {logging_mixin.py:190} INFO - [2026-09-23T17:07:09.701+0000] {dagbag.py:588} INFO - Filling up the DagBag from /home/airflow/.local/lib/python3.12/site-packages/airflow/example_dags/plugins/decreasing_priority_weight_strategy.py
[2026-09-23T17:07:09.706+0000] {processor.py:927} WARNING - No viable dags retrieved from /home/airflow/.local/lib/python3.12/site-packages/airflow/example_dags/plugins/decreasing_priority_weight_strategy.py
[2026-09-23T17:07:09.729+0000] {processor.py:208} INFO - Processing /home/airflow/.local/lib/python3.12/site-packages/airflow/example_dags/plugins/decreasing_priority_weight_strategy.py took 0.041 seconds
[2026-09-23T17:07:39.941+0000] {processor.py:186} INFO - Started process (PID=3081) to work on /home/airflow/.local/lib/python3.12/site-packages/airflow/example_dags/plugins/decreasing_priority_weight_strategy.py
[2026-09-23T17:07:39.943+0000] {processor.py:914} INFO - Processing file /home/airflow/.local/lib/python3.12/site-packages/airflow/example_dags/plugins/decreasing_priority_weight_strategy.py for tasks to queue
[2026-09-23T17:07:39.946+0000] {logging_mixin.py:190} INFO - [2026-09-23T17:07:39.945+0000] {dagbag.py:588} INFO - Filling up the DagBag from /home/airflow/.local/lib/python3.12/site-packages/airflow/example_dags/plugins/decreasing_priority_weight_strategy.py
[2026-09-23T17:07:39.949+0000] {processor.py:927} WARNING - No viable dags retrieved from /home/airflow/.local/lib/python3.12/site-packages/airflow/example_dags/plugins/decreasing_priority_weight_strategy.py
[2026-09-23T17:07:39.963+0000] {processor.py:208} INFO - Processing /home/airflow/.local/lib/python3.12/site-packages/airflow/example_dags/plugins/decreasing_priority_weight_strategy.py took 0.031 seconds
[2026-09-23T17:08:10.069+0000] {processor.py:186} INFO - Started process (PID=3155) to work on /home/airflow/.local/lib/python3.12/site-packages/airflow/example_dags/plugins/decreasing_priority_weight_strategy.py
[2026-09-23T17:08:10.072+0000] {processor.py:914} INFO - Processing file /home/airflow/.local/lib/python3.12/site-packages/airflow/example_dags/plugins/decreasing_priority_weight_strategy.py for tasks to queue
[2026-09-23T17:08:10.077+0000] {logging_mixin.py:190} INFO - [2026-09-23T17:08:10.076+0000] {dagbag.py:588} INFO - Filling up the DagBag from /home/airflow/.local/lib/python3.12/site-packages/airflow/example_dags/plugins/decreasing_priority_weight_strategy.py
[2026-09-23T17:08:10.081+0000] {processor.py:927} WARNING - No viable dags retrieved from /home/airflow/.local/lib/python3.12/site-packages/airflow/example_dags/plugins/decreasing_priority_weight_strategy.py
[2026-09-23T17:08:10.106+0000] {processor.py:208} INFO - Processing /home/airflow/.local/lib/python3.12/site-packages/airflow/example_dags/plugins/decreasing_priority_weight_strategy.py took 0.052 seconds
[2026-09-23T17:08:41.304+0000] {processor.py:186} INFO - Started process (PID=3228) to work on /home/airflow/.local/lib/python3.12/site-packages/airflow/example_dags/plugins/decreasing_priority_weight_strategy.py
[2026-09-23T17:08:41.310+0000] {processor.py:914} INFO - Processing file /home/airflow/.local/lib/python3.12/site-packages/airflow/example_dags/plugins/decreasing_priority_weight_strategy.py for tasks to queue
[2026-09-23T17:08:41.320+0000] {logging_mixin.py:190} INFO - [2026-09-23T17:08:41.319+0000] {dagbag.py:588} INFO - Filling up the DagBag from /home/airflow/.local/lib/python3.12/site-packages/airflow/example_dags/plugins/decreasing_priority_weight_strategy.py
[2026-09-23T17:08:41.324+0000] {processor.py:927} WARNING - No viable dags retrieved from /home/airflow/.local/lib/python3.12/site-packages/airflow/example_dags/plugins/decreasing_priority_weight_strategy.py
[2026-09-23T17:08:41.365+0000] {processor.py:208} INFO - Processing /home/airflow/.local/lib/python3.12/site-packages/airflow/example_dags/plugins/decreasing_priority_weight_strategy.py took 0.094 seconds
[2026-09-23T17:09:12.748+0000] {processor.py:186} INFO - Started process (PID=3302) to work on /home/airflow/.local/lib/python3.12/site-packages/airflow/example_dags/plugins/decreasing_priority_weight_strategy.py
[2026-09-23T17:09:12.752+0000] {processor.py:914} INFO - Processing file /home/airflow/.local/lib/python3.12/site-packages/airflow/example_dags/plugins/decreasing_priority_weight_strategy.py for tasks to queue
[2026-09-23T17:09:12.755+0000] {logging_mixin.py:190} INFO - [2026-09-23T17:09:12.755+0000] {dagbag.py:588} INFO - Filling up the DagBag from /home/airflow/.local/lib/python3.12/site-packages/airflow/example_dags/plugins/decreasing_priority_weight_strategy.py
[2026-09-23T17:09:12.760+0000] {processor.py:927} WARNING - No viable dags retrieved from /home/airflow/.local/lib/python3.12/site-packages/airflow/example_dags/plugins/decreasing_priority_weight_strategy.py
[2026-09-23T17:09:12.788+0000] {processor.py:208} INFO - Processing /home/airflow/.local/lib/python3.12/site-packages/airflow/example_dags/plugins/decreasing_priority_weight_strategy.py took 0.051 seconds
[2026-09-23T17:09:43.443+0000] {processor.py:186} INFO - Started process (PID=3368) to work on /home/airflow/.local/lib/python3.12/site-packages/airflow/example_dags/plugins/decreasing_priority_weight_strategy.py
[2026-09-23T17:09:43.449+0000] {processor.py:914} INFO - Processing file /home/airflow/.local/lib/python3.12/site-packages/airflow/example_dags/plugins/decreasing_priority_weight_strategy.py for tasks to queue
[2026-09-23T17:09:43.461+0000] {logging_mixin.py:190} INFO - [2026-09-23T17:09:43.457+0000] {dagbag.py:588} INFO - Filling up the DagBag from /home/airflow/.local/lib/python3.12/site-packages/airflow/example_dags/plugins/decreasing_priority_weight_strategy.py
[2026-09-23T17:09:43.473+0000] {processor.py:927} WARNING - No viable dags retrieved from /home/airflow/.local/lib/python3.12/site-packages/airflow/example_dags/plugins/decreasing_priority_weight_strategy.py
[2026-09-23T17:09:43.535+0000] {processor.py:208} INFO - Processing /home/airflow/.local/lib/python3.12/site-packages/airflow/example_dags/plugins/decreasing_priority_weight_strategy.py took 0.121 seconds
[2026-09-23T17:10:14.070+0000] {processor.py:186} INFO - Started process (PID=3441) to work on /home/airflow/.local/lib/python3.12/site-packages/airflow/example_dags/plugins/decreasing_priority_weight_strategy.py
[2026-09-23T17:10:14.071+0000] {processor.py:914} INFO - Processing file /home/airflow/.local/lib/python3.12/site-packages/airflow/example_dags/plugins/decreasing_priority_weight_strategy.py for tasks to queue
[2026-09-23T17:10:14.075+0000] {logging_mixin.py:190} INFO - [2026-09-23T17:10:14.075+0000] {dagbag.py:588} INFO - Filling up the DagBag from /home/airflow/.local/lib/python3.12/site-packages/airflow/example_dags/plugins/decreasing_priority_weight_strategy.py
[2026-09-23T17:10:14.078+0000] {processor.py:927} WARNING - No viable dags retrieved from /home/airflow/.local/lib/python3.12/site-packages/airflow/example_dags/plugins/decreasing_priority_weight_strategy.py
[2026-09-23T17:10:14.102+0000] {processor.py:208} INFO - Processing /home/airflow/.local/lib/python3.12/site-packages/airflow/example_dags/plugins/decreasing_priority_weight_strategy.py took 0.042 seconds
[2026-09-23T17:10:44.524+0000] {processor.py:186} INFO - Started process (PID=3515) to work on /home/airflow/.local/lib/python3.12/site-packages/airflow/example_dags/plugins/decreasing_priority_weight_strategy.py
[2026-09-23T17:10:44.526+0000] {processor.py:914} INFO - Processing file /home/airflow/.local/lib/python3.12/site-packages/airflow/example_dags/plugins/decreasing_priority_weight_strategy.py for tasks to queue
[2026-09-23T17:10:44.530+0000] {logging_mixin.py:190} INFO - [2026-09-23T17:10:44.529+0000] {dagbag.py:588} INFO - Filling up the DagBag from /home/airflow/.local/lib/python3.12/site-packages/airflow/example_dags/plugins/decreasing_priority_weight_strategy.py
[2026-09-23T17:10:44.534+0000] {processor.py:927} WARNING - No viable dags retrieved from /home/airflow/.local/lib/python3.12/site-packages/airflow/example_dags/plugins/decreasing_priority_weight_strategy.py
[2026-09-23T17:10:44.559+0000] {processor.py:208} INFO - Processing /home/airflow/.local/lib/python3.12/site-packages/airflow/example_dags/plugins/decreasing_priority_weight_strategy.py took 0.048 seconds
[2026-09-23T17:11:17.733+0000] {processor.py:186} INFO - Started process (PID=3588) to work on /home/airflow/.local/lib/python3.12/site-packages/airflow/example_dags/plugins/decreasing_priority_weight_strategy.py
[2026-09-23T17:11:17.734+0000] {processor.py:914} INFO - Processing file /home/airflow/.local/lib/python3.12/site-packages/airflow/example_dags/plugins/decreasing_priority_weight_strategy.py for tasks to queue
[2026-09-23T17:11:17.752+0000] {logging_mixin.py:190} INFO - [2026-09-23T17:11:17.751+0000] {dagbag.py:588} INFO - Filling up the DagBag from /home/airflow/.local/lib/python3.12/site-packages/airflow/example_dags/plugins/decreasing_priority_weight_strategy.py
[2026-09-23T17:11:17.774+0000] {processor.py:927} WARNING - No viable dags retrieved from /home/airflow/.local/lib/python3.12/site-packages/airflow/example_dags/plugins/decreasing_priority_weight_strategy.py
[2026-09-23T17:11:17.871+0000] {processor.py:208} INFO - Processing /home/airflow/.local/lib/python3.12/site-packages/airflow/example_dags/plugins/decreasing_priority_weight_strategy.py took 0.170 seconds
[2026-09-23T17:11:50.585+0000] {processor.py:186} INFO - Started process (PID=3662) to work on /home/airflow/.local/lib/python3.12/site-packages/airflow/example_dags/plugins/decreasing_priority_weight_strategy.py
[2026-09-23T17:11:50.587+0000] {processor.py:914} INFO - Processing file /home/airflow/.local/lib/python3.12/site-packages/airflow/example_dags/plugins/decreasing_priority_weight_strategy.py for tasks to queue
[2026-09-23T17:11:50.593+0000] {logging_mixin.py:190} INFO - [2026-09-23T17:11:50.592+0000] {dagbag.py:588} INFO - Filling up the DagBag from /home/airflow/.local/lib/python3.12/site-packages/airflow/example_dags/plugins/decreasing_priority_weight_strategy.py
[2026-09-23T17:11:50.598+0000] {processor.py:927} WARNING - No viable dags retrieved from /home/airflow/.local/lib/python3.12/site-packages/airflow/example_dags/plugins/decreasing_priority_weight_strategy.py
[2026-09-23T17:11:50.645+0000] {processor.py:208} INFO - Processing /home/airflow/.local/lib/python3.12/site-packages/airflow/example_dags/plugins/decreasing_priority_weight_strategy.py took 0.077 seconds
[2026-09-23T17:12:21.785+0000] {processor.py:186} INFO - Started process (PID=3732) to work on /home/airflow/.local/lib/python3.12/site-packages/airflow/example_dags/plugins/decreasing_priority_weight_strategy.py
[2026-09-23T17:12:21.786+0000] {processor.py:914} INFO - Processing file /home/airflow/.local/lib/python3.12/site-packages/airflow/example_dags/plugins/decreasing_priority_weight_strategy.py for tasks to queue
[2026-09-23T17:12:21.789+0000] {logging_mixin.py:190} INFO - [2026-09-23T17:12:21.788+0000] {dagbag.py:588} INFO - Filling up the DagBag from /home/airflow/.local/lib/python3.12/site-packages/airflow/example_dags/plugins/decreasing_priority_weight_strategy.py
[2026-09-23T17:12:21.792+0000] {processor.py:927} WARNING - No viable dags retrieved from /home/airflow/.local/lib/python3.12/site-packages/airflow/example_dags/plugins/decreasing_priority_weight_strategy.py
[2026-09-23T17:12:21.807+0000] {processor.py:208} INFO - Processing /home/airflow/.local/lib/python3.12/site-packages/airflow/example_dags/plugins/decreasing_priority_weight_strategy.py took 0.033 seconds
[2026-09-23T17:12:54.953+0000] {processor.py:186} INFO - Started process (PID=3806) to work on /home/airflow/.local/lib/python3.12/site-packages/airflow/example_dags/plugins/decreasing_priority_weight_strategy.py
[2026-09-23T17:12:54.957+0000] {processor.py:914} INFO - Processing file /home/airflow/.local/lib/python3.12/site-packages/airflow/example_dags/plugins/decreasing_priority_weight_strategy.py for tasks to queue
[2026-09-23T17:12:54.962+0000] {logging_mixin.py:190} INFO - [2026-09-23T17:12:54.961+0000] {dagbag.py:588} INFO - Filling up the DagBag from /home/airflow/.local/lib/python3.12/site-packages/airflow/example_dags/plugins/decreasing_priority_weight_strategy.py
[2026-09-23T17:12:54.974+0000] {processor.py:927} WARNING - No viable dags retrieved from /home/airflow/.local/lib/python3.12/site-packages/airflow/example_dags/plugins/decreasing_priority_weight_strategy.py
[2026-09-23T17:12:55.030+0000] {processor.py:208} INFO - Processing /home/airflow/.local/lib/python3.12/site-packages/airflow/example_dags/plugins/decreasing_priority_weight_strategy.py took 0.085 seconds
[2026-09-23T17:13:27.861+0000] {processor.py:186} INFO - Started process (PID=3880) to work on /home/airflow/.local/lib/python3.12/site-packages/airflow/example_dags/plugins/decreasing_priority_weight_strategy.py
[2026-09-23T17:13:27.867+0000] {processor.py:914} INFO - Processing file /home/airflow/.local/lib/python3.12/site-packages/airflow/example_dags/plugins/decreasing_priority_weight_strategy.py for tasks to queue
[2026-09-23T17:13:27.882+0000] {logging_mixin.py:190} INFO - [2026-09-23T17:13:27.875+0000] {dagbag.py:588} INFO - Filling up the DagBag from /home/airflow/.local/lib/python3.12/site-packages/airflow/example_dags/plugins/decreasing_priority_weight_strategy.py
[2026-09-23T17:13:27.890+0000] {processor.py:927} WARNING - No viable dags retrieved from /home/airflow/.local/lib/python3.12/site-packages/airflow/example_dags/plugins/decreasing_priority_weight_strategy.py
[2026-09-23T17:13:27.923+0000] {processor.py:208} INFO - Processing /home/airflow/.local/lib/python3.12/site-packages/airflow/example_dags/plugins/decreasing_priority_weight_strategy.py took 0.126 seconds
[2026-09-23T17:13:58.316+0000] {processor.py:186} INFO - Started process (PID=3952) to work on /home/airflow/.local/lib/python3.12/site-packages/airflow/example_dags/plugins/decreasing_priority_weight_strategy.py
[2026-09-23T17:13:58.317+0000] {processor.py:914} INFO - Processing file /home/airflow/.local/lib/python3.12/site-packages/airflow/example_dags/plugins/decreasing_priority_weight_strategy.py for tasks to queue
[2026-09-23T17:13:58.324+0000] {logging_mixin.py:190} INFO - [2026-09-23T17:13:58.323+0000] {dagbag.py:588} INFO - Filling up the DagBag from /home/airflow/.local/lib/python3.12/site-packages/airflow/example_dags/plugins/decreasing_priority_weight_strategy.py
[2026-09-23T17:13:58.330+0000] {processor.py:927} WARNING - No viable dags retrieved from /home/airflow/.local/lib/python3.12/site-packages/airflow/example_dags/plugins/decreasing_priority_weight_strategy.py
[2026-09-23T17:13:58.360+0000] {processor.py:208} INFO - Processing /home/airflow/.local/lib/python3.12/site-packages/airflow/example_dags/plugins/decreasing_priority_weight_strategy.py took 0.055 seconds
[2026-09-23T17:14:30.557+0000] {processor.py:186} INFO - Started process (PID=4019) to work on /home/airflow/.local/lib/python3.12/site-packages/airflow/example_dags/plugins/decreasing_priority_weight_strategy.py
[2026-09-23T17:14:30.561+0000] {processor.py:914} INFO - Processing file /home/airflow/.local/lib/python3.12/site-packages/airflow/example_dags/plugins/decreasing_priority_weight_strategy.py for tasks to queue
[2026-09-23T17:14:30.564+0000] {logging_mixin.py:190} INFO - [2026-09-23T17:14:30.564+0000] {dagbag.py:588} INFO - Filling up the DagBag from /home/airflow/.local/lib/python3.12/site-packages/airflow/example_dags/plugins/decreasing_priority_weight_strategy.py
[2026-09-23T17:14:30.573+0000] {processor.py:927} WARNING - No viable dags retrieved from /home/airflow/.local/lib/python3.12/site-packages/airflow/example_dags/plugins/decreasing_priority_weight_strategy.py
[2026-09-23T17:14:30.615+0000] {processor.py:208} INFO - Processing /home/airflow/.local/lib/python3.12/site-packages/airflow/example_dags/plugins/decreasing_priority_weight_strategy.py took 0.078 seconds
[2026-09-23T17:15:03.902+0000] {processor.py:186} INFO - Started process (PID=4095) to work on /home/airflow/.local/lib/python3.12/site-packages/airflow/example_dags/plugins/decreasing_priority_weight_strategy.py
[2026-09-23T17:15:03.914+0000] {processor.py:914} INFO - Processing file /home/airflow/.local/lib/python3.12/site-packages/airflow/example_dags/plugins/decreasing_priority_weight_strategy.py for tasks to queue
[2026-09-23T17:15:03.940+0000] {logging_mixin.py:190} INFO - [2026-09-23T17:15:03.939+0000] {dagbag.py:588} INFO - Filling up the DagBag from /home/airflow/.local/lib/python3.12/site-packages/airflow/example_dags/plugins/decreasing_priority_weight_strategy.py
[2026-09-23T17:15:03.991+0000] {processor.py:927} WARNING - No viable dags retrieved from /home/airflow/.local/lib/python3.12/site-packages/airflow/example_dags/plugins/decreasing_priority_weight_strategy.py
[2026-09-23T17:15:04.097+0000] {processor.py:208} INFO - Processing /home/airflow/.local/lib/python3.12/site-packages/airflow/example_dags/plugins/decreasing_priority_weight_strategy.py took 0.246 seconds
[2026-09-23T17:15:34.616+0000] {processor.py:186} INFO - Started process (PID=4162) to work on /home/airflow/.local/lib/python3.12/site-packages/airflow/example_dags/plugins/decreasing_priority_weight_strategy.py
[2026-09-23T17:15:34.620+0000] {processor.py:914} INFO - Processing file /home/airflow/.local/lib/python3.12/site-packages/airflow/example_dags/plugins/decreasing_priority_weight_strategy.py for tasks to queue
[2026-09-23T17:15:34.623+0000] {logging_mixin.py:190} INFO - [2026-09-23T17:15:34.622+0000] {dagbag.py:588} INFO - Filling up the DagBag from /home/airflow/.local/lib/python3.12/site-packages/airflow/example_dags/plugins/decreasing_priority_weight_strategy.py
[2026-09-23T17:15:34.626+0000] {processor.py:927} WARNING - No viable dags retrieved from /home/airflow/.local/lib/python3.12/site-packages/airflow/example_dags/plugins/decreasing_priority_weight_strategy.py
[2026-09-23T17:15:34.647+0000] {processor.py:208} INFO - Processing /home/airflow/.local/lib/python3.12/site-packages/airflow/example_dags/plugins/decreasing_priority_weight_strategy.py took 0.039 seconds
[2026-09-23T17:16:09.955+0000] {processor.py:186} INFO - Started process (PID=4236) to work on /home/airflow/.local/lib/python3.12/site-packages/airflow/example_dags/plugins/decreasing_priority_weight_strategy.py
[2026-09-23T17:16:09.957+0000] {processor.py:914} INFO - Processing file /home/airflow/.local/lib/python3.12/site-packages/airflow/example_dags/plugins/decreasing_priority_weight_strategy.py for tasks to queue
[2026-09-23T17:16:09.963+0000] {logging_mixin.py:190} INFO - [2026-09-23T17:16:09.962+0000] {dagbag.py:588} INFO - Filling up the DagBag from /home/airflow/.local/lib/python3.12/site-packages/airflow/example_dags/plugins/decreasing_priority_weight_strategy.py
[2026-09-23T17:16:09.974+0000] {processor.py:927} WARNING - No viable dags retrieved from /home/airflow/.local/lib/python3.12/site-packages/airflow/example_dags/plugins/decreasing_priority_weight_strategy.py
[2026-09-23T17:16:10.009+0000] {processor.py:208} INFO - Processing /home/airflow/.local/lib/python3.12/site-packages/airflow/example_dags/plugins/decreasing_priority_weight_strategy.py took 0.087 seconds
[2026-09-23T17:16:45.638+0000] {processor.py:186} INFO - Started process (PID=4315) to work on /home/airflow/.local/lib/python3.12/site-packages/airflow/example_dags/plugins/decreasing_priority_weight_strategy.py
[2026-09-23T17:16:45.647+0000] {processor.py:914} INFO - Processing file /home/airflow/.local/lib/python3.12/site-packages/airflow/example_dags/plugins/decreasing_priority_weight_strategy.py for tasks to queue
[2026-09-23T17:16:45.665+0000] {logging_mixin.py:190} INFO - [2026-09-23T17:16:45.665+0000] {dagbag.py:588} INFO - Filling up the DagBag from /home/airflow/.local/lib/python3.12/site-packages/airflow/example_dags/plugins/decreasing_priority_weight_strategy.py
[2026-09-23T17:16:45.683+0000] {processor.py:927} WARNING - No viable dags retrieved from /home/airflow/.local/lib/python3.12/site-packages/airflow/example_dags/plugins/decreasing_priority_weight_strategy.py
[2026-09-23T17:16:45.725+0000] {processor.py:208} INFO - Processing /home/airflow/.local/lib/python3.12/site-packages/airflow/example_dags/plugins/decreasing_priority_weight_strategy.py took 0.124 seconds
[2026-09-23T17:17:16.678+0000] {processor.py:186} INFO - Started process (PID=4389) to work on /home/airflow/.local/lib/python3.12/site-packages/airflow/example_dags/plugins/decreasing_priority_weight_strategy.py
[2026-09-23T17:17:16.680+0000] {processor.py:914} INFO - Processing file /home/airflow/.local/lib/python3.12/site-packages/airflow/example_dags/plugins/decreasing_priority_weight_strategy.py for tasks to queue
[2026-09-23T17:17:16.683+0000] {logging_mixin.py:190} INFO - [2026-09-23T17:17:16.683+0000] {dagbag.py:588} INFO - Filling up the DagBag from /home/airflow/.local/lib/python3.12/site-packages/airflow/example_dags/plugins/decreasing_priority_weight_strategy.py
[2026-09-23T17:17:16.687+0000] {processor.py:927} WARNING - No viable dags retrieved from /home/airflow/.local/lib/python3.12/site-packages/airflow/example_dags/plugins/decreasing_priority_weight_strategy.py
[2026-09-23T17:17:16.715+0000] {processor.py:208} INFO - Processing /home/airflow/.local/lib/python3.12/site-packages/airflow/example_dags/plugins/decreasing_priority_weight_strategy.py took 0.057 seconds
[2026-09-23T17:17:48.890+0000] {processor.py:186} INFO - Started process (PID=4466) to work on /home/airflow/.local/lib/python3.12/site-packages/airflow/example_dags/plugins/decreasing_priority_weight_strategy.py
[2026-09-23T17:17:48.900+0000] {processor.py:914} INFO - Processing file /home/airflow/.local/lib/python3.12/site-packages/airflow/example_dags/plugins/decreasing_priority_weight_strategy.py for tasks to queue
[2026-09-23T17:17:48.910+0000] {logging_mixin.py:190} INFO - [2026-09-23T17:17:48.910+0000] {dagbag.py:588} INFO - Filling up the DagBag from /home/airflow/.local/lib/python3.12/site-packages/airflow/example_dags/plugins/decreasing_priority_weight_strategy.py
[2026-09-23T17:17:48.935+0000] {processor.py:927} WARNING - No viable dags retrieved from /home/airflow/.local/lib/python3.12/site-packages/airflow/example_dags/plugins/decreasing_priority_weight_strategy.py
[2026-09-23T17:17:49.017+0000] {processor.py:208} INFO - Processing /home/airflow/.local/lib/python3.12/site-packages/airflow/example_dags/plugins/decreasing_priority_weight_strategy.py took 0.181 seconds
[2026-09-23T17:18:19.201+0000] {processor.py:186} INFO - Started process (PID=4539) to work on /home/airflow/.local/lib/python3.12/site-packages/airflow/example_dags/plugins/decreasing_priority_weight_strategy.py
[2026-09-23T17:18:19.202+0000] {processor.py:914} INFO - Processing file /home/airflow/.local/lib/python3.12/site-packages/airflow/example_dags/plugins/decreasing_priority_weight_strategy.py for tasks to queue
[2026-09-23T17:18:19.205+0000] {logging_mixin.py:190} INFO - [2026-09-23T17:18:19.204+0000] {dagbag.py:588} INFO - Filling up the DagBag from /home/airflow/.local/lib/python3.12/site-packages/airflow/example_dags/plugins/decreasing_priority_weight_strategy.py
[2026-09-23T17:18:19.208+0000] {processor.py:927} WARNING - No viable dags retrieved from /home/airflow/.local/lib/python3.12/site-packages/airflow/example_dags/plugins/decreasing_priority_weight_strategy.py
[2026-09-23T17:18:19.222+0000] {processor.py:208} INFO - Processing /home/airflow/.local/lib/python3.12/site-packages/airflow/example_dags/plugins/decreasing_priority_weight_strategy.py took 0.029 seconds
[2026-09-23T17:18:49.789+0000] {processor.py:186} INFO - Started process (PID=4606) to work on /home/airflow/.local/lib/python3.12/site-packages/airflow/example_dags/plugins/decreasing_priority_weight_strategy.py
[2026-09-23T17:18:49.790+0000] {processor.py:914} INFO - Processing file /home/airflow/.local/lib/python3.12/site-packages/airflow/example_dags/plugins/decreasing_priority_weight_strategy.py for tasks to queue
[2026-09-23T17:18:49.794+0000] {logging_mixin.py:190} INFO - [2026-09-23T17:18:49.793+0000] {dagbag.py:588} INFO - Filling up the DagBag from /home/airflow/.local/lib/python3.12/site-packages/airflow/example_dags/plugins/decreasing_priority_weight_strategy.py
[2026-09-23T17:18:49.797+0000] {processor.py:927} WARNING - No viable dags retrieved from /home/airflow/.local/lib/python3.12/site-packages/airflow/example_dags/plugins/decreasing_priority_weight_strategy.py
[2026-09-23T17:18:49.817+0000] {processor.py:208} INFO - Processing /home/airflow/.local/lib/python3.12/site-packages/airflow/example_dags/plugins/decreasing_priority_weight_strategy.py took 0.039 seconds
[2026-09-23T17:19:20.396+0000] {processor.py:186} INFO - Started process (PID=4679) to work on /home/airflow/.local/lib/python3.12/site-packages/airflow/example_dags/plugins/decreasing_priority_weight_strategy.py
[2026-09-23T17:19:20.397+0000] {processor.py:914} INFO - Processing file /home/airflow/.local/lib/python3.12/site-packages/airflow/example_dags/plugins/decreasing_priority_weight_strategy.py for tasks to queue
[2026-09-23T17:19:20.401+0000] {logging_mixin.py:190} INFO - [2026-09-23T17:19:20.400+0000] {dagbag.py:588} INFO - Filling up the DagBag from /home/airflow/.local/lib/python3.12/site-packages/airflow/example_dags/plugins/decreasing_priority_weight_strategy.py
[2026-09-23T17:19:20.405+0000] {processor.py:927} WARNING - No viable dags retrieved from /home/airflow/.local/lib/python3.12/site-packages/airflow/example_dags/plugins/decreasing_priority_weight_strategy.py
[2026-09-23T17:19:20.439+0000] {processor.py:208} INFO - Processing /home/airflow/.local/lib/python3.12/site-packages/airflow/example_dags/plugins/decreasing_priority_weight_strategy.py took 0.053 seconds
[2026-09-23T17:19:51.611+0000] {processor.py:186} INFO - Started process (PID=4753) to work on /home/airflow/.local/lib/python3.12/site-packages/airflow/example_dags/plugins/decreasing_priority_weight_strategy.py
[2026-09-23T17:19:51.613+0000] {processor.py:914} INFO - Processing file /home/airflow/.local/lib/python3.12/site-packages/airflow/example_dags/plugins/decreasing_priority_weight_strategy.py for tasks to queue
[2026-09-23T17:19:51.616+0000] {logging_mixin.py:190} INFO - [2026-09-23T17:19:51.616+0000] {dagbag.py:588} INFO - Filling up the DagBag from /home/airflow/.local/lib/python3.12/site-packages/airflow/example_dags/plugins/decreasing_priority_weight_strategy.py
[2026-09-23T17:19:51.620+0000] {processor.py:927} WARNING - No viable dags retrieved from /home/airflow/.local/lib/python3.12/site-packages/airflow/example_dags/plugins/decreasing_priority_weight_strategy.py
[2026-09-23T17:19:51.652+0000] {processor.py:208} INFO - Processing /home/airflow/.local/lib/python3.12/site-packages/airflow/example_dags/plugins/decreasing_priority_weight_strategy.py took 0.050 seconds
[2026-09-23T17:20:22.187+0000] {processor.py:186} INFO - Started process (PID=4827) to work on /home/airflow/.local/lib/python3.12/site-packages/airflow/example_dags/plugins/decreasing_priority_weight_strategy.py
[2026-09-23T17:20:22.197+0000] {processor.py:914} INFO - Processing file /home/airflow/.local/lib/python3.12/site-packages/airflow/example_dags/plugins/decreasing_priority_weight_strategy.py for tasks to queue
[2026-09-23T17:20:22.208+0000] {logging_mixin.py:190} INFO - [2026-09-23T17:20:22.205+0000] {dagbag.py:588} INFO - Filling up the DagBag from /home/airflow/.local/lib/python3.12/site-packages/airflow/example_dags/plugins/decreasing_priority_weight_strategy.py
[2026-09-23T17:20:22.213+0000] {processor.py:927} WARNING - No viable dags retrieved from /home/airflow/.local/lib/python3.12/site-packages/airflow/example_dags/plugins/decreasing_priority_weight_strategy.py
[2026-09-23T17:20:22.235+0000] {processor.py:208} INFO - Processing /home/airflow/.local/lib/python3.12/site-packages/airflow/example_dags/plugins/decreasing_priority_weight_strategy.py took 0.064 seconds
[2026-09-23T17:20:52.555+0000] {processor.py:186} INFO - Started process (PID=4900) to work on /home/airflow/.local/lib/python3.12/site-packages/airflow/example_dags/plugins/decreasing_priority_weight_strategy.py
[2026-09-23T17:20:52.556+0000] {processor.py:914} INFO - Processing file /home/airflow/.local/lib/python3.12/site-packages/airflow/example_dags/plugins/decreasing_priority_weight_strategy.py for tasks to queue
[2026-09-23T17:20:52.559+0000] {logging_mixin.py:190} INFO - [2026-09-23T17:20:52.559+0000] {dagbag.py:588} INFO - Filling up the DagBag from /home/airflow/.local/lib/python3.12/site-packages/airflow/example_dags/plugins/decreasing_priority_weight_strategy.py
[2026-09-23T17:20:52.563+0000] {processor.py:927} WARNING - No viable dags retrieved from /home/airflow/.local/lib/python3.12/site-packages/airflow/example_dags/plugins/decreasing_priority_weight_strategy.py
[2026-09-23T17:20:52.582+0000] {processor.py:208} INFO - Processing /home/airflow/.local/lib/python3.12/site-packages/airflow/example_dags/plugins/decreasing_priority_weight_strategy.py took 0.039 seconds
[2026-09-23T17:21:24.152+0000] {processor.py:186} INFO - Started process (PID=4972) to work on /home/airflow/.local/lib/python3.12/site-packages/airflow/example_dags/plugins/decreasing_priority_weight_strategy.py
[2026-09-23T17:21:24.154+0000] {processor.py:914} INFO - Processing file /home/airflow/.local/lib/python3.12/site-packages/airflow/example_dags/plugins/decreasing_priority_weight_strategy.py for tasks to queue
[2026-09-23T17:21:24.166+0000] {logging_mixin.py:190} INFO - [2026-09-23T17:21:24.165+0000] {dagbag.py:588} INFO - Filling up the DagBag from /home/airflow/.local/lib/python3.12/site-packages/airflow/example_dags/plugins/decreasing_priority_weight_strategy.py
[2026-09-23T17:21:24.174+0000] {processor.py:927} WARNING - No viable dags retrieved from /home/airflow/.local/lib/python3.12/site-packages/airflow/example_dags/plugins/decreasing_priority_weight_strategy.py
[2026-09-23T17:21:24.217+0000] {processor.py:208} INFO - Processing /home/airflow/.local/lib/python3.12/site-packages/airflow/example_dags/plugins/decreasing_priority_weight_strategy.py took 0.085 seconds
[2026-09-23T17:21:54.633+0000] {processor.py:186} INFO - Started process (PID=5039) to work on /home/airflow/.local/lib/python3.12/site-packages/airflow/example_dags/plugins/decreasing_priority_weight_strategy.py
[2026-09-23T17:21:54.637+0000] {processor.py:914} INFO - Processing file /home/airflow/.local/lib/python3.12/site-packages/airflow/example_dags/plugins/decreasing_priority_weight_strategy.py for tasks to queue
[2026-09-23T17:21:54.646+0000] {logging_mixin.py:190} INFO - [2026-09-23T17:21:54.643+0000] {dagbag.py:588} INFO - Filling up the DagBag from /home/airflow/.local/lib/python3.12/site-packages/airflow/example_dags/plugins/decreasing_priority_weight_strategy.py
[2026-09-23T17:21:54.661+0000] {processor.py:927} WARNING - No viable dags retrieved from /home/airflow/.local/lib/python3.12/site-packages/airflow/example_dags/plugins/decreasing_priority_weight_strategy.py
[2026-09-23T17:21:54.720+0000] {processor.py:208} INFO - Processing /home/airflow/.local/lib/python3.12/site-packages/airflow/example_dags/plugins/decreasing_priority_weight_strategy.py took 0.106 seconds
[2026-09-23T17:22:24.851+0000] {processor.py:186} INFO - Started process (PID=5113) to work on /home/airflow/.local/lib/python3.12/site-packages/airflow/example_dags/plugins/decreasing_priority_weight_strategy.py
[2026-09-23T17:22:24.852+0000] {processor.py:914} INFO - Processing file /home/airflow/.local/lib/python3.12/site-packages/airflow/example_dags/plugins/decreasing_priority_weight_strategy.py for tasks to queue
[2026-09-23T17:22:24.855+0000] {logging_mixin.py:190} INFO - [2026-09-23T17:22:24.855+0000] {dagbag.py:588} INFO - Filling up the DagBag from /home/airflow/.local/lib/python3.12/site-packages/airflow/example_dags/plugins/decreasing_priority_weight_strategy.py
[2026-09-23T17:22:24.861+0000] {processor.py:927} WARNING - No viable dags retrieved from /home/airflow/.local/lib/python3.12/site-packages/airflow/example_dags/plugins/decreasing_priority_weight_strategy.py
[2026-09-23T17:22:24.882+0000] {processor.py:208} INFO - Processing /home/airflow/.local/lib/python3.12/site-packages/airflow/example_dags/plugins/decreasing_priority_weight_strategy.py took 0.041 seconds
[2026-09-23T17:22:56.695+0000] {processor.py:186} INFO - Started process (PID=5189) to work on /home/airflow/.local/lib/python3.12/site-packages/airflow/example_dags/plugins/decreasing_priority_weight_strategy.py
[2026-09-23T17:22:56.697+0000] {processor.py:914} INFO - Processing file /home/airflow/.local/lib/python3.12/site-packages/airflow/example_dags/plugins/decreasing_priority_weight_strategy.py for tasks to queue
[2026-09-23T17:22:56.702+0000] {logging_mixin.py:190} INFO - [2026-09-23T17:22:56.701+0000] {dagbag.py:588} INFO - Filling up the DagBag from /home/airflow/.local/lib/python3.12/site-packages/airflow/example_dags/plugins/decreasing_priority_weight_strategy.py
[2026-09-23T17:22:56.706+0000] {processor.py:927} WARNING - No viable dags retrieved from /home/airflow/.local/lib/python3.12/site-packages/airflow/example_dags/plugins/decreasing_priority_weight_strategy.py
[2026-09-23T17:22:56.728+0000] {processor.py:208} INFO - Processing /home/airflow/.local/lib/python3.12/site-packages/airflow/example_dags/plugins/decreasing_priority_weight_strategy.py took 0.051 seconds
[2026-09-23T17:23:28.206+0000] {processor.py:186} INFO - Started process (PID=5263) to work on /home/airflow/.local/lib/python3.12/site-packages/airflow/example_dags/plugins/decreasing_priority_weight_strategy.py
[2026-09-23T17:23:28.209+0000] {processor.py:914} INFO - Processing file /home/airflow/.local/lib/python3.12/site-packages/airflow/example_dags/plugins/decreasing_priority_weight_strategy.py for tasks to queue
[2026-09-23T17:23:28.214+0000] {logging_mixin.py:190} INFO - [2026-09-23T17:23:28.214+0000] {dagbag.py:588} INFO - Filling up the DagBag from /home/airflow/.local/lib/python3.12/site-packages/airflow/example_dags/plugins/decreasing_priority_weight_strategy.py
[2026-09-23T17:23:28.219+0000] {processor.py:927} WARNING - No viable dags retrieved from /home/airflow/.local/lib/python3.12/site-packages/airflow/example_dags/plugins/decreasing_priority_weight_strategy.py
[2026-09-23T17:23:28.246+0000] {processor.py:208} INFO - Processing /home/airflow/.local/lib/python3.12/site-packages/airflow/example_dags/plugins/decreasing_priority_weight_strategy.py took 0.054 seconds
[2026-09-23T17:23:58.877+0000] {processor.py:186} INFO - Started process (PID=5330) to work on /home/airflow/.local/lib/python3.12/site-packages/airflow/example_dags/plugins/decreasing_priority_weight_strategy.py
[2026-09-23T17:23:58.878+0000] {processor.py:914} INFO - Processing file /home/airflow/.local/lib/python3.12/site-packages/airflow/example_dags/plugins/decreasing_priority_weight_strategy.py for tasks to queue
[2026-09-23T17:23:58.882+0000] {logging_mixin.py:190} INFO - [2026-09-23T17:23:58.881+0000] {dagbag.py:588} INFO - Filling up the DagBag from /home/airflow/.local/lib/python3.12/site-packages/airflow/example_dags/plugins/decreasing_priority_weight_strategy.py
[2026-09-23T17:23:58.887+0000] {processor.py:927} WARNING - No viable dags retrieved from /home/airflow/.local/lib/python3.12/site-packages/airflow/example_dags/plugins/decreasing_priority_weight_strategy.py
[2026-09-23T17:23:58.911+0000] {processor.py:208} INFO - Processing /home/airflow/.local/lib/python3.12/site-packages/airflow/example_dags/plugins/decreasing_priority_weight_strategy.py took 0.046 seconds
[2026-09-23T17:24:29.215+0000] {processor.py:186} INFO - Started process (PID=5403) to work on /home/airflow/.local/lib/python3.12/site-packages/airflow/example_dags/plugins/decreasing_priority_weight_strategy.py
[2026-09-23T17:24:29.217+0000] {processor.py:914} INFO - Processing file /home/airflow/.local/lib/python3.12/site-packages/airflow/example_dags/plugins/decreasing_priority_weight_strategy.py for tasks to queue
[2026-09-23T17:24:29.223+0000] {logging_mixin.py:190} INFO - [2026-09-23T17:24:29.221+0000] {dagbag.py:588} INFO - Filling up the DagBag from /home/airflow/.local/lib/python3.12/site-packages/airflow/example_dags/plugins/decreasing_priority_weight_strategy.py
[2026-09-23T17:24:29.227+0000] {processor.py:927} WARNING - No viable dags retrieved from /home/airflow/.local/lib/python3.12/site-packages/airflow/example_dags/plugins/decreasing_priority_weight_strategy.py
[2026-09-23T17:24:29.261+0000] {processor.py:208} INFO - Processing /home/airflow/.local/lib/python3.12/site-packages/airflow/example_dags/plugins/decreasing_priority_weight_strategy.py took 0.061 seconds
[2026-09-23T17:24:59.973+0000] {processor.py:186} INFO - Started process (PID=5477) to work on /home/airflow/.local/lib/python3.12/site-packages/airflow/example_dags/plugins/decreasing_priority_weight_strategy.py
[2026-09-23T17:24:59.975+0000] {processor.py:914} INFO - Processing file /home/airflow/.local/lib/python3.12/site-packages/airflow/example_dags/plugins/decreasing_priority_weight_strategy.py for tasks to queue
[2026-09-23T17:24:59.979+0000] {logging_mixin.py:190} INFO - [2026-09-23T17:24:59.978+0000] {dagbag.py:588} INFO - Filling up the DagBag from /home/airflow/.local/lib/python3.12/site-packages/airflow/example_dags/plugins/decreasing_priority_weight_strategy.py
[2026-09-23T17:24:59.984+0000] {processor.py:927} WARNING - No viable dags retrieved from /home/airflow/.local/lib/python3.12/site-packages/airflow/example_dags/plugins/decreasing_priority_weight_strategy.py
[2026-09-23T17:25:00.010+0000] {processor.py:208} INFO - Processing /home/airflow/.local/lib/python3.12/site-packages/airflow/example_dags/plugins/decreasing_priority_weight_strategy.py took 0.049 seconds
[2026-09-23T17:25:30.878+0000] {processor.py:186} INFO - Started process (PID=5551) to work on /home/airflow/.local/lib/python3.12/site-packages/airflow/example_dags/plugins/decreasing_priority_weight_strategy.py
[2026-09-23T17:25:30.881+0000] {processor.py:914} INFO - Processing file /home/airflow/.local/lib/python3.12/site-packages/airflow/example_dags/plugins/decreasing_priority_weight_strategy.py for tasks to queue
[2026-09-23T17:25:30.890+0000] {logging_mixin.py:190} INFO - [2026-09-23T17:25:30.889+0000] {dagbag.py:588} INFO - Filling up the DagBag from /home/airflow/.local/lib/python3.12/site-packages/airflow/example_dags/plugins/decreasing_priority_weight_strategy.py
[2026-09-23T17:25:30.900+0000] {processor.py:927} WARNING - No viable dags retrieved from /home/airflow/.local/lib/python3.12/site-packages/airflow/example_dags/plugins/decreasing_priority_weight_strategy.py
[2026-09-23T17:25:30.952+0000] {processor.py:208} INFO - Processing /home/airflow/.local/lib/python3.12/site-packages/airflow/example_dags/plugins/decreasing_priority_weight_strategy.py took 0.088 seconds
[2026-09-23T17:26:05.589+0000] {processor.py:186} INFO - Started process (PID=5628) to work on /home/airflow/.local/lib/python3.12/site-packages/airflow/example_dags/plugins/decreasing_priority_weight_strategy.py
[2026-09-23T17:26:05.592+0000] {processor.py:914} INFO - Processing file /home/airflow/.local/lib/python3.12/site-packages/airflow/example_dags/plugins/decreasing_priority_weight_strategy.py for tasks to queue
[2026-09-23T17:26:05.607+0000] {logging_mixin.py:190} INFO - [2026-09-23T17:26:05.601+0000] {dagbag.py:588} INFO - Filling up the DagBag from /home/airflow/.local/lib/python3.12/site-packages/airflow/example_dags/plugins/decreasing_priority_weight_strategy.py
[2026-09-23T17:26:05.623+0000] {processor.py:927} WARNING - No viable dags retrieved from /home/airflow/.local/lib/python3.12/site-packages/airflow/example_dags/plugins/decreasing_priority_weight_strategy.py
[2026-09-23T17:26:05.688+0000] {processor.py:208} INFO - Processing /home/airflow/.local/lib/python3.12/site-packages/airflow/example_dags/plugins/decreasing_priority_weight_strategy.py took 0.116 seconds
[2026-09-23T17:26:35.842+0000] {processor.py:186} INFO - Started process (PID=5701) to work on /home/airflow/.local/lib/python3.12/site-packages/airflow/example_dags/plugins/decreasing_priority_weight_strategy.py
[2026-09-23T17:26:35.844+0000] {processor.py:914} INFO - Processing file /home/airflow/.local/lib/python3.12/site-packages/airflow/example_dags/plugins/decreasing_priority_weight_strategy.py for tasks to queue
[2026-09-23T17:26:35.847+0000] {logging_mixin.py:190} INFO - [2026-09-23T17:26:35.847+0000] {dagbag.py:588} INFO - Filling up the DagBag from /home/airflow/.local/lib/python3.12/site-packages/airflow/example_dags/plugins/decreasing_priority_weight_strategy.py
[2026-09-23T17:26:35.851+0000] {processor.py:927} WARNING - No viable dags retrieved from /home/airflow/.local/lib/python3.12/site-packages/airflow/example_dags/plugins/decreasing_priority_weight_strategy.py
[2026-09-23T17:26:35.880+0000] {processor.py:208} INFO - Processing /home/airflow/.local/lib/python3.12/site-packages/airflow/example_dags/plugins/decreasing_priority_weight_strategy.py took 0.074 seconds
[2026-09-23T17:27:06.990+0000] {processor.py:186} INFO - Started process (PID=5773) to work on /home/airflow/.local/lib/python3.12/site-packages/airflow/example_dags/plugins/decreasing_priority_weight_strategy.py
[2026-09-23T17:27:06.992+0000] {processor.py:914} INFO - Processing file /home/airflow/.local/lib/python3.12/site-packages/airflow/example_dags/plugins/decreasing_priority_weight_strategy.py for tasks to queue
[2026-09-23T17:27:06.995+0000] {logging_mixin.py:190} INFO - [2026-09-23T17:27:06.995+0000] {dagbag.py:588} INFO - Filling up the DagBag from /home/airflow/.local/lib/python3.12/site-packages/airflow/example_dags/plugins/decreasing_priority_weight_strategy.py
[2026-09-23T17:27:07.002+0000] {processor.py:927} WARNING - No viable dags retrieved from /home/airflow/.local/lib/python3.12/site-packages/airflow/example_dags/plugins/decreasing_priority_weight_strategy.py
[2026-09-23T17:27:07.024+0000] {processor.py:208} INFO - Processing /home/airflow/.local/lib/python3.12/site-packages/airflow/example_dags/plugins/decreasing_priority_weight_strategy.py took 0.061 seconds
[2026-09-23T17:27:37.462+0000] {processor.py:186} INFO - Started process (PID=5840) to work on /home/airflow/.local/lib/python3.12/site-packages/airflow/example_dags/plugins/decreasing_priority_weight_strategy.py
[2026-09-23T17:27:37.463+0000] {processor.py:914} INFO - Processing file /home/airflow/.local/lib/python3.12/site-packages/airflow/example_dags/plugins/decreasing_priority_weight_strategy.py for tasks to queue
[2026-09-23T17:27:37.469+0000] {logging_mixin.py:190} INFO - [2026-09-23T17:27:37.467+0000] {dagbag.py:588} INFO - Filling up the DagBag from /home/airflow/.local/lib/python3.12/site-packages/airflow/example_dags/plugins/decreasing_priority_weight_strategy.py
[2026-09-23T17:27:37.474+0000] {processor.py:927} WARNING - No viable dags retrieved from /home/airflow/.local/lib/python3.12/site-packages/airflow/example_dags/plugins/decreasing_priority_weight_strategy.py
[2026-09-23T17:27:37.498+0000] {processor.py:208} INFO - Processing /home/airflow/.local/lib/python3.12/site-packages/airflow/example_dags/plugins/decreasing_priority_weight_strategy.py took 0.055 seconds
[2026-09-23T17:28:07.810+0000] {processor.py:186} INFO - Started process (PID=5912) to work on /home/airflow/.local/lib/python3.12/site-packages/airflow/example_dags/plugins/decreasing_priority_weight_strategy.py
[2026-09-23T17:28:07.812+0000] {processor.py:914} INFO - Processing file /home/airflow/.local/lib/python3.12/site-packages/airflow/example_dags/plugins/decreasing_priority_weight_strategy.py for tasks to queue
[2026-09-23T17:28:07.816+0000] {logging_mixin.py:190} INFO - [2026-09-23T17:28:07.815+0000] {dagbag.py:588} INFO - Filling up the DagBag from /home/airflow/.local/lib/python3.12/site-packages/airflow/example_dags/plugins/decreasing_priority_weight_strategy.py
[2026-09-23T17:28:07.821+0000] {processor.py:927} WARNING - No viable dags retrieved from /home/airflow/.local/lib/python3.12/site-packages/airflow/example_dags/plugins/decreasing_priority_weight_strategy.py
[2026-09-23T17:28:07.842+0000] {processor.py:208} INFO - Processing /home/airflow/.local/lib/python3.12/site-packages/airflow/example_dags/plugins/decreasing_priority_weight_strategy.py took 0.044 seconds
[2026-09-23T17:28:38.752+0000] {processor.py:186} INFO - Started process (PID=5987) to work on /home/airflow/.local/lib/python3.12/site-packages/airflow/example_dags/plugins/decreasing_priority_weight_strategy.py
[2026-09-23T17:28:38.753+0000] {processor.py:914} INFO - Processing file /home/airflow/.local/lib/python3.12/site-packages/airflow/example_dags/plugins/decreasing_priority_weight_strategy.py for tasks to queue
[2026-09-23T17:28:38.757+0000] {logging_mixin.py:190} INFO - [2026-09-23T17:28:38.756+0000] {dagbag.py:588} INFO - Filling up the DagBag from /home/airflow/.local/lib/python3.12/site-packages/airflow/example_dags/plugins/decreasing_priority_weight_strategy.py
[2026-09-23T17:28:38.760+0000] {processor.py:927} WARNING - No viable dags retrieved from /home/airflow/.local/lib/python3.12/site-packages/airflow/example_dags/plugins/decreasing_priority_weight_strategy.py
[2026-09-23T17:28:38.789+0000] {processor.py:208} INFO - Processing /home/airflow/.local/lib/python3.12/site-packages/airflow/example_dags/plugins/decreasing_priority_weight_strategy.py took 0.048 seconds
[2026-09-23T17:29:09.701+0000] {processor.py:186} INFO - Started process (PID=6061) to work on /home/airflow/.local/lib/python3.12/site-packages/airflow/example_dags/plugins/decreasing_priority_weight_strategy.py
[2026-09-23T17:29:09.702+0000] {processor.py:914} INFO - Processing file /home/airflow/.local/lib/python3.12/site-packages/airflow/example_dags/plugins/decreasing_priority_weight_strategy.py for tasks to queue
[2026-09-23T17:29:09.706+0000] {logging_mixin.py:190} INFO - [2026-09-23T17:29:09.705+0000] {dagbag.py:588} INFO - Filling up the DagBag from /home/airflow/.local/lib/python3.12/site-packages/airflow/example_dags/plugins/decreasing_priority_weight_strategy.py
[2026-09-23T17:29:09.709+0000] {processor.py:927} WARNING - No viable dags retrieved from /home/airflow/.local/lib/python3.12/site-packages/airflow/example_dags/plugins/decreasing_priority_weight_strategy.py
[2026-09-23T17:29:09.731+0000] {processor.py:208} INFO - Processing /home/airflow/.local/lib/python3.12/site-packages/airflow/example_dags/plugins/decreasing_priority_weight_strategy.py took 0.045 seconds
[2026-09-23T17:29:40.903+0000] {processor.py:186} INFO - Started process (PID=6135) to work on /home/airflow/.local/lib/python3.12/site-packages/airflow/example_dags/plugins/decreasing_priority_weight_strategy.py
[2026-09-23T17:29:40.910+0000] {processor.py:914} INFO - Processing file /home/airflow/.local/lib/python3.12/site-packages/airflow/example_dags/plugins/decreasing_priority_weight_strategy.py for tasks to queue
[2026-09-23T17:29:40.924+0000] {logging_mixin.py:190} INFO - [2026-09-23T17:29:40.924+0000] {dagbag.py:588} INFO - Filling up the DagBag from /home/airflow/.local/lib/python3.12/site-packages/airflow/example_dags/plugins/decreasing_priority_weight_strategy.py
[2026-09-23T17:29:40.936+0000] {processor.py:927} WARNING - No viable dags retrieved from /home/airflow/.local/lib/python3.12/site-packages/airflow/example_dags/plugins/decreasing_priority_weight_strategy.py
[2026-09-23T17:29:40.985+0000] {processor.py:208} INFO - Processing /home/airflow/.local/lib/python3.12/site-packages/airflow/example_dags/plugins/decreasing_priority_weight_strategy.py took 0.142 seconds
[2026-09-23T17:30:11.995+0000] {processor.py:186} INFO - Started process (PID=6209) to work on /home/airflow/.local/lib/python3.12/site-packages/airflow/example_dags/plugins/decreasing_priority_weight_strategy.py
[2026-09-23T17:30:11.997+0000] {processor.py:914} INFO - Processing file /home/airflow/.local/lib/python3.12/site-packages/airflow/example_dags/plugins/decreasing_priority_weight_strategy.py for tasks to queue
[2026-09-23T17:30:12.001+0000] {logging_mixin.py:190} INFO - [2026-09-23T17:30:12.001+0000] {dagbag.py:588} INFO - Filling up the DagBag from /home/airflow/.local/lib/python3.12/site-packages/airflow/example_dags/plugins/decreasing_priority_weight_strategy.py
[2026-09-23T17:30:12.006+0000] {processor.py:927} WARNING - No viable dags retrieved from /home/airflow/.local/lib/python3.12/site-packages/airflow/example_dags/plugins/decreasing_priority_weight_strategy.py
[2026-09-23T17:30:12.029+0000] {processor.py:208} INFO - Processing /home/airflow/.local/lib/python3.12/site-packages/airflow/example_dags/plugins/decreasing_priority_weight_strategy.py took 0.049 seconds
[2026-09-23T17:30:43.588+0000] {processor.py:186} INFO - Started process (PID=6285) to work on /home/airflow/.local/lib/python3.12/site-packages/airflow/example_dags/plugins/decreasing_priority_weight_strategy.py
[2026-09-23T17:30:43.589+0000] {processor.py:914} INFO - Processing file /home/airflow/.local/lib/python3.12/site-packages/airflow/example_dags/plugins/decreasing_priority_weight_strategy.py for tasks to queue
[2026-09-23T17:30:43.593+0000] {logging_mixin.py:190} INFO - [2026-09-23T17:30:43.592+0000] {dagbag.py:588} INFO - Filling up the DagBag from /home/airflow/.local/lib/python3.12/site-packages/airflow/example_dags/plugins/decreasing_priority_weight_strategy.py
[2026-09-23T17:30:43.596+0000] {processor.py:927} WARNING - No viable dags retrieved from /home/airflow/.local/lib/python3.12/site-packages/airflow/example_dags/plugins/decreasing_priority_weight_strategy.py
[2026-09-23T17:30:43.623+0000] {processor.py:208} INFO - Processing /home/airflow/.local/lib/python3.12/site-packages/airflow/example_dags/plugins/decreasing_priority_weight_strategy.py took 0.048 seconds
[2026-09-23T17:31:14.240+0000] {processor.py:186} INFO - Started process (PID=6360) to work on /home/airflow/.local/lib/python3.12/site-packages/airflow/example_dags/plugins/decreasing_priority_weight_strategy.py
[2026-09-23T17:31:14.244+0000] {processor.py:914} INFO - Processing file /home/airflow/.local/lib/python3.12/site-packages/airflow/example_dags/plugins/decreasing_priority_weight_strategy.py for tasks to queue
[2026-09-23T17:31:14.253+0000] {logging_mixin.py:190} INFO - [2026-09-23T17:31:14.250+0000] {dagbag.py:588} INFO - Filling up the DagBag from /home/airflow/.local/lib/python3.12/site-packages/airflow/example_dags/plugins/decreasing_priority_weight_strategy.py
[2026-09-23T17:31:14.265+0000] {processor.py:927} WARNING - No viable dags retrieved from /home/airflow/.local/lib/python3.12/site-packages/airflow/example_dags/plugins/decreasing_priority_weight_strategy.py
[2026-09-23T17:31:14.324+0000] {processor.py:208} INFO - Processing /home/airflow/.local/lib/python3.12/site-packages/airflow/example_dags/plugins/decreasing_priority_weight_strategy.py took 0.102 seconds
[2026-09-23T17:31:44.525+0000] {processor.py:186} INFO - Started process (PID=6433) to work on /home/airflow/.local/lib/python3.12/site-packages/airflow/example_dags/plugins/decreasing_priority_weight_strategy.py
[2026-09-23T17:31:44.526+0000] {processor.py:914} INFO - Processing file /home/airflow/.local/lib/python3.12/site-packages/airflow/example_dags/plugins/decreasing_priority_weight_strategy.py for tasks to queue
[2026-09-23T17:31:44.529+0000] {logging_mixin.py:190} INFO - [2026-09-23T17:31:44.529+0000] {dagbag.py:588} INFO - Filling up the DagBag from /home/airflow/.local/lib/python3.12/site-packages/airflow/example_dags/plugins/decreasing_priority_weight_strategy.py
[2026-09-23T17:31:44.532+0000] {processor.py:927} WARNING - No viable dags retrieved from /home/airflow/.local/lib/python3.12/site-packages/airflow/example_dags/plugins/decreasing_priority_weight_strategy.py
[2026-09-23T17:31:44.548+0000] {processor.py:208} INFO - Processing /home/airflow/.local/lib/python3.12/site-packages/airflow/example_dags/plugins/decreasing_priority_weight_strategy.py took 0.032 seconds
[2026-09-23T17:32:15.313+0000] {processor.py:186} INFO - Started process (PID=6507) to work on /home/airflow/.local/lib/python3.12/site-packages/airflow/example_dags/plugins/decreasing_priority_weight_strategy.py
[2026-09-23T17:32:15.315+0000] {processor.py:914} INFO - Processing file /home/airflow/.local/lib/python3.12/site-packages/airflow/example_dags/plugins/decreasing_priority_weight_strategy.py for tasks to queue
[2026-09-23T17:32:15.319+0000] {logging_mixin.py:190} INFO - [2026-09-23T17:32:15.318+0000] {dagbag.py:588} INFO - Filling up the DagBag from /home/airflow/.local/lib/python3.12/site-packages/airflow/example_dags/plugins/decreasing_priority_weight_strategy.py
[2026-09-23T17:32:15.323+0000] {processor.py:927} WARNING - No viable dags retrieved from /home/airflow/.local/lib/python3.12/site-packages/airflow/example_dags/plugins/decreasing_priority_weight_strategy.py
[2026-09-23T17:32:15.346+0000] {processor.py:208} INFO - Processing /home/airflow/.local/lib/python3.12/site-packages/airflow/example_dags/plugins/decreasing_priority_weight_strategy.py took 0.044 seconds
[2026-09-23T17:32:45.829+0000] {processor.py:186} INFO - Started process (PID=6580) to work on /home/airflow/.local/lib/python3.12/site-packages/airflow/example_dags/plugins/decreasing_priority_weight_strategy.py
[2026-09-23T17:32:45.831+0000] {processor.py:914} INFO - Processing file /home/airflow/.local/lib/python3.12/site-packages/airflow/example_dags/plugins/decreasing_priority_weight_strategy.py for tasks to queue
[2026-09-23T17:32:45.834+0000] {logging_mixin.py:190} INFO - [2026-09-23T17:32:45.833+0000] {dagbag.py:588} INFO - Filling up the DagBag from /home/airflow/.local/lib/python3.12/site-packages/airflow/example_dags/plugins/decreasing_priority_weight_strategy.py
[2026-09-23T17:32:45.839+0000] {processor.py:927} WARNING - No viable dags retrieved from /home/airflow/.local/lib/python3.12/site-packages/airflow/example_dags/plugins/decreasing_priority_weight_strategy.py
[2026-09-23T17:32:45.855+0000] {processor.py:208} INFO - Processing /home/airflow/.local/lib/python3.12/site-packages/airflow/example_dags/plugins/decreasing_priority_weight_strategy.py took 0.036 seconds
[2026-09-23T17:33:16.376+0000] {processor.py:186} INFO - Started process (PID=6647) to work on /home/airflow/.local/lib/python3.12/site-packages/airflow/example_dags/plugins/decreasing_priority_weight_strategy.py
[2026-09-23T17:33:16.377+0000] {processor.py:914} INFO - Processing file /home/airflow/.local/lib/python3.12/site-packages/airflow/example_dags/plugins/decreasing_priority_weight_strategy.py for tasks to queue
[2026-09-23T17:33:16.383+0000] {logging_mixin.py:190} INFO - [2026-09-23T17:33:16.382+0000] {dagbag.py:588} INFO - Filling up the DagBag from /home/airflow/.local/lib/python3.12/site-packages/airflow/example_dags/plugins/decreasing_priority_weight_strategy.py
[2026-09-23T17:33:16.387+0000] {processor.py:927} WARNING - No viable dags retrieved from /home/airflow/.local/lib/python3.12/site-packages/airflow/example_dags/plugins/decreasing_priority_weight_strategy.py
[2026-09-23T17:33:16.404+0000] {processor.py:208} INFO - Processing /home/airflow/.local/lib/python3.12/site-packages/airflow/example_dags/plugins/decreasing_priority_weight_strategy.py took 0.039 seconds
[2026-09-23T17:33:47.169+0000] {processor.py:186} INFO - Started process (PID=6721) to work on /home/airflow/.local/lib/python3.12/site-packages/airflow/example_dags/plugins/decreasing_priority_weight_strategy.py
[2026-09-23T17:33:47.170+0000] {processor.py:914} INFO - Processing file /home/airflow/.local/lib/python3.12/site-packages/airflow/example_dags/plugins/decreasing_priority_weight_strategy.py for tasks to queue
[2026-09-23T17:33:47.175+0000] {logging_mixin.py:190} INFO - [2026-09-23T17:33:47.174+0000] {dagbag.py:588} INFO - Filling up the DagBag from /home/airflow/.local/lib/python3.12/site-packages/airflow/example_dags/plugins/decreasing_priority_weight_strategy.py
[2026-09-23T17:33:47.179+0000] {processor.py:927} WARNING - No viable dags retrieved from /home/airflow/.local/lib/python3.12/site-packages/airflow/example_dags/plugins/decreasing_priority_weight_strategy.py
[2026-09-23T17:33:47.200+0000] {processor.py:208} INFO - Processing /home/airflow/.local/lib/python3.12/site-packages/airflow/example_dags/plugins/decreasing_priority_weight_strategy.py took 0.044 seconds
[2026-09-23T17:34:17.794+0000] {processor.py:186} INFO - Started process (PID=6795) to work on /home/airflow/.local/lib/python3.12/site-packages/airflow/example_dags/plugins/decreasing_priority_weight_strategy.py
[2026-09-23T17:34:17.796+0000] {processor.py:914} INFO - Processing file /home/airflow/.local/lib/python3.12/site-packages/airflow/example_dags/plugins/decreasing_priority_weight_strategy.py for tasks to queue
[2026-09-23T17:34:17.800+0000] {logging_mixin.py:190} INFO - [2026-09-23T17:34:17.799+0000] {dagbag.py:588} INFO - Filling up the DagBag from /home/airflow/.local/lib/python3.12/site-packages/airflow/example_dags/plugins/decreasing_priority_weight_strategy.py
[2026-09-23T17:34:17.805+0000] {processor.py:927} WARNING - No viable dags retrieved from /home/airflow/.local/lib/python3.12/site-packages/airflow/example_dags/plugins/decreasing_priority_weight_strategy.py
[2026-09-23T17:34:17.828+0000] {processor.py:208} INFO - Processing /home/airflow/.local/lib/python3.12/site-packages/airflow/example_dags/plugins/decreasing_priority_weight_strategy.py took 0.053 seconds
[2026-09-23T17:34:48.956+0000] {processor.py:186} INFO - Started process (PID=6869) to work on /home/airflow/.local/lib/python3.12/site-packages/airflow/example_dags/plugins/decreasing_priority_weight_strategy.py
[2026-09-23T17:34:48.961+0000] {processor.py:914} INFO - Processing file /home/airflow/.local/lib/python3.12/site-packages/airflow/example_dags/plugins/decreasing_priority_weight_strategy.py for tasks to queue
[2026-09-23T17:34:48.974+0000] {logging_mixin.py:190} INFO - [2026-09-23T17:34:48.973+0000] {dagbag.py:588} INFO - Filling up the DagBag from /home/airflow/.local/lib/python3.12/site-packages/airflow/example_dags/plugins/decreasing_priority_weight_strategy.py
[2026-09-23T17:34:48.990+0000] {processor.py:927} WARNING - No viable dags retrieved from /home/airflow/.local/lib/python3.12/site-packages/airflow/example_dags/plugins/decreasing_priority_weight_strategy.py
[2026-09-23T17:34:49.079+0000] {processor.py:208} INFO - Processing /home/airflow/.local/lib/python3.12/site-packages/airflow/example_dags/plugins/decreasing_priority_weight_strategy.py took 0.156 seconds
[2026-09-23T17:35:22.351+0000] {processor.py:186} INFO - Started process (PID=6943) to work on /home/airflow/.local/lib/python3.12/site-packages/airflow/example_dags/plugins/decreasing_priority_weight_strategy.py
[2026-09-23T17:35:22.353+0000] {processor.py:914} INFO - Processing file /home/airflow/.local/lib/python3.12/site-packages/airflow/example_dags/plugins/decreasing_priority_weight_strategy.py for tasks to queue
[2026-09-23T17:35:22.365+0000] {logging_mixin.py:190} INFO - [2026-09-23T17:35:22.364+0000] {dagbag.py:588} INFO - Filling up the DagBag from /home/airflow/.local/lib/python3.12/site-packages/airflow/example_dags/plugins/decreasing_priority_weight_strategy.py
[2026-09-23T17:35:22.369+0000] {processor.py:927} WARNING - No viable dags retrieved from /home/airflow/.local/lib/python3.12/site-packages/airflow/example_dags/plugins/decreasing_priority_weight_strategy.py
[2026-09-23T17:35:22.408+0000] {processor.py:208} INFO - Processing /home/airflow/.local/lib/python3.12/site-packages/airflow/example_dags/plugins/decreasing_priority_weight_strategy.py took 0.114 seconds
[2026-09-23T17:35:53.146+0000] {processor.py:186} INFO - Started process (PID=7016) to work on /home/airflow/.local/lib/python3.12/site-packages/airflow/example_dags/plugins/decreasing_priority_weight_strategy.py
[2026-09-23T17:35:53.147+0000] {processor.py:914} INFO - Processing file /home/airflow/.local/lib/python3.12/site-packages/airflow/example_dags/plugins/decreasing_priority_weight_strategy.py for tasks to queue
[2026-09-23T17:35:53.150+0000] {logging_mixin.py:190} INFO - [2026-09-23T17:35:53.150+0000] {dagbag.py:588} INFO - Filling up the DagBag from /home/airflow/.local/lib/python3.12/site-packages/airflow/example_dags/plugins/decreasing_priority_weight_strategy.py
[2026-09-23T17:35:53.154+0000] {processor.py:927} WARNING - No viable dags retrieved from /home/airflow/.local/lib/python3.12/site-packages/airflow/example_dags/plugins/decreasing_priority_weight_strategy.py
[2026-09-23T17:35:53.173+0000] {processor.py:208} INFO - Processing /home/airflow/.local/lib/python3.12/site-packages/airflow/example_dags/plugins/decreasing_priority_weight_strategy.py took 0.039 seconds
[2026-09-23T17:36:23.651+0000] {processor.py:186} INFO - Started process (PID=7083) to work on /home/airflow/.local/lib/python3.12/site-packages/airflow/example_dags/plugins/decreasing_priority_weight_strategy.py
[2026-09-23T17:36:23.653+0000] {processor.py:914} INFO - Processing file /home/airflow/.local/lib/python3.12/site-packages/airflow/example_dags/plugins/decreasing_priority_weight_strategy.py for tasks to queue
[2026-09-23T17:36:23.658+0000] {logging_mixin.py:190} INFO - [2026-09-23T17:36:23.657+0000] {dagbag.py:588} INFO - Filling up the DagBag from /home/airflow/.local/lib/python3.12/site-packages/airflow/example_dags/plugins/decreasing_priority_weight_strategy.py
[2026-09-23T17:36:23.661+0000] {processor.py:927} WARNING - No viable dags retrieved from /home/airflow/.local/lib/python3.12/site-packages/airflow/example_dags/plugins/decreasing_priority_weight_strategy.py
[2026-09-23T17:36:23.687+0000] {processor.py:208} INFO - Processing /home/airflow/.local/lib/python3.12/site-packages/airflow/example_dags/plugins/decreasing_priority_weight_strategy.py took 0.052 seconds
[2026-09-23T17:36:54.843+0000] {processor.py:186} INFO - Started process (PID=7158) to work on /home/airflow/.local/lib/python3.12/site-packages/airflow/example_dags/plugins/decreasing_priority_weight_strategy.py
[2026-09-23T17:36:54.844+0000] {processor.py:914} INFO - Processing file /home/airflow/.local/lib/python3.12/site-packages/airflow/example_dags/plugins/decreasing_priority_weight_strategy.py for tasks to queue
[2026-09-23T17:36:54.851+0000] {logging_mixin.py:190} INFO - [2026-09-23T17:36:54.851+0000] {dagbag.py:588} INFO - Filling up the DagBag from /home/airflow/.local/lib/python3.12/site-packages/airflow/example_dags/plugins/decreasing_priority_weight_strategy.py
[2026-09-23T17:36:54.870+0000] {processor.py:927} WARNING - No viable dags retrieved from /home/airflow/.local/lib/python3.12/site-packages/airflow/example_dags/plugins/decreasing_priority_weight_strategy.py
[2026-09-23T17:36:54.899+0000] {processor.py:208} INFO - Processing /home/airflow/.local/lib/python3.12/site-packages/airflow/example_dags/plugins/decreasing_priority_weight_strategy.py took 0.070 seconds
[2026-09-23T17:37:25.546+0000] {processor.py:186} INFO - Started process (PID=7232) to work on /home/airflow/.local/lib/python3.12/site-packages/airflow/example_dags/plugins/decreasing_priority_weight_strategy.py
[2026-09-23T17:37:25.548+0000] {processor.py:914} INFO - Processing file /home/airflow/.local/lib/python3.12/site-packages/airflow/example_dags/plugins/decreasing_priority_weight_strategy.py for tasks to queue
[2026-09-23T17:37:25.554+0000] {logging_mixin.py:190} INFO - [2026-09-23T17:37:25.553+0000] {dagbag.py:588} INFO - Filling up the DagBag from /home/airflow/.local/lib/python3.12/site-packages/airflow/example_dags/plugins/decreasing_priority_weight_strategy.py
[2026-09-23T17:37:25.559+0000] {processor.py:927} WARNING - No viable dags retrieved from /home/airflow/.local/lib/python3.12/site-packages/airflow/example_dags/plugins/decreasing_priority_weight_strategy.py
[2026-09-23T17:37:25.621+0000] {processor.py:208} INFO - Processing /home/airflow/.local/lib/python3.12/site-packages/airflow/example_dags/plugins/decreasing_priority_weight_strategy.py took 0.098 seconds
[2026-09-23T17:37:55.748+0000] {processor.py:186} INFO - Started process (PID=7304) to work on /home/airflow/.local/lib/python3.12/site-packages/airflow/example_dags/plugins/decreasing_priority_weight_strategy.py
[2026-09-23T17:37:55.749+0000] {processor.py:914} INFO - Processing file /home/airflow/.local/lib/python3.12/site-packages/airflow/example_dags/plugins/decreasing_priority_weight_strategy.py for tasks to queue
[2026-09-23T17:37:55.752+0000] {logging_mixin.py:190} INFO - [2026-09-23T17:37:55.751+0000] {dagbag.py:588} INFO - Filling up the DagBag from /home/airflow/.local/lib/python3.12/site-packages/airflow/example_dags/plugins/decreasing_priority_weight_strategy.py
[2026-09-23T17:37:55.756+0000] {processor.py:927} WARNING - No viable dags retrieved from /home/airflow/.local/lib/python3.12/site-packages/airflow/example_dags/plugins/decreasing_priority_weight_strategy.py
[2026-09-23T17:37:55.775+0000] {processor.py:208} INFO - Processing /home/airflow/.local/lib/python3.12/site-packages/airflow/example_dags/plugins/decreasing_priority_weight_strategy.py took 0.038 seconds
[2026-09-23T17:38:26.716+0000] {processor.py:186} INFO - Started process (PID=7378) to work on /home/airflow/.local/lib/python3.12/site-packages/airflow/example_dags/plugins/decreasing_priority_weight_strategy.py
[2026-09-23T17:38:26.720+0000] {processor.py:914} INFO - Processing file /home/airflow/.local/lib/python3.12/site-packages/airflow/example_dags/plugins/decreasing_priority_weight_strategy.py for tasks to queue
[2026-09-23T17:38:26.725+0000] {logging_mixin.py:190} INFO - [2026-09-23T17:38:26.724+0000] {dagbag.py:588} INFO - Filling up the DagBag from /home/airflow/.local/lib/python3.12/site-packages/airflow/example_dags/plugins/decreasing_priority_weight_strategy.py
[2026-09-23T17:38:26.733+0000] {processor.py:927} WARNING - No viable dags retrieved from /home/airflow/.local/lib/python3.12/site-packages/airflow/example_dags/plugins/decreasing_priority_weight_strategy.py
[2026-09-23T17:38:26.771+0000] {processor.py:208} INFO - Processing /home/airflow/.local/lib/python3.12/site-packages/airflow/example_dags/plugins/decreasing_priority_weight_strategy.py took 0.067 seconds
[2026-09-23T17:38:57.670+0000] {processor.py:186} INFO - Started process (PID=7445) to work on /home/airflow/.local/lib/python3.12/site-packages/airflow/example_dags/plugins/decreasing_priority_weight_strategy.py
[2026-09-23T17:38:57.671+0000] {processor.py:914} INFO - Processing file /home/airflow/.local/lib/python3.12/site-packages/airflow/example_dags/plugins/decreasing_priority_weight_strategy.py for tasks to queue
[2026-09-23T17:38:57.674+0000] {logging_mixin.py:190} INFO - [2026-09-23T17:38:57.674+0000] {dagbag.py:588} INFO - Filling up the DagBag from /home/airflow/.local/lib/python3.12/site-packages/airflow/example_dags/plugins/decreasing_priority_weight_strategy.py
[2026-09-23T17:38:57.678+0000] {processor.py:927} WARNING - No viable dags retrieved from /home/airflow/.local/lib/python3.12/site-packages/airflow/example_dags/plugins/decreasing_priority_weight_strategy.py
[2026-09-23T17:38:57.697+0000] {processor.py:208} INFO - Processing /home/airflow/.local/lib/python3.12/site-packages/airflow/example_dags/plugins/decreasing_priority_weight_strategy.py took 0.038 seconds
[2026-09-23T17:39:28.630+0000] {processor.py:186} INFO - Started process (PID=7519) to work on /home/airflow/.local/lib/python3.12/site-packages/airflow/example_dags/plugins/decreasing_priority_weight_strategy.py
[2026-09-23T17:39:28.631+0000] {processor.py:914} INFO - Processing file /home/airflow/.local/lib/python3.12/site-packages/airflow/example_dags/plugins/decreasing_priority_weight_strategy.py for tasks to queue
[2026-09-23T17:39:28.634+0000] {logging_mixin.py:190} INFO - [2026-09-23T17:39:28.634+0000] {dagbag.py:588} INFO - Filling up the DagBag from /home/airflow/.local/lib/python3.12/site-packages/airflow/example_dags/plugins/decreasing_priority_weight_strategy.py
[2026-09-23T17:39:28.637+0000] {processor.py:927} WARNING - No viable dags retrieved from /home/airflow/.local/lib/python3.12/site-packages/airflow/example_dags/plugins/decreasing_priority_weight_strategy.py
[2026-09-23T17:39:28.654+0000] {processor.py:208} INFO - Processing /home/airflow/.local/lib/python3.12/site-packages/airflow/example_dags/plugins/decreasing_priority_weight_strategy.py took 0.033 seconds
[2026-09-23T17:39:58.895+0000] {processor.py:186} INFO - Started process (PID=7594) to work on /home/airflow/.local/lib/python3.12/site-packages/airflow/example_dags/plugins/decreasing_priority_weight_strategy.py
[2026-09-23T17:39:58.896+0000] {processor.py:914} INFO - Processing file /home/airflow/.local/lib/python3.12/site-packages/airflow/example_dags/plugins/decreasing_priority_weight_strategy.py for tasks to queue
[2026-09-23T17:39:58.899+0000] {logging_mixin.py:190} INFO - [2026-09-23T17:39:58.898+0000] {dagbag.py:588} INFO - Filling up the DagBag from /home/airflow/.local/lib/python3.12/site-packages/airflow/example_dags/plugins/decreasing_priority_weight_strategy.py
[2026-09-23T17:39:58.902+0000] {processor.py:927} WARNING - No viable dags retrieved from /home/airflow/.local/lib/python3.12/site-packages/airflow/example_dags/plugins/decreasing_priority_weight_strategy.py
[2026-09-23T17:39:58.917+0000] {processor.py:208} INFO - Processing /home/airflow/.local/lib/python3.12/site-packages/airflow/example_dags/plugins/decreasing_priority_weight_strategy.py took 0.031 seconds
[2026-09-23T17:40:29.483+0000] {processor.py:186} INFO - Started process (PID=7668) to work on /home/airflow/.local/lib/python3.12/site-packages/airflow/example_dags/plugins/decreasing_priority_weight_strategy.py
[2026-09-23T17:40:29.486+0000] {processor.py:914} INFO - Processing file /home/airflow/.local/lib/python3.12/site-packages/airflow/example_dags/plugins/decreasing_priority_weight_strategy.py for tasks to queue
[2026-09-23T17:40:29.491+0000] {logging_mixin.py:190} INFO - [2026-09-23T17:40:29.491+0000] {dagbag.py:588} INFO - Filling up the DagBag from /home/airflow/.local/lib/python3.12/site-packages/airflow/example_dags/plugins/decreasing_priority_weight_strategy.py
[2026-09-23T17:40:29.496+0000] {processor.py:927} WARNING - No viable dags retrieved from /home/airflow/.local/lib/python3.12/site-packages/airflow/example_dags/plugins/decreasing_priority_weight_strategy.py
[2026-09-23T17:40:29.525+0000] {processor.py:208} INFO - Processing /home/airflow/.local/lib/python3.12/site-packages/airflow/example_dags/plugins/decreasing_priority_weight_strategy.py took 0.054 seconds
[2026-09-23T17:41:00.357+0000] {processor.py:186} INFO - Started process (PID=7743) to work on /home/airflow/.local/lib/python3.12/site-packages/airflow/example_dags/plugins/decreasing_priority_weight_strategy.py
[2026-09-23T17:41:00.358+0000] {processor.py:914} INFO - Processing file /home/airflow/.local/lib/python3.12/site-packages/airflow/example_dags/plugins/decreasing_priority_weight_strategy.py for tasks to queue
[2026-09-23T17:41:00.361+0000] {logging_mixin.py:190} INFO - [2026-09-23T17:41:00.361+0000] {dagbag.py:588} INFO - Filling up the DagBag from /home/airflow/.local/lib/python3.12/site-packages/airflow/example_dags/plugins/decreasing_priority_weight_strategy.py
[2026-09-23T17:41:00.372+0000] {processor.py:927} WARNING - No viable dags retrieved from /home/airflow/.local/lib/python3.12/site-packages/airflow/example_dags/plugins/decreasing_priority_weight_strategy.py
[2026-09-23T17:41:00.413+0000] {processor.py:208} INFO - Processing /home/airflow/.local/lib/python3.12/site-packages/airflow/example_dags/plugins/decreasing_priority_weight_strategy.py took 0.066 seconds
[2026-09-23T17:41:32.069+0000] {processor.py:186} INFO - Started process (PID=7816) to work on /home/airflow/.local/lib/python3.12/site-packages/airflow/example_dags/plugins/decreasing_priority_weight_strategy.py
[2026-09-23T17:41:32.072+0000] {processor.py:914} INFO - Processing file /home/airflow/.local/lib/python3.12/site-packages/airflow/example_dags/plugins/decreasing_priority_weight_strategy.py for tasks to queue
[2026-09-23T17:41:32.091+0000] {logging_mixin.py:190} INFO - [2026-09-23T17:41:32.084+0000] {dagbag.py:588} INFO - Filling up the DagBag from /home/airflow/.local/lib/python3.12/site-packages/airflow/example_dags/plugins/decreasing_priority_weight_strategy.py
[2026-09-23T17:41:32.101+0000] {processor.py:927} WARNING - No viable dags retrieved from /home/airflow/.local/lib/python3.12/site-packages/airflow/example_dags/plugins/decreasing_priority_weight_strategy.py
[2026-09-23T17:41:32.150+0000] {processor.py:208} INFO - Processing /home/airflow/.local/lib/python3.12/site-packages/airflow/example_dags/plugins/decreasing_priority_weight_strategy.py took 0.125 seconds
[2026-09-23T17:42:07.981+0000] {processor.py:186} INFO - Started process (PID=7897) to work on /home/airflow/.local/lib/python3.12/site-packages/airflow/example_dags/plugins/decreasing_priority_weight_strategy.py
[2026-09-23T17:42:07.991+0000] {processor.py:914} INFO - Processing file /home/airflow/.local/lib/python3.12/site-packages/airflow/example_dags/plugins/decreasing_priority_weight_strategy.py for tasks to queue
[2026-09-23T17:42:08.010+0000] {logging_mixin.py:190} INFO - [2026-09-23T17:42:08.007+0000] {dagbag.py:588} INFO - Filling up the DagBag from /home/airflow/.local/lib/python3.12/site-packages/airflow/example_dags/plugins/decreasing_priority_weight_strategy.py
[2026-09-23T17:42:08.036+0000] {processor.py:927} WARNING - No viable dags retrieved from /home/airflow/.local/lib/python3.12/site-packages/airflow/example_dags/plugins/decreasing_priority_weight_strategy.py
[2026-09-23T17:42:08.173+0000] {processor.py:208} INFO - Processing /home/airflow/.local/lib/python3.12/site-packages/airflow/example_dags/plugins/decreasing_priority_weight_strategy.py took 0.241 seconds
[2026-09-23T17:42:38.896+0000] {processor.py:186} INFO - Started process (PID=7971) to work on /home/airflow/.local/lib/python3.12/site-packages/airflow/example_dags/plugins/decreasing_priority_weight_strategy.py
[2026-09-23T17:42:38.898+0000] {processor.py:914} INFO - Processing file /home/airflow/.local/lib/python3.12/site-packages/airflow/example_dags/plugins/decreasing_priority_weight_strategy.py for tasks to queue
[2026-09-23T17:42:38.904+0000] {logging_mixin.py:190} INFO - [2026-09-23T17:42:38.903+0000] {dagbag.py:588} INFO - Filling up the DagBag from /home/airflow/.local/lib/python3.12/site-packages/airflow/example_dags/plugins/decreasing_priority_weight_strategy.py
[2026-09-23T17:42:38.913+0000] {processor.py:927} WARNING - No viable dags retrieved from /home/airflow/.local/lib/python3.12/site-packages/airflow/example_dags/plugins/decreasing_priority_weight_strategy.py
[2026-09-23T17:42:38.954+0000] {processor.py:208} INFO - Processing /home/airflow/.local/lib/python3.12/site-packages/airflow/example_dags/plugins/decreasing_priority_weight_strategy.py took 0.071 seconds
[2026-09-23T17:43:09.438+0000] {processor.py:186} INFO - Started process (PID=8044) to work on /home/airflow/.local/lib/python3.12/site-packages/airflow/example_dags/plugins/decreasing_priority_weight_strategy.py
[2026-09-23T17:43:09.439+0000] {processor.py:914} INFO - Processing file /home/airflow/.local/lib/python3.12/site-packages/airflow/example_dags/plugins/decreasing_priority_weight_strategy.py for tasks to queue
[2026-09-23T17:43:09.443+0000] {logging_mixin.py:190} INFO - [2026-09-23T17:43:09.442+0000] {dagbag.py:588} INFO - Filling up the DagBag from /home/airflow/.local/lib/python3.12/site-packages/airflow/example_dags/plugins/decreasing_priority_weight_strategy.py
[2026-09-23T17:43:09.447+0000] {processor.py:927} WARNING - No viable dags retrieved from /home/airflow/.local/lib/python3.12/site-packages/airflow/example_dags/plugins/decreasing_priority_weight_strategy.py
[2026-09-23T17:43:09.468+0000] {processor.py:208} INFO - Processing /home/airflow/.local/lib/python3.12/site-packages/airflow/example_dags/plugins/decreasing_priority_weight_strategy.py took 0.045 seconds
[2026-09-23T17:43:40.106+0000] {processor.py:186} INFO - Started process (PID=8117) to work on /home/airflow/.local/lib/python3.12/site-packages/airflow/example_dags/plugins/decreasing_priority_weight_strategy.py
[2026-09-23T17:43:40.108+0000] {processor.py:914} INFO - Processing file /home/airflow/.local/lib/python3.12/site-packages/airflow/example_dags/plugins/decreasing_priority_weight_strategy.py for tasks to queue
[2026-09-23T17:43:40.111+0000] {logging_mixin.py:190} INFO - [2026-09-23T17:43:40.111+0000] {dagbag.py:588} INFO - Filling up the DagBag from /home/airflow/.local/lib/python3.12/site-packages/airflow/example_dags/plugins/decreasing_priority_weight_strategy.py
[2026-09-23T17:43:40.115+0000] {processor.py:927} WARNING - No viable dags retrieved from /home/airflow/.local/lib/python3.12/site-packages/airflow/example_dags/plugins/decreasing_priority_weight_strategy.py
[2026-09-23T17:43:40.137+0000] {processor.py:208} INFO - Processing /home/airflow/.local/lib/python3.12/site-packages/airflow/example_dags/plugins/decreasing_priority_weight_strategy.py took 0.042 seconds
[2026-09-23T17:44:10.530+0000] {processor.py:186} INFO - Started process (PID=8191) to work on /home/airflow/.local/lib/python3.12/site-packages/airflow/example_dags/plugins/decreasing_priority_weight_strategy.py
[2026-09-23T17:44:10.531+0000] {processor.py:914} INFO - Processing file /home/airflow/.local/lib/python3.12/site-packages/airflow/example_dags/plugins/decreasing_priority_weight_strategy.py for tasks to queue
[2026-09-23T17:44:10.534+0000] {logging_mixin.py:190} INFO - [2026-09-23T17:44:10.534+0000] {dagbag.py:588} INFO - Filling up the DagBag from /home/airflow/.local/lib/python3.12/site-packages/airflow/example_dags/plugins/decreasing_priority_weight_strategy.py
[2026-09-23T17:44:10.538+0000] {processor.py:927} WARNING - No viable dags retrieved from /home/airflow/.local/lib/python3.12/site-packages/airflow/example_dags/plugins/decreasing_priority_weight_strategy.py
[2026-09-23T17:44:10.556+0000] {processor.py:208} INFO - Processing /home/airflow/.local/lib/python3.12/site-packages/airflow/example_dags/plugins/decreasing_priority_weight_strategy.py took 0.035 seconds
[2026-09-23T17:44:40.816+0000] {processor.py:186} INFO - Started process (PID=8265) to work on /home/airflow/.local/lib/python3.12/site-packages/airflow/example_dags/plugins/decreasing_priority_weight_strategy.py
[2026-09-23T17:44:40.817+0000] {processor.py:914} INFO - Processing file /home/airflow/.local/lib/python3.12/site-packages/airflow/example_dags/plugins/decreasing_priority_weight_strategy.py for tasks to queue
[2026-09-23T17:44:40.821+0000] {logging_mixin.py:190} INFO - [2026-09-23T17:44:40.821+0000] {dagbag.py:588} INFO - Filling up the DagBag from /home/airflow/.local/lib/python3.12/site-packages/airflow/example_dags/plugins/decreasing_priority_weight_strategy.py
[2026-09-23T17:44:40.824+0000] {processor.py:927} WARNING - No viable dags retrieved from /home/airflow/.local/lib/python3.12/site-packages/airflow/example_dags/plugins/decreasing_priority_weight_strategy.py
[2026-09-23T17:44:40.839+0000] {processor.py:208} INFO - Processing /home/airflow/.local/lib/python3.12/site-packages/airflow/example_dags/plugins/decreasing_priority_weight_strategy.py took 0.032 seconds
[2026-09-23T17:45:12.407+0000] {processor.py:186} INFO - Started process (PID=8340) to work on /home/airflow/.local/lib/python3.12/site-packages/airflow/example_dags/plugins/decreasing_priority_weight_strategy.py
[2026-09-23T17:45:12.408+0000] {processor.py:914} INFO - Processing file /home/airflow/.local/lib/python3.12/site-packages/airflow/example_dags/plugins/decreasing_priority_weight_strategy.py for tasks to queue
[2026-09-23T17:45:12.413+0000] {logging_mixin.py:190} INFO - [2026-09-23T17:45:12.412+0000] {dagbag.py:588} INFO - Filling up the DagBag from /home/airflow/.local/lib/python3.12/site-packages/airflow/example_dags/plugins/decreasing_priority_weight_strategy.py
[2026-09-23T17:45:12.416+0000] {processor.py:927} WARNING - No viable dags retrieved from /home/airflow/.local/lib/python3.12/site-packages/airflow/example_dags/plugins/decreasing_priority_weight_strategy.py
[2026-09-23T17:45:12.435+0000] {processor.py:208} INFO - Processing /home/airflow/.local/lib/python3.12/site-packages/airflow/example_dags/plugins/decreasing_priority_weight_strategy.py took 0.037 seconds
[2026-09-23T17:45:43.107+0000] {processor.py:186} INFO - Started process (PID=8407) to work on /home/airflow/.local/lib/python3.12/site-packages/airflow/example_dags/plugins/decreasing_priority_weight_strategy.py
[2026-09-23T17:45:43.109+0000] {processor.py:914} INFO - Processing file /home/airflow/.local/lib/python3.12/site-packages/airflow/example_dags/plugins/decreasing_priority_weight_strategy.py for tasks to queue
[2026-09-23T17:45:43.111+0000] {logging_mixin.py:190} INFO - [2026-09-23T17:45:43.111+0000] {dagbag.py:588} INFO - Filling up the DagBag from /home/airflow/.local/lib/python3.12/site-packages/airflow/example_dags/plugins/decreasing_priority_weight_strategy.py
[2026-09-23T17:45:43.114+0000] {processor.py:927} WARNING - No viable dags retrieved from /home/airflow/.local/lib/python3.12/site-packages/airflow/example_dags/plugins/decreasing_priority_weight_strategy.py
[2026-09-23T17:45:43.130+0000] {processor.py:208} INFO - Processing /home/airflow/.local/lib/python3.12/site-packages/airflow/example_dags/plugins/decreasing_priority_weight_strategy.py took 0.032 seconds
[2026-09-23T17:46:15.190+0000] {processor.py:186} INFO - Started process (PID=8483) to work on /home/airflow/.local/lib/python3.12/site-packages/airflow/example_dags/plugins/decreasing_priority_weight_strategy.py
[2026-09-23T17:46:15.193+0000] {processor.py:914} INFO - Processing file /home/airflow/.local/lib/python3.12/site-packages/airflow/example_dags/plugins/decreasing_priority_weight_strategy.py for tasks to queue
[2026-09-23T17:46:15.197+0000] {logging_mixin.py:190} INFO - [2026-09-23T17:46:15.196+0000] {dagbag.py:588} INFO - Filling up the DagBag from /home/airflow/.local/lib/python3.12/site-packages/airflow/example_dags/plugins/decreasing_priority_weight_strategy.py
[2026-09-23T17:46:15.202+0000] {processor.py:927} WARNING - No viable dags retrieved from /home/airflow/.local/lib/python3.12/site-packages/airflow/example_dags/plugins/decreasing_priority_weight_strategy.py
[2026-09-23T17:46:15.230+0000] {processor.py:208} INFO - Processing /home/airflow/.local/lib/python3.12/site-packages/airflow/example_dags/plugins/decreasing_priority_weight_strategy.py took 0.057 seconds
[2026-09-23T17:46:45.657+0000] {processor.py:186} INFO - Started process (PID=8556) to work on /home/airflow/.local/lib/python3.12/site-packages/airflow/example_dags/plugins/decreasing_priority_weight_strategy.py
[2026-09-23T17:46:45.658+0000] {processor.py:914} INFO - Processing file /home/airflow/.local/lib/python3.12/site-packages/airflow/example_dags/plugins/decreasing_priority_weight_strategy.py for tasks to queue
[2026-09-23T17:46:45.661+0000] {logging_mixin.py:190} INFO - [2026-09-23T17:46:45.660+0000] {dagbag.py:588} INFO - Filling up the DagBag from /home/airflow/.local/lib/python3.12/site-packages/airflow/example_dags/plugins/decreasing_priority_weight_strategy.py
[2026-09-23T17:46:45.664+0000] {processor.py:927} WARNING - No viable dags retrieved from /home/airflow/.local/lib/python3.12/site-packages/airflow/example_dags/plugins/decreasing_priority_weight_strategy.py
[2026-09-23T17:46:45.688+0000] {processor.py:208} INFO - Processing /home/airflow/.local/lib/python3.12/site-packages/airflow/example_dags/plugins/decreasing_priority_weight_strategy.py took 0.042 seconds
[2026-09-23T17:47:16.073+0000] {processor.py:186} INFO - Started process (PID=8630) to work on /home/airflow/.local/lib/python3.12/site-packages/airflow/example_dags/plugins/decreasing_priority_weight_strategy.py
[2026-09-23T17:47:16.075+0000] {processor.py:914} INFO - Processing file /home/airflow/.local/lib/python3.12/site-packages/airflow/example_dags/plugins/decreasing_priority_weight_strategy.py for tasks to queue
[2026-09-23T17:47:16.078+0000] {logging_mixin.py:190} INFO - [2026-09-23T17:47:16.077+0000] {dagbag.py:588} INFO - Filling up the DagBag from /home/airflow/.local/lib/python3.12/site-packages/airflow/example_dags/plugins/decreasing_priority_weight_strategy.py
[2026-09-23T17:47:16.083+0000] {processor.py:927} WARNING - No viable dags retrieved from /home/airflow/.local/lib/python3.12/site-packages/airflow/example_dags/plugins/decreasing_priority_weight_strategy.py
[2026-09-23T17:47:16.109+0000] {processor.py:208} INFO - Processing /home/airflow/.local/lib/python3.12/site-packages/airflow/example_dags/plugins/decreasing_priority_weight_strategy.py took 0.045 seconds
[2026-09-23T17:47:46.424+0000] {processor.py:186} INFO - Started process (PID=8704) to work on /home/airflow/.local/lib/python3.12/site-packages/airflow/example_dags/plugins/decreasing_priority_weight_strategy.py
[2026-09-23T17:47:46.425+0000] {processor.py:914} INFO - Processing file /home/airflow/.local/lib/python3.12/site-packages/airflow/example_dags/plugins/decreasing_priority_weight_strategy.py for tasks to queue
[2026-09-23T17:47:46.429+0000] {logging_mixin.py:190} INFO - [2026-09-23T17:47:46.429+0000] {dagbag.py:588} INFO - Filling up the DagBag from /home/airflow/.local/lib/python3.12/site-packages/airflow/example_dags/plugins/decreasing_priority_weight_strategy.py
[2026-09-23T17:47:46.433+0000] {processor.py:927} WARNING - No viable dags retrieved from /home/airflow/.local/lib/python3.12/site-packages/airflow/example_dags/plugins/decreasing_priority_weight_strategy.py
[2026-09-23T17:47:46.461+0000] {processor.py:208} INFO - Processing /home/airflow/.local/lib/python3.12/site-packages/airflow/example_dags/plugins/decreasing_priority_weight_strategy.py took 0.050 seconds
[2026-09-23T17:48:17.452+0000] {processor.py:186} INFO - Started process (PID=8776) to work on /home/airflow/.local/lib/python3.12/site-packages/airflow/example_dags/plugins/decreasing_priority_weight_strategy.py
[2026-09-23T17:48:17.454+0000] {processor.py:914} INFO - Processing file /home/airflow/.local/lib/python3.12/site-packages/airflow/example_dags/plugins/decreasing_priority_weight_strategy.py for tasks to queue
[2026-09-23T17:48:17.469+0000] {logging_mixin.py:190} INFO - [2026-09-23T17:48:17.462+0000] {dagbag.py:588} INFO - Filling up the DagBag from /home/airflow/.local/lib/python3.12/site-packages/airflow/example_dags/plugins/decreasing_priority_weight_strategy.py
[2026-09-23T17:48:17.479+0000] {processor.py:927} WARNING - No viable dags retrieved from /home/airflow/.local/lib/python3.12/site-packages/airflow/example_dags/plugins/decreasing_priority_weight_strategy.py
[2026-09-23T17:48:17.514+0000] {processor.py:208} INFO - Processing /home/airflow/.local/lib/python3.12/site-packages/airflow/example_dags/plugins/decreasing_priority_weight_strategy.py took 0.087 seconds
[2026-09-23T17:48:47.941+0000] {processor.py:186} INFO - Started process (PID=8849) to work on /home/airflow/.local/lib/python3.12/site-packages/airflow/example_dags/plugins/decreasing_priority_weight_strategy.py
[2026-09-23T17:48:47.943+0000] {processor.py:914} INFO - Processing file /home/airflow/.local/lib/python3.12/site-packages/airflow/example_dags/plugins/decreasing_priority_weight_strategy.py for tasks to queue
[2026-09-23T17:48:47.947+0000] {logging_mixin.py:190} INFO - [2026-09-23T17:48:47.947+0000] {dagbag.py:588} INFO - Filling up the DagBag from /home/airflow/.local/lib/python3.12/site-packages/airflow/example_dags/plugins/decreasing_priority_weight_strategy.py
[2026-09-23T17:48:47.951+0000] {processor.py:927} WARNING - No viable dags retrieved from /home/airflow/.local/lib/python3.12/site-packages/airflow/example_dags/plugins/decreasing_priority_weight_strategy.py
[2026-09-23T17:48:47.969+0000] {processor.py:208} INFO - Processing /home/airflow/.local/lib/python3.12/site-packages/airflow/example_dags/plugins/decreasing_priority_weight_strategy.py took 0.044 seconds
[2026-09-23T17:49:19.196+0000] {processor.py:186} INFO - Started process (PID=8923) to work on /home/airflow/.local/lib/python3.12/site-packages/airflow/example_dags/plugins/decreasing_priority_weight_strategy.py
[2026-09-23T17:49:19.202+0000] {processor.py:914} INFO - Processing file /home/airflow/.local/lib/python3.12/site-packages/airflow/example_dags/plugins/decreasing_priority_weight_strategy.py for tasks to queue
[2026-09-23T17:49:19.227+0000] {logging_mixin.py:190} INFO - [2026-09-23T17:49:19.216+0000] {dagbag.py:588} INFO - Filling up the DagBag from /home/airflow/.local/lib/python3.12/site-packages/airflow/example_dags/plugins/decreasing_priority_weight_strategy.py
[2026-09-23T17:49:19.243+0000] {processor.py:927} WARNING - No viable dags retrieved from /home/airflow/.local/lib/python3.12/site-packages/airflow/example_dags/plugins/decreasing_priority_weight_strategy.py
[2026-09-23T17:49:19.337+0000] {processor.py:208} INFO - Processing /home/airflow/.local/lib/python3.12/site-packages/airflow/example_dags/plugins/decreasing_priority_weight_strategy.py took 0.171 seconds
[2026-09-23T17:49:49.877+0000] {processor.py:186} INFO - Started process (PID=8991) to work on /home/airflow/.local/lib/python3.12/site-packages/airflow/example_dags/plugins/decreasing_priority_weight_strategy.py
[2026-09-23T17:49:49.879+0000] {processor.py:914} INFO - Processing file /home/airflow/.local/lib/python3.12/site-packages/airflow/example_dags/plugins/decreasing_priority_weight_strategy.py for tasks to queue
[2026-09-23T17:49:49.882+0000] {logging_mixin.py:190} INFO - [2026-09-23T17:49:49.882+0000] {dagbag.py:588} INFO - Filling up the DagBag from /home/airflow/.local/lib/python3.12/site-packages/airflow/example_dags/plugins/decreasing_priority_weight_strategy.py
[2026-09-23T17:49:49.890+0000] {processor.py:927} WARNING - No viable dags retrieved from /home/airflow/.local/lib/python3.12/site-packages/airflow/example_dags/plugins/decreasing_priority_weight_strategy.py
[2026-09-23T17:49:49.926+0000] {processor.py:208} INFO - Processing /home/airflow/.local/lib/python3.12/site-packages/airflow/example_dags/plugins/decreasing_priority_weight_strategy.py took 0.063 seconds
[2026-09-23T17:50:20.656+0000] {processor.py:186} INFO - Started process (PID=9065) to work on /home/airflow/.local/lib/python3.12/site-packages/airflow/example_dags/plugins/decreasing_priority_weight_strategy.py
[2026-09-23T17:50:20.664+0000] {processor.py:914} INFO - Processing file /home/airflow/.local/lib/python3.12/site-packages/airflow/example_dags/plugins/decreasing_priority_weight_strategy.py for tasks to queue
[2026-09-23T17:50:20.675+0000] {logging_mixin.py:190} INFO - [2026-09-23T17:50:20.675+0000] {dagbag.py:588} INFO - Filling up the DagBag from /home/airflow/.local/lib/python3.12/site-packages/airflow/example_dags/plugins/decreasing_priority_weight_strategy.py
[2026-09-23T17:50:20.688+0000] {processor.py:927} WARNING - No viable dags retrieved from /home/airflow/.local/lib/python3.12/site-packages/airflow/example_dags/plugins/decreasing_priority_weight_strategy.py
[2026-09-23T17:50:20.725+0000] {processor.py:208} INFO - Processing /home/airflow/.local/lib/python3.12/site-packages/airflow/example_dags/plugins/decreasing_priority_weight_strategy.py took 0.088 seconds
[2026-09-23T17:50:50.976+0000] {processor.py:186} INFO - Started process (PID=9138) to work on /home/airflow/.local/lib/python3.12/site-packages/airflow/example_dags/plugins/decreasing_priority_weight_strategy.py
[2026-09-23T17:50:50.977+0000] {processor.py:914} INFO - Processing file /home/airflow/.local/lib/python3.12/site-packages/airflow/example_dags/plugins/decreasing_priority_weight_strategy.py for tasks to queue
[2026-09-23T17:50:50.983+0000] {logging_mixin.py:190} INFO - [2026-09-23T17:50:50.982+0000] {dagbag.py:588} INFO - Filling up the DagBag from /home/airflow/.local/lib/python3.12/site-packages/airflow/example_dags/plugins/decreasing_priority_weight_strategy.py
[2026-09-23T17:50:50.992+0000] {processor.py:927} WARNING - No viable dags retrieved from /home/airflow/.local/lib/python3.12/site-packages/airflow/example_dags/plugins/decreasing_priority_weight_strategy.py
[2026-09-23T17:50:51.029+0000] {processor.py:208} INFO - Processing /home/airflow/.local/lib/python3.12/site-packages/airflow/example_dags/plugins/decreasing_priority_weight_strategy.py took 0.063 seconds
[2026-09-23T17:51:21.974+0000] {processor.py:186} INFO - Started process (PID=9213) to work on /home/airflow/.local/lib/python3.12/site-packages/airflow/example_dags/plugins/decreasing_priority_weight_strategy.py
[2026-09-23T17:51:21.975+0000] {processor.py:914} INFO - Processing file /home/airflow/.local/lib/python3.12/site-packages/airflow/example_dags/plugins/decreasing_priority_weight_strategy.py for tasks to queue
[2026-09-23T17:51:21.978+0000] {logging_mixin.py:190} INFO - [2026-09-23T17:51:21.977+0000] {dagbag.py:588} INFO - Filling up the DagBag from /home/airflow/.local/lib/python3.12/site-packages/airflow/example_dags/plugins/decreasing_priority_weight_strategy.py
[2026-09-23T17:51:21.981+0000] {processor.py:927} WARNING - No viable dags retrieved from /home/airflow/.local/lib/python3.12/site-packages/airflow/example_dags/plugins/decreasing_priority_weight_strategy.py
[2026-09-23T17:51:22.001+0000] {processor.py:208} INFO - Processing /home/airflow/.local/lib/python3.12/site-packages/airflow/example_dags/plugins/decreasing_priority_weight_strategy.py took 0.037 seconds
[2026-09-23T17:51:52.370+0000] {processor.py:186} INFO - Started process (PID=9287) to work on /home/airflow/.local/lib/python3.12/site-packages/airflow/example_dags/plugins/decreasing_priority_weight_strategy.py
[2026-09-23T17:51:52.371+0000] {processor.py:914} INFO - Processing file /home/airflow/.local/lib/python3.12/site-packages/airflow/example_dags/plugins/decreasing_priority_weight_strategy.py for tasks to queue
[2026-09-23T17:51:52.375+0000] {logging_mixin.py:190} INFO - [2026-09-23T17:51:52.374+0000] {dagbag.py:588} INFO - Filling up the DagBag from /home/airflow/.local/lib/python3.12/site-packages/airflow/example_dags/plugins/decreasing_priority_weight_strategy.py
[2026-09-23T17:51:52.380+0000] {processor.py:927} WARNING - No viable dags retrieved from /home/airflow/.local/lib/python3.12/site-packages/airflow/example_dags/plugins/decreasing_priority_weight_strategy.py
[2026-09-23T17:51:52.401+0000] {processor.py:208} INFO - Processing /home/airflow/.local/lib/python3.12/site-packages/airflow/example_dags/plugins/decreasing_priority_weight_strategy.py took 0.043 seconds
[2026-09-23T17:52:23.257+0000] {processor.py:186} INFO - Started process (PID=9361) to work on /home/airflow/.local/lib/python3.12/site-packages/airflow/example_dags/plugins/decreasing_priority_weight_strategy.py
[2026-09-23T17:52:23.259+0000] {processor.py:914} INFO - Processing file /home/airflow/.local/lib/python3.12/site-packages/airflow/example_dags/plugins/decreasing_priority_weight_strategy.py for tasks to queue
[2026-09-23T17:52:23.262+0000] {logging_mixin.py:190} INFO - [2026-09-23T17:52:23.262+0000] {dagbag.py:588} INFO - Filling up the DagBag from /home/airflow/.local/lib/python3.12/site-packages/airflow/example_dags/plugins/decreasing_priority_weight_strategy.py
[2026-09-23T17:52:23.266+0000] {processor.py:927} WARNING - No viable dags retrieved from /home/airflow/.local/lib/python3.12/site-packages/airflow/example_dags/plugins/decreasing_priority_weight_strategy.py
[2026-09-23T17:52:23.288+0000] {processor.py:208} INFO - Processing /home/airflow/.local/lib/python3.12/site-packages/airflow/example_dags/plugins/decreasing_priority_weight_strategy.py took 0.042 seconds
[2026-09-23T17:52:53.819+0000] {processor.py:186} INFO - Started process (PID=9435) to work on /home/airflow/.local/lib/python3.12/site-packages/airflow/example_dags/plugins/decreasing_priority_weight_strategy.py
[2026-09-23T17:52:53.820+0000] {processor.py:914} INFO - Processing file /home/airflow/.local/lib/python3.12/site-packages/airflow/example_dags/plugins/decreasing_priority_weight_strategy.py for tasks to queue
[2026-09-23T17:52:53.828+0000] {logging_mixin.py:190} INFO - [2026-09-23T17:52:53.827+0000] {dagbag.py:588} INFO - Filling up the DagBag from /home/airflow/.local/lib/python3.12/site-packages/airflow/example_dags/plugins/decreasing_priority_weight_strategy.py
[2026-09-23T17:52:53.834+0000] {processor.py:927} WARNING - No viable dags retrieved from /home/airflow/.local/lib/python3.12/site-packages/airflow/example_dags/plugins/decreasing_priority_weight_strategy.py
[2026-09-23T17:52:53.853+0000] {processor.py:208} INFO - Processing /home/airflow/.local/lib/python3.12/site-packages/airflow/example_dags/plugins/decreasing_priority_weight_strategy.py took 0.044 seconds
[2026-09-23T17:53:24.451+0000] {processor.py:186} INFO - Started process (PID=9509) to work on /home/airflow/.local/lib/python3.12/site-packages/airflow/example_dags/plugins/decreasing_priority_weight_strategy.py
[2026-09-23T17:53:24.453+0000] {processor.py:914} INFO - Processing file /home/airflow/.local/lib/python3.12/site-packages/airflow/example_dags/plugins/decreasing_priority_weight_strategy.py for tasks to queue
[2026-09-23T17:53:24.457+0000] {logging_mixin.py:190} INFO - [2026-09-23T17:53:24.456+0000] {dagbag.py:588} INFO - Filling up the DagBag from /home/airflow/.local/lib/python3.12/site-packages/airflow/example_dags/plugins/decreasing_priority_weight_strategy.py
[2026-09-23T17:53:24.461+0000] {processor.py:927} WARNING - No viable dags retrieved from /home/airflow/.local/lib/python3.12/site-packages/airflow/example_dags/plugins/decreasing_priority_weight_strategy.py
[2026-09-23T17:53:24.482+0000] {processor.py:208} INFO - Processing /home/airflow/.local/lib/python3.12/site-packages/airflow/example_dags/plugins/decreasing_priority_weight_strategy.py took 0.041 seconds
[2026-09-23T17:53:55.541+0000] {processor.py:186} INFO - Started process (PID=9583) to work on /home/airflow/.local/lib/python3.12/site-packages/airflow/example_dags/plugins/decreasing_priority_weight_strategy.py
[2026-09-23T17:53:55.543+0000] {processor.py:914} INFO - Processing file /home/airflow/.local/lib/python3.12/site-packages/airflow/example_dags/plugins/decreasing_priority_weight_strategy.py for tasks to queue
[2026-09-23T17:53:55.548+0000] {logging_mixin.py:190} INFO - [2026-09-23T17:53:55.547+0000] {dagbag.py:588} INFO - Filling up the DagBag from /home/airflow/.local/lib/python3.12/site-packages/airflow/example_dags/plugins/decreasing_priority_weight_strategy.py
[2026-09-23T17:53:55.553+0000] {processor.py:927} WARNING - No viable dags retrieved from /home/airflow/.local/lib/python3.12/site-packages/airflow/example_dags/plugins/decreasing_priority_weight_strategy.py
[2026-09-23T17:53:55.574+0000] {processor.py:208} INFO - Processing /home/airflow/.local/lib/python3.12/site-packages/airflow/example_dags/plugins/decreasing_priority_weight_strategy.py took 0.046 seconds
[2026-09-23T17:54:25.833+0000] {processor.py:186} INFO - Started process (PID=9657) to work on /home/airflow/.local/lib/python3.12/site-packages/airflow/example_dags/plugins/decreasing_priority_weight_strategy.py
[2026-09-23T17:54:25.834+0000] {processor.py:914} INFO - Processing file /home/airflow/.local/lib/python3.12/site-packages/airflow/example_dags/plugins/decreasing_priority_weight_strategy.py for tasks to queue
[2026-09-23T17:54:25.838+0000] {logging_mixin.py:190} INFO - [2026-09-23T17:54:25.838+0000] {dagbag.py:588} INFO - Filling up the DagBag from /home/airflow/.local/lib/python3.12/site-packages/airflow/example_dags/plugins/decreasing_priority_weight_strategy.py
[2026-09-23T17:54:25.843+0000] {processor.py:927} WARNING - No viable dags retrieved from /home/airflow/.local/lib/python3.12/site-packages/airflow/example_dags/plugins/decreasing_priority_weight_strategy.py
[2026-09-23T17:54:25.864+0000] {processor.py:208} INFO - Processing /home/airflow/.local/lib/python3.12/site-packages/airflow/example_dags/plugins/decreasing_priority_weight_strategy.py took 0.044 seconds
[2026-09-23T17:54:56.368+0000] {processor.py:186} INFO - Started process (PID=9732) to work on /home/airflow/.local/lib/python3.12/site-packages/airflow/example_dags/plugins/decreasing_priority_weight_strategy.py
[2026-09-23T17:54:56.369+0000] {processor.py:914} INFO - Processing file /home/airflow/.local/lib/python3.12/site-packages/airflow/example_dags/plugins/decreasing_priority_weight_strategy.py for tasks to queue
[2026-09-23T17:54:56.373+0000] {logging_mixin.py:190} INFO - [2026-09-23T17:54:56.372+0000] {dagbag.py:588} INFO - Filling up the DagBag from /home/airflow/.local/lib/python3.12/site-packages/airflow/example_dags/plugins/decreasing_priority_weight_strategy.py
[2026-09-23T17:54:56.377+0000] {processor.py:927} WARNING - No viable dags retrieved from /home/airflow/.local/lib/python3.12/site-packages/airflow/example_dags/plugins/decreasing_priority_weight_strategy.py
[2026-09-23T17:54:56.404+0000] {processor.py:208} INFO - Processing /home/airflow/.local/lib/python3.12/site-packages/airflow/example_dags/plugins/decreasing_priority_weight_strategy.py took 0.046 seconds
[2026-09-23T17:55:27.848+0000] {processor.py:186} INFO - Started process (PID=9806) to work on /home/airflow/.local/lib/python3.12/site-packages/airflow/example_dags/plugins/decreasing_priority_weight_strategy.py
[2026-09-23T17:55:27.850+0000] {processor.py:914} INFO - Processing file /home/airflow/.local/lib/python3.12/site-packages/airflow/example_dags/plugins/decreasing_priority_weight_strategy.py for tasks to queue
[2026-09-23T17:55:27.853+0000] {logging_mixin.py:190} INFO - [2026-09-23T17:55:27.853+0000] {dagbag.py:588} INFO - Filling up the DagBag from /home/airflow/.local/lib/python3.12/site-packages/airflow/example_dags/plugins/decreasing_priority_weight_strategy.py
[2026-09-23T17:55:27.856+0000] {processor.py:927} WARNING - No viable dags retrieved from /home/airflow/.local/lib/python3.12/site-packages/airflow/example_dags/plugins/decreasing_priority_weight_strategy.py
[2026-09-23T17:55:27.874+0000] {processor.py:208} INFO - Processing /home/airflow/.local/lib/python3.12/site-packages/airflow/example_dags/plugins/decreasing_priority_weight_strategy.py took 0.035 seconds
[2026-09-23T17:55:58.288+0000] {processor.py:186} INFO - Started process (PID=9882) to work on /home/airflow/.local/lib/python3.12/site-packages/airflow/example_dags/plugins/decreasing_priority_weight_strategy.py
[2026-09-23T17:55:58.289+0000] {processor.py:914} INFO - Processing file /home/airflow/.local/lib/python3.12/site-packages/airflow/example_dags/plugins/decreasing_priority_weight_strategy.py for tasks to queue
[2026-09-23T17:55:58.292+0000] {logging_mixin.py:190} INFO - [2026-09-23T17:55:58.291+0000] {dagbag.py:588} INFO - Filling up the DagBag from /home/airflow/.local/lib/python3.12/site-packages/airflow/example_dags/plugins/decreasing_priority_weight_strategy.py
[2026-09-23T17:55:58.295+0000] {processor.py:927} WARNING - No viable dags retrieved from /home/airflow/.local/lib/python3.12/site-packages/airflow/example_dags/plugins/decreasing_priority_weight_strategy.py
[2026-09-23T17:55:58.311+0000] {processor.py:208} INFO - Processing /home/airflow/.local/lib/python3.12/site-packages/airflow/example_dags/plugins/decreasing_priority_weight_strategy.py took 0.032 seconds
[2026-09-23T17:56:28.753+0000] {processor.py:186} INFO - Started process (PID=9949) to work on /home/airflow/.local/lib/python3.12/site-packages/airflow/example_dags/plugins/decreasing_priority_weight_strategy.py
[2026-09-23T17:56:28.755+0000] {processor.py:914} INFO - Processing file /home/airflow/.local/lib/python3.12/site-packages/airflow/example_dags/plugins/decreasing_priority_weight_strategy.py for tasks to queue
[2026-09-23T17:56:28.759+0000] {logging_mixin.py:190} INFO - [2026-09-23T17:56:28.759+0000] {dagbag.py:588} INFO - Filling up the DagBag from /home/airflow/.local/lib/python3.12/site-packages/airflow/example_dags/plugins/decreasing_priority_weight_strategy.py
[2026-09-23T17:56:28.763+0000] {processor.py:927} WARNING - No viable dags retrieved from /home/airflow/.local/lib/python3.12/site-packages/airflow/example_dags/plugins/decreasing_priority_weight_strategy.py
[2026-09-23T17:56:28.779+0000] {processor.py:208} INFO - Processing /home/airflow/.local/lib/python3.12/site-packages/airflow/example_dags/plugins/decreasing_priority_weight_strategy.py took 0.035 seconds
[2026-09-23T17:56:59.527+0000] {processor.py:186} INFO - Started process (PID=10024) to work on /home/airflow/.local/lib/python3.12/site-packages/airflow/example_dags/plugins/decreasing_priority_weight_strategy.py
[2026-09-23T17:56:59.529+0000] {processor.py:914} INFO - Processing file /home/airflow/.local/lib/python3.12/site-packages/airflow/example_dags/plugins/decreasing_priority_weight_strategy.py for tasks to queue
[2026-09-23T17:56:59.532+0000] {logging_mixin.py:190} INFO - [2026-09-23T17:56:59.532+0000] {dagbag.py:588} INFO - Filling up the DagBag from /home/airflow/.local/lib/python3.12/site-packages/airflow/example_dags/plugins/decreasing_priority_weight_strategy.py
[2026-09-23T17:56:59.536+0000] {processor.py:927} WARNING - No viable dags retrieved from /home/airflow/.local/lib/python3.12/site-packages/airflow/example_dags/plugins/decreasing_priority_weight_strategy.py
[2026-09-23T17:56:59.554+0000] {processor.py:208} INFO - Processing /home/airflow/.local/lib/python3.12/site-packages/airflow/example_dags/plugins/decreasing_priority_weight_strategy.py took 0.037 seconds
[2026-09-23T17:57:29.757+0000] {processor.py:186} INFO - Started process (PID=10097) to work on /home/airflow/.local/lib/python3.12/site-packages/airflow/example_dags/plugins/decreasing_priority_weight_strategy.py
[2026-09-23T17:57:29.759+0000] {processor.py:914} INFO - Processing file /home/airflow/.local/lib/python3.12/site-packages/airflow/example_dags/plugins/decreasing_priority_weight_strategy.py for tasks to queue
[2026-09-23T17:57:29.762+0000] {logging_mixin.py:190} INFO - [2026-09-23T17:57:29.761+0000] {dagbag.py:588} INFO - Filling up the DagBag from /home/airflow/.local/lib/python3.12/site-packages/airflow/example_dags/plugins/decreasing_priority_weight_strategy.py
[2026-09-23T17:57:29.765+0000] {processor.py:927} WARNING - No viable dags retrieved from /home/airflow/.local/lib/python3.12/site-packages/airflow/example_dags/plugins/decreasing_priority_weight_strategy.py
[2026-09-23T17:57:29.780+0000] {processor.py:208} INFO - Processing /home/airflow/.local/lib/python3.12/site-packages/airflow/example_dags/plugins/decreasing_priority_weight_strategy.py took 0.032 seconds
[2026-09-23T17:58:00.434+0000] {processor.py:186} INFO - Started process (PID=10170) to work on /home/airflow/.local/lib/python3.12/site-packages/airflow/example_dags/plugins/decreasing_priority_weight_strategy.py
[2026-09-23T17:58:00.435+0000] {processor.py:914} INFO - Processing file /home/airflow/.local/lib/python3.12/site-packages/airflow/example_dags/plugins/decreasing_priority_weight_strategy.py for tasks to queue
[2026-09-23T17:58:00.438+0000] {logging_mixin.py:190} INFO - [2026-09-23T17:58:00.438+0000] {dagbag.py:588} INFO - Filling up the DagBag from /home/airflow/.local/lib/python3.12/site-packages/airflow/example_dags/plugins/decreasing_priority_weight_strategy.py
[2026-09-23T17:58:00.442+0000] {processor.py:927} WARNING - No viable dags retrieved from /home/airflow/.local/lib/python3.12/site-packages/airflow/example_dags/plugins/decreasing_priority_weight_strategy.py
[2026-09-23T17:58:00.460+0000] {processor.py:208} INFO - Processing /home/airflow/.local/lib/python3.12/site-packages/airflow/example_dags/plugins/decreasing_priority_weight_strategy.py took 0.035 seconds
[2026-09-23T17:58:32.382+0000] {processor.py:186} INFO - Started process (PID=10247) to work on /home/airflow/.local/lib/python3.12/site-packages/airflow/example_dags/plugins/decreasing_priority_weight_strategy.py
[2026-09-23T17:58:32.384+0000] {processor.py:914} INFO - Processing file /home/airflow/.local/lib/python3.12/site-packages/airflow/example_dags/plugins/decreasing_priority_weight_strategy.py for tasks to queue
[2026-09-23T17:58:32.388+0000] {logging_mixin.py:190} INFO - [2026-09-23T17:58:32.387+0000] {dagbag.py:588} INFO - Filling up the DagBag from /home/airflow/.local/lib/python3.12/site-packages/airflow/example_dags/plugins/decreasing_priority_weight_strategy.py
[2026-09-23T17:58:32.391+0000] {processor.py:927} WARNING - No viable dags retrieved from /home/airflow/.local/lib/python3.12/site-packages/airflow/example_dags/plugins/decreasing_priority_weight_strategy.py
[2026-09-23T17:58:32.408+0000] {processor.py:208} INFO - Processing /home/airflow/.local/lib/python3.12/site-packages/airflow/example_dags/plugins/decreasing_priority_weight_strategy.py took 0.036 seconds
[2026-09-23T17:59:04.100+0000] {processor.py:186} INFO - Started process (PID=10322) to work on /home/airflow/.local/lib/python3.12/site-packages/airflow/example_dags/plugins/decreasing_priority_weight_strategy.py
[2026-09-23T17:59:04.101+0000] {processor.py:914} INFO - Processing file /home/airflow/.local/lib/python3.12/site-packages/airflow/example_dags/plugins/decreasing_priority_weight_strategy.py for tasks to queue
[2026-09-23T17:59:04.104+0000] {logging_mixin.py:190} INFO - [2026-09-23T17:59:04.104+0000] {dagbag.py:588} INFO - Filling up the DagBag from /home/airflow/.local/lib/python3.12/site-packages/airflow/example_dags/plugins/decreasing_priority_weight_strategy.py
[2026-09-23T17:59:04.108+0000] {processor.py:927} WARNING - No viable dags retrieved from /home/airflow/.local/lib/python3.12/site-packages/airflow/example_dags/plugins/decreasing_priority_weight_strategy.py
[2026-09-23T17:59:04.133+0000] {processor.py:208} INFO - Processing /home/airflow/.local/lib/python3.12/site-packages/airflow/example_dags/plugins/decreasing_priority_weight_strategy.py took 0.041 seconds
[2026-09-23T17:59:36.094+0000] {processor.py:186} INFO - Started process (PID=10396) to work on /home/airflow/.local/lib/python3.12/site-packages/airflow/example_dags/plugins/decreasing_priority_weight_strategy.py
[2026-09-23T17:59:36.096+0000] {processor.py:914} INFO - Processing file /home/airflow/.local/lib/python3.12/site-packages/airflow/example_dags/plugins/decreasing_priority_weight_strategy.py for tasks to queue
[2026-09-23T17:59:36.099+0000] {logging_mixin.py:190} INFO - [2026-09-23T17:59:36.099+0000] {dagbag.py:588} INFO - Filling up the DagBag from /home/airflow/.local/lib/python3.12/site-packages/airflow/example_dags/plugins/decreasing_priority_weight_strategy.py
[2026-09-23T17:59:36.104+0000] {processor.py:927} WARNING - No viable dags retrieved from /home/airflow/.local/lib/python3.12/site-packages/airflow/example_dags/plugins/decreasing_priority_weight_strategy.py
[2026-09-23T17:59:36.129+0000] {processor.py:208} INFO - Processing /home/airflow/.local/lib/python3.12/site-packages/airflow/example_dags/plugins/decreasing_priority_weight_strategy.py took 0.047 seconds
[2026-09-23T18:00:07.273+0000] {processor.py:186} INFO - Started process (PID=10469) to work on /home/airflow/.local/lib/python3.12/site-packages/airflow/example_dags/plugins/decreasing_priority_weight_strategy.py
[2026-09-23T18:00:07.275+0000] {processor.py:914} INFO - Processing file /home/airflow/.local/lib/python3.12/site-packages/airflow/example_dags/plugins/decreasing_priority_weight_strategy.py for tasks to queue
[2026-09-23T18:00:07.279+0000] {logging_mixin.py:190} INFO - [2026-09-23T18:00:07.278+0000] {dagbag.py:588} INFO - Filling up the DagBag from /home/airflow/.local/lib/python3.12/site-packages/airflow/example_dags/plugins/decreasing_priority_weight_strategy.py
[2026-09-23T18:00:07.284+0000] {processor.py:927} WARNING - No viable dags retrieved from /home/airflow/.local/lib/python3.12/site-packages/airflow/example_dags/plugins/decreasing_priority_weight_strategy.py
[2026-09-23T18:00:07.307+0000] {processor.py:208} INFO - Processing /home/airflow/.local/lib/python3.12/site-packages/airflow/example_dags/plugins/decreasing_priority_weight_strategy.py took 0.043 seconds
[2026-09-23T18:00:39.500+0000] {processor.py:186} INFO - Started process (PID=10547) to work on /home/airflow/.local/lib/python3.12/site-packages/airflow/example_dags/plugins/decreasing_priority_weight_strategy.py
[2026-09-23T18:00:39.503+0000] {processor.py:914} INFO - Processing file /home/airflow/.local/lib/python3.12/site-packages/airflow/example_dags/plugins/decreasing_priority_weight_strategy.py for tasks to queue
[2026-09-23T18:00:39.507+0000] {logging_mixin.py:190} INFO - [2026-09-23T18:00:39.506+0000] {dagbag.py:588} INFO - Filling up the DagBag from /home/airflow/.local/lib/python3.12/site-packages/airflow/example_dags/plugins/decreasing_priority_weight_strategy.py
[2026-09-23T18:00:39.514+0000] {processor.py:927} WARNING - No viable dags retrieved from /home/airflow/.local/lib/python3.12/site-packages/airflow/example_dags/plugins/decreasing_priority_weight_strategy.py
[2026-09-23T18:00:39.552+0000] {processor.py:208} INFO - Processing /home/airflow/.local/lib/python3.12/site-packages/airflow/example_dags/plugins/decreasing_priority_weight_strategy.py took 0.070 seconds
[2026-09-23T18:01:11.028+0000] {processor.py:186} INFO - Started process (PID=10621) to work on /home/airflow/.local/lib/python3.12/site-packages/airflow/example_dags/plugins/decreasing_priority_weight_strategy.py
[2026-09-23T18:01:11.031+0000] {processor.py:914} INFO - Processing file /home/airflow/.local/lib/python3.12/site-packages/airflow/example_dags/plugins/decreasing_priority_weight_strategy.py for tasks to queue
[2026-09-23T18:01:11.034+0000] {logging_mixin.py:190} INFO - [2026-09-23T18:01:11.033+0000] {dagbag.py:588} INFO - Filling up the DagBag from /home/airflow/.local/lib/python3.12/site-packages/airflow/example_dags/plugins/decreasing_priority_weight_strategy.py
[2026-09-23T18:01:11.037+0000] {processor.py:927} WARNING - No viable dags retrieved from /home/airflow/.local/lib/python3.12/site-packages/airflow/example_dags/plugins/decreasing_priority_weight_strategy.py
[2026-09-23T18:01:11.057+0000] {processor.py:208} INFO - Processing /home/airflow/.local/lib/python3.12/site-packages/airflow/example_dags/plugins/decreasing_priority_weight_strategy.py took 0.038 seconds
[2026-09-23T18:01:43.025+0000] {processor.py:186} INFO - Started process (PID=10696) to work on /home/airflow/.local/lib/python3.12/site-packages/airflow/example_dags/plugins/decreasing_priority_weight_strategy.py
[2026-09-23T18:01:43.027+0000] {processor.py:914} INFO - Processing file /home/airflow/.local/lib/python3.12/site-packages/airflow/example_dags/plugins/decreasing_priority_weight_strategy.py for tasks to queue
[2026-09-23T18:01:43.030+0000] {logging_mixin.py:190} INFO - [2026-09-23T18:01:43.029+0000] {dagbag.py:588} INFO - Filling up the DagBag from /home/airflow/.local/lib/python3.12/site-packages/airflow/example_dags/plugins/decreasing_priority_weight_strategy.py
[2026-09-23T18:01:43.034+0000] {processor.py:927} WARNING - No viable dags retrieved from /home/airflow/.local/lib/python3.12/site-packages/airflow/example_dags/plugins/decreasing_priority_weight_strategy.py
[2026-09-23T18:01:43.067+0000] {processor.py:208} INFO - Processing /home/airflow/.local/lib/python3.12/site-packages/airflow/example_dags/plugins/decreasing_priority_weight_strategy.py took 0.052 seconds
[2026-09-23T18:02:14.496+0000] {processor.py:186} INFO - Started process (PID=10770) to work on /home/airflow/.local/lib/python3.12/site-packages/airflow/example_dags/plugins/decreasing_priority_weight_strategy.py
[2026-09-23T18:02:14.501+0000] {processor.py:914} INFO - Processing file /home/airflow/.local/lib/python3.12/site-packages/airflow/example_dags/plugins/decreasing_priority_weight_strategy.py for tasks to queue
[2026-09-23T18:02:14.516+0000] {logging_mixin.py:190} INFO - [2026-09-23T18:02:14.514+0000] {dagbag.py:588} INFO - Filling up the DagBag from /home/airflow/.local/lib/python3.12/site-packages/airflow/example_dags/plugins/decreasing_priority_weight_strategy.py
[2026-09-23T18:02:14.526+0000] {processor.py:927} WARNING - No viable dags retrieved from /home/airflow/.local/lib/python3.12/site-packages/airflow/example_dags/plugins/decreasing_priority_weight_strategy.py
[2026-09-23T18:02:14.599+0000] {processor.py:208} INFO - Processing /home/airflow/.local/lib/python3.12/site-packages/airflow/example_dags/plugins/decreasing_priority_weight_strategy.py took 0.144 seconds
[2026-09-23T18:02:46.459+0000] {processor.py:186} INFO - Started process (PID=10843) to work on /home/airflow/.local/lib/python3.12/site-packages/airflow/example_dags/plugins/decreasing_priority_weight_strategy.py
[2026-09-23T18:02:46.464+0000] {processor.py:914} INFO - Processing file /home/airflow/.local/lib/python3.12/site-packages/airflow/example_dags/plugins/decreasing_priority_weight_strategy.py for tasks to queue
[2026-09-23T18:02:46.473+0000] {logging_mixin.py:190} INFO - [2026-09-23T18:02:46.472+0000] {dagbag.py:588} INFO - Filling up the DagBag from /home/airflow/.local/lib/python3.12/site-packages/airflow/example_dags/plugins/decreasing_priority_weight_strategy.py
[2026-09-23T18:02:46.485+0000] {processor.py:927} WARNING - No viable dags retrieved from /home/airflow/.local/lib/python3.12/site-packages/airflow/example_dags/plugins/decreasing_priority_weight_strategy.py
[2026-09-23T18:02:46.523+0000] {processor.py:208} INFO - Processing /home/airflow/.local/lib/python3.12/site-packages/airflow/example_dags/plugins/decreasing_priority_weight_strategy.py took 0.106 seconds
[2026-09-23T18:03:17.506+0000] {processor.py:186} INFO - Started process (PID=10917) to work on /home/airflow/.local/lib/python3.12/site-packages/airflow/example_dags/plugins/decreasing_priority_weight_strategy.py
[2026-09-23T18:03:17.507+0000] {processor.py:914} INFO - Processing file /home/airflow/.local/lib/python3.12/site-packages/airflow/example_dags/plugins/decreasing_priority_weight_strategy.py for tasks to queue
[2026-09-23T18:03:17.512+0000] {logging_mixin.py:190} INFO - [2026-09-23T18:03:17.511+0000] {dagbag.py:588} INFO - Filling up the DagBag from /home/airflow/.local/lib/python3.12/site-packages/airflow/example_dags/plugins/decreasing_priority_weight_strategy.py
[2026-09-23T18:03:17.516+0000] {processor.py:927} WARNING - No viable dags retrieved from /home/airflow/.local/lib/python3.12/site-packages/airflow/example_dags/plugins/decreasing_priority_weight_strategy.py
[2026-09-23T18:03:17.539+0000] {processor.py:208} INFO - Processing /home/airflow/.local/lib/python3.12/site-packages/airflow/example_dags/plugins/decreasing_priority_weight_strategy.py took 0.045 seconds
[2026-09-23T18:03:47.840+0000] {processor.py:186} INFO - Started process (PID=10989) to work on /home/airflow/.local/lib/python3.12/site-packages/airflow/example_dags/plugins/decreasing_priority_weight_strategy.py
[2026-09-23T18:03:47.841+0000] {processor.py:914} INFO - Processing file /home/airflow/.local/lib/python3.12/site-packages/airflow/example_dags/plugins/decreasing_priority_weight_strategy.py for tasks to queue
[2026-09-23T18:03:47.845+0000] {logging_mixin.py:190} INFO - [2026-09-23T18:03:47.844+0000] {dagbag.py:588} INFO - Filling up the DagBag from /home/airflow/.local/lib/python3.12/site-packages/airflow/example_dags/plugins/decreasing_priority_weight_strategy.py
[2026-09-23T18:03:47.853+0000] {processor.py:927} WARNING - No viable dags retrieved from /home/airflow/.local/lib/python3.12/site-packages/airflow/example_dags/plugins/decreasing_priority_weight_strategy.py
[2026-09-23T18:03:47.873+0000] {processor.py:208} INFO - Processing /home/airflow/.local/lib/python3.12/site-packages/airflow/example_dags/plugins/decreasing_priority_weight_strategy.py took 0.046 seconds
[2026-09-23T18:04:18.260+0000] {processor.py:186} INFO - Started process (PID=11062) to work on /home/airflow/.local/lib/python3.12/site-packages/airflow/example_dags/plugins/decreasing_priority_weight_strategy.py
[2026-09-23T18:04:18.261+0000] {processor.py:914} INFO - Processing file /home/airflow/.local/lib/python3.12/site-packages/airflow/example_dags/plugins/decreasing_priority_weight_strategy.py for tasks to queue
[2026-09-23T18:04:18.266+0000] {logging_mixin.py:190} INFO - [2026-09-23T18:04:18.265+0000] {dagbag.py:588} INFO - Filling up the DagBag from /home/airflow/.local/lib/python3.12/site-packages/airflow/example_dags/plugins/decreasing_priority_weight_strategy.py
[2026-09-23T18:04:18.271+0000] {processor.py:927} WARNING - No viable dags retrieved from /home/airflow/.local/lib/python3.12/site-packages/airflow/example_dags/plugins/decreasing_priority_weight_strategy.py
[2026-09-23T18:04:18.291+0000] {processor.py:208} INFO - Processing /home/airflow/.local/lib/python3.12/site-packages/airflow/example_dags/plugins/decreasing_priority_weight_strategy.py took 0.045 seconds
[2026-09-23T18:04:49.443+0000] {processor.py:186} INFO - Started process (PID=11139) to work on /home/airflow/.local/lib/python3.12/site-packages/airflow/example_dags/plugins/decreasing_priority_weight_strategy.py
[2026-09-23T18:04:49.445+0000] {processor.py:914} INFO - Processing file /home/airflow/.local/lib/python3.12/site-packages/airflow/example_dags/plugins/decreasing_priority_weight_strategy.py for tasks to queue
[2026-09-23T18:04:49.448+0000] {logging_mixin.py:190} INFO - [2026-09-23T18:04:49.448+0000] {dagbag.py:588} INFO - Filling up the DagBag from /home/airflow/.local/lib/python3.12/site-packages/airflow/example_dags/plugins/decreasing_priority_weight_strategy.py
[2026-09-23T18:04:49.453+0000] {processor.py:927} WARNING - No viable dags retrieved from /home/airflow/.local/lib/python3.12/site-packages/airflow/example_dags/plugins/decreasing_priority_weight_strategy.py
[2026-09-23T18:04:49.475+0000] {processor.py:208} INFO - Processing /home/airflow/.local/lib/python3.12/site-packages/airflow/example_dags/plugins/decreasing_priority_weight_strategy.py took 0.047 seconds
[2026-09-23T18:05:19.897+0000] {processor.py:186} INFO - Started process (PID=11213) to work on /home/airflow/.local/lib/python3.12/site-packages/airflow/example_dags/plugins/decreasing_priority_weight_strategy.py
[2026-09-23T18:05:19.899+0000] {processor.py:914} INFO - Processing file /home/airflow/.local/lib/python3.12/site-packages/airflow/example_dags/plugins/decreasing_priority_weight_strategy.py for tasks to queue
[2026-09-23T18:05:19.902+0000] {logging_mixin.py:190} INFO - [2026-09-23T18:05:19.902+0000] {dagbag.py:588} INFO - Filling up the DagBag from /home/airflow/.local/lib/python3.12/site-packages/airflow/example_dags/plugins/decreasing_priority_weight_strategy.py
[2026-09-23T18:05:19.906+0000] {processor.py:927} WARNING - No viable dags retrieved from /home/airflow/.local/lib/python3.12/site-packages/airflow/example_dags/plugins/decreasing_priority_weight_strategy.py
[2026-09-23T18:05:19.924+0000] {processor.py:208} INFO - Processing /home/airflow/.local/lib/python3.12/site-packages/airflow/example_dags/plugins/decreasing_priority_weight_strategy.py took 0.038 seconds
[2026-09-23T18:05:50.885+0000] {processor.py:186} INFO - Started process (PID=11287) to work on /home/airflow/.local/lib/python3.12/site-packages/airflow/example_dags/plugins/decreasing_priority_weight_strategy.py
[2026-09-23T18:05:50.889+0000] {processor.py:914} INFO - Processing file /home/airflow/.local/lib/python3.12/site-packages/airflow/example_dags/plugins/decreasing_priority_weight_strategy.py for tasks to queue
[2026-09-23T18:05:50.894+0000] {logging_mixin.py:190} INFO - [2026-09-23T18:05:50.893+0000] {dagbag.py:588} INFO - Filling up the DagBag from /home/airflow/.local/lib/python3.12/site-packages/airflow/example_dags/plugins/decreasing_priority_weight_strategy.py
[2026-09-23T18:05:50.903+0000] {processor.py:927} WARNING - No viable dags retrieved from /home/airflow/.local/lib/python3.12/site-packages/airflow/example_dags/plugins/decreasing_priority_weight_strategy.py
[2026-09-23T18:05:50.921+0000] {processor.py:208} INFO - Processing /home/airflow/.local/lib/python3.12/site-packages/airflow/example_dags/plugins/decreasing_priority_weight_strategy.py took 0.050 seconds
[2026-09-23T18:06:22.067+0000] {processor.py:186} INFO - Started process (PID=11362) to work on /home/airflow/.local/lib/python3.12/site-packages/airflow/example_dags/plugins/decreasing_priority_weight_strategy.py
[2026-09-23T18:06:22.068+0000] {processor.py:914} INFO - Processing file /home/airflow/.local/lib/python3.12/site-packages/airflow/example_dags/plugins/decreasing_priority_weight_strategy.py for tasks to queue
[2026-09-23T18:06:22.072+0000] {logging_mixin.py:190} INFO - [2026-09-23T18:06:22.071+0000] {dagbag.py:588} INFO - Filling up the DagBag from /home/airflow/.local/lib/python3.12/site-packages/airflow/example_dags/plugins/decreasing_priority_weight_strategy.py
[2026-09-23T18:06:22.075+0000] {processor.py:927} WARNING - No viable dags retrieved from /home/airflow/.local/lib/python3.12/site-packages/airflow/example_dags/plugins/decreasing_priority_weight_strategy.py
[2026-09-23T18:06:22.100+0000] {processor.py:208} INFO - Processing /home/airflow/.local/lib/python3.12/site-packages/airflow/example_dags/plugins/decreasing_priority_weight_strategy.py took 0.043 seconds
[2026-09-23T18:06:53.488+0000] {processor.py:186} INFO - Started process (PID=11436) to work on /home/airflow/.local/lib/python3.12/site-packages/airflow/example_dags/plugins/decreasing_priority_weight_strategy.py
[2026-09-23T18:06:53.490+0000] {processor.py:914} INFO - Processing file /home/airflow/.local/lib/python3.12/site-packages/airflow/example_dags/plugins/decreasing_priority_weight_strategy.py for tasks to queue
[2026-09-23T18:06:53.500+0000] {logging_mixin.py:190} INFO - [2026-09-23T18:06:53.499+0000] {dagbag.py:588} INFO - Filling up the DagBag from /home/airflow/.local/lib/python3.12/site-packages/airflow/example_dags/plugins/decreasing_priority_weight_strategy.py
[2026-09-23T18:06:53.504+0000] {processor.py:927} WARNING - No viable dags retrieved from /home/airflow/.local/lib/python3.12/site-packages/airflow/example_dags/plugins/decreasing_priority_weight_strategy.py
[2026-09-23T18:06:53.527+0000] {processor.py:208} INFO - Processing /home/airflow/.local/lib/python3.12/site-packages/airflow/example_dags/plugins/decreasing_priority_weight_strategy.py took 0.049 seconds
[2026-09-23T18:07:24.858+0000] {processor.py:186} INFO - Started process (PID=11511) to work on /home/airflow/.local/lib/python3.12/site-packages/airflow/example_dags/plugins/decreasing_priority_weight_strategy.py
[2026-09-23T18:07:24.860+0000] {processor.py:914} INFO - Processing file /home/airflow/.local/lib/python3.12/site-packages/airflow/example_dags/plugins/decreasing_priority_weight_strategy.py for tasks to queue
[2026-09-23T18:07:24.864+0000] {logging_mixin.py:190} INFO - [2026-09-23T18:07:24.863+0000] {dagbag.py:588} INFO - Filling up the DagBag from /home/airflow/.local/lib/python3.12/site-packages/airflow/example_dags/plugins/decreasing_priority_weight_strategy.py
[2026-09-23T18:07:24.868+0000] {processor.py:927} WARNING - No viable dags retrieved from /home/airflow/.local/lib/python3.12/site-packages/airflow/example_dags/plugins/decreasing_priority_weight_strategy.py
[2026-09-23T18:07:24.891+0000] {processor.py:208} INFO - Processing /home/airflow/.local/lib/python3.12/site-packages/airflow/example_dags/plugins/decreasing_priority_weight_strategy.py took 0.046 seconds
[2026-09-23T18:07:56.384+0000] {processor.py:186} INFO - Started process (PID=11584) to work on /home/airflow/.local/lib/python3.12/site-packages/airflow/example_dags/plugins/decreasing_priority_weight_strategy.py
[2026-09-23T18:07:56.387+0000] {processor.py:914} INFO - Processing file /home/airflow/.local/lib/python3.12/site-packages/airflow/example_dags/plugins/decreasing_priority_weight_strategy.py for tasks to queue
[2026-09-23T18:07:56.396+0000] {logging_mixin.py:190} INFO - [2026-09-23T18:07:56.393+0000] {dagbag.py:588} INFO - Filling up the DagBag from /home/airflow/.local/lib/python3.12/site-packages/airflow/example_dags/plugins/decreasing_priority_weight_strategy.py
[2026-09-23T18:07:56.410+0000] {processor.py:927} WARNING - No viable dags retrieved from /home/airflow/.local/lib/python3.12/site-packages/airflow/example_dags/plugins/decreasing_priority_weight_strategy.py
[2026-09-23T18:07:56.461+0000] {processor.py:208} INFO - Processing /home/airflow/.local/lib/python3.12/site-packages/airflow/example_dags/plugins/decreasing_priority_weight_strategy.py took 0.104 seconds
[2026-09-23T18:08:27.531+0000] {processor.py:186} INFO - Started process (PID=11652) to work on /home/airflow/.local/lib/python3.12/site-packages/airflow/example_dags/plugins/decreasing_priority_weight_strategy.py
[2026-09-23T18:08:27.533+0000] {processor.py:914} INFO - Processing file /home/airflow/.local/lib/python3.12/site-packages/airflow/example_dags/plugins/decreasing_priority_weight_strategy.py for tasks to queue
[2026-09-23T18:08:27.537+0000] {logging_mixin.py:190} INFO - [2026-09-23T18:08:27.537+0000] {dagbag.py:588} INFO - Filling up the DagBag from /home/airflow/.local/lib/python3.12/site-packages/airflow/example_dags/plugins/decreasing_priority_weight_strategy.py
[2026-09-23T18:08:27.541+0000] {processor.py:927} WARNING - No viable dags retrieved from /home/airflow/.local/lib/python3.12/site-packages/airflow/example_dags/plugins/decreasing_priority_weight_strategy.py
[2026-09-23T18:08:27.566+0000] {processor.py:208} INFO - Processing /home/airflow/.local/lib/python3.12/site-packages/airflow/example_dags/plugins/decreasing_priority_weight_strategy.py took 0.046 seconds
[2026-09-23T18:08:58.327+0000] {processor.py:186} INFO - Started process (PID=11726) to work on /home/airflow/.local/lib/python3.12/site-packages/airflow/example_dags/plugins/decreasing_priority_weight_strategy.py
[2026-09-23T18:08:58.328+0000] {processor.py:914} INFO - Processing file /home/airflow/.local/lib/python3.12/site-packages/airflow/example_dags/plugins/decreasing_priority_weight_strategy.py for tasks to queue
[2026-09-23T18:08:58.332+0000] {logging_mixin.py:190} INFO - [2026-09-23T18:08:58.331+0000] {dagbag.py:588} INFO - Filling up the DagBag from /home/airflow/.local/lib/python3.12/site-packages/airflow/example_dags/plugins/decreasing_priority_weight_strategy.py
[2026-09-23T18:08:58.335+0000] {processor.py:927} WARNING - No viable dags retrieved from /home/airflow/.local/lib/python3.12/site-packages/airflow/example_dags/plugins/decreasing_priority_weight_strategy.py
[2026-09-23T18:08:58.356+0000] {processor.py:208} INFO - Processing /home/airflow/.local/lib/python3.12/site-packages/airflow/example_dags/plugins/decreasing_priority_weight_strategy.py took 0.042 seconds
[2026-09-23T18:09:28.778+0000] {processor.py:186} INFO - Started process (PID=11800) to work on /home/airflow/.local/lib/python3.12/site-packages/airflow/example_dags/plugins/decreasing_priority_weight_strategy.py
[2026-09-23T18:09:28.779+0000] {processor.py:914} INFO - Processing file /home/airflow/.local/lib/python3.12/site-packages/airflow/example_dags/plugins/decreasing_priority_weight_strategy.py for tasks to queue
[2026-09-23T18:09:28.783+0000] {logging_mixin.py:190} INFO - [2026-09-23T18:09:28.783+0000] {dagbag.py:588} INFO - Filling up the DagBag from /home/airflow/.local/lib/python3.12/site-packages/airflow/example_dags/plugins/decreasing_priority_weight_strategy.py
[2026-09-23T18:09:28.789+0000] {processor.py:927} WARNING - No viable dags retrieved from /home/airflow/.local/lib/python3.12/site-packages/airflow/example_dags/plugins/decreasing_priority_weight_strategy.py
[2026-09-23T18:09:28.810+0000] {processor.py:208} INFO - Processing /home/airflow/.local/lib/python3.12/site-packages/airflow/example_dags/plugins/decreasing_priority_weight_strategy.py took 0.045 seconds
[2026-09-23T18:09:59.283+0000] {processor.py:186} INFO - Started process (PID=11875) to work on /home/airflow/.local/lib/python3.12/site-packages/airflow/example_dags/plugins/decreasing_priority_weight_strategy.py
[2026-09-23T18:09:59.284+0000] {processor.py:914} INFO - Processing file /home/airflow/.local/lib/python3.12/site-packages/airflow/example_dags/plugins/decreasing_priority_weight_strategy.py for tasks to queue
[2026-09-23T18:09:59.292+0000] {logging_mixin.py:190} INFO - [2026-09-23T18:09:59.291+0000] {dagbag.py:588} INFO - Filling up the DagBag from /home/airflow/.local/lib/python3.12/site-packages/airflow/example_dags/plugins/decreasing_priority_weight_strategy.py
[2026-09-23T18:09:59.297+0000] {processor.py:927} WARNING - No viable dags retrieved from /home/airflow/.local/lib/python3.12/site-packages/airflow/example_dags/plugins/decreasing_priority_weight_strategy.py
[2026-09-23T18:09:59.322+0000] {processor.py:208} INFO - Processing /home/airflow/.local/lib/python3.12/site-packages/airflow/example_dags/plugins/decreasing_priority_weight_strategy.py took 0.053 seconds
[2026-09-23T18:10:29.848+0000] {processor.py:186} INFO - Started process (PID=11949) to work on /home/airflow/.local/lib/python3.12/site-packages/airflow/example_dags/plugins/decreasing_priority_weight_strategy.py
[2026-09-23T18:10:29.852+0000] {processor.py:914} INFO - Processing file /home/airflow/.local/lib/python3.12/site-packages/airflow/example_dags/plugins/decreasing_priority_weight_strategy.py for tasks to queue
[2026-09-23T18:10:29.862+0000] {logging_mixin.py:190} INFO - [2026-09-23T18:10:29.862+0000] {dagbag.py:588} INFO - Filling up the DagBag from /home/airflow/.local/lib/python3.12/site-packages/airflow/example_dags/plugins/decreasing_priority_weight_strategy.py
[2026-09-23T18:10:29.866+0000] {processor.py:927} WARNING - No viable dags retrieved from /home/airflow/.local/lib/python3.12/site-packages/airflow/example_dags/plugins/decreasing_priority_weight_strategy.py
[2026-09-23T18:10:29.891+0000] {processor.py:208} INFO - Processing /home/airflow/.local/lib/python3.12/site-packages/airflow/example_dags/plugins/decreasing_priority_weight_strategy.py took 0.058 seconds
[2026-09-23T18:11:00.923+0000] {processor.py:186} INFO - Started process (PID=12024) to work on /home/airflow/.local/lib/python3.12/site-packages/airflow/example_dags/plugins/decreasing_priority_weight_strategy.py
[2026-09-23T18:11:00.925+0000] {processor.py:914} INFO - Processing file /home/airflow/.local/lib/python3.12/site-packages/airflow/example_dags/plugins/decreasing_priority_weight_strategy.py for tasks to queue
[2026-09-23T18:11:00.928+0000] {logging_mixin.py:190} INFO - [2026-09-23T18:11:00.928+0000] {dagbag.py:588} INFO - Filling up the DagBag from /home/airflow/.local/lib/python3.12/site-packages/airflow/example_dags/plugins/decreasing_priority_weight_strategy.py
[2026-09-23T18:11:00.937+0000] {processor.py:927} WARNING - No viable dags retrieved from /home/airflow/.local/lib/python3.12/site-packages/airflow/example_dags/plugins/decreasing_priority_weight_strategy.py
[2026-09-23T18:11:00.959+0000] {processor.py:208} INFO - Processing /home/airflow/.local/lib/python3.12/site-packages/airflow/example_dags/plugins/decreasing_priority_weight_strategy.py took 0.046 seconds
[2026-09-23T18:11:31.957+0000] {processor.py:186} INFO - Started process (PID=12097) to work on /home/airflow/.local/lib/python3.12/site-packages/airflow/example_dags/plugins/decreasing_priority_weight_strategy.py
[2026-09-23T18:11:31.959+0000] {processor.py:914} INFO - Processing file /home/airflow/.local/lib/python3.12/site-packages/airflow/example_dags/plugins/decreasing_priority_weight_strategy.py for tasks to queue
[2026-09-23T18:11:31.962+0000] {logging_mixin.py:190} INFO - [2026-09-23T18:11:31.961+0000] {dagbag.py:588} INFO - Filling up the DagBag from /home/airflow/.local/lib/python3.12/site-packages/airflow/example_dags/plugins/decreasing_priority_weight_strategy.py
[2026-09-23T18:11:31.965+0000] {processor.py:927} WARNING - No viable dags retrieved from /home/airflow/.local/lib/python3.12/site-packages/airflow/example_dags/plugins/decreasing_priority_weight_strategy.py
[2026-09-23T18:11:31.981+0000] {processor.py:208} INFO - Processing /home/airflow/.local/lib/python3.12/site-packages/airflow/example_dags/plugins/decreasing_priority_weight_strategy.py took 0.035 seconds
[2026-09-23T18:12:02.431+0000] {processor.py:186} INFO - Started process (PID=12171) to work on /home/airflow/.local/lib/python3.12/site-packages/airflow/example_dags/plugins/decreasing_priority_weight_strategy.py
[2026-09-23T18:12:02.432+0000] {processor.py:914} INFO - Processing file /home/airflow/.local/lib/python3.12/site-packages/airflow/example_dags/plugins/decreasing_priority_weight_strategy.py for tasks to queue
[2026-09-23T18:12:02.435+0000] {logging_mixin.py:190} INFO - [2026-09-23T18:12:02.435+0000] {dagbag.py:588} INFO - Filling up the DagBag from /home/airflow/.local/lib/python3.12/site-packages/airflow/example_dags/plugins/decreasing_priority_weight_strategy.py
[2026-09-23T18:12:02.440+0000] {processor.py:927} WARNING - No viable dags retrieved from /home/airflow/.local/lib/python3.12/site-packages/airflow/example_dags/plugins/decreasing_priority_weight_strategy.py
[2026-09-23T18:12:02.458+0000] {processor.py:208} INFO - Processing /home/airflow/.local/lib/python3.12/site-packages/airflow/example_dags/plugins/decreasing_priority_weight_strategy.py took 0.037 seconds
[2026-09-23T18:12:33.218+0000] {processor.py:186} INFO - Started process (PID=12244) to work on /home/airflow/.local/lib/python3.12/site-packages/airflow/example_dags/plugins/decreasing_priority_weight_strategy.py
[2026-09-23T18:12:33.222+0000] {processor.py:914} INFO - Processing file /home/airflow/.local/lib/python3.12/site-packages/airflow/example_dags/plugins/decreasing_priority_weight_strategy.py for tasks to queue
[2026-09-23T18:12:33.229+0000] {logging_mixin.py:190} INFO - [2026-09-23T18:12:33.228+0000] {dagbag.py:588} INFO - Filling up the DagBag from /home/airflow/.local/lib/python3.12/site-packages/airflow/example_dags/plugins/decreasing_priority_weight_strategy.py
[2026-09-23T18:12:33.236+0000] {processor.py:927} WARNING - No viable dags retrieved from /home/airflow/.local/lib/python3.12/site-packages/airflow/example_dags/plugins/decreasing_priority_weight_strategy.py
[2026-09-23T18:12:33.260+0000] {processor.py:208} INFO - Processing /home/airflow/.local/lib/python3.12/site-packages/airflow/example_dags/plugins/decreasing_priority_weight_strategy.py took 0.059 seconds
[2026-09-23T18:13:03.588+0000] {processor.py:186} INFO - Started process (PID=12319) to work on /home/airflow/.local/lib/python3.12/site-packages/airflow/example_dags/plugins/decreasing_priority_weight_strategy.py
[2026-09-23T18:13:03.589+0000] {processor.py:914} INFO - Processing file /home/airflow/.local/lib/python3.12/site-packages/airflow/example_dags/plugins/decreasing_priority_weight_strategy.py for tasks to queue
[2026-09-23T18:13:03.592+0000] {logging_mixin.py:190} INFO - [2026-09-23T18:13:03.592+0000] {dagbag.py:588} INFO - Filling up the DagBag from /home/airflow/.local/lib/python3.12/site-packages/airflow/example_dags/plugins/decreasing_priority_weight_strategy.py
[2026-09-23T18:13:03.597+0000] {processor.py:927} WARNING - No viable dags retrieved from /home/airflow/.local/lib/python3.12/site-packages/airflow/example_dags/plugins/decreasing_priority_weight_strategy.py
[2026-09-23T18:13:03.643+0000] {processor.py:208} INFO - Processing /home/airflow/.local/lib/python3.12/site-packages/airflow/example_dags/plugins/decreasing_priority_weight_strategy.py took 0.066 seconds
[2026-09-23T18:13:34.062+0000] {processor.py:186} INFO - Started process (PID=12394) to work on /home/airflow/.local/lib/python3.12/site-packages/airflow/example_dags/plugins/decreasing_priority_weight_strategy.py
[2026-09-23T18:13:34.063+0000] {processor.py:914} INFO - Processing file /home/airflow/.local/lib/python3.12/site-packages/airflow/example_dags/plugins/decreasing_priority_weight_strategy.py for tasks to queue
[2026-09-23T18:13:34.070+0000] {logging_mixin.py:190} INFO - [2026-09-23T18:13:34.069+0000] {dagbag.py:588} INFO - Filling up the DagBag from /home/airflow/.local/lib/python3.12/site-packages/airflow/example_dags/plugins/decreasing_priority_weight_strategy.py
[2026-09-23T18:13:34.073+0000] {processor.py:927} WARNING - No viable dags retrieved from /home/airflow/.local/lib/python3.12/site-packages/airflow/example_dags/plugins/decreasing_priority_weight_strategy.py
[2026-09-23T18:13:34.091+0000] {processor.py:208} INFO - Processing /home/airflow/.local/lib/python3.12/site-packages/airflow/example_dags/plugins/decreasing_priority_weight_strategy.py took 0.039 seconds
[2026-09-23T18:14:05.052+0000] {processor.py:186} INFO - Started process (PID=12467) to work on /home/airflow/.local/lib/python3.12/site-packages/airflow/example_dags/plugins/decreasing_priority_weight_strategy.py
[2026-09-23T18:14:05.053+0000] {processor.py:914} INFO - Processing file /home/airflow/.local/lib/python3.12/site-packages/airflow/example_dags/plugins/decreasing_priority_weight_strategy.py for tasks to queue
[2026-09-23T18:14:05.056+0000] {logging_mixin.py:190} INFO - [2026-09-23T18:14:05.056+0000] {dagbag.py:588} INFO - Filling up the DagBag from /home/airflow/.local/lib/python3.12/site-packages/airflow/example_dags/plugins/decreasing_priority_weight_strategy.py
[2026-09-23T18:14:05.060+0000] {processor.py:927} WARNING - No viable dags retrieved from /home/airflow/.local/lib/python3.12/site-packages/airflow/example_dags/plugins/decreasing_priority_weight_strategy.py
[2026-09-23T18:14:05.078+0000] {processor.py:208} INFO - Processing /home/airflow/.local/lib/python3.12/site-packages/airflow/example_dags/plugins/decreasing_priority_weight_strategy.py took 0.037 seconds
[2026-09-23T18:14:35.191+0000] {processor.py:186} INFO - Started process (PID=12540) to work on /home/airflow/.local/lib/python3.12/site-packages/airflow/example_dags/plugins/decreasing_priority_weight_strategy.py
[2026-09-23T18:14:35.193+0000] {processor.py:914} INFO - Processing file /home/airflow/.local/lib/python3.12/site-packages/airflow/example_dags/plugins/decreasing_priority_weight_strategy.py for tasks to queue
[2026-09-23T18:14:35.196+0000] {logging_mixin.py:190} INFO - [2026-09-23T18:14:35.196+0000] {dagbag.py:588} INFO - Filling up the DagBag from /home/airflow/.local/lib/python3.12/site-packages/airflow/example_dags/plugins/decreasing_priority_weight_strategy.py
[2026-09-23T18:14:35.200+0000] {processor.py:927} WARNING - No viable dags retrieved from /home/airflow/.local/lib/python3.12/site-packages/airflow/example_dags/plugins/decreasing_priority_weight_strategy.py
[2026-09-23T18:14:35.224+0000] {processor.py:208} INFO - Processing /home/airflow/.local/lib/python3.12/site-packages/airflow/example_dags/plugins/decreasing_priority_weight_strategy.py took 0.043 seconds
[2026-09-23T18:15:05.369+0000] {processor.py:186} INFO - Started process (PID=12615) to work on /home/airflow/.local/lib/python3.12/site-packages/airflow/example_dags/plugins/decreasing_priority_weight_strategy.py
[2026-09-23T18:15:05.370+0000] {processor.py:914} INFO - Processing file /home/airflow/.local/lib/python3.12/site-packages/airflow/example_dags/plugins/decreasing_priority_weight_strategy.py for tasks to queue
[2026-09-23T18:15:05.374+0000] {logging_mixin.py:190} INFO - [2026-09-23T18:15:05.373+0000] {dagbag.py:588} INFO - Filling up the DagBag from /home/airflow/.local/lib/python3.12/site-packages/airflow/example_dags/plugins/decreasing_priority_weight_strategy.py
[2026-09-23T18:15:05.378+0000] {processor.py:927} WARNING - No viable dags retrieved from /home/airflow/.local/lib/python3.12/site-packages/airflow/example_dags/plugins/decreasing_priority_weight_strategy.py
[2026-09-23T18:15:05.398+0000] {processor.py:208} INFO - Processing /home/airflow/.local/lib/python3.12/site-packages/airflow/example_dags/plugins/decreasing_priority_weight_strategy.py took 0.039 seconds
[2026-09-23T18:15:35.514+0000] {processor.py:186} INFO - Started process (PID=12688) to work on /home/airflow/.local/lib/python3.12/site-packages/airflow/example_dags/plugins/decreasing_priority_weight_strategy.py
[2026-09-23T18:15:35.515+0000] {processor.py:914} INFO - Processing file /home/airflow/.local/lib/python3.12/site-packages/airflow/example_dags/plugins/decreasing_priority_weight_strategy.py for tasks to queue
[2026-09-23T18:15:35.518+0000] {logging_mixin.py:190} INFO - [2026-09-23T18:15:35.517+0000] {dagbag.py:588} INFO - Filling up the DagBag from /home/airflow/.local/lib/python3.12/site-packages/airflow/example_dags/plugins/decreasing_priority_weight_strategy.py
[2026-09-23T18:15:35.521+0000] {processor.py:927} WARNING - No viable dags retrieved from /home/airflow/.local/lib/python3.12/site-packages/airflow/example_dags/plugins/decreasing_priority_weight_strategy.py
[2026-09-23T18:15:35.538+0000] {processor.py:208} INFO - Processing /home/airflow/.local/lib/python3.12/site-packages/airflow/example_dags/plugins/decreasing_priority_weight_strategy.py took 0.032 seconds
[2026-09-23T18:16:06.020+0000] {processor.py:186} INFO - Started process (PID=12763) to work on /home/airflow/.local/lib/python3.12/site-packages/airflow/example_dags/plugins/decreasing_priority_weight_strategy.py
[2026-09-23T18:16:06.021+0000] {processor.py:914} INFO - Processing file /home/airflow/.local/lib/python3.12/site-packages/airflow/example_dags/plugins/decreasing_priority_weight_strategy.py for tasks to queue
[2026-09-23T18:16:06.025+0000] {logging_mixin.py:190} INFO - [2026-09-23T18:16:06.024+0000] {dagbag.py:588} INFO - Filling up the DagBag from /home/airflow/.local/lib/python3.12/site-packages/airflow/example_dags/plugins/decreasing_priority_weight_strategy.py
[2026-09-23T18:16:06.028+0000] {processor.py:927} WARNING - No viable dags retrieved from /home/airflow/.local/lib/python3.12/site-packages/airflow/example_dags/plugins/decreasing_priority_weight_strategy.py
[2026-09-23T18:16:06.047+0000] {processor.py:208} INFO - Processing /home/airflow/.local/lib/python3.12/site-packages/airflow/example_dags/plugins/decreasing_priority_weight_strategy.py took 0.036 seconds
[2026-09-23T18:16:36.352+0000] {processor.py:186} INFO - Started process (PID=12837) to work on /home/airflow/.local/lib/python3.12/site-packages/airflow/example_dags/plugins/decreasing_priority_weight_strategy.py
[2026-09-23T18:16:36.354+0000] {processor.py:914} INFO - Processing file /home/airflow/.local/lib/python3.12/site-packages/airflow/example_dags/plugins/decreasing_priority_weight_strategy.py for tasks to queue
[2026-09-23T18:16:36.359+0000] {logging_mixin.py:190} INFO - [2026-09-23T18:16:36.358+0000] {dagbag.py:588} INFO - Filling up the DagBag from /home/airflow/.local/lib/python3.12/site-packages/airflow/example_dags/plugins/decreasing_priority_weight_strategy.py
[2026-09-23T18:16:36.363+0000] {processor.py:927} WARNING - No viable dags retrieved from /home/airflow/.local/lib/python3.12/site-packages/airflow/example_dags/plugins/decreasing_priority_weight_strategy.py
[2026-09-23T18:16:36.381+0000] {processor.py:208} INFO - Processing /home/airflow/.local/lib/python3.12/site-packages/airflow/example_dags/plugins/decreasing_priority_weight_strategy.py took 0.040 seconds
[2026-09-23T18:17:06.734+0000] {processor.py:186} INFO - Started process (PID=12912) to work on /home/airflow/.local/lib/python3.12/site-packages/airflow/example_dags/plugins/decreasing_priority_weight_strategy.py
[2026-09-23T18:17:06.735+0000] {processor.py:914} INFO - Processing file /home/airflow/.local/lib/python3.12/site-packages/airflow/example_dags/plugins/decreasing_priority_weight_strategy.py for tasks to queue
[2026-09-23T18:17:06.739+0000] {logging_mixin.py:190} INFO - [2026-09-23T18:17:06.738+0000] {dagbag.py:588} INFO - Filling up the DagBag from /home/airflow/.local/lib/python3.12/site-packages/airflow/example_dags/plugins/decreasing_priority_weight_strategy.py
[2026-09-23T18:17:06.742+0000] {processor.py:927} WARNING - No viable dags retrieved from /home/airflow/.local/lib/python3.12/site-packages/airflow/example_dags/plugins/decreasing_priority_weight_strategy.py
[2026-09-23T18:17:06.757+0000] {processor.py:208} INFO - Processing /home/airflow/.local/lib/python3.12/site-packages/airflow/example_dags/plugins/decreasing_priority_weight_strategy.py took 0.032 seconds
[2026-09-23T18:17:37.152+0000] {processor.py:186} INFO - Started process (PID=12986) to work on /home/airflow/.local/lib/python3.12/site-packages/airflow/example_dags/plugins/decreasing_priority_weight_strategy.py
[2026-09-23T18:17:37.153+0000] {processor.py:914} INFO - Processing file /home/airflow/.local/lib/python3.12/site-packages/airflow/example_dags/plugins/decreasing_priority_weight_strategy.py for tasks to queue
[2026-09-23T18:17:37.157+0000] {logging_mixin.py:190} INFO - [2026-09-23T18:17:37.157+0000] {dagbag.py:588} INFO - Filling up the DagBag from /home/airflow/.local/lib/python3.12/site-packages/airflow/example_dags/plugins/decreasing_priority_weight_strategy.py
[2026-09-23T18:17:37.161+0000] {processor.py:927} WARNING - No viable dags retrieved from /home/airflow/.local/lib/python3.12/site-packages/airflow/example_dags/plugins/decreasing_priority_weight_strategy.py
[2026-09-23T18:17:37.183+0000] {processor.py:208} INFO - Processing /home/airflow/.local/lib/python3.12/site-packages/airflow/example_dags/plugins/decreasing_priority_weight_strategy.py took 0.041 seconds
[2026-09-23T18:18:07.611+0000] {processor.py:186} INFO - Started process (PID=13059) to work on /home/airflow/.local/lib/python3.12/site-packages/airflow/example_dags/plugins/decreasing_priority_weight_strategy.py
[2026-09-23T18:18:07.612+0000] {processor.py:914} INFO - Processing file /home/airflow/.local/lib/python3.12/site-packages/airflow/example_dags/plugins/decreasing_priority_weight_strategy.py for tasks to queue
[2026-09-23T18:18:07.615+0000] {logging_mixin.py:190} INFO - [2026-09-23T18:18:07.614+0000] {dagbag.py:588} INFO - Filling up the DagBag from /home/airflow/.local/lib/python3.12/site-packages/airflow/example_dags/plugins/decreasing_priority_weight_strategy.py
[2026-09-23T18:18:07.618+0000] {processor.py:927} WARNING - No viable dags retrieved from /home/airflow/.local/lib/python3.12/site-packages/airflow/example_dags/plugins/decreasing_priority_weight_strategy.py
[2026-09-23T18:18:07.634+0000] {processor.py:208} INFO - Processing /home/airflow/.local/lib/python3.12/site-packages/airflow/example_dags/plugins/decreasing_priority_weight_strategy.py took 0.033 seconds
[2026-09-23T18:18:37.876+0000] {processor.py:186} INFO - Started process (PID=13133) to work on /home/airflow/.local/lib/python3.12/site-packages/airflow/example_dags/plugins/decreasing_priority_weight_strategy.py
[2026-09-23T18:18:37.877+0000] {processor.py:914} INFO - Processing file /home/airflow/.local/lib/python3.12/site-packages/airflow/example_dags/plugins/decreasing_priority_weight_strategy.py for tasks to queue
[2026-09-23T18:18:37.880+0000] {logging_mixin.py:190} INFO - [2026-09-23T18:18:37.879+0000] {dagbag.py:588} INFO - Filling up the DagBag from /home/airflow/.local/lib/python3.12/site-packages/airflow/example_dags/plugins/decreasing_priority_weight_strategy.py
[2026-09-23T18:18:37.883+0000] {processor.py:927} WARNING - No viable dags retrieved from /home/airflow/.local/lib/python3.12/site-packages/airflow/example_dags/plugins/decreasing_priority_weight_strategy.py
[2026-09-23T18:18:37.899+0000] {processor.py:208} INFO - Processing /home/airflow/.local/lib/python3.12/site-packages/airflow/example_dags/plugins/decreasing_priority_weight_strategy.py took 0.033 seconds
[2026-09-23T18:19:08.815+0000] {processor.py:186} INFO - Started process (PID=13207) to work on /home/airflow/.local/lib/python3.12/site-packages/airflow/example_dags/plugins/decreasing_priority_weight_strategy.py
[2026-09-23T18:19:08.816+0000] {processor.py:914} INFO - Processing file /home/airflow/.local/lib/python3.12/site-packages/airflow/example_dags/plugins/decreasing_priority_weight_strategy.py for tasks to queue
[2026-09-23T18:19:08.819+0000] {logging_mixin.py:190} INFO - [2026-09-23T18:19:08.819+0000] {dagbag.py:588} INFO - Filling up the DagBag from /home/airflow/.local/lib/python3.12/site-packages/airflow/example_dags/plugins/decreasing_priority_weight_strategy.py
[2026-09-23T18:19:08.822+0000] {processor.py:927} WARNING - No viable dags retrieved from /home/airflow/.local/lib/python3.12/site-packages/airflow/example_dags/plugins/decreasing_priority_weight_strategy.py
[2026-09-23T18:19:08.838+0000] {processor.py:208} INFO - Processing /home/airflow/.local/lib/python3.12/site-packages/airflow/example_dags/plugins/decreasing_priority_weight_strategy.py took 0.031 seconds
[2026-09-23T18:19:39.237+0000] {processor.py:186} INFO - Started process (PID=13279) to work on /home/airflow/.local/lib/python3.12/site-packages/airflow/example_dags/plugins/decreasing_priority_weight_strategy.py
[2026-09-23T18:19:39.238+0000] {processor.py:914} INFO - Processing file /home/airflow/.local/lib/python3.12/site-packages/airflow/example_dags/plugins/decreasing_priority_weight_strategy.py for tasks to queue
[2026-09-23T18:19:39.241+0000] {logging_mixin.py:190} INFO - [2026-09-23T18:19:39.241+0000] {dagbag.py:588} INFO - Filling up the DagBag from /home/airflow/.local/lib/python3.12/site-packages/airflow/example_dags/plugins/decreasing_priority_weight_strategy.py
[2026-09-23T18:19:39.245+0000] {processor.py:927} WARNING - No viable dags retrieved from /home/airflow/.local/lib/python3.12/site-packages/airflow/example_dags/plugins/decreasing_priority_weight_strategy.py
[2026-09-23T18:19:39.262+0000] {processor.py:208} INFO - Processing /home/airflow/.local/lib/python3.12/site-packages/airflow/example_dags/plugins/decreasing_priority_weight_strategy.py took 0.034 seconds
[2026-09-23T18:20:09.949+0000] {processor.py:186} INFO - Started process (PID=13353) to work on /home/airflow/.local/lib/python3.12/site-packages/airflow/example_dags/plugins/decreasing_priority_weight_strategy.py
[2026-09-23T18:20:09.950+0000] {processor.py:914} INFO - Processing file /home/airflow/.local/lib/python3.12/site-packages/airflow/example_dags/plugins/decreasing_priority_weight_strategy.py for tasks to queue
[2026-09-23T18:20:09.953+0000] {logging_mixin.py:190} INFO - [2026-09-23T18:20:09.952+0000] {dagbag.py:588} INFO - Filling up the DagBag from /home/airflow/.local/lib/python3.12/site-packages/airflow/example_dags/plugins/decreasing_priority_weight_strategy.py
[2026-09-23T18:20:09.957+0000] {processor.py:927} WARNING - No viable dags retrieved from /home/airflow/.local/lib/python3.12/site-packages/airflow/example_dags/plugins/decreasing_priority_weight_strategy.py
[2026-09-23T18:20:09.974+0000] {processor.py:208} INFO - Processing /home/airflow/.local/lib/python3.12/site-packages/airflow/example_dags/plugins/decreasing_priority_weight_strategy.py took 0.035 seconds
[2026-09-23T18:20:40.334+0000] {processor.py:186} INFO - Started process (PID=13427) to work on /home/airflow/.local/lib/python3.12/site-packages/airflow/example_dags/plugins/decreasing_priority_weight_strategy.py
[2026-09-23T18:20:40.335+0000] {processor.py:914} INFO - Processing file /home/airflow/.local/lib/python3.12/site-packages/airflow/example_dags/plugins/decreasing_priority_weight_strategy.py for tasks to queue
[2026-09-23T18:20:40.339+0000] {logging_mixin.py:190} INFO - [2026-09-23T18:20:40.338+0000] {dagbag.py:588} INFO - Filling up the DagBag from /home/airflow/.local/lib/python3.12/site-packages/airflow/example_dags/plugins/decreasing_priority_weight_strategy.py
[2026-09-23T18:20:40.342+0000] {processor.py:927} WARNING - No viable dags retrieved from /home/airflow/.local/lib/python3.12/site-packages/airflow/example_dags/plugins/decreasing_priority_weight_strategy.py
[2026-09-23T18:20:40.360+0000] {processor.py:208} INFO - Processing /home/airflow/.local/lib/python3.12/site-packages/airflow/example_dags/plugins/decreasing_priority_weight_strategy.py took 0.036 seconds
[2026-09-23T18:21:10.768+0000] {processor.py:186} INFO - Started process (PID=13501) to work on /home/airflow/.local/lib/python3.12/site-packages/airflow/example_dags/plugins/decreasing_priority_weight_strategy.py
[2026-09-23T18:21:10.770+0000] {processor.py:914} INFO - Processing file /home/airflow/.local/lib/python3.12/site-packages/airflow/example_dags/plugins/decreasing_priority_weight_strategy.py for tasks to queue
[2026-09-23T18:21:10.773+0000] {logging_mixin.py:190} INFO - [2026-09-23T18:21:10.772+0000] {dagbag.py:588} INFO - Filling up the DagBag from /home/airflow/.local/lib/python3.12/site-packages/airflow/example_dags/plugins/decreasing_priority_weight_strategy.py
[2026-09-23T18:21:10.776+0000] {processor.py:927} WARNING - No viable dags retrieved from /home/airflow/.local/lib/python3.12/site-packages/airflow/example_dags/plugins/decreasing_priority_weight_strategy.py
[2026-09-23T18:21:10.794+0000] {processor.py:208} INFO - Processing /home/airflow/.local/lib/python3.12/site-packages/airflow/example_dags/plugins/decreasing_priority_weight_strategy.py took 0.034 seconds
[2026-09-23T18:21:41.499+0000] {processor.py:186} INFO - Started process (PID=13575) to work on /home/airflow/.local/lib/python3.12/site-packages/airflow/example_dags/plugins/decreasing_priority_weight_strategy.py
[2026-09-23T18:21:41.501+0000] {processor.py:914} INFO - Processing file /home/airflow/.local/lib/python3.12/site-packages/airflow/example_dags/plugins/decreasing_priority_weight_strategy.py for tasks to queue
[2026-09-23T18:21:41.504+0000] {logging_mixin.py:190} INFO - [2026-09-23T18:21:41.504+0000] {dagbag.py:588} INFO - Filling up the DagBag from /home/airflow/.local/lib/python3.12/site-packages/airflow/example_dags/plugins/decreasing_priority_weight_strategy.py
[2026-09-23T18:21:41.508+0000] {processor.py:927} WARNING - No viable dags retrieved from /home/airflow/.local/lib/python3.12/site-packages/airflow/example_dags/plugins/decreasing_priority_weight_strategy.py
[2026-09-23T18:21:41.525+0000] {processor.py:208} INFO - Processing /home/airflow/.local/lib/python3.12/site-packages/airflow/example_dags/plugins/decreasing_priority_weight_strategy.py took 0.035 seconds
[2026-09-23T18:22:12.093+0000] {processor.py:186} INFO - Started process (PID=13650) to work on /home/airflow/.local/lib/python3.12/site-packages/airflow/example_dags/plugins/decreasing_priority_weight_strategy.py
[2026-09-23T18:22:12.094+0000] {processor.py:914} INFO - Processing file /home/airflow/.local/lib/python3.12/site-packages/airflow/example_dags/plugins/decreasing_priority_weight_strategy.py for tasks to queue
[2026-09-23T18:22:12.098+0000] {logging_mixin.py:190} INFO - [2026-09-23T18:22:12.097+0000] {dagbag.py:588} INFO - Filling up the DagBag from /home/airflow/.local/lib/python3.12/site-packages/airflow/example_dags/plugins/decreasing_priority_weight_strategy.py
[2026-09-23T18:22:12.101+0000] {processor.py:927} WARNING - No viable dags retrieved from /home/airflow/.local/lib/python3.12/site-packages/airflow/example_dags/plugins/decreasing_priority_weight_strategy.py
[2026-09-23T18:22:12.118+0000] {processor.py:208} INFO - Processing /home/airflow/.local/lib/python3.12/site-packages/airflow/example_dags/plugins/decreasing_priority_weight_strategy.py took 0.034 seconds
[2026-09-23T18:22:42.493+0000] {processor.py:186} INFO - Started process (PID=13724) to work on /home/airflow/.local/lib/python3.12/site-packages/airflow/example_dags/plugins/decreasing_priority_weight_strategy.py
[2026-09-23T18:22:42.494+0000] {processor.py:914} INFO - Processing file /home/airflow/.local/lib/python3.12/site-packages/airflow/example_dags/plugins/decreasing_priority_weight_strategy.py for tasks to queue
[2026-09-23T18:22:42.498+0000] {logging_mixin.py:190} INFO - [2026-09-23T18:22:42.497+0000] {dagbag.py:588} INFO - Filling up the DagBag from /home/airflow/.local/lib/python3.12/site-packages/airflow/example_dags/plugins/decreasing_priority_weight_strategy.py
[2026-09-23T18:22:42.502+0000] {processor.py:927} WARNING - No viable dags retrieved from /home/airflow/.local/lib/python3.12/site-packages/airflow/example_dags/plugins/decreasing_priority_weight_strategy.py
[2026-09-23T18:22:42.520+0000] {processor.py:208} INFO - Processing /home/airflow/.local/lib/python3.12/site-packages/airflow/example_dags/plugins/decreasing_priority_weight_strategy.py took 0.037 seconds
[2026-09-23T18:23:12.798+0000] {processor.py:186} INFO - Started process (PID=13797) to work on /home/airflow/.local/lib/python3.12/site-packages/airflow/example_dags/plugins/decreasing_priority_weight_strategy.py
[2026-09-23T18:23:12.800+0000] {processor.py:914} INFO - Processing file /home/airflow/.local/lib/python3.12/site-packages/airflow/example_dags/plugins/decreasing_priority_weight_strategy.py for tasks to queue
[2026-09-23T18:23:12.803+0000] {logging_mixin.py:190} INFO - [2026-09-23T18:23:12.802+0000] {dagbag.py:588} INFO - Filling up the DagBag from /home/airflow/.local/lib/python3.12/site-packages/airflow/example_dags/plugins/decreasing_priority_weight_strategy.py
[2026-09-23T18:23:12.806+0000] {processor.py:927} WARNING - No viable dags retrieved from /home/airflow/.local/lib/python3.12/site-packages/airflow/example_dags/plugins/decreasing_priority_weight_strategy.py
[2026-09-23T18:23:12.825+0000] {processor.py:208} INFO - Processing /home/airflow/.local/lib/python3.12/site-packages/airflow/example_dags/plugins/decreasing_priority_weight_strategy.py took 0.035 seconds
[2026-09-23T18:23:43.516+0000] {processor.py:186} INFO - Started process (PID=13871) to work on /home/airflow/.local/lib/python3.12/site-packages/airflow/example_dags/plugins/decreasing_priority_weight_strategy.py
[2026-09-23T18:23:43.517+0000] {processor.py:914} INFO - Processing file /home/airflow/.local/lib/python3.12/site-packages/airflow/example_dags/plugins/decreasing_priority_weight_strategy.py for tasks to queue
[2026-09-23T18:23:43.520+0000] {logging_mixin.py:190} INFO - [2026-09-23T18:23:43.519+0000] {dagbag.py:588} INFO - Filling up the DagBag from /home/airflow/.local/lib/python3.12/site-packages/airflow/example_dags/plugins/decreasing_priority_weight_strategy.py
[2026-09-23T18:23:43.523+0000] {processor.py:927} WARNING - No viable dags retrieved from /home/airflow/.local/lib/python3.12/site-packages/airflow/example_dags/plugins/decreasing_priority_weight_strategy.py
[2026-09-23T18:23:43.539+0000] {processor.py:208} INFO - Processing /home/airflow/.local/lib/python3.12/site-packages/airflow/example_dags/plugins/decreasing_priority_weight_strategy.py took 0.033 seconds
[2026-09-23T18:24:15.096+0000] {processor.py:186} INFO - Started process (PID=13945) to work on /home/airflow/.local/lib/python3.12/site-packages/airflow/example_dags/plugins/decreasing_priority_weight_strategy.py
[2026-09-23T18:24:15.098+0000] {processor.py:914} INFO - Processing file /home/airflow/.local/lib/python3.12/site-packages/airflow/example_dags/plugins/decreasing_priority_weight_strategy.py for tasks to queue
[2026-09-23T18:24:15.101+0000] {logging_mixin.py:190} INFO - [2026-09-23T18:24:15.100+0000] {dagbag.py:588} INFO - Filling up the DagBag from /home/airflow/.local/lib/python3.12/site-packages/airflow/example_dags/plugins/decreasing_priority_weight_strategy.py
[2026-09-23T18:24:15.104+0000] {processor.py:927} WARNING - No viable dags retrieved from /home/airflow/.local/lib/python3.12/site-packages/airflow/example_dags/plugins/decreasing_priority_weight_strategy.py
[2026-09-23T18:24:15.123+0000] {processor.py:208} INFO - Processing /home/airflow/.local/lib/python3.12/site-packages/airflow/example_dags/plugins/decreasing_priority_weight_strategy.py took 0.036 seconds
[2026-09-23T18:24:46.473+0000] {processor.py:186} INFO - Started process (PID=14019) to work on /home/airflow/.local/lib/python3.12/site-packages/airflow/example_dags/plugins/decreasing_priority_weight_strategy.py
[2026-09-23T18:24:46.474+0000] {processor.py:914} INFO - Processing file /home/airflow/.local/lib/python3.12/site-packages/airflow/example_dags/plugins/decreasing_priority_weight_strategy.py for tasks to queue
[2026-09-23T18:24:46.478+0000] {logging_mixin.py:190} INFO - [2026-09-23T18:24:46.477+0000] {dagbag.py:588} INFO - Filling up the DagBag from /home/airflow/.local/lib/python3.12/site-packages/airflow/example_dags/plugins/decreasing_priority_weight_strategy.py
[2026-09-23T18:24:46.481+0000] {processor.py:927} WARNING - No viable dags retrieved from /home/airflow/.local/lib/python3.12/site-packages/airflow/example_dags/plugins/decreasing_priority_weight_strategy.py
[2026-09-23T18:24:46.496+0000] {processor.py:208} INFO - Processing /home/airflow/.local/lib/python3.12/site-packages/airflow/example_dags/plugins/decreasing_priority_weight_strategy.py took 0.033 seconds
[2026-09-23T18:25:17.586+0000] {processor.py:186} INFO - Started process (PID=14095) to work on /home/airflow/.local/lib/python3.12/site-packages/airflow/example_dags/plugins/decreasing_priority_weight_strategy.py
[2026-09-23T18:25:17.588+0000] {processor.py:914} INFO - Processing file /home/airflow/.local/lib/python3.12/site-packages/airflow/example_dags/plugins/decreasing_priority_weight_strategy.py for tasks to queue
[2026-09-23T18:25:17.592+0000] {logging_mixin.py:190} INFO - [2026-09-23T18:25:17.591+0000] {dagbag.py:588} INFO - Filling up the DagBag from /home/airflow/.local/lib/python3.12/site-packages/airflow/example_dags/plugins/decreasing_priority_weight_strategy.py
[2026-09-23T18:25:17.596+0000] {processor.py:927} WARNING - No viable dags retrieved from /home/airflow/.local/lib/python3.12/site-packages/airflow/example_dags/plugins/decreasing_priority_weight_strategy.py
[2026-09-23T18:25:17.614+0000] {processor.py:208} INFO - Processing /home/airflow/.local/lib/python3.12/site-packages/airflow/example_dags/plugins/decreasing_priority_weight_strategy.py took 0.039 seconds
[2026-09-23T18:25:49.222+0000] {processor.py:186} INFO - Started process (PID=14173) to work on /home/airflow/.local/lib/python3.12/site-packages/airflow/example_dags/plugins/decreasing_priority_weight_strategy.py
[2026-09-23T18:25:49.224+0000] {processor.py:914} INFO - Processing file /home/airflow/.local/lib/python3.12/site-packages/airflow/example_dags/plugins/decreasing_priority_weight_strategy.py for tasks to queue
[2026-09-23T18:25:49.228+0000] {logging_mixin.py:190} INFO - [2026-09-23T18:25:49.227+0000] {dagbag.py:588} INFO - Filling up the DagBag from /home/airflow/.local/lib/python3.12/site-packages/airflow/example_dags/plugins/decreasing_priority_weight_strategy.py
[2026-09-23T18:25:49.232+0000] {processor.py:927} WARNING - No viable dags retrieved from /home/airflow/.local/lib/python3.12/site-packages/airflow/example_dags/plugins/decreasing_priority_weight_strategy.py
[2026-09-23T18:25:49.255+0000] {processor.py:208} INFO - Processing /home/airflow/.local/lib/python3.12/site-packages/airflow/example_dags/plugins/decreasing_priority_weight_strategy.py took 0.042 seconds
[2026-09-23T18:26:20.575+0000] {processor.py:186} INFO - Started process (PID=14247) to work on /home/airflow/.local/lib/python3.12/site-packages/airflow/example_dags/plugins/decreasing_priority_weight_strategy.py
[2026-09-23T18:26:20.577+0000] {processor.py:914} INFO - Processing file /home/airflow/.local/lib/python3.12/site-packages/airflow/example_dags/plugins/decreasing_priority_weight_strategy.py for tasks to queue
[2026-09-23T18:26:20.580+0000] {logging_mixin.py:190} INFO - [2026-09-23T18:26:20.579+0000] {dagbag.py:588} INFO - Filling up the DagBag from /home/airflow/.local/lib/python3.12/site-packages/airflow/example_dags/plugins/decreasing_priority_weight_strategy.py
[2026-09-23T18:26:20.583+0000] {processor.py:927} WARNING - No viable dags retrieved from /home/airflow/.local/lib/python3.12/site-packages/airflow/example_dags/plugins/decreasing_priority_weight_strategy.py
[2026-09-23T18:26:20.601+0000] {processor.py:208} INFO - Processing /home/airflow/.local/lib/python3.12/site-packages/airflow/example_dags/plugins/decreasing_priority_weight_strategy.py took 0.036 seconds
[2026-09-23T18:26:51.094+0000] {processor.py:186} INFO - Started process (PID=14320) to work on /home/airflow/.local/lib/python3.12/site-packages/airflow/example_dags/plugins/decreasing_priority_weight_strategy.py
[2026-09-23T18:26:51.095+0000] {processor.py:914} INFO - Processing file /home/airflow/.local/lib/python3.12/site-packages/airflow/example_dags/plugins/decreasing_priority_weight_strategy.py for tasks to queue
[2026-09-23T18:26:51.098+0000] {logging_mixin.py:190} INFO - [2026-09-23T18:26:51.097+0000] {dagbag.py:588} INFO - Filling up the DagBag from /home/airflow/.local/lib/python3.12/site-packages/airflow/example_dags/plugins/decreasing_priority_weight_strategy.py
[2026-09-23T18:26:51.101+0000] {processor.py:927} WARNING - No viable dags retrieved from /home/airflow/.local/lib/python3.12/site-packages/airflow/example_dags/plugins/decreasing_priority_weight_strategy.py
[2026-09-23T18:26:51.118+0000] {processor.py:208} INFO - Processing /home/airflow/.local/lib/python3.12/site-packages/airflow/example_dags/plugins/decreasing_priority_weight_strategy.py took 0.033 seconds
[2026-09-23T18:27:21.178+0000] {processor.py:186} INFO - Started process (PID=14393) to work on /home/airflow/.local/lib/python3.12/site-packages/airflow/example_dags/plugins/decreasing_priority_weight_strategy.py
[2026-09-23T18:27:21.180+0000] {processor.py:914} INFO - Processing file /home/airflow/.local/lib/python3.12/site-packages/airflow/example_dags/plugins/decreasing_priority_weight_strategy.py for tasks to queue
[2026-09-23T18:27:21.184+0000] {logging_mixin.py:190} INFO - [2026-09-23T18:27:21.183+0000] {dagbag.py:588} INFO - Filling up the DagBag from /home/airflow/.local/lib/python3.12/site-packages/airflow/example_dags/plugins/decreasing_priority_weight_strategy.py
[2026-09-23T18:27:21.188+0000] {processor.py:927} WARNING - No viable dags retrieved from /home/airflow/.local/lib/python3.12/site-packages/airflow/example_dags/plugins/decreasing_priority_weight_strategy.py
[2026-09-23T18:27:21.208+0000] {processor.py:208} INFO - Processing /home/airflow/.local/lib/python3.12/site-packages/airflow/example_dags/plugins/decreasing_priority_weight_strategy.py took 0.039 seconds
[2026-09-23T18:27:51.500+0000] {processor.py:186} INFO - Started process (PID=14467) to work on /home/airflow/.local/lib/python3.12/site-packages/airflow/example_dags/plugins/decreasing_priority_weight_strategy.py
[2026-09-23T18:27:51.502+0000] {processor.py:914} INFO - Processing file /home/airflow/.local/lib/python3.12/site-packages/airflow/example_dags/plugins/decreasing_priority_weight_strategy.py for tasks to queue
[2026-09-23T18:27:51.507+0000] {logging_mixin.py:190} INFO - [2026-09-23T18:27:51.504+0000] {dagbag.py:588} INFO - Filling up the DagBag from /home/airflow/.local/lib/python3.12/site-packages/airflow/example_dags/plugins/decreasing_priority_weight_strategy.py
[2026-09-23T18:27:51.511+0000] {processor.py:927} WARNING - No viable dags retrieved from /home/airflow/.local/lib/python3.12/site-packages/airflow/example_dags/plugins/decreasing_priority_weight_strategy.py
[2026-09-23T18:27:51.530+0000] {processor.py:208} INFO - Processing /home/airflow/.local/lib/python3.12/site-packages/airflow/example_dags/plugins/decreasing_priority_weight_strategy.py took 0.039 seconds
[2026-09-23T18:28:22.109+0000] {processor.py:186} INFO - Started process (PID=14541) to work on /home/airflow/.local/lib/python3.12/site-packages/airflow/example_dags/plugins/decreasing_priority_weight_strategy.py
[2026-09-23T18:28:22.110+0000] {processor.py:914} INFO - Processing file /home/airflow/.local/lib/python3.12/site-packages/airflow/example_dags/plugins/decreasing_priority_weight_strategy.py for tasks to queue
[2026-09-23T18:28:22.114+0000] {logging_mixin.py:190} INFO - [2026-09-23T18:28:22.114+0000] {dagbag.py:588} INFO - Filling up the DagBag from /home/airflow/.local/lib/python3.12/site-packages/airflow/example_dags/plugins/decreasing_priority_weight_strategy.py
[2026-09-23T18:28:22.118+0000] {processor.py:927} WARNING - No viable dags retrieved from /home/airflow/.local/lib/python3.12/site-packages/airflow/example_dags/plugins/decreasing_priority_weight_strategy.py
[2026-09-23T18:28:22.137+0000] {processor.py:208} INFO - Processing /home/airflow/.local/lib/python3.12/site-packages/airflow/example_dags/plugins/decreasing_priority_weight_strategy.py took 0.039 seconds
[2026-09-23T18:28:53.091+0000] {processor.py:186} INFO - Started process (PID=14616) to work on /home/airflow/.local/lib/python3.12/site-packages/airflow/example_dags/plugins/decreasing_priority_weight_strategy.py
[2026-09-23T18:28:53.092+0000] {processor.py:914} INFO - Processing file /home/airflow/.local/lib/python3.12/site-packages/airflow/example_dags/plugins/decreasing_priority_weight_strategy.py for tasks to queue
[2026-09-23T18:28:53.096+0000] {logging_mixin.py:190} INFO - [2026-09-23T18:28:53.096+0000] {dagbag.py:588} INFO - Filling up the DagBag from /home/airflow/.local/lib/python3.12/site-packages/airflow/example_dags/plugins/decreasing_priority_weight_strategy.py
[2026-09-23T18:28:53.100+0000] {processor.py:927} WARNING - No viable dags retrieved from /home/airflow/.local/lib/python3.12/site-packages/airflow/example_dags/plugins/decreasing_priority_weight_strategy.py
[2026-09-23T18:28:53.119+0000] {processor.py:208} INFO - Processing /home/airflow/.local/lib/python3.12/site-packages/airflow/example_dags/plugins/decreasing_priority_weight_strategy.py took 0.039 seconds
[2026-09-23T18:29:24.178+0000] {processor.py:186} INFO - Started process (PID=14690) to work on /home/airflow/.local/lib/python3.12/site-packages/airflow/example_dags/plugins/decreasing_priority_weight_strategy.py
[2026-09-23T18:29:24.179+0000] {processor.py:914} INFO - Processing file /home/airflow/.local/lib/python3.12/site-packages/airflow/example_dags/plugins/decreasing_priority_weight_strategy.py for tasks to queue
[2026-09-23T18:29:24.182+0000] {logging_mixin.py:190} INFO - [2026-09-23T18:29:24.182+0000] {dagbag.py:588} INFO - Filling up the DagBag from /home/airflow/.local/lib/python3.12/site-packages/airflow/example_dags/plugins/decreasing_priority_weight_strategy.py
[2026-09-23T18:29:24.186+0000] {processor.py:927} WARNING - No viable dags retrieved from /home/airflow/.local/lib/python3.12/site-packages/airflow/example_dags/plugins/decreasing_priority_weight_strategy.py
[2026-09-23T18:29:24.204+0000] {processor.py:208} INFO - Processing /home/airflow/.local/lib/python3.12/site-packages/airflow/example_dags/plugins/decreasing_priority_weight_strategy.py took 0.036 seconds
[2026-09-23T18:29:55.841+0000] {processor.py:186} INFO - Started process (PID=14763) to work on /home/airflow/.local/lib/python3.12/site-packages/airflow/example_dags/plugins/decreasing_priority_weight_strategy.py
[2026-09-23T18:29:55.844+0000] {processor.py:914} INFO - Processing file /home/airflow/.local/lib/python3.12/site-packages/airflow/example_dags/plugins/decreasing_priority_weight_strategy.py for tasks to queue
[2026-09-23T18:29:55.848+0000] {logging_mixin.py:190} INFO - [2026-09-23T18:29:55.847+0000] {dagbag.py:588} INFO - Filling up the DagBag from /home/airflow/.local/lib/python3.12/site-packages/airflow/example_dags/plugins/decreasing_priority_weight_strategy.py
[2026-09-23T18:29:55.852+0000] {processor.py:927} WARNING - No viable dags retrieved from /home/airflow/.local/lib/python3.12/site-packages/airflow/example_dags/plugins/decreasing_priority_weight_strategy.py
[2026-09-23T18:29:55.874+0000] {processor.py:208} INFO - Processing /home/airflow/.local/lib/python3.12/site-packages/airflow/example_dags/plugins/decreasing_priority_weight_strategy.py took 0.050 seconds
[2026-09-23T18:30:27.229+0000] {processor.py:186} INFO - Started process (PID=14847) to work on /home/airflow/.local/lib/python3.12/site-packages/airflow/example_dags/plugins/decreasing_priority_weight_strategy.py
[2026-09-23T18:30:27.230+0000] {processor.py:914} INFO - Processing file /home/airflow/.local/lib/python3.12/site-packages/airflow/example_dags/plugins/decreasing_priority_weight_strategy.py for tasks to queue
[2026-09-23T18:30:27.234+0000] {logging_mixin.py:190} INFO - [2026-09-23T18:30:27.233+0000] {dagbag.py:588} INFO - Filling up the DagBag from /home/airflow/.local/lib/python3.12/site-packages/airflow/example_dags/plugins/decreasing_priority_weight_strategy.py
[2026-09-23T18:30:27.237+0000] {processor.py:927} WARNING - No viable dags retrieved from /home/airflow/.local/lib/python3.12/site-packages/airflow/example_dags/plugins/decreasing_priority_weight_strategy.py
[2026-09-23T18:30:27.253+0000] {processor.py:208} INFO - Processing /home/airflow/.local/lib/python3.12/site-packages/airflow/example_dags/plugins/decreasing_priority_weight_strategy.py took 0.033 seconds
[2026-09-23T18:30:58.979+0000] {processor.py:186} INFO - Started process (PID=14922) to work on /home/airflow/.local/lib/python3.12/site-packages/airflow/example_dags/plugins/decreasing_priority_weight_strategy.py
[2026-09-23T18:30:58.980+0000] {processor.py:914} INFO - Processing file /home/airflow/.local/lib/python3.12/site-packages/airflow/example_dags/plugins/decreasing_priority_weight_strategy.py for tasks to queue
[2026-09-23T18:30:58.983+0000] {logging_mixin.py:190} INFO - [2026-09-23T18:30:58.982+0000] {dagbag.py:588} INFO - Filling up the DagBag from /home/airflow/.local/lib/python3.12/site-packages/airflow/example_dags/plugins/decreasing_priority_weight_strategy.py
[2026-09-23T18:30:58.986+0000] {processor.py:927} WARNING - No viable dags retrieved from /home/airflow/.local/lib/python3.12/site-packages/airflow/example_dags/plugins/decreasing_priority_weight_strategy.py
[2026-09-23T18:30:59.001+0000] {processor.py:208} INFO - Processing /home/airflow/.local/lib/python3.12/site-packages/airflow/example_dags/plugins/decreasing_priority_weight_strategy.py took 0.031 seconds
[2026-09-23T18:31:30.434+0000] {processor.py:186} INFO - Started process (PID=14997) to work on /home/airflow/.local/lib/python3.12/site-packages/airflow/example_dags/plugins/decreasing_priority_weight_strategy.py
[2026-09-23T18:31:30.435+0000] {processor.py:914} INFO - Processing file /home/airflow/.local/lib/python3.12/site-packages/airflow/example_dags/plugins/decreasing_priority_weight_strategy.py for tasks to queue
[2026-09-23T18:31:30.438+0000] {logging_mixin.py:190} INFO - [2026-09-23T18:31:30.438+0000] {dagbag.py:588} INFO - Filling up the DagBag from /home/airflow/.local/lib/python3.12/site-packages/airflow/example_dags/plugins/decreasing_priority_weight_strategy.py
[2026-09-23T18:31:30.444+0000] {processor.py:927} WARNING - No viable dags retrieved from /home/airflow/.local/lib/python3.12/site-packages/airflow/example_dags/plugins/decreasing_priority_weight_strategy.py
[2026-09-23T18:31:30.461+0000] {processor.py:208} INFO - Processing /home/airflow/.local/lib/python3.12/site-packages/airflow/example_dags/plugins/decreasing_priority_weight_strategy.py took 0.037 seconds
[2026-09-23T18:32:01.903+0000] {processor.py:186} INFO - Started process (PID=15071) to work on /home/airflow/.local/lib/python3.12/site-packages/airflow/example_dags/plugins/decreasing_priority_weight_strategy.py
[2026-09-23T18:32:01.905+0000] {processor.py:914} INFO - Processing file /home/airflow/.local/lib/python3.12/site-packages/airflow/example_dags/plugins/decreasing_priority_weight_strategy.py for tasks to queue
[2026-09-23T18:32:01.908+0000] {logging_mixin.py:190} INFO - [2026-09-23T18:32:01.908+0000] {dagbag.py:588} INFO - Filling up the DagBag from /home/airflow/.local/lib/python3.12/site-packages/airflow/example_dags/plugins/decreasing_priority_weight_strategy.py
[2026-09-23T18:32:01.912+0000] {processor.py:927} WARNING - No viable dags retrieved from /home/airflow/.local/lib/python3.12/site-packages/airflow/example_dags/plugins/decreasing_priority_weight_strategy.py
[2026-09-23T18:32:01.930+0000] {processor.py:208} INFO - Processing /home/airflow/.local/lib/python3.12/site-packages/airflow/example_dags/plugins/decreasing_priority_weight_strategy.py took 0.036 seconds
[2026-09-23T18:32:33.889+0000] {processor.py:186} INFO - Started process (PID=15154) to work on /home/airflow/.local/lib/python3.12/site-packages/airflow/example_dags/plugins/decreasing_priority_weight_strategy.py
[2026-09-23T18:32:33.893+0000] {processor.py:914} INFO - Processing file /home/airflow/.local/lib/python3.12/site-packages/airflow/example_dags/plugins/decreasing_priority_weight_strategy.py for tasks to queue
[2026-09-23T18:32:33.899+0000] {logging_mixin.py:190} INFO - [2026-09-23T18:32:33.898+0000] {dagbag.py:588} INFO - Filling up the DagBag from /home/airflow/.local/lib/python3.12/site-packages/airflow/example_dags/plugins/decreasing_priority_weight_strategy.py
[2026-09-23T18:32:33.911+0000] {processor.py:927} WARNING - No viable dags retrieved from /home/airflow/.local/lib/python3.12/site-packages/airflow/example_dags/plugins/decreasing_priority_weight_strategy.py
[2026-09-23T18:32:33.942+0000] {processor.py:208} INFO - Processing /home/airflow/.local/lib/python3.12/site-packages/airflow/example_dags/plugins/decreasing_priority_weight_strategy.py took 0.078 seconds
[2026-09-23T18:33:05.555+0000] {processor.py:186} INFO - Started process (PID=15229) to work on /home/airflow/.local/lib/python3.12/site-packages/airflow/example_dags/plugins/decreasing_priority_weight_strategy.py
[2026-09-23T18:33:05.559+0000] {processor.py:914} INFO - Processing file /home/airflow/.local/lib/python3.12/site-packages/airflow/example_dags/plugins/decreasing_priority_weight_strategy.py for tasks to queue
[2026-09-23T18:33:05.566+0000] {logging_mixin.py:190} INFO - [2026-09-23T18:33:05.564+0000] {dagbag.py:588} INFO - Filling up the DagBag from /home/airflow/.local/lib/python3.12/site-packages/airflow/example_dags/plugins/decreasing_priority_weight_strategy.py
[2026-09-23T18:33:05.571+0000] {processor.py:927} WARNING - No viable dags retrieved from /home/airflow/.local/lib/python3.12/site-packages/airflow/example_dags/plugins/decreasing_priority_weight_strategy.py
[2026-09-23T18:33:05.591+0000] {processor.py:208} INFO - Processing /home/airflow/.local/lib/python3.12/site-packages/airflow/example_dags/plugins/decreasing_priority_weight_strategy.py took 0.047 seconds
[2026-09-23T18:33:37.343+0000] {processor.py:186} INFO - Started process (PID=15303) to work on /home/airflow/.local/lib/python3.12/site-packages/airflow/example_dags/plugins/decreasing_priority_weight_strategy.py
[2026-09-23T18:33:37.344+0000] {processor.py:914} INFO - Processing file /home/airflow/.local/lib/python3.12/site-packages/airflow/example_dags/plugins/decreasing_priority_weight_strategy.py for tasks to queue
[2026-09-23T18:33:37.347+0000] {logging_mixin.py:190} INFO - [2026-09-23T18:33:37.347+0000] {dagbag.py:588} INFO - Filling up the DagBag from /home/airflow/.local/lib/python3.12/site-packages/airflow/example_dags/plugins/decreasing_priority_weight_strategy.py
[2026-09-23T18:33:37.351+0000] {processor.py:927} WARNING - No viable dags retrieved from /home/airflow/.local/lib/python3.12/site-packages/airflow/example_dags/plugins/decreasing_priority_weight_strategy.py
[2026-09-23T18:33:37.366+0000] {processor.py:208} INFO - Processing /home/airflow/.local/lib/python3.12/site-packages/airflow/example_dags/plugins/decreasing_priority_weight_strategy.py took 0.032 seconds
[2026-09-23T18:34:08.722+0000] {processor.py:186} INFO - Started process (PID=15377) to work on /home/airflow/.local/lib/python3.12/site-packages/airflow/example_dags/plugins/decreasing_priority_weight_strategy.py
[2026-09-23T18:34:08.724+0000] {processor.py:914} INFO - Processing file /home/airflow/.local/lib/python3.12/site-packages/airflow/example_dags/plugins/decreasing_priority_weight_strategy.py for tasks to queue
[2026-09-23T18:34:08.727+0000] {logging_mixin.py:190} INFO - [2026-09-23T18:34:08.727+0000] {dagbag.py:588} INFO - Filling up the DagBag from /home/airflow/.local/lib/python3.12/site-packages/airflow/example_dags/plugins/decreasing_priority_weight_strategy.py
[2026-09-23T18:34:08.731+0000] {processor.py:927} WARNING - No viable dags retrieved from /home/airflow/.local/lib/python3.12/site-packages/airflow/example_dags/plugins/decreasing_priority_weight_strategy.py
[2026-09-23T18:34:08.753+0000] {processor.py:208} INFO - Processing /home/airflow/.local/lib/python3.12/site-packages/airflow/example_dags/plugins/decreasing_priority_weight_strategy.py took 0.039 seconds
[2026-09-23T18:34:40.225+0000] {processor.py:186} INFO - Started process (PID=15451) to work on /home/airflow/.local/lib/python3.12/site-packages/airflow/example_dags/plugins/decreasing_priority_weight_strategy.py
[2026-09-23T18:34:40.225+0000] {processor.py:914} INFO - Processing file /home/airflow/.local/lib/python3.12/site-packages/airflow/example_dags/plugins/decreasing_priority_weight_strategy.py for tasks to queue
[2026-09-23T18:34:40.228+0000] {logging_mixin.py:190} INFO - [2026-09-23T18:34:40.228+0000] {dagbag.py:588} INFO - Filling up the DagBag from /home/airflow/.local/lib/python3.12/site-packages/airflow/example_dags/plugins/decreasing_priority_weight_strategy.py
[2026-09-23T18:34:40.231+0000] {processor.py:927} WARNING - No viable dags retrieved from /home/airflow/.local/lib/python3.12/site-packages/airflow/example_dags/plugins/decreasing_priority_weight_strategy.py
[2026-09-23T18:34:40.246+0000] {processor.py:208} INFO - Processing /home/airflow/.local/lib/python3.12/site-packages/airflow/example_dags/plugins/decreasing_priority_weight_strategy.py took 0.030 seconds
[2026-09-23T18:35:10.931+0000] {processor.py:186} INFO - Started process (PID=15525) to work on /home/airflow/.local/lib/python3.12/site-packages/airflow/example_dags/plugins/decreasing_priority_weight_strategy.py
[2026-09-23T18:35:10.932+0000] {processor.py:914} INFO - Processing file /home/airflow/.local/lib/python3.12/site-packages/airflow/example_dags/plugins/decreasing_priority_weight_strategy.py for tasks to queue
[2026-09-23T18:35:10.935+0000] {logging_mixin.py:190} INFO - [2026-09-23T18:35:10.934+0000] {dagbag.py:588} INFO - Filling up the DagBag from /home/airflow/.local/lib/python3.12/site-packages/airflow/example_dags/plugins/decreasing_priority_weight_strategy.py
[2026-09-23T18:35:10.937+0000] {processor.py:927} WARNING - No viable dags retrieved from /home/airflow/.local/lib/python3.12/site-packages/airflow/example_dags/plugins/decreasing_priority_weight_strategy.py
[2026-09-23T18:35:10.952+0000] {processor.py:208} INFO - Processing /home/airflow/.local/lib/python3.12/site-packages/airflow/example_dags/plugins/decreasing_priority_weight_strategy.py took 0.029 seconds
[2026-09-23T18:35:42.051+0000] {processor.py:186} INFO - Started process (PID=15599) to work on /home/airflow/.local/lib/python3.12/site-packages/airflow/example_dags/plugins/decreasing_priority_weight_strategy.py
[2026-09-23T18:35:42.053+0000] {processor.py:914} INFO - Processing file /home/airflow/.local/lib/python3.12/site-packages/airflow/example_dags/plugins/decreasing_priority_weight_strategy.py for tasks to queue
[2026-09-23T18:35:42.057+0000] {logging_mixin.py:190} INFO - [2026-09-23T18:35:42.056+0000] {dagbag.py:588} INFO - Filling up the DagBag from /home/airflow/.local/lib/python3.12/site-packages/airflow/example_dags/plugins/decreasing_priority_weight_strategy.py
[2026-09-23T18:35:42.061+0000] {processor.py:927} WARNING - No viable dags retrieved from /home/airflow/.local/lib/python3.12/site-packages/airflow/example_dags/plugins/decreasing_priority_weight_strategy.py
[2026-09-23T18:35:42.076+0000] {processor.py:208} INFO - Processing /home/airflow/.local/lib/python3.12/site-packages/airflow/example_dags/plugins/decreasing_priority_weight_strategy.py took 0.035 seconds
[2026-09-23T18:36:12.256+0000] {processor.py:186} INFO - Started process (PID=15673) to work on /home/airflow/.local/lib/python3.12/site-packages/airflow/example_dags/plugins/decreasing_priority_weight_strategy.py
[2026-09-23T18:36:12.258+0000] {processor.py:914} INFO - Processing file /home/airflow/.local/lib/python3.12/site-packages/airflow/example_dags/plugins/decreasing_priority_weight_strategy.py for tasks to queue
[2026-09-23T18:36:12.261+0000] {logging_mixin.py:190} INFO - [2026-09-23T18:36:12.260+0000] {dagbag.py:588} INFO - Filling up the DagBag from /home/airflow/.local/lib/python3.12/site-packages/airflow/example_dags/plugins/decreasing_priority_weight_strategy.py
[2026-09-23T18:36:12.264+0000] {processor.py:927} WARNING - No viable dags retrieved from /home/airflow/.local/lib/python3.12/site-packages/airflow/example_dags/plugins/decreasing_priority_weight_strategy.py
[2026-09-23T18:36:12.279+0000] {processor.py:208} INFO - Processing /home/airflow/.local/lib/python3.12/site-packages/airflow/example_dags/plugins/decreasing_priority_weight_strategy.py took 0.032 seconds
[2026-09-23T18:36:42.366+0000] {processor.py:186} INFO - Started process (PID=15746) to work on /home/airflow/.local/lib/python3.12/site-packages/airflow/example_dags/plugins/decreasing_priority_weight_strategy.py
[2026-09-23T18:36:42.367+0000] {processor.py:914} INFO - Processing file /home/airflow/.local/lib/python3.12/site-packages/airflow/example_dags/plugins/decreasing_priority_weight_strategy.py for tasks to queue
[2026-09-23T18:36:42.369+0000] {logging_mixin.py:190} INFO - [2026-09-23T18:36:42.369+0000] {dagbag.py:588} INFO - Filling up the DagBag from /home/airflow/.local/lib/python3.12/site-packages/airflow/example_dags/plugins/decreasing_priority_weight_strategy.py
[2026-09-23T18:36:42.372+0000] {processor.py:927} WARNING - No viable dags retrieved from /home/airflow/.local/lib/python3.12/site-packages/airflow/example_dags/plugins/decreasing_priority_weight_strategy.py
[2026-09-23T18:36:42.386+0000] {processor.py:208} INFO - Processing /home/airflow/.local/lib/python3.12/site-packages/airflow/example_dags/plugins/decreasing_priority_weight_strategy.py took 0.028 seconds
[2026-09-23T18:37:12.614+0000] {processor.py:186} INFO - Started process (PID=15820) to work on /home/airflow/.local/lib/python3.12/site-packages/airflow/example_dags/plugins/decreasing_priority_weight_strategy.py
[2026-09-23T18:37:12.615+0000] {processor.py:914} INFO - Processing file /home/airflow/.local/lib/python3.12/site-packages/airflow/example_dags/plugins/decreasing_priority_weight_strategy.py for tasks to queue
[2026-09-23T18:37:12.618+0000] {logging_mixin.py:190} INFO - [2026-09-23T18:37:12.617+0000] {dagbag.py:588} INFO - Filling up the DagBag from /home/airflow/.local/lib/python3.12/site-packages/airflow/example_dags/plugins/decreasing_priority_weight_strategy.py
[2026-09-23T18:37:12.620+0000] {processor.py:927} WARNING - No viable dags retrieved from /home/airflow/.local/lib/python3.12/site-packages/airflow/example_dags/plugins/decreasing_priority_weight_strategy.py
[2026-09-23T18:37:12.636+0000] {processor.py:208} INFO - Processing /home/airflow/.local/lib/python3.12/site-packages/airflow/example_dags/plugins/decreasing_priority_weight_strategy.py took 0.031 seconds
[2026-09-23T18:37:43.058+0000] {processor.py:186} INFO - Started process (PID=15894) to work on /home/airflow/.local/lib/python3.12/site-packages/airflow/example_dags/plugins/decreasing_priority_weight_strategy.py
[2026-09-23T18:37:43.058+0000] {processor.py:914} INFO - Processing file /home/airflow/.local/lib/python3.12/site-packages/airflow/example_dags/plugins/decreasing_priority_weight_strategy.py for tasks to queue
[2026-09-23T18:37:43.061+0000] {logging_mixin.py:190} INFO - [2026-09-23T18:37:43.061+0000] {dagbag.py:588} INFO - Filling up the DagBag from /home/airflow/.local/lib/python3.12/site-packages/airflow/example_dags/plugins/decreasing_priority_weight_strategy.py
[2026-09-23T18:37:43.064+0000] {processor.py:927} WARNING - No viable dags retrieved from /home/airflow/.local/lib/python3.12/site-packages/airflow/example_dags/plugins/decreasing_priority_weight_strategy.py
[2026-09-23T18:37:43.078+0000] {processor.py:208} INFO - Processing /home/airflow/.local/lib/python3.12/site-packages/airflow/example_dags/plugins/decreasing_priority_weight_strategy.py took 0.029 seconds
[2026-09-23T18:38:13.553+0000] {processor.py:186} INFO - Started process (PID=15968) to work on /home/airflow/.local/lib/python3.12/site-packages/airflow/example_dags/plugins/decreasing_priority_weight_strategy.py
[2026-09-23T18:38:13.555+0000] {processor.py:914} INFO - Processing file /home/airflow/.local/lib/python3.12/site-packages/airflow/example_dags/plugins/decreasing_priority_weight_strategy.py for tasks to queue
[2026-09-23T18:38:13.558+0000] {logging_mixin.py:190} INFO - [2026-09-23T18:38:13.557+0000] {dagbag.py:588} INFO - Filling up the DagBag from /home/airflow/.local/lib/python3.12/site-packages/airflow/example_dags/plugins/decreasing_priority_weight_strategy.py
[2026-09-23T18:38:13.561+0000] {processor.py:927} WARNING - No viable dags retrieved from /home/airflow/.local/lib/python3.12/site-packages/airflow/example_dags/plugins/decreasing_priority_weight_strategy.py
[2026-09-23T18:38:13.579+0000] {processor.py:208} INFO - Processing /home/airflow/.local/lib/python3.12/site-packages/airflow/example_dags/plugins/decreasing_priority_weight_strategy.py took 0.035 seconds
[2026-09-23T18:38:43.855+0000] {processor.py:186} INFO - Started process (PID=16042) to work on /home/airflow/.local/lib/python3.12/site-packages/airflow/example_dags/plugins/decreasing_priority_weight_strategy.py
[2026-09-23T18:38:43.856+0000] {processor.py:914} INFO - Processing file /home/airflow/.local/lib/python3.12/site-packages/airflow/example_dags/plugins/decreasing_priority_weight_strategy.py for tasks to queue
[2026-09-23T18:38:43.858+0000] {logging_mixin.py:190} INFO - [2026-09-23T18:38:43.858+0000] {dagbag.py:588} INFO - Filling up the DagBag from /home/airflow/.local/lib/python3.12/site-packages/airflow/example_dags/plugins/decreasing_priority_weight_strategy.py
[2026-09-23T18:38:43.861+0000] {processor.py:927} WARNING - No viable dags retrieved from /home/airflow/.local/lib/python3.12/site-packages/airflow/example_dags/plugins/decreasing_priority_weight_strategy.py
[2026-09-23T18:38:43.874+0000] {processor.py:208} INFO - Processing /home/airflow/.local/lib/python3.12/site-packages/airflow/example_dags/plugins/decreasing_priority_weight_strategy.py took 0.028 seconds
[2026-09-23T18:39:14.296+0000] {processor.py:186} INFO - Started process (PID=16116) to work on /home/airflow/.local/lib/python3.12/site-packages/airflow/example_dags/plugins/decreasing_priority_weight_strategy.py
[2026-09-23T18:39:14.297+0000] {processor.py:914} INFO - Processing file /home/airflow/.local/lib/python3.12/site-packages/airflow/example_dags/plugins/decreasing_priority_weight_strategy.py for tasks to queue
[2026-09-23T18:39:14.300+0000] {logging_mixin.py:190} INFO - [2026-09-23T18:39:14.300+0000] {dagbag.py:588} INFO - Filling up the DagBag from /home/airflow/.local/lib/python3.12/site-packages/airflow/example_dags/plugins/decreasing_priority_weight_strategy.py
[2026-09-23T18:39:14.304+0000] {processor.py:927} WARNING - No viable dags retrieved from /home/airflow/.local/lib/python3.12/site-packages/airflow/example_dags/plugins/decreasing_priority_weight_strategy.py
[2026-09-23T18:39:14.317+0000] {processor.py:208} INFO - Processing /home/airflow/.local/lib/python3.12/site-packages/airflow/example_dags/plugins/decreasing_priority_weight_strategy.py took 0.030 seconds
[2026-09-23T18:39:44.440+0000] {processor.py:186} INFO - Started process (PID=16190) to work on /home/airflow/.local/lib/python3.12/site-packages/airflow/example_dags/plugins/decreasing_priority_weight_strategy.py
[2026-09-23T18:39:44.441+0000] {processor.py:914} INFO - Processing file /home/airflow/.local/lib/python3.12/site-packages/airflow/example_dags/plugins/decreasing_priority_weight_strategy.py for tasks to queue
[2026-09-23T18:39:44.444+0000] {logging_mixin.py:190} INFO - [2026-09-23T18:39:44.443+0000] {dagbag.py:588} INFO - Filling up the DagBag from /home/airflow/.local/lib/python3.12/site-packages/airflow/example_dags/plugins/decreasing_priority_weight_strategy.py
[2026-09-23T18:39:44.448+0000] {processor.py:927} WARNING - No viable dags retrieved from /home/airflow/.local/lib/python3.12/site-packages/airflow/example_dags/plugins/decreasing_priority_weight_strategy.py
[2026-09-23T18:39:44.467+0000] {processor.py:208} INFO - Processing /home/airflow/.local/lib/python3.12/site-packages/airflow/example_dags/plugins/decreasing_priority_weight_strategy.py took 0.037 seconds
[2026-09-23T18:40:14.849+0000] {processor.py:186} INFO - Started process (PID=16264) to work on /home/airflow/.local/lib/python3.12/site-packages/airflow/example_dags/plugins/decreasing_priority_weight_strategy.py
[2026-09-23T18:40:14.850+0000] {processor.py:914} INFO - Processing file /home/airflow/.local/lib/python3.12/site-packages/airflow/example_dags/plugins/decreasing_priority_weight_strategy.py for tasks to queue
[2026-09-23T18:40:14.853+0000] {logging_mixin.py:190} INFO - [2026-09-23T18:40:14.852+0000] {dagbag.py:588} INFO - Filling up the DagBag from /home/airflow/.local/lib/python3.12/site-packages/airflow/example_dags/plugins/decreasing_priority_weight_strategy.py
[2026-09-23T18:40:14.857+0000] {processor.py:927} WARNING - No viable dags retrieved from /home/airflow/.local/lib/python3.12/site-packages/airflow/example_dags/plugins/decreasing_priority_weight_strategy.py
[2026-09-23T18:40:14.871+0000] {processor.py:208} INFO - Processing /home/airflow/.local/lib/python3.12/site-packages/airflow/example_dags/plugins/decreasing_priority_weight_strategy.py took 0.032 seconds
[2026-09-23T18:40:45.269+0000] {processor.py:186} INFO - Started process (PID=16338) to work on /home/airflow/.local/lib/python3.12/site-packages/airflow/example_dags/plugins/decreasing_priority_weight_strategy.py
[2026-09-23T18:40:45.270+0000] {processor.py:914} INFO - Processing file /home/airflow/.local/lib/python3.12/site-packages/airflow/example_dags/plugins/decreasing_priority_weight_strategy.py for tasks to queue
[2026-09-23T18:40:45.273+0000] {logging_mixin.py:190} INFO - [2026-09-23T18:40:45.272+0000] {dagbag.py:588} INFO - Filling up the DagBag from /home/airflow/.local/lib/python3.12/site-packages/airflow/example_dags/plugins/decreasing_priority_weight_strategy.py
[2026-09-23T18:40:45.276+0000] {processor.py:927} WARNING - No viable dags retrieved from /home/airflow/.local/lib/python3.12/site-packages/airflow/example_dags/plugins/decreasing_priority_weight_strategy.py
[2026-09-23T18:40:45.291+0000] {processor.py:208} INFO - Processing /home/airflow/.local/lib/python3.12/site-packages/airflow/example_dags/plugins/decreasing_priority_weight_strategy.py took 0.032 seconds
[2026-09-23T18:41:15.363+0000] {processor.py:186} INFO - Started process (PID=16411) to work on /home/airflow/.local/lib/python3.12/site-packages/airflow/example_dags/plugins/decreasing_priority_weight_strategy.py
[2026-09-23T18:41:15.364+0000] {processor.py:914} INFO - Processing file /home/airflow/.local/lib/python3.12/site-packages/airflow/example_dags/plugins/decreasing_priority_weight_strategy.py for tasks to queue
[2026-09-23T18:41:15.368+0000] {logging_mixin.py:190} INFO - [2026-09-23T18:41:15.367+0000] {dagbag.py:588} INFO - Filling up the DagBag from /home/airflow/.local/lib/python3.12/site-packages/airflow/example_dags/plugins/decreasing_priority_weight_strategy.py
[2026-09-23T18:41:15.372+0000] {processor.py:927} WARNING - No viable dags retrieved from /home/airflow/.local/lib/python3.12/site-packages/airflow/example_dags/plugins/decreasing_priority_weight_strategy.py
[2026-09-23T18:41:15.390+0000] {processor.py:208} INFO - Processing /home/airflow/.local/lib/python3.12/site-packages/airflow/example_dags/plugins/decreasing_priority_weight_strategy.py took 0.039 seconds
[2026-09-23T18:41:45.957+0000] {processor.py:186} INFO - Started process (PID=16485) to work on /home/airflow/.local/lib/python3.12/site-packages/airflow/example_dags/plugins/decreasing_priority_weight_strategy.py
[2026-09-23T18:41:45.958+0000] {processor.py:914} INFO - Processing file /home/airflow/.local/lib/python3.12/site-packages/airflow/example_dags/plugins/decreasing_priority_weight_strategy.py for tasks to queue
[2026-09-23T18:41:45.961+0000] {logging_mixin.py:190} INFO - [2026-09-23T18:41:45.961+0000] {dagbag.py:588} INFO - Filling up the DagBag from /home/airflow/.local/lib/python3.12/site-packages/airflow/example_dags/plugins/decreasing_priority_weight_strategy.py
[2026-09-23T18:41:45.964+0000] {processor.py:927} WARNING - No viable dags retrieved from /home/airflow/.local/lib/python3.12/site-packages/airflow/example_dags/plugins/decreasing_priority_weight_strategy.py
[2026-09-23T18:41:45.980+0000] {processor.py:208} INFO - Processing /home/airflow/.local/lib/python3.12/site-packages/airflow/example_dags/plugins/decreasing_priority_weight_strategy.py took 0.033 seconds
[2026-09-23T18:42:16.076+0000] {processor.py:186} INFO - Started process (PID=16559) to work on /home/airflow/.local/lib/python3.12/site-packages/airflow/example_dags/plugins/decreasing_priority_weight_strategy.py
[2026-09-23T18:42:16.077+0000] {processor.py:914} INFO - Processing file /home/airflow/.local/lib/python3.12/site-packages/airflow/example_dags/plugins/decreasing_priority_weight_strategy.py for tasks to queue
[2026-09-23T18:42:16.081+0000] {logging_mixin.py:190} INFO - [2026-09-23T18:42:16.080+0000] {dagbag.py:588} INFO - Filling up the DagBag from /home/airflow/.local/lib/python3.12/site-packages/airflow/example_dags/plugins/decreasing_priority_weight_strategy.py
[2026-09-23T18:42:16.084+0000] {processor.py:927} WARNING - No viable dags retrieved from /home/airflow/.local/lib/python3.12/site-packages/airflow/example_dags/plugins/decreasing_priority_weight_strategy.py
[2026-09-23T18:42:16.103+0000] {processor.py:208} INFO - Processing /home/airflow/.local/lib/python3.12/site-packages/airflow/example_dags/plugins/decreasing_priority_weight_strategy.py took 0.036 seconds
[2026-09-23T18:42:46.758+0000] {processor.py:186} INFO - Started process (PID=16633) to work on /home/airflow/.local/lib/python3.12/site-packages/airflow/example_dags/plugins/decreasing_priority_weight_strategy.py
[2026-09-23T18:42:46.759+0000] {processor.py:914} INFO - Processing file /home/airflow/.local/lib/python3.12/site-packages/airflow/example_dags/plugins/decreasing_priority_weight_strategy.py for tasks to queue
[2026-09-23T18:42:46.762+0000] {logging_mixin.py:190} INFO - [2026-09-23T18:42:46.762+0000] {dagbag.py:588} INFO - Filling up the DagBag from /home/airflow/.local/lib/python3.12/site-packages/airflow/example_dags/plugins/decreasing_priority_weight_strategy.py
[2026-09-23T18:42:46.765+0000] {processor.py:927} WARNING - No viable dags retrieved from /home/airflow/.local/lib/python3.12/site-packages/airflow/example_dags/plugins/decreasing_priority_weight_strategy.py
[2026-09-23T18:42:46.781+0000] {processor.py:208} INFO - Processing /home/airflow/.local/lib/python3.12/site-packages/airflow/example_dags/plugins/decreasing_priority_weight_strategy.py took 0.031 seconds
[2026-09-23T18:43:17.208+0000] {processor.py:186} INFO - Started process (PID=16706) to work on /home/airflow/.local/lib/python3.12/site-packages/airflow/example_dags/plugins/decreasing_priority_weight_strategy.py
[2026-09-23T18:43:17.209+0000] {processor.py:914} INFO - Processing file /home/airflow/.local/lib/python3.12/site-packages/airflow/example_dags/plugins/decreasing_priority_weight_strategy.py for tasks to queue
[2026-09-23T18:43:17.212+0000] {logging_mixin.py:190} INFO - [2026-09-23T18:43:17.211+0000] {dagbag.py:588} INFO - Filling up the DagBag from /home/airflow/.local/lib/python3.12/site-packages/airflow/example_dags/plugins/decreasing_priority_weight_strategy.py
[2026-09-23T18:43:17.216+0000] {processor.py:927} WARNING - No viable dags retrieved from /home/airflow/.local/lib/python3.12/site-packages/airflow/example_dags/plugins/decreasing_priority_weight_strategy.py
[2026-09-23T18:43:17.233+0000] {processor.py:208} INFO - Processing /home/airflow/.local/lib/python3.12/site-packages/airflow/example_dags/plugins/decreasing_priority_weight_strategy.py took 0.035 seconds
[2026-09-23T18:43:47.417+0000] {processor.py:186} INFO - Started process (PID=16779) to work on /home/airflow/.local/lib/python3.12/site-packages/airflow/example_dags/plugins/decreasing_priority_weight_strategy.py
[2026-09-23T18:43:47.418+0000] {processor.py:914} INFO - Processing file /home/airflow/.local/lib/python3.12/site-packages/airflow/example_dags/plugins/decreasing_priority_weight_strategy.py for tasks to queue
[2026-09-23T18:43:47.421+0000] {logging_mixin.py:190} INFO - [2026-09-23T18:43:47.421+0000] {dagbag.py:588} INFO - Filling up the DagBag from /home/airflow/.local/lib/python3.12/site-packages/airflow/example_dags/plugins/decreasing_priority_weight_strategy.py
[2026-09-23T18:43:47.425+0000] {processor.py:927} WARNING - No viable dags retrieved from /home/airflow/.local/lib/python3.12/site-packages/airflow/example_dags/plugins/decreasing_priority_weight_strategy.py
[2026-09-23T18:43:47.442+0000] {processor.py:208} INFO - Processing /home/airflow/.local/lib/python3.12/site-packages/airflow/example_dags/plugins/decreasing_priority_weight_strategy.py took 0.035 seconds
[2026-09-23T18:44:17.809+0000] {processor.py:186} INFO - Started process (PID=16853) to work on /home/airflow/.local/lib/python3.12/site-packages/airflow/example_dags/plugins/decreasing_priority_weight_strategy.py
[2026-09-23T18:44:17.810+0000] {processor.py:914} INFO - Processing file /home/airflow/.local/lib/python3.12/site-packages/airflow/example_dags/plugins/decreasing_priority_weight_strategy.py for tasks to queue
[2026-09-23T18:44:17.813+0000] {logging_mixin.py:190} INFO - [2026-09-23T18:44:17.813+0000] {dagbag.py:588} INFO - Filling up the DagBag from /home/airflow/.local/lib/python3.12/site-packages/airflow/example_dags/plugins/decreasing_priority_weight_strategy.py
[2026-09-23T18:44:17.818+0000] {processor.py:927} WARNING - No viable dags retrieved from /home/airflow/.local/lib/python3.12/site-packages/airflow/example_dags/plugins/decreasing_priority_weight_strategy.py
[2026-09-23T18:44:17.834+0000] {processor.py:208} INFO - Processing /home/airflow/.local/lib/python3.12/site-packages/airflow/example_dags/plugins/decreasing_priority_weight_strategy.py took 0.036 seconds
[2026-09-23T18:44:48.105+0000] {processor.py:186} INFO - Started process (PID=16927) to work on /home/airflow/.local/lib/python3.12/site-packages/airflow/example_dags/plugins/decreasing_priority_weight_strategy.py
[2026-09-23T18:44:48.106+0000] {processor.py:914} INFO - Processing file /home/airflow/.local/lib/python3.12/site-packages/airflow/example_dags/plugins/decreasing_priority_weight_strategy.py for tasks to queue
[2026-09-23T18:44:48.110+0000] {logging_mixin.py:190} INFO - [2026-09-23T18:44:48.109+0000] {dagbag.py:588} INFO - Filling up the DagBag from /home/airflow/.local/lib/python3.12/site-packages/airflow/example_dags/plugins/decreasing_priority_weight_strategy.py
[2026-09-23T18:44:48.113+0000] {processor.py:927} WARNING - No viable dags retrieved from /home/airflow/.local/lib/python3.12/site-packages/airflow/example_dags/plugins/decreasing_priority_weight_strategy.py
[2026-09-23T18:44:48.130+0000] {processor.py:208} INFO - Processing /home/airflow/.local/lib/python3.12/site-packages/airflow/example_dags/plugins/decreasing_priority_weight_strategy.py took 0.035 seconds
[2026-09-23T18:45:18.691+0000] {processor.py:186} INFO - Started process (PID=17001) to work on /home/airflow/.local/lib/python3.12/site-packages/airflow/example_dags/plugins/decreasing_priority_weight_strategy.py
[2026-09-23T18:45:18.693+0000] {processor.py:914} INFO - Processing file /home/airflow/.local/lib/python3.12/site-packages/airflow/example_dags/plugins/decreasing_priority_weight_strategy.py for tasks to queue
[2026-09-23T18:45:18.696+0000] {logging_mixin.py:190} INFO - [2026-09-23T18:45:18.696+0000] {dagbag.py:588} INFO - Filling up the DagBag from /home/airflow/.local/lib/python3.12/site-packages/airflow/example_dags/plugins/decreasing_priority_weight_strategy.py
[2026-09-23T18:45:18.700+0000] {processor.py:927} WARNING - No viable dags retrieved from /home/airflow/.local/lib/python3.12/site-packages/airflow/example_dags/plugins/decreasing_priority_weight_strategy.py
[2026-09-23T18:45:18.715+0000] {processor.py:208} INFO - Processing /home/airflow/.local/lib/python3.12/site-packages/airflow/example_dags/plugins/decreasing_priority_weight_strategy.py took 0.033 seconds
[2026-09-23T18:45:49.260+0000] {processor.py:186} INFO - Started process (PID=17074) to work on /home/airflow/.local/lib/python3.12/site-packages/airflow/example_dags/plugins/decreasing_priority_weight_strategy.py
[2026-09-23T18:45:49.261+0000] {processor.py:914} INFO - Processing file /home/airflow/.local/lib/python3.12/site-packages/airflow/example_dags/plugins/decreasing_priority_weight_strategy.py for tasks to queue
[2026-09-23T18:45:49.265+0000] {logging_mixin.py:190} INFO - [2026-09-23T18:45:49.264+0000] {dagbag.py:588} INFO - Filling up the DagBag from /home/airflow/.local/lib/python3.12/site-packages/airflow/example_dags/plugins/decreasing_priority_weight_strategy.py
[2026-09-23T18:45:49.268+0000] {processor.py:927} WARNING - No viable dags retrieved from /home/airflow/.local/lib/python3.12/site-packages/airflow/example_dags/plugins/decreasing_priority_weight_strategy.py
[2026-09-23T18:45:49.283+0000] {processor.py:208} INFO - Processing /home/airflow/.local/lib/python3.12/site-packages/airflow/example_dags/plugins/decreasing_priority_weight_strategy.py took 0.033 seconds
[2026-09-23T18:46:19.510+0000] {processor.py:186} INFO - Started process (PID=17148) to work on /home/airflow/.local/lib/python3.12/site-packages/airflow/example_dags/plugins/decreasing_priority_weight_strategy.py
[2026-09-23T18:46:19.512+0000] {processor.py:914} INFO - Processing file /home/airflow/.local/lib/python3.12/site-packages/airflow/example_dags/plugins/decreasing_priority_weight_strategy.py for tasks to queue
[2026-09-23T18:46:19.516+0000] {logging_mixin.py:190} INFO - [2026-09-23T18:46:19.515+0000] {dagbag.py:588} INFO - Filling up the DagBag from /home/airflow/.local/lib/python3.12/site-packages/airflow/example_dags/plugins/decreasing_priority_weight_strategy.py
[2026-09-23T18:46:19.519+0000] {processor.py:927} WARNING - No viable dags retrieved from /home/airflow/.local/lib/python3.12/site-packages/airflow/example_dags/plugins/decreasing_priority_weight_strategy.py
[2026-09-23T18:46:19.536+0000] {processor.py:208} INFO - Processing /home/airflow/.local/lib/python3.12/site-packages/airflow/example_dags/plugins/decreasing_priority_weight_strategy.py took 0.035 seconds
[2026-09-23T18:46:51.004+0000] {processor.py:186} INFO - Started process (PID=17223) to work on /home/airflow/.local/lib/python3.12/site-packages/airflow/example_dags/plugins/decreasing_priority_weight_strategy.py
[2026-09-23T18:46:51.005+0000] {processor.py:914} INFO - Processing file /home/airflow/.local/lib/python3.12/site-packages/airflow/example_dags/plugins/decreasing_priority_weight_strategy.py for tasks to queue
[2026-09-23T18:46:51.009+0000] {logging_mixin.py:190} INFO - [2026-09-23T18:46:51.008+0000] {dagbag.py:588} INFO - Filling up the DagBag from /home/airflow/.local/lib/python3.12/site-packages/airflow/example_dags/plugins/decreasing_priority_weight_strategy.py
[2026-09-23T18:46:51.013+0000] {processor.py:927} WARNING - No viable dags retrieved from /home/airflow/.local/lib/python3.12/site-packages/airflow/example_dags/plugins/decreasing_priority_weight_strategy.py
[2026-09-23T18:46:51.034+0000] {processor.py:208} INFO - Processing /home/airflow/.local/lib/python3.12/site-packages/airflow/example_dags/plugins/decreasing_priority_weight_strategy.py took 0.042 seconds
[2026-09-23T18:47:22.842+0000] {processor.py:186} INFO - Started process (PID=17297) to work on /home/airflow/.local/lib/python3.12/site-packages/airflow/example_dags/plugins/decreasing_priority_weight_strategy.py
[2026-09-23T18:47:22.844+0000] {processor.py:914} INFO - Processing file /home/airflow/.local/lib/python3.12/site-packages/airflow/example_dags/plugins/decreasing_priority_weight_strategy.py for tasks to queue
[2026-09-23T18:47:22.848+0000] {logging_mixin.py:190} INFO - [2026-09-23T18:47:22.847+0000] {dagbag.py:588} INFO - Filling up the DagBag from /home/airflow/.local/lib/python3.12/site-packages/airflow/example_dags/plugins/decreasing_priority_weight_strategy.py
[2026-09-23T18:47:22.851+0000] {processor.py:927} WARNING - No viable dags retrieved from /home/airflow/.local/lib/python3.12/site-packages/airflow/example_dags/plugins/decreasing_priority_weight_strategy.py
[2026-09-23T18:47:22.870+0000] {processor.py:208} INFO - Processing /home/airflow/.local/lib/python3.12/site-packages/airflow/example_dags/plugins/decreasing_priority_weight_strategy.py took 0.037 seconds
[2026-09-23T18:47:53.835+0000] {processor.py:186} INFO - Started process (PID=17371) to work on /home/airflow/.local/lib/python3.12/site-packages/airflow/example_dags/plugins/decreasing_priority_weight_strategy.py
[2026-09-23T18:47:53.836+0000] {processor.py:914} INFO - Processing file /home/airflow/.local/lib/python3.12/site-packages/airflow/example_dags/plugins/decreasing_priority_weight_strategy.py for tasks to queue
[2026-09-23T18:47:53.839+0000] {logging_mixin.py:190} INFO - [2026-09-23T18:47:53.839+0000] {dagbag.py:588} INFO - Filling up the DagBag from /home/airflow/.local/lib/python3.12/site-packages/airflow/example_dags/plugins/decreasing_priority_weight_strategy.py
[2026-09-23T18:47:53.843+0000] {processor.py:927} WARNING - No viable dags retrieved from /home/airflow/.local/lib/python3.12/site-packages/airflow/example_dags/plugins/decreasing_priority_weight_strategy.py
[2026-09-23T18:47:53.862+0000] {processor.py:208} INFO - Processing /home/airflow/.local/lib/python3.12/site-packages/airflow/example_dags/plugins/decreasing_priority_weight_strategy.py took 0.037 seconds
[2026-09-23T18:48:25.230+0000] {processor.py:186} INFO - Started process (PID=17445) to work on /home/airflow/.local/lib/python3.12/site-packages/airflow/example_dags/plugins/decreasing_priority_weight_strategy.py
[2026-09-23T18:48:25.233+0000] {processor.py:914} INFO - Processing file /home/airflow/.local/lib/python3.12/site-packages/airflow/example_dags/plugins/decreasing_priority_weight_strategy.py for tasks to queue
[2026-09-23T18:48:25.236+0000] {logging_mixin.py:190} INFO - [2026-09-23T18:48:25.236+0000] {dagbag.py:588} INFO - Filling up the DagBag from /home/airflow/.local/lib/python3.12/site-packages/airflow/example_dags/plugins/decreasing_priority_weight_strategy.py
[2026-09-23T18:48:25.240+0000] {processor.py:927} WARNING - No viable dags retrieved from /home/airflow/.local/lib/python3.12/site-packages/airflow/example_dags/plugins/decreasing_priority_weight_strategy.py
[2026-09-23T18:48:25.260+0000] {processor.py:208} INFO - Processing /home/airflow/.local/lib/python3.12/site-packages/airflow/example_dags/plugins/decreasing_priority_weight_strategy.py took 0.041 seconds
[2026-09-23T18:48:56.662+0000] {processor.py:186} INFO - Started process (PID=17519) to work on /home/airflow/.local/lib/python3.12/site-packages/airflow/example_dags/plugins/decreasing_priority_weight_strategy.py
[2026-09-23T18:48:56.664+0000] {processor.py:914} INFO - Processing file /home/airflow/.local/lib/python3.12/site-packages/airflow/example_dags/plugins/decreasing_priority_weight_strategy.py for tasks to queue
[2026-09-23T18:48:56.668+0000] {logging_mixin.py:190} INFO - [2026-09-23T18:48:56.667+0000] {dagbag.py:588} INFO - Filling up the DagBag from /home/airflow/.local/lib/python3.12/site-packages/airflow/example_dags/plugins/decreasing_priority_weight_strategy.py
[2026-09-23T18:48:56.672+0000] {processor.py:927} WARNING - No viable dags retrieved from /home/airflow/.local/lib/python3.12/site-packages/airflow/example_dags/plugins/decreasing_priority_weight_strategy.py
[2026-09-23T18:48:56.692+0000] {processor.py:208} INFO - Processing /home/airflow/.local/lib/python3.12/site-packages/airflow/example_dags/plugins/decreasing_priority_weight_strategy.py took 0.043 seconds
[2026-09-23T18:49:28.235+0000] {processor.py:186} INFO - Started process (PID=17594) to work on /home/airflow/.local/lib/python3.12/site-packages/airflow/example_dags/plugins/decreasing_priority_weight_strategy.py
[2026-09-23T18:49:28.236+0000] {processor.py:914} INFO - Processing file /home/airflow/.local/lib/python3.12/site-packages/airflow/example_dags/plugins/decreasing_priority_weight_strategy.py for tasks to queue
[2026-09-23T18:49:28.239+0000] {logging_mixin.py:190} INFO - [2026-09-23T18:49:28.238+0000] {dagbag.py:588} INFO - Filling up the DagBag from /home/airflow/.local/lib/python3.12/site-packages/airflow/example_dags/plugins/decreasing_priority_weight_strategy.py
[2026-09-23T18:49:28.242+0000] {processor.py:927} WARNING - No viable dags retrieved from /home/airflow/.local/lib/python3.12/site-packages/airflow/example_dags/plugins/decreasing_priority_weight_strategy.py
[2026-09-23T18:49:28.261+0000] {processor.py:208} INFO - Processing /home/airflow/.local/lib/python3.12/site-packages/airflow/example_dags/plugins/decreasing_priority_weight_strategy.py took 0.036 seconds
[2026-09-23T18:49:59.417+0000] {processor.py:186} INFO - Started process (PID=17668) to work on /home/airflow/.local/lib/python3.12/site-packages/airflow/example_dags/plugins/decreasing_priority_weight_strategy.py
[2026-09-23T18:49:59.418+0000] {processor.py:914} INFO - Processing file /home/airflow/.local/lib/python3.12/site-packages/airflow/example_dags/plugins/decreasing_priority_weight_strategy.py for tasks to queue
[2026-09-23T18:49:59.421+0000] {logging_mixin.py:190} INFO - [2026-09-23T18:49:59.421+0000] {dagbag.py:588} INFO - Filling up the DagBag from /home/airflow/.local/lib/python3.12/site-packages/airflow/example_dags/plugins/decreasing_priority_weight_strategy.py
[2026-09-23T18:49:59.424+0000] {processor.py:927} WARNING - No viable dags retrieved from /home/airflow/.local/lib/python3.12/site-packages/airflow/example_dags/plugins/decreasing_priority_weight_strategy.py
[2026-09-23T18:49:59.441+0000] {processor.py:208} INFO - Processing /home/airflow/.local/lib/python3.12/site-packages/airflow/example_dags/plugins/decreasing_priority_weight_strategy.py took 0.035 seconds
[2026-09-23T18:50:31.136+0000] {processor.py:186} INFO - Started process (PID=17744) to work on /home/airflow/.local/lib/python3.12/site-packages/airflow/example_dags/plugins/decreasing_priority_weight_strategy.py
[2026-09-23T18:50:31.137+0000] {processor.py:914} INFO - Processing file /home/airflow/.local/lib/python3.12/site-packages/airflow/example_dags/plugins/decreasing_priority_weight_strategy.py for tasks to queue
[2026-09-23T18:50:31.141+0000] {logging_mixin.py:190} INFO - [2026-09-23T18:50:31.140+0000] {dagbag.py:588} INFO - Filling up the DagBag from /home/airflow/.local/lib/python3.12/site-packages/airflow/example_dags/plugins/decreasing_priority_weight_strategy.py
[2026-09-23T18:50:31.144+0000] {processor.py:927} WARNING - No viable dags retrieved from /home/airflow/.local/lib/python3.12/site-packages/airflow/example_dags/plugins/decreasing_priority_weight_strategy.py
[2026-09-23T18:50:31.161+0000] {processor.py:208} INFO - Processing /home/airflow/.local/lib/python3.12/site-packages/airflow/example_dags/plugins/decreasing_priority_weight_strategy.py took 0.034 seconds
[2026-09-23T18:51:02.958+0000] {processor.py:186} INFO - Started process (PID=17820) to work on /home/airflow/.local/lib/python3.12/site-packages/airflow/example_dags/plugins/decreasing_priority_weight_strategy.py
[2026-09-23T18:51:02.960+0000] {processor.py:914} INFO - Processing file /home/airflow/.local/lib/python3.12/site-packages/airflow/example_dags/plugins/decreasing_priority_weight_strategy.py for tasks to queue
[2026-09-23T18:51:02.964+0000] {logging_mixin.py:190} INFO - [2026-09-23T18:51:02.963+0000] {dagbag.py:588} INFO - Filling up the DagBag from /home/airflow/.local/lib/python3.12/site-packages/airflow/example_dags/plugins/decreasing_priority_weight_strategy.py
[2026-09-23T18:51:02.968+0000] {processor.py:927} WARNING - No viable dags retrieved from /home/airflow/.local/lib/python3.12/site-packages/airflow/example_dags/plugins/decreasing_priority_weight_strategy.py
[2026-09-23T18:51:02.991+0000] {processor.py:208} INFO - Processing /home/airflow/.local/lib/python3.12/site-packages/airflow/example_dags/plugins/decreasing_priority_weight_strategy.py took 0.043 seconds
[2026-09-23T18:51:34.609+0000] {processor.py:186} INFO - Started process (PID=17897) to work on /home/airflow/.local/lib/python3.12/site-packages/airflow/example_dags/plugins/decreasing_priority_weight_strategy.py
[2026-09-23T18:51:34.609+0000] {processor.py:914} INFO - Processing file /home/airflow/.local/lib/python3.12/site-packages/airflow/example_dags/plugins/decreasing_priority_weight_strategy.py for tasks to queue
[2026-09-23T18:51:34.612+0000] {logging_mixin.py:190} INFO - [2026-09-23T18:51:34.612+0000] {dagbag.py:588} INFO - Filling up the DagBag from /home/airflow/.local/lib/python3.12/site-packages/airflow/example_dags/plugins/decreasing_priority_weight_strategy.py
[2026-09-23T18:51:34.615+0000] {processor.py:927} WARNING - No viable dags retrieved from /home/airflow/.local/lib/python3.12/site-packages/airflow/example_dags/plugins/decreasing_priority_weight_strategy.py
[2026-09-23T18:51:34.631+0000] {processor.py:208} INFO - Processing /home/airflow/.local/lib/python3.12/site-packages/airflow/example_dags/plugins/decreasing_priority_weight_strategy.py took 0.031 seconds
[2026-09-23T18:52:05.762+0000] {processor.py:186} INFO - Started process (PID=17972) to work on /home/airflow/.local/lib/python3.12/site-packages/airflow/example_dags/plugins/decreasing_priority_weight_strategy.py
[2026-09-23T18:52:05.764+0000] {processor.py:914} INFO - Processing file /home/airflow/.local/lib/python3.12/site-packages/airflow/example_dags/plugins/decreasing_priority_weight_strategy.py for tasks to queue
[2026-09-23T18:52:05.767+0000] {logging_mixin.py:190} INFO - [2026-09-23T18:52:05.767+0000] {dagbag.py:588} INFO - Filling up the DagBag from /home/airflow/.local/lib/python3.12/site-packages/airflow/example_dags/plugins/decreasing_priority_weight_strategy.py
[2026-09-23T18:52:05.771+0000] {processor.py:927} WARNING - No viable dags retrieved from /home/airflow/.local/lib/python3.12/site-packages/airflow/example_dags/plugins/decreasing_priority_weight_strategy.py
[2026-09-23T18:52:05.788+0000] {processor.py:208} INFO - Processing /home/airflow/.local/lib/python3.12/site-packages/airflow/example_dags/plugins/decreasing_priority_weight_strategy.py took 0.035 seconds
[2026-09-23T18:52:37.077+0000] {processor.py:186} INFO - Started process (PID=18047) to work on /home/airflow/.local/lib/python3.12/site-packages/airflow/example_dags/plugins/decreasing_priority_weight_strategy.py
[2026-09-23T18:52:37.078+0000] {processor.py:914} INFO - Processing file /home/airflow/.local/lib/python3.12/site-packages/airflow/example_dags/plugins/decreasing_priority_weight_strategy.py for tasks to queue
[2026-09-23T18:52:37.081+0000] {logging_mixin.py:190} INFO - [2026-09-23T18:52:37.081+0000] {dagbag.py:588} INFO - Filling up the DagBag from /home/airflow/.local/lib/python3.12/site-packages/airflow/example_dags/plugins/decreasing_priority_weight_strategy.py
[2026-09-23T18:52:37.084+0000] {processor.py:927} WARNING - No viable dags retrieved from /home/airflow/.local/lib/python3.12/site-packages/airflow/example_dags/plugins/decreasing_priority_weight_strategy.py
[2026-09-23T18:52:37.101+0000] {processor.py:208} INFO - Processing /home/airflow/.local/lib/python3.12/site-packages/airflow/example_dags/plugins/decreasing_priority_weight_strategy.py took 0.032 seconds
[2026-09-23T18:53:08.635+0000] {processor.py:186} INFO - Started process (PID=18121) to work on /home/airflow/.local/lib/python3.12/site-packages/airflow/example_dags/plugins/decreasing_priority_weight_strategy.py
[2026-09-23T18:53:08.637+0000] {processor.py:914} INFO - Processing file /home/airflow/.local/lib/python3.12/site-packages/airflow/example_dags/plugins/decreasing_priority_weight_strategy.py for tasks to queue
[2026-09-23T18:53:08.640+0000] {logging_mixin.py:190} INFO - [2026-09-23T18:53:08.639+0000] {dagbag.py:588} INFO - Filling up the DagBag from /home/airflow/.local/lib/python3.12/site-packages/airflow/example_dags/plugins/decreasing_priority_weight_strategy.py
[2026-09-23T18:53:08.644+0000] {processor.py:927} WARNING - No viable dags retrieved from /home/airflow/.local/lib/python3.12/site-packages/airflow/example_dags/plugins/decreasing_priority_weight_strategy.py
[2026-09-23T18:53:08.672+0000] {processor.py:208} INFO - Processing /home/airflow/.local/lib/python3.12/site-packages/airflow/example_dags/plugins/decreasing_priority_weight_strategy.py took 0.047 seconds
[2026-09-23T18:53:40.619+0000] {processor.py:186} INFO - Started process (PID=18203) to work on /home/airflow/.local/lib/python3.12/site-packages/airflow/example_dags/plugins/decreasing_priority_weight_strategy.py
[2026-09-23T18:53:40.620+0000] {processor.py:914} INFO - Processing file /home/airflow/.local/lib/python3.12/site-packages/airflow/example_dags/plugins/decreasing_priority_weight_strategy.py for tasks to queue
[2026-09-23T18:53:40.624+0000] {logging_mixin.py:190} INFO - [2026-09-23T18:53:40.623+0000] {dagbag.py:588} INFO - Filling up the DagBag from /home/airflow/.local/lib/python3.12/site-packages/airflow/example_dags/plugins/decreasing_priority_weight_strategy.py
[2026-09-23T18:53:40.629+0000] {processor.py:927} WARNING - No viable dags retrieved from /home/airflow/.local/lib/python3.12/site-packages/airflow/example_dags/plugins/decreasing_priority_weight_strategy.py
[2026-09-23T18:53:40.650+0000] {processor.py:208} INFO - Processing /home/airflow/.local/lib/python3.12/site-packages/airflow/example_dags/plugins/decreasing_priority_weight_strategy.py took 0.043 seconds
[2026-09-23T18:54:12.388+0000] {processor.py:186} INFO - Started process (PID=18277) to work on /home/airflow/.local/lib/python3.12/site-packages/airflow/example_dags/plugins/decreasing_priority_weight_strategy.py
[2026-09-23T18:54:12.389+0000] {processor.py:914} INFO - Processing file /home/airflow/.local/lib/python3.12/site-packages/airflow/example_dags/plugins/decreasing_priority_weight_strategy.py for tasks to queue
[2026-09-23T18:54:12.392+0000] {logging_mixin.py:190} INFO - [2026-09-23T18:54:12.392+0000] {dagbag.py:588} INFO - Filling up the DagBag from /home/airflow/.local/lib/python3.12/site-packages/airflow/example_dags/plugins/decreasing_priority_weight_strategy.py
[2026-09-23T18:54:12.396+0000] {processor.py:927} WARNING - No viable dags retrieved from /home/airflow/.local/lib/python3.12/site-packages/airflow/example_dags/plugins/decreasing_priority_weight_strategy.py
[2026-09-23T18:54:12.414+0000] {processor.py:208} INFO - Processing /home/airflow/.local/lib/python3.12/site-packages/airflow/example_dags/plugins/decreasing_priority_weight_strategy.py took 0.035 seconds
[2026-09-23T18:54:43.694+0000] {processor.py:186} INFO - Started process (PID=18351) to work on /home/airflow/.local/lib/python3.12/site-packages/airflow/example_dags/plugins/decreasing_priority_weight_strategy.py
[2026-09-23T18:54:43.695+0000] {processor.py:914} INFO - Processing file /home/airflow/.local/lib/python3.12/site-packages/airflow/example_dags/plugins/decreasing_priority_weight_strategy.py for tasks to queue
[2026-09-23T18:54:43.699+0000] {logging_mixin.py:190} INFO - [2026-09-23T18:54:43.698+0000] {dagbag.py:588} INFO - Filling up the DagBag from /home/airflow/.local/lib/python3.12/site-packages/airflow/example_dags/plugins/decreasing_priority_weight_strategy.py
[2026-09-23T18:54:43.702+0000] {processor.py:927} WARNING - No viable dags retrieved from /home/airflow/.local/lib/python3.12/site-packages/airflow/example_dags/plugins/decreasing_priority_weight_strategy.py
[2026-09-23T18:54:43.724+0000] {processor.py:208} INFO - Processing /home/airflow/.local/lib/python3.12/site-packages/airflow/example_dags/plugins/decreasing_priority_weight_strategy.py took 0.039 seconds
[2026-09-23T18:55:15.564+0000] {processor.py:186} INFO - Started process (PID=18425) to work on /home/airflow/.local/lib/python3.12/site-packages/airflow/example_dags/plugins/decreasing_priority_weight_strategy.py
[2026-09-23T18:55:15.566+0000] {processor.py:914} INFO - Processing file /home/airflow/.local/lib/python3.12/site-packages/airflow/example_dags/plugins/decreasing_priority_weight_strategy.py for tasks to queue
[2026-09-23T18:55:15.574+0000] {logging_mixin.py:190} INFO - [2026-09-23T18:55:15.573+0000] {dagbag.py:588} INFO - Filling up the DagBag from /home/airflow/.local/lib/python3.12/site-packages/airflow/example_dags/plugins/decreasing_priority_weight_strategy.py
[2026-09-23T18:55:15.577+0000] {processor.py:927} WARNING - No viable dags retrieved from /home/airflow/.local/lib/python3.12/site-packages/airflow/example_dags/plugins/decreasing_priority_weight_strategy.py
[2026-09-23T18:55:15.595+0000] {processor.py:208} INFO - Processing /home/airflow/.local/lib/python3.12/site-packages/airflow/example_dags/plugins/decreasing_priority_weight_strategy.py took 0.042 seconds
[2026-09-23T18:55:48.524+0000] {processor.py:186} INFO - Started process (PID=18502) to work on /home/airflow/.local/lib/python3.12/site-packages/airflow/example_dags/plugins/decreasing_priority_weight_strategy.py
[2026-09-23T18:55:48.526+0000] {processor.py:914} INFO - Processing file /home/airflow/.local/lib/python3.12/site-packages/airflow/example_dags/plugins/decreasing_priority_weight_strategy.py for tasks to queue
[2026-09-23T18:55:48.529+0000] {logging_mixin.py:190} INFO - [2026-09-23T18:55:48.529+0000] {dagbag.py:588} INFO - Filling up the DagBag from /home/airflow/.local/lib/python3.12/site-packages/airflow/example_dags/plugins/decreasing_priority_weight_strategy.py
[2026-09-23T18:55:48.533+0000] {processor.py:927} WARNING - No viable dags retrieved from /home/airflow/.local/lib/python3.12/site-packages/airflow/example_dags/plugins/decreasing_priority_weight_strategy.py
[2026-09-23T18:55:48.549+0000] {processor.py:208} INFO - Processing /home/airflow/.local/lib/python3.12/site-packages/airflow/example_dags/plugins/decreasing_priority_weight_strategy.py took 0.034 seconds
[2026-09-23T18:56:21.922+0000] {processor.py:186} INFO - Started process (PID=18580) to work on /home/airflow/.local/lib/python3.12/site-packages/airflow/example_dags/plugins/decreasing_priority_weight_strategy.py
[2026-09-23T18:56:21.923+0000] {processor.py:914} INFO - Processing file /home/airflow/.local/lib/python3.12/site-packages/airflow/example_dags/plugins/decreasing_priority_weight_strategy.py for tasks to queue
[2026-09-23T18:56:21.926+0000] {logging_mixin.py:190} INFO - [2026-09-23T18:56:21.926+0000] {dagbag.py:588} INFO - Filling up the DagBag from /home/airflow/.local/lib/python3.12/site-packages/airflow/example_dags/plugins/decreasing_priority_weight_strategy.py
[2026-09-23T18:56:21.930+0000] {processor.py:927} WARNING - No viable dags retrieved from /home/airflow/.local/lib/python3.12/site-packages/airflow/example_dags/plugins/decreasing_priority_weight_strategy.py
[2026-09-23T18:56:21.947+0000] {processor.py:208} INFO - Processing /home/airflow/.local/lib/python3.12/site-packages/airflow/example_dags/plugins/decreasing_priority_weight_strategy.py took 0.033 seconds
[2026-09-23T18:56:53.466+0000] {processor.py:186} INFO - Started process (PID=18656) to work on /home/airflow/.local/lib/python3.12/site-packages/airflow/example_dags/plugins/decreasing_priority_weight_strategy.py
[2026-09-23T18:56:53.468+0000] {processor.py:914} INFO - Processing file /home/airflow/.local/lib/python3.12/site-packages/airflow/example_dags/plugins/decreasing_priority_weight_strategy.py for tasks to queue
[2026-09-23T18:56:53.472+0000] {logging_mixin.py:190} INFO - [2026-09-23T18:56:53.471+0000] {dagbag.py:588} INFO - Filling up the DagBag from /home/airflow/.local/lib/python3.12/site-packages/airflow/example_dags/plugins/decreasing_priority_weight_strategy.py
[2026-09-23T18:56:53.476+0000] {processor.py:927} WARNING - No viable dags retrieved from /home/airflow/.local/lib/python3.12/site-packages/airflow/example_dags/plugins/decreasing_priority_weight_strategy.py
[2026-09-23T18:56:53.496+0000] {processor.py:208} INFO - Processing /home/airflow/.local/lib/python3.12/site-packages/airflow/example_dags/plugins/decreasing_priority_weight_strategy.py took 0.054 seconds
[2026-09-23T18:57:24.123+0000] {processor.py:186} INFO - Started process (PID=18729) to work on /home/airflow/.local/lib/python3.12/site-packages/airflow/example_dags/plugins/decreasing_priority_weight_strategy.py
[2026-09-23T18:57:24.124+0000] {processor.py:914} INFO - Processing file /home/airflow/.local/lib/python3.12/site-packages/airflow/example_dags/plugins/decreasing_priority_weight_strategy.py for tasks to queue
[2026-09-23T18:57:24.128+0000] {logging_mixin.py:190} INFO - [2026-09-23T18:57:24.127+0000] {dagbag.py:588} INFO - Filling up the DagBag from /home/airflow/.local/lib/python3.12/site-packages/airflow/example_dags/plugins/decreasing_priority_weight_strategy.py
[2026-09-23T18:57:24.131+0000] {processor.py:927} WARNING - No viable dags retrieved from /home/airflow/.local/lib/python3.12/site-packages/airflow/example_dags/plugins/decreasing_priority_weight_strategy.py
[2026-09-23T18:57:24.152+0000] {processor.py:208} INFO - Processing /home/airflow/.local/lib/python3.12/site-packages/airflow/example_dags/plugins/decreasing_priority_weight_strategy.py took 0.043 seconds
[2026-09-23T18:57:58.001+0000] {processor.py:186} INFO - Started process (PID=18803) to work on /home/airflow/.local/lib/python3.12/site-packages/airflow/example_dags/plugins/decreasing_priority_weight_strategy.py
[2026-09-23T18:57:58.003+0000] {processor.py:914} INFO - Processing file /home/airflow/.local/lib/python3.12/site-packages/airflow/example_dags/plugins/decreasing_priority_weight_strategy.py for tasks to queue
[2026-09-23T18:57:58.005+0000] {logging_mixin.py:190} INFO - [2026-09-23T18:57:58.005+0000] {dagbag.py:588} INFO - Filling up the DagBag from /home/airflow/.local/lib/python3.12/site-packages/airflow/example_dags/plugins/decreasing_priority_weight_strategy.py
[2026-09-23T18:57:58.008+0000] {processor.py:927} WARNING - No viable dags retrieved from /home/airflow/.local/lib/python3.12/site-packages/airflow/example_dags/plugins/decreasing_priority_weight_strategy.py
[2026-09-23T18:57:58.023+0000] {processor.py:208} INFO - Processing /home/airflow/.local/lib/python3.12/site-packages/airflow/example_dags/plugins/decreasing_priority_weight_strategy.py took 0.030 seconds
[2026-09-23T18:58:29.137+0000] {processor.py:186} INFO - Started process (PID=18880) to work on /home/airflow/.local/lib/python3.12/site-packages/airflow/example_dags/plugins/decreasing_priority_weight_strategy.py
[2026-09-23T18:58:29.138+0000] {processor.py:914} INFO - Processing file /home/airflow/.local/lib/python3.12/site-packages/airflow/example_dags/plugins/decreasing_priority_weight_strategy.py for tasks to queue
[2026-09-23T18:58:29.140+0000] {logging_mixin.py:190} INFO - [2026-09-23T18:58:29.140+0000] {dagbag.py:588} INFO - Filling up the DagBag from /home/airflow/.local/lib/python3.12/site-packages/airflow/example_dags/plugins/decreasing_priority_weight_strategy.py
[2026-09-23T18:58:29.143+0000] {processor.py:927} WARNING - No viable dags retrieved from /home/airflow/.local/lib/python3.12/site-packages/airflow/example_dags/plugins/decreasing_priority_weight_strategy.py
[2026-09-23T18:58:29.159+0000] {processor.py:208} INFO - Processing /home/airflow/.local/lib/python3.12/site-packages/airflow/example_dags/plugins/decreasing_priority_weight_strategy.py took 0.033 seconds
[2026-09-23T18:58:59.653+0000] {processor.py:186} INFO - Started process (PID=18956) to work on /home/airflow/.local/lib/python3.12/site-packages/airflow/example_dags/plugins/decreasing_priority_weight_strategy.py
[2026-09-23T18:58:59.654+0000] {processor.py:914} INFO - Processing file /home/airflow/.local/lib/python3.12/site-packages/airflow/example_dags/plugins/decreasing_priority_weight_strategy.py for tasks to queue
[2026-09-23T18:58:59.658+0000] {logging_mixin.py:190} INFO - [2026-09-23T18:58:59.658+0000] {dagbag.py:588} INFO - Filling up the DagBag from /home/airflow/.local/lib/python3.12/site-packages/airflow/example_dags/plugins/decreasing_priority_weight_strategy.py
[2026-09-23T18:58:59.664+0000] {processor.py:927} WARNING - No viable dags retrieved from /home/airflow/.local/lib/python3.12/site-packages/airflow/example_dags/plugins/decreasing_priority_weight_strategy.py
[2026-09-23T18:58:59.681+0000] {processor.py:208} INFO - Processing /home/airflow/.local/lib/python3.12/site-packages/airflow/example_dags/plugins/decreasing_priority_weight_strategy.py took 0.040 seconds
[2026-09-23T18:59:30.385+0000] {processor.py:186} INFO - Started process (PID=19030) to work on /home/airflow/.local/lib/python3.12/site-packages/airflow/example_dags/plugins/decreasing_priority_weight_strategy.py
[2026-09-23T18:59:30.386+0000] {processor.py:914} INFO - Processing file /home/airflow/.local/lib/python3.12/site-packages/airflow/example_dags/plugins/decreasing_priority_weight_strategy.py for tasks to queue
[2026-09-23T18:59:30.389+0000] {logging_mixin.py:190} INFO - [2026-09-23T18:59:30.388+0000] {dagbag.py:588} INFO - Filling up the DagBag from /home/airflow/.local/lib/python3.12/site-packages/airflow/example_dags/plugins/decreasing_priority_weight_strategy.py
[2026-09-23T18:59:30.392+0000] {processor.py:927} WARNING - No viable dags retrieved from /home/airflow/.local/lib/python3.12/site-packages/airflow/example_dags/plugins/decreasing_priority_weight_strategy.py
[2026-09-23T18:59:30.407+0000] {processor.py:208} INFO - Processing /home/airflow/.local/lib/python3.12/site-packages/airflow/example_dags/plugins/decreasing_priority_weight_strategy.py took 0.033 seconds
[2026-09-23T19:00:00.533+0000] {processor.py:186} INFO - Started process (PID=19104) to work on /home/airflow/.local/lib/python3.12/site-packages/airflow/example_dags/plugins/decreasing_priority_weight_strategy.py
[2026-09-23T19:00:00.535+0000] {processor.py:914} INFO - Processing file /home/airflow/.local/lib/python3.12/site-packages/airflow/example_dags/plugins/decreasing_priority_weight_strategy.py for tasks to queue
[2026-09-23T19:00:00.539+0000] {logging_mixin.py:190} INFO - [2026-09-23T19:00:00.538+0000] {dagbag.py:588} INFO - Filling up the DagBag from /home/airflow/.local/lib/python3.12/site-packages/airflow/example_dags/plugins/decreasing_priority_weight_strategy.py
[2026-09-23T19:00:00.542+0000] {processor.py:927} WARNING - No viable dags retrieved from /home/airflow/.local/lib/python3.12/site-packages/airflow/example_dags/plugins/decreasing_priority_weight_strategy.py
[2026-09-23T19:00:00.558+0000] {processor.py:208} INFO - Processing /home/airflow/.local/lib/python3.12/site-packages/airflow/example_dags/plugins/decreasing_priority_weight_strategy.py took 0.034 seconds
[2026-09-23T19:00:31.611+0000] {processor.py:186} INFO - Started process (PID=19185) to work on /home/airflow/.local/lib/python3.12/site-packages/airflow/example_dags/plugins/decreasing_priority_weight_strategy.py
[2026-09-23T19:00:31.612+0000] {processor.py:914} INFO - Processing file /home/airflow/.local/lib/python3.12/site-packages/airflow/example_dags/plugins/decreasing_priority_weight_strategy.py for tasks to queue
[2026-09-23T19:00:31.616+0000] {logging_mixin.py:190} INFO - [2026-09-23T19:00:31.615+0000] {dagbag.py:588} INFO - Filling up the DagBag from /home/airflow/.local/lib/python3.12/site-packages/airflow/example_dags/plugins/decreasing_priority_weight_strategy.py
[2026-09-23T19:00:31.620+0000] {processor.py:927} WARNING - No viable dags retrieved from /home/airflow/.local/lib/python3.12/site-packages/airflow/example_dags/plugins/decreasing_priority_weight_strategy.py
[2026-09-23T19:00:31.643+0000] {processor.py:208} INFO - Processing /home/airflow/.local/lib/python3.12/site-packages/airflow/example_dags/plugins/decreasing_priority_weight_strategy.py took 0.042 seconds
[2026-09-23T19:01:02.638+0000] {processor.py:186} INFO - Started process (PID=19259) to work on /home/airflow/.local/lib/python3.12/site-packages/airflow/example_dags/plugins/decreasing_priority_weight_strategy.py
[2026-09-23T19:01:02.643+0000] {processor.py:914} INFO - Processing file /home/airflow/.local/lib/python3.12/site-packages/airflow/example_dags/plugins/decreasing_priority_weight_strategy.py for tasks to queue
[2026-09-23T19:01:02.650+0000] {logging_mixin.py:190} INFO - [2026-09-23T19:01:02.650+0000] {dagbag.py:588} INFO - Filling up the DagBag from /home/airflow/.local/lib/python3.12/site-packages/airflow/example_dags/plugins/decreasing_priority_weight_strategy.py
[2026-09-23T19:01:02.655+0000] {processor.py:927} WARNING - No viable dags retrieved from /home/airflow/.local/lib/python3.12/site-packages/airflow/example_dags/plugins/decreasing_priority_weight_strategy.py
[2026-09-23T19:01:02.677+0000] {processor.py:208} INFO - Processing /home/airflow/.local/lib/python3.12/site-packages/airflow/example_dags/plugins/decreasing_priority_weight_strategy.py took 0.049 seconds
[2026-09-23T19:01:32.975+0000] {processor.py:186} INFO - Started process (PID=19333) to work on /home/airflow/.local/lib/python3.12/site-packages/airflow/example_dags/plugins/decreasing_priority_weight_strategy.py
[2026-09-23T19:01:32.976+0000] {processor.py:914} INFO - Processing file /home/airflow/.local/lib/python3.12/site-packages/airflow/example_dags/plugins/decreasing_priority_weight_strategy.py for tasks to queue
[2026-09-23T19:01:32.979+0000] {logging_mixin.py:190} INFO - [2026-09-23T19:01:32.979+0000] {dagbag.py:588} INFO - Filling up the DagBag from /home/airflow/.local/lib/python3.12/site-packages/airflow/example_dags/plugins/decreasing_priority_weight_strategy.py
[2026-09-23T19:01:32.984+0000] {processor.py:927} WARNING - No viable dags retrieved from /home/airflow/.local/lib/python3.12/site-packages/airflow/example_dags/plugins/decreasing_priority_weight_strategy.py
[2026-09-23T19:01:33.005+0000] {processor.py:208} INFO - Processing /home/airflow/.local/lib/python3.12/site-packages/airflow/example_dags/plugins/decreasing_priority_weight_strategy.py took 0.041 seconds
[2026-09-23T19:02:03.951+0000] {processor.py:186} INFO - Started process (PID=19407) to work on /home/airflow/.local/lib/python3.12/site-packages/airflow/example_dags/plugins/decreasing_priority_weight_strategy.py
[2026-09-23T19:02:03.953+0000] {processor.py:914} INFO - Processing file /home/airflow/.local/lib/python3.12/site-packages/airflow/example_dags/plugins/decreasing_priority_weight_strategy.py for tasks to queue
[2026-09-23T19:02:03.956+0000] {logging_mixin.py:190} INFO - [2026-09-23T19:02:03.955+0000] {dagbag.py:588} INFO - Filling up the DagBag from /home/airflow/.local/lib/python3.12/site-packages/airflow/example_dags/plugins/decreasing_priority_weight_strategy.py
[2026-09-23T19:02:03.959+0000] {processor.py:927} WARNING - No viable dags retrieved from /home/airflow/.local/lib/python3.12/site-packages/airflow/example_dags/plugins/decreasing_priority_weight_strategy.py
[2026-09-23T19:02:03.977+0000] {processor.py:208} INFO - Processing /home/airflow/.local/lib/python3.12/site-packages/airflow/example_dags/plugins/decreasing_priority_weight_strategy.py took 0.035 seconds
[2026-09-23T19:02:34.879+0000] {processor.py:186} INFO - Started process (PID=19480) to work on /home/airflow/.local/lib/python3.12/site-packages/airflow/example_dags/plugins/decreasing_priority_weight_strategy.py
[2026-09-23T19:02:34.880+0000] {processor.py:914} INFO - Processing file /home/airflow/.local/lib/python3.12/site-packages/airflow/example_dags/plugins/decreasing_priority_weight_strategy.py for tasks to queue
[2026-09-23T19:02:34.883+0000] {logging_mixin.py:190} INFO - [2026-09-23T19:02:34.882+0000] {dagbag.py:588} INFO - Filling up the DagBag from /home/airflow/.local/lib/python3.12/site-packages/airflow/example_dags/plugins/decreasing_priority_weight_strategy.py
[2026-09-23T19:02:34.886+0000] {processor.py:927} WARNING - No viable dags retrieved from /home/airflow/.local/lib/python3.12/site-packages/airflow/example_dags/plugins/decreasing_priority_weight_strategy.py
[2026-09-23T19:02:34.903+0000] {processor.py:208} INFO - Processing /home/airflow/.local/lib/python3.12/site-packages/airflow/example_dags/plugins/decreasing_priority_weight_strategy.py took 0.034 seconds
[2026-09-23T19:03:06.104+0000] {processor.py:186} INFO - Started process (PID=19554) to work on /home/airflow/.local/lib/python3.12/site-packages/airflow/example_dags/plugins/decreasing_priority_weight_strategy.py
[2026-09-23T19:03:06.106+0000] {processor.py:914} INFO - Processing file /home/airflow/.local/lib/python3.12/site-packages/airflow/example_dags/plugins/decreasing_priority_weight_strategy.py for tasks to queue
[2026-09-23T19:03:06.109+0000] {logging_mixin.py:190} INFO - [2026-09-23T19:03:06.108+0000] {dagbag.py:588} INFO - Filling up the DagBag from /home/airflow/.local/lib/python3.12/site-packages/airflow/example_dags/plugins/decreasing_priority_weight_strategy.py
[2026-09-23T19:03:06.112+0000] {processor.py:927} WARNING - No viable dags retrieved from /home/airflow/.local/lib/python3.12/site-packages/airflow/example_dags/plugins/decreasing_priority_weight_strategy.py
[2026-09-23T19:03:06.127+0000] {processor.py:208} INFO - Processing /home/airflow/.local/lib/python3.12/site-packages/airflow/example_dags/plugins/decreasing_priority_weight_strategy.py took 0.033 seconds
[2026-09-23T19:03:38.137+0000] {processor.py:186} INFO - Started process (PID=19630) to work on /home/airflow/.local/lib/python3.12/site-packages/airflow/example_dags/plugins/decreasing_priority_weight_strategy.py
[2026-09-23T19:03:38.139+0000] {processor.py:914} INFO - Processing file /home/airflow/.local/lib/python3.12/site-packages/airflow/example_dags/plugins/decreasing_priority_weight_strategy.py for tasks to queue
[2026-09-23T19:03:38.143+0000] {logging_mixin.py:190} INFO - [2026-09-23T19:03:38.142+0000] {dagbag.py:588} INFO - Filling up the DagBag from /home/airflow/.local/lib/python3.12/site-packages/airflow/example_dags/plugins/decreasing_priority_weight_strategy.py
[2026-09-23T19:03:38.147+0000] {processor.py:927} WARNING - No viable dags retrieved from /home/airflow/.local/lib/python3.12/site-packages/airflow/example_dags/plugins/decreasing_priority_weight_strategy.py
[2026-09-23T19:03:38.165+0000] {processor.py:208} INFO - Processing /home/airflow/.local/lib/python3.12/site-packages/airflow/example_dags/plugins/decreasing_priority_weight_strategy.py took 0.039 seconds
[2026-09-23T19:04:09.345+0000] {processor.py:186} INFO - Started process (PID=19704) to work on /home/airflow/.local/lib/python3.12/site-packages/airflow/example_dags/plugins/decreasing_priority_weight_strategy.py
[2026-09-23T19:04:09.347+0000] {processor.py:914} INFO - Processing file /home/airflow/.local/lib/python3.12/site-packages/airflow/example_dags/plugins/decreasing_priority_weight_strategy.py for tasks to queue
[2026-09-23T19:04:09.350+0000] {logging_mixin.py:190} INFO - [2026-09-23T19:04:09.350+0000] {dagbag.py:588} INFO - Filling up the DagBag from /home/airflow/.local/lib/python3.12/site-packages/airflow/example_dags/plugins/decreasing_priority_weight_strategy.py
[2026-09-23T19:04:09.354+0000] {processor.py:927} WARNING - No viable dags retrieved from /home/airflow/.local/lib/python3.12/site-packages/airflow/example_dags/plugins/decreasing_priority_weight_strategy.py
[2026-09-23T19:04:09.373+0000] {processor.py:208} INFO - Processing /home/airflow/.local/lib/python3.12/site-packages/airflow/example_dags/plugins/decreasing_priority_weight_strategy.py took 0.037 seconds
[2026-09-23T19:04:40.924+0000] {processor.py:186} INFO - Started process (PID=19779) to work on /home/airflow/.local/lib/python3.12/site-packages/airflow/example_dags/plugins/decreasing_priority_weight_strategy.py
[2026-09-23T19:04:40.925+0000] {processor.py:914} INFO - Processing file /home/airflow/.local/lib/python3.12/site-packages/airflow/example_dags/plugins/decreasing_priority_weight_strategy.py for tasks to queue
[2026-09-23T19:04:40.929+0000] {logging_mixin.py:190} INFO - [2026-09-23T19:04:40.928+0000] {dagbag.py:588} INFO - Filling up the DagBag from /home/airflow/.local/lib/python3.12/site-packages/airflow/example_dags/plugins/decreasing_priority_weight_strategy.py
[2026-09-23T19:04:40.933+0000] {processor.py:927} WARNING - No viable dags retrieved from /home/airflow/.local/lib/python3.12/site-packages/airflow/example_dags/plugins/decreasing_priority_weight_strategy.py
[2026-09-23T19:04:40.952+0000] {processor.py:208} INFO - Processing /home/airflow/.local/lib/python3.12/site-packages/airflow/example_dags/plugins/decreasing_priority_weight_strategy.py took 0.039 seconds
[2026-09-23T19:05:12.399+0000] {processor.py:186} INFO - Started process (PID=19855) to work on /home/airflow/.local/lib/python3.12/site-packages/airflow/example_dags/plugins/decreasing_priority_weight_strategy.py
[2026-09-23T19:05:12.400+0000] {processor.py:914} INFO - Processing file /home/airflow/.local/lib/python3.12/site-packages/airflow/example_dags/plugins/decreasing_priority_weight_strategy.py for tasks to queue
[2026-09-23T19:05:12.404+0000] {logging_mixin.py:190} INFO - [2026-09-23T19:05:12.404+0000] {dagbag.py:588} INFO - Filling up the DagBag from /home/airflow/.local/lib/python3.12/site-packages/airflow/example_dags/plugins/decreasing_priority_weight_strategy.py
[2026-09-23T19:05:12.408+0000] {processor.py:927} WARNING - No viable dags retrieved from /home/airflow/.local/lib/python3.12/site-packages/airflow/example_dags/plugins/decreasing_priority_weight_strategy.py
[2026-09-23T19:05:12.426+0000] {processor.py:208} INFO - Processing /home/airflow/.local/lib/python3.12/site-packages/airflow/example_dags/plugins/decreasing_priority_weight_strategy.py took 0.039 seconds
[2026-09-23T19:05:43.441+0000] {processor.py:186} INFO - Started process (PID=19929) to work on /home/airflow/.local/lib/python3.12/site-packages/airflow/example_dags/plugins/decreasing_priority_weight_strategy.py
[2026-09-23T19:05:43.442+0000] {processor.py:914} INFO - Processing file /home/airflow/.local/lib/python3.12/site-packages/airflow/example_dags/plugins/decreasing_priority_weight_strategy.py for tasks to queue
[2026-09-23T19:05:43.446+0000] {logging_mixin.py:190} INFO - [2026-09-23T19:05:43.445+0000] {dagbag.py:588} INFO - Filling up the DagBag from /home/airflow/.local/lib/python3.12/site-packages/airflow/example_dags/plugins/decreasing_priority_weight_strategy.py
[2026-09-23T19:05:43.449+0000] {processor.py:927} WARNING - No viable dags retrieved from /home/airflow/.local/lib/python3.12/site-packages/airflow/example_dags/plugins/decreasing_priority_weight_strategy.py
[2026-09-23T19:05:43.469+0000] {processor.py:208} INFO - Processing /home/airflow/.local/lib/python3.12/site-packages/airflow/example_dags/plugins/decreasing_priority_weight_strategy.py took 0.038 seconds
[2026-09-23T19:06:14.825+0000] {processor.py:186} INFO - Started process (PID=20003) to work on /home/airflow/.local/lib/python3.12/site-packages/airflow/example_dags/plugins/decreasing_priority_weight_strategy.py
[2026-09-23T19:06:14.826+0000] {processor.py:914} INFO - Processing file /home/airflow/.local/lib/python3.12/site-packages/airflow/example_dags/plugins/decreasing_priority_weight_strategy.py for tasks to queue
[2026-09-23T19:06:14.829+0000] {logging_mixin.py:190} INFO - [2026-09-23T19:06:14.829+0000] {dagbag.py:588} INFO - Filling up the DagBag from /home/airflow/.local/lib/python3.12/site-packages/airflow/example_dags/plugins/decreasing_priority_weight_strategy.py
[2026-09-23T19:06:14.832+0000] {processor.py:927} WARNING - No viable dags retrieved from /home/airflow/.local/lib/python3.12/site-packages/airflow/example_dags/plugins/decreasing_priority_weight_strategy.py
[2026-09-23T19:06:14.849+0000] {processor.py:208} INFO - Processing /home/airflow/.local/lib/python3.12/site-packages/airflow/example_dags/plugins/decreasing_priority_weight_strategy.py took 0.033 seconds
[2026-09-23T19:06:45.732+0000] {processor.py:186} INFO - Started process (PID=20076) to work on /home/airflow/.local/lib/python3.12/site-packages/airflow/example_dags/plugins/decreasing_priority_weight_strategy.py
[2026-09-23T19:06:45.733+0000] {processor.py:914} INFO - Processing file /home/airflow/.local/lib/python3.12/site-packages/airflow/example_dags/plugins/decreasing_priority_weight_strategy.py for tasks to queue
[2026-09-23T19:06:45.736+0000] {logging_mixin.py:190} INFO - [2026-09-23T19:06:45.735+0000] {dagbag.py:588} INFO - Filling up the DagBag from /home/airflow/.local/lib/python3.12/site-packages/airflow/example_dags/plugins/decreasing_priority_weight_strategy.py
[2026-09-23T19:06:45.739+0000] {processor.py:927} WARNING - No viable dags retrieved from /home/airflow/.local/lib/python3.12/site-packages/airflow/example_dags/plugins/decreasing_priority_weight_strategy.py
[2026-09-23T19:06:45.754+0000] {processor.py:208} INFO - Processing /home/airflow/.local/lib/python3.12/site-packages/airflow/example_dags/plugins/decreasing_priority_weight_strategy.py took 0.031 seconds
[2026-09-23T19:07:17.788+0000] {processor.py:186} INFO - Started process (PID=20155) to work on /home/airflow/.local/lib/python3.12/site-packages/airflow/example_dags/plugins/decreasing_priority_weight_strategy.py
[2026-09-23T19:07:17.790+0000] {processor.py:914} INFO - Processing file /home/airflow/.local/lib/python3.12/site-packages/airflow/example_dags/plugins/decreasing_priority_weight_strategy.py for tasks to queue
[2026-09-23T19:07:17.793+0000] {logging_mixin.py:190} INFO - [2026-09-23T19:07:17.792+0000] {dagbag.py:588} INFO - Filling up the DagBag from /home/airflow/.local/lib/python3.12/site-packages/airflow/example_dags/plugins/decreasing_priority_weight_strategy.py
[2026-09-23T19:07:17.797+0000] {processor.py:927} WARNING - No viable dags retrieved from /home/airflow/.local/lib/python3.12/site-packages/airflow/example_dags/plugins/decreasing_priority_weight_strategy.py
[2026-09-23T19:07:17.815+0000] {processor.py:208} INFO - Processing /home/airflow/.local/lib/python3.12/site-packages/airflow/example_dags/plugins/decreasing_priority_weight_strategy.py took 0.036 seconds
[2026-09-23T19:07:48.996+0000] {processor.py:186} INFO - Started process (PID=20228) to work on /home/airflow/.local/lib/python3.12/site-packages/airflow/example_dags/plugins/decreasing_priority_weight_strategy.py
[2026-09-23T19:07:48.998+0000] {processor.py:914} INFO - Processing file /home/airflow/.local/lib/python3.12/site-packages/airflow/example_dags/plugins/decreasing_priority_weight_strategy.py for tasks to queue
[2026-09-23T19:07:49.002+0000] {logging_mixin.py:190} INFO - [2026-09-23T19:07:49.001+0000] {dagbag.py:588} INFO - Filling up the DagBag from /home/airflow/.local/lib/python3.12/site-packages/airflow/example_dags/plugins/decreasing_priority_weight_strategy.py
[2026-09-23T19:07:49.005+0000] {processor.py:927} WARNING - No viable dags retrieved from /home/airflow/.local/lib/python3.12/site-packages/airflow/example_dags/plugins/decreasing_priority_weight_strategy.py
[2026-09-23T19:07:49.025+0000] {processor.py:208} INFO - Processing /home/airflow/.local/lib/python3.12/site-packages/airflow/example_dags/plugins/decreasing_priority_weight_strategy.py took 0.043 seconds
[2026-09-23T19:08:20.814+0000] {processor.py:186} INFO - Started process (PID=20302) to work on /home/airflow/.local/lib/python3.12/site-packages/airflow/example_dags/plugins/decreasing_priority_weight_strategy.py
[2026-09-23T19:08:20.816+0000] {processor.py:914} INFO - Processing file /home/airflow/.local/lib/python3.12/site-packages/airflow/example_dags/plugins/decreasing_priority_weight_strategy.py for tasks to queue
[2026-09-23T19:08:20.820+0000] {logging_mixin.py:190} INFO - [2026-09-23T19:08:20.819+0000] {dagbag.py:588} INFO - Filling up the DagBag from /home/airflow/.local/lib/python3.12/site-packages/airflow/example_dags/plugins/decreasing_priority_weight_strategy.py
[2026-09-23T19:08:20.825+0000] {processor.py:927} WARNING - No viable dags retrieved from /home/airflow/.local/lib/python3.12/site-packages/airflow/example_dags/plugins/decreasing_priority_weight_strategy.py
[2026-09-23T19:08:20.851+0000] {processor.py:208} INFO - Processing /home/airflow/.local/lib/python3.12/site-packages/airflow/example_dags/plugins/decreasing_priority_weight_strategy.py took 0.048 seconds
[2026-09-23T19:08:52.703+0000] {processor.py:186} INFO - Started process (PID=20378) to work on /home/airflow/.local/lib/python3.12/site-packages/airflow/example_dags/plugins/decreasing_priority_weight_strategy.py
[2026-09-23T19:08:52.705+0000] {processor.py:914} INFO - Processing file /home/airflow/.local/lib/python3.12/site-packages/airflow/example_dags/plugins/decreasing_priority_weight_strategy.py for tasks to queue
[2026-09-23T19:08:52.708+0000] {logging_mixin.py:190} INFO - [2026-09-23T19:08:52.708+0000] {dagbag.py:588} INFO - Filling up the DagBag from /home/airflow/.local/lib/python3.12/site-packages/airflow/example_dags/plugins/decreasing_priority_weight_strategy.py
[2026-09-23T19:08:52.719+0000] {processor.py:927} WARNING - No viable dags retrieved from /home/airflow/.local/lib/python3.12/site-packages/airflow/example_dags/plugins/decreasing_priority_weight_strategy.py
[2026-09-23T19:08:52.757+0000] {processor.py:208} INFO - Processing /home/airflow/.local/lib/python3.12/site-packages/airflow/example_dags/plugins/decreasing_priority_weight_strategy.py took 0.064 seconds
[2026-09-23T19:09:23.721+0000] {processor.py:186} INFO - Started process (PID=20452) to work on /home/airflow/.local/lib/python3.12/site-packages/airflow/example_dags/plugins/decreasing_priority_weight_strategy.py
[2026-09-23T19:09:23.723+0000] {processor.py:914} INFO - Processing file /home/airflow/.local/lib/python3.12/site-packages/airflow/example_dags/plugins/decreasing_priority_weight_strategy.py for tasks to queue
[2026-09-23T19:09:23.727+0000] {logging_mixin.py:190} INFO - [2026-09-23T19:09:23.726+0000] {dagbag.py:588} INFO - Filling up the DagBag from /home/airflow/.local/lib/python3.12/site-packages/airflow/example_dags/plugins/decreasing_priority_weight_strategy.py
[2026-09-23T19:09:23.731+0000] {processor.py:927} WARNING - No viable dags retrieved from /home/airflow/.local/lib/python3.12/site-packages/airflow/example_dags/plugins/decreasing_priority_weight_strategy.py
[2026-09-23T19:09:23.749+0000] {processor.py:208} INFO - Processing /home/airflow/.local/lib/python3.12/site-packages/airflow/example_dags/plugins/decreasing_priority_weight_strategy.py took 0.038 seconds
[2026-09-23T19:09:55.034+0000] {processor.py:186} INFO - Started process (PID=20526) to work on /home/airflow/.local/lib/python3.12/site-packages/airflow/example_dags/plugins/decreasing_priority_weight_strategy.py
[2026-09-23T19:09:55.035+0000] {processor.py:914} INFO - Processing file /home/airflow/.local/lib/python3.12/site-packages/airflow/example_dags/plugins/decreasing_priority_weight_strategy.py for tasks to queue
[2026-09-23T19:09:55.038+0000] {logging_mixin.py:190} INFO - [2026-09-23T19:09:55.038+0000] {dagbag.py:588} INFO - Filling up the DagBag from /home/airflow/.local/lib/python3.12/site-packages/airflow/example_dags/plugins/decreasing_priority_weight_strategy.py
[2026-09-23T19:09:55.042+0000] {processor.py:927} WARNING - No viable dags retrieved from /home/airflow/.local/lib/python3.12/site-packages/airflow/example_dags/plugins/decreasing_priority_weight_strategy.py
[2026-09-23T19:09:55.061+0000] {processor.py:208} INFO - Processing /home/airflow/.local/lib/python3.12/site-packages/airflow/example_dags/plugins/decreasing_priority_weight_strategy.py took 0.038 seconds
[2026-09-23T19:10:27.121+0000] {processor.py:186} INFO - Started process (PID=20608) to work on /home/airflow/.local/lib/python3.12/site-packages/airflow/example_dags/plugins/decreasing_priority_weight_strategy.py
[2026-09-23T19:10:27.123+0000] {processor.py:914} INFO - Processing file /home/airflow/.local/lib/python3.12/site-packages/airflow/example_dags/plugins/decreasing_priority_weight_strategy.py for tasks to queue
[2026-09-23T19:10:27.127+0000] {logging_mixin.py:190} INFO - [2026-09-23T19:10:27.126+0000] {dagbag.py:588} INFO - Filling up the DagBag from /home/airflow/.local/lib/python3.12/site-packages/airflow/example_dags/plugins/decreasing_priority_weight_strategy.py
[2026-09-23T19:10:27.131+0000] {processor.py:927} WARNING - No viable dags retrieved from /home/airflow/.local/lib/python3.12/site-packages/airflow/example_dags/plugins/decreasing_priority_weight_strategy.py
[2026-09-23T19:10:27.150+0000] {processor.py:208} INFO - Processing /home/airflow/.local/lib/python3.12/site-packages/airflow/example_dags/plugins/decreasing_priority_weight_strategy.py took 0.041 seconds
[2026-09-23T19:10:58.889+0000] {processor.py:186} INFO - Started process (PID=20682) to work on /home/airflow/.local/lib/python3.12/site-packages/airflow/example_dags/plugins/decreasing_priority_weight_strategy.py
[2026-09-23T19:10:58.891+0000] {processor.py:914} INFO - Processing file /home/airflow/.local/lib/python3.12/site-packages/airflow/example_dags/plugins/decreasing_priority_weight_strategy.py for tasks to queue
[2026-09-23T19:10:58.894+0000] {logging_mixin.py:190} INFO - [2026-09-23T19:10:58.894+0000] {dagbag.py:588} INFO - Filling up the DagBag from /home/airflow/.local/lib/python3.12/site-packages/airflow/example_dags/plugins/decreasing_priority_weight_strategy.py
[2026-09-23T19:10:58.897+0000] {processor.py:927} WARNING - No viable dags retrieved from /home/airflow/.local/lib/python3.12/site-packages/airflow/example_dags/plugins/decreasing_priority_weight_strategy.py
[2026-09-23T19:10:58.912+0000] {processor.py:208} INFO - Processing /home/airflow/.local/lib/python3.12/site-packages/airflow/example_dags/plugins/decreasing_priority_weight_strategy.py took 0.033 seconds
[2026-09-23T19:11:29.927+0000] {processor.py:186} INFO - Started process (PID=20757) to work on /home/airflow/.local/lib/python3.12/site-packages/airflow/example_dags/plugins/decreasing_priority_weight_strategy.py
[2026-09-23T19:11:29.928+0000] {processor.py:914} INFO - Processing file /home/airflow/.local/lib/python3.12/site-packages/airflow/example_dags/plugins/decreasing_priority_weight_strategy.py for tasks to queue
[2026-09-23T19:11:29.931+0000] {logging_mixin.py:190} INFO - [2026-09-23T19:11:29.931+0000] {dagbag.py:588} INFO - Filling up the DagBag from /home/airflow/.local/lib/python3.12/site-packages/airflow/example_dags/plugins/decreasing_priority_weight_strategy.py
[2026-09-23T19:11:29.935+0000] {processor.py:927} WARNING - No viable dags retrieved from /home/airflow/.local/lib/python3.12/site-packages/airflow/example_dags/plugins/decreasing_priority_weight_strategy.py
[2026-09-23T19:11:29.951+0000] {processor.py:208} INFO - Processing /home/airflow/.local/lib/python3.12/site-packages/airflow/example_dags/plugins/decreasing_priority_weight_strategy.py took 0.033 seconds
[2026-09-23T19:12:01.102+0000] {processor.py:186} INFO - Started process (PID=20832) to work on /home/airflow/.local/lib/python3.12/site-packages/airflow/example_dags/plugins/decreasing_priority_weight_strategy.py
[2026-09-23T19:12:01.103+0000] {processor.py:914} INFO - Processing file /home/airflow/.local/lib/python3.12/site-packages/airflow/example_dags/plugins/decreasing_priority_weight_strategy.py for tasks to queue
[2026-09-23T19:12:01.106+0000] {logging_mixin.py:190} INFO - [2026-09-23T19:12:01.106+0000] {dagbag.py:588} INFO - Filling up the DagBag from /home/airflow/.local/lib/python3.12/site-packages/airflow/example_dags/plugins/decreasing_priority_weight_strategy.py
[2026-09-23T19:12:01.110+0000] {processor.py:927} WARNING - No viable dags retrieved from /home/airflow/.local/lib/python3.12/site-packages/airflow/example_dags/plugins/decreasing_priority_weight_strategy.py
[2026-09-23T19:12:01.129+0000] {processor.py:208} INFO - Processing /home/airflow/.local/lib/python3.12/site-packages/airflow/example_dags/plugins/decreasing_priority_weight_strategy.py took 0.037 seconds
[2026-09-23T19:12:31.771+0000] {processor.py:186} INFO - Started process (PID=20906) to work on /home/airflow/.local/lib/python3.12/site-packages/airflow/example_dags/plugins/decreasing_priority_weight_strategy.py
[2026-09-23T19:12:31.772+0000] {processor.py:914} INFO - Processing file /home/airflow/.local/lib/python3.12/site-packages/airflow/example_dags/plugins/decreasing_priority_weight_strategy.py for tasks to queue
[2026-09-23T19:12:31.775+0000] {logging_mixin.py:190} INFO - [2026-09-23T19:12:31.775+0000] {dagbag.py:588} INFO - Filling up the DagBag from /home/airflow/.local/lib/python3.12/site-packages/airflow/example_dags/plugins/decreasing_priority_weight_strategy.py
[2026-09-23T19:12:31.779+0000] {processor.py:927} WARNING - No viable dags retrieved from /home/airflow/.local/lib/python3.12/site-packages/airflow/example_dags/plugins/decreasing_priority_weight_strategy.py
[2026-09-23T19:12:31.798+0000] {processor.py:208} INFO - Processing /home/airflow/.local/lib/python3.12/site-packages/airflow/example_dags/plugins/decreasing_priority_weight_strategy.py took 0.037 seconds
[2026-09-23T19:13:02.610+0000] {processor.py:186} INFO - Started process (PID=20979) to work on /home/airflow/.local/lib/python3.12/site-packages/airflow/example_dags/plugins/decreasing_priority_weight_strategy.py
[2026-09-23T19:13:02.611+0000] {processor.py:914} INFO - Processing file /home/airflow/.local/lib/python3.12/site-packages/airflow/example_dags/plugins/decreasing_priority_weight_strategy.py for tasks to queue
[2026-09-23T19:13:02.614+0000] {logging_mixin.py:190} INFO - [2026-09-23T19:13:02.614+0000] {dagbag.py:588} INFO - Filling up the DagBag from /home/airflow/.local/lib/python3.12/site-packages/airflow/example_dags/plugins/decreasing_priority_weight_strategy.py
[2026-09-23T19:13:02.618+0000] {processor.py:927} WARNING - No viable dags retrieved from /home/airflow/.local/lib/python3.12/site-packages/airflow/example_dags/plugins/decreasing_priority_weight_strategy.py
[2026-09-23T19:13:02.633+0000] {processor.py:208} INFO - Processing /home/airflow/.local/lib/python3.12/site-packages/airflow/example_dags/plugins/decreasing_priority_weight_strategy.py took 0.034 seconds
[2026-09-23T19:13:33.626+0000] {processor.py:186} INFO - Started process (PID=21053) to work on /home/airflow/.local/lib/python3.12/site-packages/airflow/example_dags/plugins/decreasing_priority_weight_strategy.py
[2026-09-23T19:13:33.627+0000] {processor.py:914} INFO - Processing file /home/airflow/.local/lib/python3.12/site-packages/airflow/example_dags/plugins/decreasing_priority_weight_strategy.py for tasks to queue
[2026-09-23T19:13:33.630+0000] {logging_mixin.py:190} INFO - [2026-09-23T19:13:33.629+0000] {dagbag.py:588} INFO - Filling up the DagBag from /home/airflow/.local/lib/python3.12/site-packages/airflow/example_dags/plugins/decreasing_priority_weight_strategy.py
[2026-09-23T19:13:33.633+0000] {processor.py:927} WARNING - No viable dags retrieved from /home/airflow/.local/lib/python3.12/site-packages/airflow/example_dags/plugins/decreasing_priority_weight_strategy.py
[2026-09-23T19:13:33.661+0000] {processor.py:208} INFO - Processing /home/airflow/.local/lib/python3.12/site-packages/airflow/example_dags/plugins/decreasing_priority_weight_strategy.py took 0.045 seconds
[2026-09-23T19:14:04.397+0000] {processor.py:186} INFO - Started process (PID=21126) to work on /home/airflow/.local/lib/python3.12/site-packages/airflow/example_dags/plugins/decreasing_priority_weight_strategy.py
[2026-09-23T19:14:04.399+0000] {processor.py:914} INFO - Processing file /home/airflow/.local/lib/python3.12/site-packages/airflow/example_dags/plugins/decreasing_priority_weight_strategy.py for tasks to queue
[2026-09-23T19:14:04.402+0000] {logging_mixin.py:190} INFO - [2026-09-23T19:14:04.401+0000] {dagbag.py:588} INFO - Filling up the DagBag from /home/airflow/.local/lib/python3.12/site-packages/airflow/example_dags/plugins/decreasing_priority_weight_strategy.py
[2026-09-23T19:14:04.406+0000] {processor.py:927} WARNING - No viable dags retrieved from /home/airflow/.local/lib/python3.12/site-packages/airflow/example_dags/plugins/decreasing_priority_weight_strategy.py
[2026-09-23T19:14:04.424+0000] {processor.py:208} INFO - Processing /home/airflow/.local/lib/python3.12/site-packages/airflow/example_dags/plugins/decreasing_priority_weight_strategy.py took 0.037 seconds
[2026-09-23T19:14:34.704+0000] {processor.py:186} INFO - Started process (PID=21200) to work on /home/airflow/.local/lib/python3.12/site-packages/airflow/example_dags/plugins/decreasing_priority_weight_strategy.py
[2026-09-23T19:14:34.704+0000] {processor.py:914} INFO - Processing file /home/airflow/.local/lib/python3.12/site-packages/airflow/example_dags/plugins/decreasing_priority_weight_strategy.py for tasks to queue
[2026-09-23T19:14:34.707+0000] {logging_mixin.py:190} INFO - [2026-09-23T19:14:34.707+0000] {dagbag.py:588} INFO - Filling up the DagBag from /home/airflow/.local/lib/python3.12/site-packages/airflow/example_dags/plugins/decreasing_priority_weight_strategy.py
[2026-09-23T19:14:34.710+0000] {processor.py:927} WARNING - No viable dags retrieved from /home/airflow/.local/lib/python3.12/site-packages/airflow/example_dags/plugins/decreasing_priority_weight_strategy.py
[2026-09-23T19:14:34.725+0000] {processor.py:208} INFO - Processing /home/airflow/.local/lib/python3.12/site-packages/airflow/example_dags/plugins/decreasing_priority_weight_strategy.py took 0.030 seconds
[2026-09-23T19:15:04.888+0000] {processor.py:186} INFO - Started process (PID=21274) to work on /home/airflow/.local/lib/python3.12/site-packages/airflow/example_dags/plugins/decreasing_priority_weight_strategy.py
[2026-09-23T19:15:04.890+0000] {processor.py:914} INFO - Processing file /home/airflow/.local/lib/python3.12/site-packages/airflow/example_dags/plugins/decreasing_priority_weight_strategy.py for tasks to queue
[2026-09-23T19:15:04.893+0000] {logging_mixin.py:190} INFO - [2026-09-23T19:15:04.892+0000] {dagbag.py:588} INFO - Filling up the DagBag from /home/airflow/.local/lib/python3.12/site-packages/airflow/example_dags/plugins/decreasing_priority_weight_strategy.py
[2026-09-23T19:15:04.896+0000] {processor.py:927} WARNING - No viable dags retrieved from /home/airflow/.local/lib/python3.12/site-packages/airflow/example_dags/plugins/decreasing_priority_weight_strategy.py
[2026-09-23T19:15:04.911+0000] {processor.py:208} INFO - Processing /home/airflow/.local/lib/python3.12/site-packages/airflow/example_dags/plugins/decreasing_priority_weight_strategy.py took 0.032 seconds
[2026-09-23T19:15:35.399+0000] {processor.py:186} INFO - Started process (PID=21348) to work on /home/airflow/.local/lib/python3.12/site-packages/airflow/example_dags/plugins/decreasing_priority_weight_strategy.py
[2026-09-23T19:15:35.399+0000] {processor.py:914} INFO - Processing file /home/airflow/.local/lib/python3.12/site-packages/airflow/example_dags/plugins/decreasing_priority_weight_strategy.py for tasks to queue
[2026-09-23T19:15:35.402+0000] {logging_mixin.py:190} INFO - [2026-09-23T19:15:35.402+0000] {dagbag.py:588} INFO - Filling up the DagBag from /home/airflow/.local/lib/python3.12/site-packages/airflow/example_dags/plugins/decreasing_priority_weight_strategy.py
[2026-09-23T19:15:35.405+0000] {processor.py:927} WARNING - No viable dags retrieved from /home/airflow/.local/lib/python3.12/site-packages/airflow/example_dags/plugins/decreasing_priority_weight_strategy.py
[2026-09-23T19:15:35.421+0000] {processor.py:208} INFO - Processing /home/airflow/.local/lib/python3.12/site-packages/airflow/example_dags/plugins/decreasing_priority_weight_strategy.py took 0.031 seconds
[2026-09-23T19:16:05.936+0000] {processor.py:186} INFO - Started process (PID=21421) to work on /home/airflow/.local/lib/python3.12/site-packages/airflow/example_dags/plugins/decreasing_priority_weight_strategy.py
[2026-09-23T19:16:05.937+0000] {processor.py:914} INFO - Processing file /home/airflow/.local/lib/python3.12/site-packages/airflow/example_dags/plugins/decreasing_priority_weight_strategy.py for tasks to queue
[2026-09-23T19:16:05.940+0000] {logging_mixin.py:190} INFO - [2026-09-23T19:16:05.940+0000] {dagbag.py:588} INFO - Filling up the DagBag from /home/airflow/.local/lib/python3.12/site-packages/airflow/example_dags/plugins/decreasing_priority_weight_strategy.py
[2026-09-23T19:16:05.943+0000] {processor.py:927} WARNING - No viable dags retrieved from /home/airflow/.local/lib/python3.12/site-packages/airflow/example_dags/plugins/decreasing_priority_weight_strategy.py
[2026-09-23T19:16:05.960+0000] {processor.py:208} INFO - Processing /home/airflow/.local/lib/python3.12/site-packages/airflow/example_dags/plugins/decreasing_priority_weight_strategy.py took 0.033 seconds
[2026-09-23T19:16:36.629+0000] {processor.py:186} INFO - Started process (PID=21496) to work on /home/airflow/.local/lib/python3.12/site-packages/airflow/example_dags/plugins/decreasing_priority_weight_strategy.py
[2026-09-23T19:16:36.632+0000] {processor.py:914} INFO - Processing file /home/airflow/.local/lib/python3.12/site-packages/airflow/example_dags/plugins/decreasing_priority_weight_strategy.py for tasks to queue
[2026-09-23T19:16:36.635+0000] {logging_mixin.py:190} INFO - [2026-09-23T19:16:36.635+0000] {dagbag.py:588} INFO - Filling up the DagBag from /home/airflow/.local/lib/python3.12/site-packages/airflow/example_dags/plugins/decreasing_priority_weight_strategy.py
[2026-09-23T19:16:36.640+0000] {processor.py:927} WARNING - No viable dags retrieved from /home/airflow/.local/lib/python3.12/site-packages/airflow/example_dags/plugins/decreasing_priority_weight_strategy.py
[2026-09-23T19:16:36.663+0000] {processor.py:208} INFO - Processing /home/airflow/.local/lib/python3.12/site-packages/airflow/example_dags/plugins/decreasing_priority_weight_strategy.py took 0.047 seconds
[2026-09-23T19:17:07.170+0000] {processor.py:186} INFO - Started process (PID=21569) to work on /home/airflow/.local/lib/python3.12/site-packages/airflow/example_dags/plugins/decreasing_priority_weight_strategy.py
[2026-09-23T19:17:07.171+0000] {processor.py:914} INFO - Processing file /home/airflow/.local/lib/python3.12/site-packages/airflow/example_dags/plugins/decreasing_priority_weight_strategy.py for tasks to queue
[2026-09-23T19:17:07.174+0000] {logging_mixin.py:190} INFO - [2026-09-23T19:17:07.174+0000] {dagbag.py:588} INFO - Filling up the DagBag from /home/airflow/.local/lib/python3.12/site-packages/airflow/example_dags/plugins/decreasing_priority_weight_strategy.py
[2026-09-23T19:17:07.178+0000] {processor.py:927} WARNING - No viable dags retrieved from /home/airflow/.local/lib/python3.12/site-packages/airflow/example_dags/plugins/decreasing_priority_weight_strategy.py
[2026-09-23T19:17:07.197+0000] {processor.py:208} INFO - Processing /home/airflow/.local/lib/python3.12/site-packages/airflow/example_dags/plugins/decreasing_priority_weight_strategy.py took 0.036 seconds
[2026-09-23T19:17:37.331+0000] {processor.py:186} INFO - Started process (PID=21644) to work on /home/airflow/.local/lib/python3.12/site-packages/airflow/example_dags/plugins/decreasing_priority_weight_strategy.py
[2026-09-23T19:17:37.333+0000] {processor.py:914} INFO - Processing file /home/airflow/.local/lib/python3.12/site-packages/airflow/example_dags/plugins/decreasing_priority_weight_strategy.py for tasks to queue
[2026-09-23T19:17:37.336+0000] {logging_mixin.py:190} INFO - [2026-09-23T19:17:37.335+0000] {dagbag.py:588} INFO - Filling up the DagBag from /home/airflow/.local/lib/python3.12/site-packages/airflow/example_dags/plugins/decreasing_priority_weight_strategy.py
[2026-09-23T19:17:37.339+0000] {processor.py:927} WARNING - No viable dags retrieved from /home/airflow/.local/lib/python3.12/site-packages/airflow/example_dags/plugins/decreasing_priority_weight_strategy.py
[2026-09-23T19:17:37.358+0000] {processor.py:208} INFO - Processing /home/airflow/.local/lib/python3.12/site-packages/airflow/example_dags/plugins/decreasing_priority_weight_strategy.py took 0.037 seconds
[2026-09-23T19:18:07.904+0000] {processor.py:186} INFO - Started process (PID=21719) to work on /home/airflow/.local/lib/python3.12/site-packages/airflow/example_dags/plugins/decreasing_priority_weight_strategy.py
[2026-09-23T19:18:07.905+0000] {processor.py:914} INFO - Processing file /home/airflow/.local/lib/python3.12/site-packages/airflow/example_dags/plugins/decreasing_priority_weight_strategy.py for tasks to queue
[2026-09-23T19:18:07.909+0000] {logging_mixin.py:190} INFO - [2026-09-23T19:18:07.908+0000] {dagbag.py:588} INFO - Filling up the DagBag from /home/airflow/.local/lib/python3.12/site-packages/airflow/example_dags/plugins/decreasing_priority_weight_strategy.py
[2026-09-23T19:18:07.913+0000] {processor.py:927} WARNING - No viable dags retrieved from /home/airflow/.local/lib/python3.12/site-packages/airflow/example_dags/plugins/decreasing_priority_weight_strategy.py
[2026-09-23T19:18:07.935+0000] {processor.py:208} INFO - Processing /home/airflow/.local/lib/python3.12/site-packages/airflow/example_dags/plugins/decreasing_priority_weight_strategy.py took 0.040 seconds
[2026-09-23T19:18:37.987+0000] {processor.py:186} INFO - Started process (PID=21792) to work on /home/airflow/.local/lib/python3.12/site-packages/airflow/example_dags/plugins/decreasing_priority_weight_strategy.py
[2026-09-23T19:18:37.989+0000] {processor.py:914} INFO - Processing file /home/airflow/.local/lib/python3.12/site-packages/airflow/example_dags/plugins/decreasing_priority_weight_strategy.py for tasks to queue
[2026-09-23T19:18:37.992+0000] {logging_mixin.py:190} INFO - [2026-09-23T19:18:37.991+0000] {dagbag.py:588} INFO - Filling up the DagBag from /home/airflow/.local/lib/python3.12/site-packages/airflow/example_dags/plugins/decreasing_priority_weight_strategy.py
[2026-09-23T19:18:37.995+0000] {processor.py:927} WARNING - No viable dags retrieved from /home/airflow/.local/lib/python3.12/site-packages/airflow/example_dags/plugins/decreasing_priority_weight_strategy.py
[2026-09-23T19:18:38.012+0000] {processor.py:208} INFO - Processing /home/airflow/.local/lib/python3.12/site-packages/airflow/example_dags/plugins/decreasing_priority_weight_strategy.py took 0.034 seconds
[2026-09-23T19:19:08.356+0000] {processor.py:186} INFO - Started process (PID=21866) to work on /home/airflow/.local/lib/python3.12/site-packages/airflow/example_dags/plugins/decreasing_priority_weight_strategy.py
[2026-09-23T19:19:08.357+0000] {processor.py:914} INFO - Processing file /home/airflow/.local/lib/python3.12/site-packages/airflow/example_dags/plugins/decreasing_priority_weight_strategy.py for tasks to queue
[2026-09-23T19:19:08.360+0000] {logging_mixin.py:190} INFO - [2026-09-23T19:19:08.359+0000] {dagbag.py:588} INFO - Filling up the DagBag from /home/airflow/.local/lib/python3.12/site-packages/airflow/example_dags/plugins/decreasing_priority_weight_strategy.py
[2026-09-23T19:19:08.363+0000] {processor.py:927} WARNING - No viable dags retrieved from /home/airflow/.local/lib/python3.12/site-packages/airflow/example_dags/plugins/decreasing_priority_weight_strategy.py
[2026-09-23T19:19:08.377+0000] {processor.py:208} INFO - Processing /home/airflow/.local/lib/python3.12/site-packages/airflow/example_dags/plugins/decreasing_priority_weight_strategy.py took 0.029 seconds
[2026-09-23T19:19:38.562+0000] {processor.py:186} INFO - Started process (PID=21940) to work on /home/airflow/.local/lib/python3.12/site-packages/airflow/example_dags/plugins/decreasing_priority_weight_strategy.py
[2026-09-23T19:19:38.565+0000] {processor.py:914} INFO - Processing file /home/airflow/.local/lib/python3.12/site-packages/airflow/example_dags/plugins/decreasing_priority_weight_strategy.py for tasks to queue
[2026-09-23T19:19:38.568+0000] {logging_mixin.py:190} INFO - [2026-09-23T19:19:38.567+0000] {dagbag.py:588} INFO - Filling up the DagBag from /home/airflow/.local/lib/python3.12/site-packages/airflow/example_dags/plugins/decreasing_priority_weight_strategy.py
[2026-09-23T19:19:38.571+0000] {processor.py:927} WARNING - No viable dags retrieved from /home/airflow/.local/lib/python3.12/site-packages/airflow/example_dags/plugins/decreasing_priority_weight_strategy.py
[2026-09-23T19:19:38.585+0000] {processor.py:208} INFO - Processing /home/airflow/.local/lib/python3.12/site-packages/airflow/example_dags/plugins/decreasing_priority_weight_strategy.py took 0.032 seconds
[2026-09-23T19:20:08.925+0000] {processor.py:186} INFO - Started process (PID=22014) to work on /home/airflow/.local/lib/python3.12/site-packages/airflow/example_dags/plugins/decreasing_priority_weight_strategy.py
[2026-09-23T19:20:08.927+0000] {processor.py:914} INFO - Processing file /home/airflow/.local/lib/python3.12/site-packages/airflow/example_dags/plugins/decreasing_priority_weight_strategy.py for tasks to queue
[2026-09-23T19:20:08.930+0000] {logging_mixin.py:190} INFO - [2026-09-23T19:20:08.929+0000] {dagbag.py:588} INFO - Filling up the DagBag from /home/airflow/.local/lib/python3.12/site-packages/airflow/example_dags/plugins/decreasing_priority_weight_strategy.py
[2026-09-23T19:20:08.936+0000] {processor.py:927} WARNING - No viable dags retrieved from /home/airflow/.local/lib/python3.12/site-packages/airflow/example_dags/plugins/decreasing_priority_weight_strategy.py
[2026-09-23T19:20:08.953+0000] {processor.py:208} INFO - Processing /home/airflow/.local/lib/python3.12/site-packages/airflow/example_dags/plugins/decreasing_priority_weight_strategy.py took 0.037 seconds
[2026-09-23T19:20:39.301+0000] {processor.py:186} INFO - Started process (PID=22088) to work on /home/airflow/.local/lib/python3.12/site-packages/airflow/example_dags/plugins/decreasing_priority_weight_strategy.py
[2026-09-23T19:20:39.303+0000] {processor.py:914} INFO - Processing file /home/airflow/.local/lib/python3.12/site-packages/airflow/example_dags/plugins/decreasing_priority_weight_strategy.py for tasks to queue
[2026-09-23T19:20:39.307+0000] {logging_mixin.py:190} INFO - [2026-09-23T19:20:39.306+0000] {dagbag.py:588} INFO - Filling up the DagBag from /home/airflow/.local/lib/python3.12/site-packages/airflow/example_dags/plugins/decreasing_priority_weight_strategy.py
[2026-09-23T19:20:39.310+0000] {processor.py:927} WARNING - No viable dags retrieved from /home/airflow/.local/lib/python3.12/site-packages/airflow/example_dags/plugins/decreasing_priority_weight_strategy.py
[2026-09-23T19:20:39.328+0000] {processor.py:208} INFO - Processing /home/airflow/.local/lib/python3.12/site-packages/airflow/example_dags/plugins/decreasing_priority_weight_strategy.py took 0.036 seconds
[2026-09-23T19:21:09.955+0000] {processor.py:186} INFO - Started process (PID=22163) to work on /home/airflow/.local/lib/python3.12/site-packages/airflow/example_dags/plugins/decreasing_priority_weight_strategy.py
[2026-09-23T19:21:09.956+0000] {processor.py:914} INFO - Processing file /home/airflow/.local/lib/python3.12/site-packages/airflow/example_dags/plugins/decreasing_priority_weight_strategy.py for tasks to queue
[2026-09-23T19:21:09.960+0000] {logging_mixin.py:190} INFO - [2026-09-23T19:21:09.959+0000] {dagbag.py:588} INFO - Filling up the DagBag from /home/airflow/.local/lib/python3.12/site-packages/airflow/example_dags/plugins/decreasing_priority_weight_strategy.py
[2026-09-23T19:21:09.964+0000] {processor.py:927} WARNING - No viable dags retrieved from /home/airflow/.local/lib/python3.12/site-packages/airflow/example_dags/plugins/decreasing_priority_weight_strategy.py
[2026-09-23T19:21:09.982+0000] {processor.py:208} INFO - Processing /home/airflow/.local/lib/python3.12/site-packages/airflow/example_dags/plugins/decreasing_priority_weight_strategy.py took 0.037 seconds
[2026-09-23T19:21:40.242+0000] {processor.py:186} INFO - Started process (PID=22229) to work on /home/airflow/.local/lib/python3.12/site-packages/airflow/example_dags/plugins/decreasing_priority_weight_strategy.py
[2026-09-23T19:21:40.244+0000] {processor.py:914} INFO - Processing file /home/airflow/.local/lib/python3.12/site-packages/airflow/example_dags/plugins/decreasing_priority_weight_strategy.py for tasks to queue
[2026-09-23T19:21:40.247+0000] {logging_mixin.py:190} INFO - [2026-09-23T19:21:40.247+0000] {dagbag.py:588} INFO - Filling up the DagBag from /home/airflow/.local/lib/python3.12/site-packages/airflow/example_dags/plugins/decreasing_priority_weight_strategy.py
[2026-09-23T19:21:40.251+0000] {processor.py:927} WARNING - No viable dags retrieved from /home/airflow/.local/lib/python3.12/site-packages/airflow/example_dags/plugins/decreasing_priority_weight_strategy.py
[2026-09-23T19:21:40.267+0000] {processor.py:208} INFO - Processing /home/airflow/.local/lib/python3.12/site-packages/airflow/example_dags/plugins/decreasing_priority_weight_strategy.py took 0.035 seconds
[2026-09-23T19:22:11.255+0000] {processor.py:186} INFO - Started process (PID=22310) to work on /home/airflow/.local/lib/python3.12/site-packages/airflow/example_dags/plugins/decreasing_priority_weight_strategy.py
[2026-09-23T19:22:11.256+0000] {processor.py:914} INFO - Processing file /home/airflow/.local/lib/python3.12/site-packages/airflow/example_dags/plugins/decreasing_priority_weight_strategy.py for tasks to queue
[2026-09-23T19:22:11.260+0000] {logging_mixin.py:190} INFO - [2026-09-23T19:22:11.259+0000] {dagbag.py:588} INFO - Filling up the DagBag from /home/airflow/.local/lib/python3.12/site-packages/airflow/example_dags/plugins/decreasing_priority_weight_strategy.py
[2026-09-23T19:22:11.263+0000] {processor.py:927} WARNING - No viable dags retrieved from /home/airflow/.local/lib/python3.12/site-packages/airflow/example_dags/plugins/decreasing_priority_weight_strategy.py
[2026-09-23T19:22:11.282+0000] {processor.py:208} INFO - Processing /home/airflow/.local/lib/python3.12/site-packages/airflow/example_dags/plugins/decreasing_priority_weight_strategy.py took 0.037 seconds
[2026-09-23T19:22:41.549+0000] {processor.py:186} INFO - Started process (PID=22385) to work on /home/airflow/.local/lib/python3.12/site-packages/airflow/example_dags/plugins/decreasing_priority_weight_strategy.py
[2026-09-23T19:22:41.551+0000] {processor.py:914} INFO - Processing file /home/airflow/.local/lib/python3.12/site-packages/airflow/example_dags/plugins/decreasing_priority_weight_strategy.py for tasks to queue
[2026-09-23T19:22:41.554+0000] {logging_mixin.py:190} INFO - [2026-09-23T19:22:41.553+0000] {dagbag.py:588} INFO - Filling up the DagBag from /home/airflow/.local/lib/python3.12/site-packages/airflow/example_dags/plugins/decreasing_priority_weight_strategy.py
[2026-09-23T19:22:41.558+0000] {processor.py:927} WARNING - No viable dags retrieved from /home/airflow/.local/lib/python3.12/site-packages/airflow/example_dags/plugins/decreasing_priority_weight_strategy.py
[2026-09-23T19:22:41.576+0000] {processor.py:208} INFO - Processing /home/airflow/.local/lib/python3.12/site-packages/airflow/example_dags/plugins/decreasing_priority_weight_strategy.py took 0.037 seconds
[2026-09-23T19:23:12.088+0000] {processor.py:186} INFO - Started process (PID=22458) to work on /home/airflow/.local/lib/python3.12/site-packages/airflow/example_dags/plugins/decreasing_priority_weight_strategy.py
[2026-09-23T19:23:12.089+0000] {processor.py:914} INFO - Processing file /home/airflow/.local/lib/python3.12/site-packages/airflow/example_dags/plugins/decreasing_priority_weight_strategy.py for tasks to queue
[2026-09-23T19:23:12.092+0000] {logging_mixin.py:190} INFO - [2026-09-23T19:23:12.092+0000] {dagbag.py:588} INFO - Filling up the DagBag from /home/airflow/.local/lib/python3.12/site-packages/airflow/example_dags/plugins/decreasing_priority_weight_strategy.py
[2026-09-23T19:23:12.096+0000] {processor.py:927} WARNING - No viable dags retrieved from /home/airflow/.local/lib/python3.12/site-packages/airflow/example_dags/plugins/decreasing_priority_weight_strategy.py
[2026-09-23T19:23:12.115+0000] {processor.py:208} INFO - Processing /home/airflow/.local/lib/python3.12/site-packages/airflow/example_dags/plugins/decreasing_priority_weight_strategy.py took 0.038 seconds
[2026-09-23T19:23:42.679+0000] {processor.py:186} INFO - Started process (PID=22533) to work on /home/airflow/.local/lib/python3.12/site-packages/airflow/example_dags/plugins/decreasing_priority_weight_strategy.py
[2026-09-23T19:23:42.681+0000] {processor.py:914} INFO - Processing file /home/airflow/.local/lib/python3.12/site-packages/airflow/example_dags/plugins/decreasing_priority_weight_strategy.py for tasks to queue
[2026-09-23T19:23:42.685+0000] {logging_mixin.py:190} INFO - [2026-09-23T19:23:42.684+0000] {dagbag.py:588} INFO - Filling up the DagBag from /home/airflow/.local/lib/python3.12/site-packages/airflow/example_dags/plugins/decreasing_priority_weight_strategy.py
[2026-09-23T19:23:42.689+0000] {processor.py:927} WARNING - No viable dags retrieved from /home/airflow/.local/lib/python3.12/site-packages/airflow/example_dags/plugins/decreasing_priority_weight_strategy.py
[2026-09-23T19:23:42.706+0000] {processor.py:208} INFO - Processing /home/airflow/.local/lib/python3.12/site-packages/airflow/example_dags/plugins/decreasing_priority_weight_strategy.py took 0.040 seconds
[2026-09-23T19:24:13.146+0000] {processor.py:186} INFO - Started process (PID=22607) to work on /home/airflow/.local/lib/python3.12/site-packages/airflow/example_dags/plugins/decreasing_priority_weight_strategy.py
[2026-09-23T19:24:13.147+0000] {processor.py:914} INFO - Processing file /home/airflow/.local/lib/python3.12/site-packages/airflow/example_dags/plugins/decreasing_priority_weight_strategy.py for tasks to queue
[2026-09-23T19:24:13.150+0000] {logging_mixin.py:190} INFO - [2026-09-23T19:24:13.150+0000] {dagbag.py:588} INFO - Filling up the DagBag from /home/airflow/.local/lib/python3.12/site-packages/airflow/example_dags/plugins/decreasing_priority_weight_strategy.py
[2026-09-23T19:24:13.153+0000] {processor.py:927} WARNING - No viable dags retrieved from /home/airflow/.local/lib/python3.12/site-packages/airflow/example_dags/plugins/decreasing_priority_weight_strategy.py
[2026-09-23T19:24:13.168+0000] {processor.py:208} INFO - Processing /home/airflow/.local/lib/python3.12/site-packages/airflow/example_dags/plugins/decreasing_priority_weight_strategy.py took 0.031 seconds
[2026-09-23T19:24:43.529+0000] {processor.py:186} INFO - Started process (PID=22681) to work on /home/airflow/.local/lib/python3.12/site-packages/airflow/example_dags/plugins/decreasing_priority_weight_strategy.py
[2026-09-23T19:24:43.531+0000] {processor.py:914} INFO - Processing file /home/airflow/.local/lib/python3.12/site-packages/airflow/example_dags/plugins/decreasing_priority_weight_strategy.py for tasks to queue
[2026-09-23T19:24:43.534+0000] {logging_mixin.py:190} INFO - [2026-09-23T19:24:43.533+0000] {dagbag.py:588} INFO - Filling up the DagBag from /home/airflow/.local/lib/python3.12/site-packages/airflow/example_dags/plugins/decreasing_priority_weight_strategy.py
[2026-09-23T19:24:43.537+0000] {processor.py:927} WARNING - No viable dags retrieved from /home/airflow/.local/lib/python3.12/site-packages/airflow/example_dags/plugins/decreasing_priority_weight_strategy.py
[2026-09-23T19:24:43.559+0000] {processor.py:208} INFO - Processing /home/airflow/.local/lib/python3.12/site-packages/airflow/example_dags/plugins/decreasing_priority_weight_strategy.py took 0.040 seconds
[2026-09-23T19:25:14.282+0000] {processor.py:186} INFO - Started process (PID=22755) to work on /home/airflow/.local/lib/python3.12/site-packages/airflow/example_dags/plugins/decreasing_priority_weight_strategy.py
[2026-09-23T19:25:14.283+0000] {processor.py:914} INFO - Processing file /home/airflow/.local/lib/python3.12/site-packages/airflow/example_dags/plugins/decreasing_priority_weight_strategy.py for tasks to queue
[2026-09-23T19:25:14.286+0000] {logging_mixin.py:190} INFO - [2026-09-23T19:25:14.286+0000] {dagbag.py:588} INFO - Filling up the DagBag from /home/airflow/.local/lib/python3.12/site-packages/airflow/example_dags/plugins/decreasing_priority_weight_strategy.py
[2026-09-23T19:25:14.290+0000] {processor.py:927} WARNING - No viable dags retrieved from /home/airflow/.local/lib/python3.12/site-packages/airflow/example_dags/plugins/decreasing_priority_weight_strategy.py
[2026-09-23T19:25:14.311+0000] {processor.py:208} INFO - Processing /home/airflow/.local/lib/python3.12/site-packages/airflow/example_dags/plugins/decreasing_priority_weight_strategy.py took 0.038 seconds
[2026-09-23T19:25:44.743+0000] {processor.py:186} INFO - Started process (PID=22829) to work on /home/airflow/.local/lib/python3.12/site-packages/airflow/example_dags/plugins/decreasing_priority_weight_strategy.py
[2026-09-23T19:25:44.744+0000] {processor.py:914} INFO - Processing file /home/airflow/.local/lib/python3.12/site-packages/airflow/example_dags/plugins/decreasing_priority_weight_strategy.py for tasks to queue
[2026-09-23T19:25:44.747+0000] {logging_mixin.py:190} INFO - [2026-09-23T19:25:44.747+0000] {dagbag.py:588} INFO - Filling up the DagBag from /home/airflow/.local/lib/python3.12/site-packages/airflow/example_dags/plugins/decreasing_priority_weight_strategy.py
[2026-09-23T19:25:44.750+0000] {processor.py:927} WARNING - No viable dags retrieved from /home/airflow/.local/lib/python3.12/site-packages/airflow/example_dags/plugins/decreasing_priority_weight_strategy.py
[2026-09-23T19:25:44.767+0000] {processor.py:208} INFO - Processing /home/airflow/.local/lib/python3.12/site-packages/airflow/example_dags/plugins/decreasing_priority_weight_strategy.py took 0.034 seconds
[2026-09-23T19:26:15.438+0000] {processor.py:186} INFO - Started process (PID=22903) to work on /home/airflow/.local/lib/python3.12/site-packages/airflow/example_dags/plugins/decreasing_priority_weight_strategy.py
[2026-09-23T19:26:15.439+0000] {processor.py:914} INFO - Processing file /home/airflow/.local/lib/python3.12/site-packages/airflow/example_dags/plugins/decreasing_priority_weight_strategy.py for tasks to queue
[2026-09-23T19:26:15.442+0000] {logging_mixin.py:190} INFO - [2026-09-23T19:26:15.441+0000] {dagbag.py:588} INFO - Filling up the DagBag from /home/airflow/.local/lib/python3.12/site-packages/airflow/example_dags/plugins/decreasing_priority_weight_strategy.py
[2026-09-23T19:26:15.445+0000] {processor.py:927} WARNING - No viable dags retrieved from /home/airflow/.local/lib/python3.12/site-packages/airflow/example_dags/plugins/decreasing_priority_weight_strategy.py
[2026-09-23T19:26:15.461+0000] {processor.py:208} INFO - Processing /home/airflow/.local/lib/python3.12/site-packages/airflow/example_dags/plugins/decreasing_priority_weight_strategy.py took 0.032 seconds
[2026-09-23T19:26:45.987+0000] {processor.py:186} INFO - Started process (PID=22976) to work on /home/airflow/.local/lib/python3.12/site-packages/airflow/example_dags/plugins/decreasing_priority_weight_strategy.py
[2026-09-23T19:26:45.989+0000] {processor.py:914} INFO - Processing file /home/airflow/.local/lib/python3.12/site-packages/airflow/example_dags/plugins/decreasing_priority_weight_strategy.py for tasks to queue
[2026-09-23T19:26:45.992+0000] {logging_mixin.py:190} INFO - [2026-09-23T19:26:45.991+0000] {dagbag.py:588} INFO - Filling up the DagBag from /home/airflow/.local/lib/python3.12/site-packages/airflow/example_dags/plugins/decreasing_priority_weight_strategy.py
[2026-09-23T19:26:45.995+0000] {processor.py:927} WARNING - No viable dags retrieved from /home/airflow/.local/lib/python3.12/site-packages/airflow/example_dags/plugins/decreasing_priority_weight_strategy.py
[2026-09-23T19:26:46.013+0000] {processor.py:208} INFO - Processing /home/airflow/.local/lib/python3.12/site-packages/airflow/example_dags/plugins/decreasing_priority_weight_strategy.py took 0.034 seconds
[2026-09-23T19:27:16.366+0000] {processor.py:186} INFO - Started process (PID=23049) to work on /home/airflow/.local/lib/python3.12/site-packages/airflow/example_dags/plugins/decreasing_priority_weight_strategy.py
[2026-09-23T19:27:16.367+0000] {processor.py:914} INFO - Processing file /home/airflow/.local/lib/python3.12/site-packages/airflow/example_dags/plugins/decreasing_priority_weight_strategy.py for tasks to queue
[2026-09-23T19:27:16.369+0000] {logging_mixin.py:190} INFO - [2026-09-23T19:27:16.369+0000] {dagbag.py:588} INFO - Filling up the DagBag from /home/airflow/.local/lib/python3.12/site-packages/airflow/example_dags/plugins/decreasing_priority_weight_strategy.py
[2026-09-23T19:27:16.372+0000] {processor.py:927} WARNING - No viable dags retrieved from /home/airflow/.local/lib/python3.12/site-packages/airflow/example_dags/plugins/decreasing_priority_weight_strategy.py
[2026-09-23T19:27:16.386+0000] {processor.py:208} INFO - Processing /home/airflow/.local/lib/python3.12/site-packages/airflow/example_dags/plugins/decreasing_priority_weight_strategy.py took 0.032 seconds
[2026-09-23T19:27:47.599+0000] {processor.py:186} INFO - Started process (PID=23123) to work on /home/airflow/.local/lib/python3.12/site-packages/airflow/example_dags/plugins/decreasing_priority_weight_strategy.py
[2026-09-23T19:27:47.601+0000] {processor.py:914} INFO - Processing file /home/airflow/.local/lib/python3.12/site-packages/airflow/example_dags/plugins/decreasing_priority_weight_strategy.py for tasks to queue
[2026-09-23T19:27:47.604+0000] {logging_mixin.py:190} INFO - [2026-09-23T19:27:47.604+0000] {dagbag.py:588} INFO - Filling up the DagBag from /home/airflow/.local/lib/python3.12/site-packages/airflow/example_dags/plugins/decreasing_priority_weight_strategy.py
[2026-09-23T19:27:47.607+0000] {processor.py:927} WARNING - No viable dags retrieved from /home/airflow/.local/lib/python3.12/site-packages/airflow/example_dags/plugins/decreasing_priority_weight_strategy.py
[2026-09-23T19:27:47.624+0000] {processor.py:208} INFO - Processing /home/airflow/.local/lib/python3.12/site-packages/airflow/example_dags/plugins/decreasing_priority_weight_strategy.py took 0.037 seconds
[2026-09-23T19:28:18.515+0000] {processor.py:186} INFO - Started process (PID=23198) to work on /home/airflow/.local/lib/python3.12/site-packages/airflow/example_dags/plugins/decreasing_priority_weight_strategy.py
[2026-09-23T19:28:18.516+0000] {processor.py:914} INFO - Processing file /home/airflow/.local/lib/python3.12/site-packages/airflow/example_dags/plugins/decreasing_priority_weight_strategy.py for tasks to queue
[2026-09-23T19:28:18.520+0000] {logging_mixin.py:190} INFO - [2026-09-23T19:28:18.519+0000] {dagbag.py:588} INFO - Filling up the DagBag from /home/airflow/.local/lib/python3.12/site-packages/airflow/example_dags/plugins/decreasing_priority_weight_strategy.py
[2026-09-23T19:28:18.523+0000] {processor.py:927} WARNING - No viable dags retrieved from /home/airflow/.local/lib/python3.12/site-packages/airflow/example_dags/plugins/decreasing_priority_weight_strategy.py
[2026-09-23T19:28:18.545+0000] {processor.py:208} INFO - Processing /home/airflow/.local/lib/python3.12/site-packages/airflow/example_dags/plugins/decreasing_priority_weight_strategy.py took 0.040 seconds
[2026-09-23T19:28:49.718+0000] {processor.py:186} INFO - Started process (PID=23272) to work on /home/airflow/.local/lib/python3.12/site-packages/airflow/example_dags/plugins/decreasing_priority_weight_strategy.py
[2026-09-23T19:28:49.720+0000] {processor.py:914} INFO - Processing file /home/airflow/.local/lib/python3.12/site-packages/airflow/example_dags/plugins/decreasing_priority_weight_strategy.py for tasks to queue
[2026-09-23T19:28:49.724+0000] {logging_mixin.py:190} INFO - [2026-09-23T19:28:49.724+0000] {dagbag.py:588} INFO - Filling up the DagBag from /home/airflow/.local/lib/python3.12/site-packages/airflow/example_dags/plugins/decreasing_priority_weight_strategy.py
[2026-09-23T19:28:49.728+0000] {processor.py:927} WARNING - No viable dags retrieved from /home/airflow/.local/lib/python3.12/site-packages/airflow/example_dags/plugins/decreasing_priority_weight_strategy.py
[2026-09-23T19:28:49.746+0000] {processor.py:208} INFO - Processing /home/airflow/.local/lib/python3.12/site-packages/airflow/example_dags/plugins/decreasing_priority_weight_strategy.py took 0.039 seconds
[2026-09-23T19:29:21.285+0000] {processor.py:186} INFO - Started process (PID=23346) to work on /home/airflow/.local/lib/python3.12/site-packages/airflow/example_dags/plugins/decreasing_priority_weight_strategy.py
[2026-09-23T19:29:21.286+0000] {processor.py:914} INFO - Processing file /home/airflow/.local/lib/python3.12/site-packages/airflow/example_dags/plugins/decreasing_priority_weight_strategy.py for tasks to queue
[2026-09-23T19:29:21.291+0000] {logging_mixin.py:190} INFO - [2026-09-23T19:29:21.290+0000] {dagbag.py:588} INFO - Filling up the DagBag from /home/airflow/.local/lib/python3.12/site-packages/airflow/example_dags/plugins/decreasing_priority_weight_strategy.py
[2026-09-23T19:29:21.295+0000] {processor.py:927} WARNING - No viable dags retrieved from /home/airflow/.local/lib/python3.12/site-packages/airflow/example_dags/plugins/decreasing_priority_weight_strategy.py
[2026-09-23T19:29:21.312+0000] {processor.py:208} INFO - Processing /home/airflow/.local/lib/python3.12/site-packages/airflow/example_dags/plugins/decreasing_priority_weight_strategy.py took 0.039 seconds
[2026-09-23T19:29:52.900+0000] {processor.py:186} INFO - Started process (PID=23420) to work on /home/airflow/.local/lib/python3.12/site-packages/airflow/example_dags/plugins/decreasing_priority_weight_strategy.py
[2026-09-23T19:29:52.902+0000] {processor.py:914} INFO - Processing file /home/airflow/.local/lib/python3.12/site-packages/airflow/example_dags/plugins/decreasing_priority_weight_strategy.py for tasks to queue
[2026-09-23T19:29:52.906+0000] {logging_mixin.py:190} INFO - [2026-09-23T19:29:52.905+0000] {dagbag.py:588} INFO - Filling up the DagBag from /home/airflow/.local/lib/python3.12/site-packages/airflow/example_dags/plugins/decreasing_priority_weight_strategy.py
[2026-09-23T19:29:52.910+0000] {processor.py:927} WARNING - No viable dags retrieved from /home/airflow/.local/lib/python3.12/site-packages/airflow/example_dags/plugins/decreasing_priority_weight_strategy.py
[2026-09-23T19:29:52.931+0000] {processor.py:208} INFO - Processing /home/airflow/.local/lib/python3.12/site-packages/airflow/example_dags/plugins/decreasing_priority_weight_strategy.py took 0.048 seconds
[2026-09-23T19:30:25.556+0000] {processor.py:186} INFO - Started process (PID=23502) to work on /home/airflow/.local/lib/python3.12/site-packages/airflow/example_dags/plugins/decreasing_priority_weight_strategy.py
[2026-09-23T19:30:25.559+0000] {processor.py:914} INFO - Processing file /home/airflow/.local/lib/python3.12/site-packages/airflow/example_dags/plugins/decreasing_priority_weight_strategy.py for tasks to queue
[2026-09-23T19:30:25.564+0000] {logging_mixin.py:190} INFO - [2026-09-23T19:30:25.564+0000] {dagbag.py:588} INFO - Filling up the DagBag from /home/airflow/.local/lib/python3.12/site-packages/airflow/example_dags/plugins/decreasing_priority_weight_strategy.py
[2026-09-23T19:30:25.573+0000] {processor.py:927} WARNING - No viable dags retrieved from /home/airflow/.local/lib/python3.12/site-packages/airflow/example_dags/plugins/decreasing_priority_weight_strategy.py
[2026-09-23T19:30:25.600+0000] {processor.py:208} INFO - Processing /home/airflow/.local/lib/python3.12/site-packages/airflow/example_dags/plugins/decreasing_priority_weight_strategy.py took 0.058 seconds
[2026-09-23T19:30:57.077+0000] {processor.py:186} INFO - Started process (PID=23576) to work on /home/airflow/.local/lib/python3.12/site-packages/airflow/example_dags/plugins/decreasing_priority_weight_strategy.py
[2026-09-23T19:30:57.078+0000] {processor.py:914} INFO - Processing file /home/airflow/.local/lib/python3.12/site-packages/airflow/example_dags/plugins/decreasing_priority_weight_strategy.py for tasks to queue
[2026-09-23T19:30:57.094+0000] {logging_mixin.py:190} INFO - [2026-09-23T19:30:57.093+0000] {dagbag.py:588} INFO - Filling up the DagBag from /home/airflow/.local/lib/python3.12/site-packages/airflow/example_dags/plugins/decreasing_priority_weight_strategy.py
[2026-09-23T19:30:57.110+0000] {processor.py:927} WARNING - No viable dags retrieved from /home/airflow/.local/lib/python3.12/site-packages/airflow/example_dags/plugins/decreasing_priority_weight_strategy.py
[2026-09-23T19:30:57.144+0000] {processor.py:208} INFO - Processing /home/airflow/.local/lib/python3.12/site-packages/airflow/example_dags/plugins/decreasing_priority_weight_strategy.py took 0.078 seconds
[2026-09-23T19:31:29.747+0000] {processor.py:186} INFO - Started process (PID=23655) to work on /home/airflow/.local/lib/python3.12/site-packages/airflow/example_dags/plugins/decreasing_priority_weight_strategy.py
[2026-09-23T19:31:29.749+0000] {processor.py:914} INFO - Processing file /home/airflow/.local/lib/python3.12/site-packages/airflow/example_dags/plugins/decreasing_priority_weight_strategy.py for tasks to queue
[2026-09-23T19:31:29.752+0000] {logging_mixin.py:190} INFO - [2026-09-23T19:31:29.751+0000] {dagbag.py:588} INFO - Filling up the DagBag from /home/airflow/.local/lib/python3.12/site-packages/airflow/example_dags/plugins/decreasing_priority_weight_strategy.py
[2026-09-23T19:31:29.756+0000] {processor.py:927} WARNING - No viable dags retrieved from /home/airflow/.local/lib/python3.12/site-packages/airflow/example_dags/plugins/decreasing_priority_weight_strategy.py
[2026-09-23T19:31:29.772+0000] {processor.py:208} INFO - Processing /home/airflow/.local/lib/python3.12/site-packages/airflow/example_dags/plugins/decreasing_priority_weight_strategy.py took 0.034 seconds
[2026-09-23T19:32:00.995+0000] {processor.py:186} INFO - Started process (PID=23729) to work on /home/airflow/.local/lib/python3.12/site-packages/airflow/example_dags/plugins/decreasing_priority_weight_strategy.py
[2026-09-23T19:32:00.998+0000] {processor.py:914} INFO - Processing file /home/airflow/.local/lib/python3.12/site-packages/airflow/example_dags/plugins/decreasing_priority_weight_strategy.py for tasks to queue
[2026-09-23T19:32:01.003+0000] {logging_mixin.py:190} INFO - [2026-09-23T19:32:01.002+0000] {dagbag.py:588} INFO - Filling up the DagBag from /home/airflow/.local/lib/python3.12/site-packages/airflow/example_dags/plugins/decreasing_priority_weight_strategy.py
[2026-09-23T19:32:01.008+0000] {processor.py:927} WARNING - No viable dags retrieved from /home/airflow/.local/lib/python3.12/site-packages/airflow/example_dags/plugins/decreasing_priority_weight_strategy.py
[2026-09-23T19:32:01.028+0000] {processor.py:208} INFO - Processing /home/airflow/.local/lib/python3.12/site-packages/airflow/example_dags/plugins/decreasing_priority_weight_strategy.py took 0.056 seconds
[2026-09-23T19:32:32.501+0000] {processor.py:186} INFO - Started process (PID=23804) to work on /home/airflow/.local/lib/python3.12/site-packages/airflow/example_dags/plugins/decreasing_priority_weight_strategy.py
[2026-09-23T19:32:32.502+0000] {processor.py:914} INFO - Processing file /home/airflow/.local/lib/python3.12/site-packages/airflow/example_dags/plugins/decreasing_priority_weight_strategy.py for tasks to queue
[2026-09-23T19:32:32.506+0000] {logging_mixin.py:190} INFO - [2026-09-23T19:32:32.505+0000] {dagbag.py:588} INFO - Filling up the DagBag from /home/airflow/.local/lib/python3.12/site-packages/airflow/example_dags/plugins/decreasing_priority_weight_strategy.py
[2026-09-23T19:32:32.510+0000] {processor.py:927} WARNING - No viable dags retrieved from /home/airflow/.local/lib/python3.12/site-packages/airflow/example_dags/plugins/decreasing_priority_weight_strategy.py
[2026-09-23T19:32:32.530+0000] {processor.py:208} INFO - Processing /home/airflow/.local/lib/python3.12/site-packages/airflow/example_dags/plugins/decreasing_priority_weight_strategy.py took 0.039 seconds
[2026-09-23T19:33:04.561+0000] {processor.py:186} INFO - Started process (PID=23881) to work on /home/airflow/.local/lib/python3.12/site-packages/airflow/example_dags/plugins/decreasing_priority_weight_strategy.py
[2026-09-23T19:33:04.563+0000] {processor.py:914} INFO - Processing file /home/airflow/.local/lib/python3.12/site-packages/airflow/example_dags/plugins/decreasing_priority_weight_strategy.py for tasks to queue
[2026-09-23T19:33:04.572+0000] {logging_mixin.py:190} INFO - [2026-09-23T19:33:04.569+0000] {dagbag.py:588} INFO - Filling up the DagBag from /home/airflow/.local/lib/python3.12/site-packages/airflow/example_dags/plugins/decreasing_priority_weight_strategy.py
[2026-09-23T19:33:04.581+0000] {processor.py:927} WARNING - No viable dags retrieved from /home/airflow/.local/lib/python3.12/site-packages/airflow/example_dags/plugins/decreasing_priority_weight_strategy.py
[2026-09-23T19:33:04.650+0000] {processor.py:208} INFO - Processing /home/airflow/.local/lib/python3.12/site-packages/airflow/example_dags/plugins/decreasing_priority_weight_strategy.py took 0.109 seconds
[2026-09-23T19:33:35.902+0000] {processor.py:186} INFO - Started process (PID=23955) to work on /home/airflow/.local/lib/python3.12/site-packages/airflow/example_dags/plugins/decreasing_priority_weight_strategy.py
[2026-09-23T19:33:35.905+0000] {processor.py:914} INFO - Processing file /home/airflow/.local/lib/python3.12/site-packages/airflow/example_dags/plugins/decreasing_priority_weight_strategy.py for tasks to queue
[2026-09-23T19:33:35.910+0000] {logging_mixin.py:190} INFO - [2026-09-23T19:33:35.910+0000] {dagbag.py:588} INFO - Filling up the DagBag from /home/airflow/.local/lib/python3.12/site-packages/airflow/example_dags/plugins/decreasing_priority_weight_strategy.py
[2026-09-23T19:33:35.916+0000] {processor.py:927} WARNING - No viable dags retrieved from /home/airflow/.local/lib/python3.12/site-packages/airflow/example_dags/plugins/decreasing_priority_weight_strategy.py
[2026-09-23T19:33:35.944+0000] {processor.py:208} INFO - Processing /home/airflow/.local/lib/python3.12/site-packages/airflow/example_dags/plugins/decreasing_priority_weight_strategy.py took 0.055 seconds
[2026-09-23T19:34:07.380+0000] {processor.py:186} INFO - Started process (PID=24030) to work on /home/airflow/.local/lib/python3.12/site-packages/airflow/example_dags/plugins/decreasing_priority_weight_strategy.py
[2026-09-23T19:34:07.381+0000] {processor.py:914} INFO - Processing file /home/airflow/.local/lib/python3.12/site-packages/airflow/example_dags/plugins/decreasing_priority_weight_strategy.py for tasks to queue
[2026-09-23T19:34:07.385+0000] {logging_mixin.py:190} INFO - [2026-09-23T19:34:07.385+0000] {dagbag.py:588} INFO - Filling up the DagBag from /home/airflow/.local/lib/python3.12/site-packages/airflow/example_dags/plugins/decreasing_priority_weight_strategy.py
[2026-09-23T19:34:07.389+0000] {processor.py:927} WARNING - No viable dags retrieved from /home/airflow/.local/lib/python3.12/site-packages/airflow/example_dags/plugins/decreasing_priority_weight_strategy.py
[2026-09-23T19:34:07.435+0000] {processor.py:208} INFO - Processing /home/airflow/.local/lib/python3.12/site-packages/airflow/example_dags/plugins/decreasing_priority_weight_strategy.py took 0.067 seconds
[2026-09-23T19:34:38.460+0000] {processor.py:186} INFO - Started process (PID=24103) to work on /home/airflow/.local/lib/python3.12/site-packages/airflow/example_dags/plugins/decreasing_priority_weight_strategy.py
[2026-09-23T19:34:38.463+0000] {processor.py:914} INFO - Processing file /home/airflow/.local/lib/python3.12/site-packages/airflow/example_dags/plugins/decreasing_priority_weight_strategy.py for tasks to queue
[2026-09-23T19:34:38.467+0000] {logging_mixin.py:190} INFO - [2026-09-23T19:34:38.466+0000] {dagbag.py:588} INFO - Filling up the DagBag from /home/airflow/.local/lib/python3.12/site-packages/airflow/example_dags/plugins/decreasing_priority_weight_strategy.py
[2026-09-23T19:34:38.471+0000] {processor.py:927} WARNING - No viable dags retrieved from /home/airflow/.local/lib/python3.12/site-packages/airflow/example_dags/plugins/decreasing_priority_weight_strategy.py
[2026-09-23T19:34:38.493+0000] {processor.py:208} INFO - Processing /home/airflow/.local/lib/python3.12/site-packages/airflow/example_dags/plugins/decreasing_priority_weight_strategy.py took 0.045 seconds
[2026-09-23T19:35:09.776+0000] {processor.py:186} INFO - Started process (PID=24176) to work on /home/airflow/.local/lib/python3.12/site-packages/airflow/example_dags/plugins/decreasing_priority_weight_strategy.py
[2026-09-23T19:35:09.777+0000] {processor.py:914} INFO - Processing file /home/airflow/.local/lib/python3.12/site-packages/airflow/example_dags/plugins/decreasing_priority_weight_strategy.py for tasks to queue
[2026-09-23T19:35:09.781+0000] {logging_mixin.py:190} INFO - [2026-09-23T19:35:09.780+0000] {dagbag.py:588} INFO - Filling up the DagBag from /home/airflow/.local/lib/python3.12/site-packages/airflow/example_dags/plugins/decreasing_priority_weight_strategy.py
[2026-09-23T19:35:09.784+0000] {processor.py:927} WARNING - No viable dags retrieved from /home/airflow/.local/lib/python3.12/site-packages/airflow/example_dags/plugins/decreasing_priority_weight_strategy.py
[2026-09-23T19:35:09.804+0000] {processor.py:208} INFO - Processing /home/airflow/.local/lib/python3.12/site-packages/airflow/example_dags/plugins/decreasing_priority_weight_strategy.py took 0.040 seconds
[2026-09-23T19:35:41.314+0000] {processor.py:186} INFO - Started process (PID=24250) to work on /home/airflow/.local/lib/python3.12/site-packages/airflow/example_dags/plugins/decreasing_priority_weight_strategy.py
[2026-09-23T19:35:41.316+0000] {processor.py:914} INFO - Processing file /home/airflow/.local/lib/python3.12/site-packages/airflow/example_dags/plugins/decreasing_priority_weight_strategy.py for tasks to queue
[2026-09-23T19:35:41.320+0000] {logging_mixin.py:190} INFO - [2026-09-23T19:35:41.319+0000] {dagbag.py:588} INFO - Filling up the DagBag from /home/airflow/.local/lib/python3.12/site-packages/airflow/example_dags/plugins/decreasing_priority_weight_strategy.py
[2026-09-23T19:35:41.324+0000] {processor.py:927} WARNING - No viable dags retrieved from /home/airflow/.local/lib/python3.12/site-packages/airflow/example_dags/plugins/decreasing_priority_weight_strategy.py
[2026-09-23T19:35:41.351+0000] {processor.py:208} INFO - Processing /home/airflow/.local/lib/python3.12/site-packages/airflow/example_dags/plugins/decreasing_priority_weight_strategy.py took 0.056 seconds
[2026-09-23T19:36:12.747+0000] {processor.py:186} INFO - Started process (PID=24323) to work on /home/airflow/.local/lib/python3.12/site-packages/airflow/example_dags/plugins/decreasing_priority_weight_strategy.py
[2026-09-23T19:36:12.748+0000] {processor.py:914} INFO - Processing file /home/airflow/.local/lib/python3.12/site-packages/airflow/example_dags/plugins/decreasing_priority_weight_strategy.py for tasks to queue
[2026-09-23T19:36:12.752+0000] {logging_mixin.py:190} INFO - [2026-09-23T19:36:12.751+0000] {dagbag.py:588} INFO - Filling up the DagBag from /home/airflow/.local/lib/python3.12/site-packages/airflow/example_dags/plugins/decreasing_priority_weight_strategy.py
[2026-09-23T19:36:12.757+0000] {processor.py:927} WARNING - No viable dags retrieved from /home/airflow/.local/lib/python3.12/site-packages/airflow/example_dags/plugins/decreasing_priority_weight_strategy.py
[2026-09-23T19:36:12.777+0000] {processor.py:208} INFO - Processing /home/airflow/.local/lib/python3.12/site-packages/airflow/example_dags/plugins/decreasing_priority_weight_strategy.py took 0.042 seconds
[2026-09-23T19:36:43.848+0000] {processor.py:186} INFO - Started process (PID=24397) to work on /home/airflow/.local/lib/python3.12/site-packages/airflow/example_dags/plugins/decreasing_priority_weight_strategy.py
[2026-09-23T19:36:43.850+0000] {processor.py:914} INFO - Processing file /home/airflow/.local/lib/python3.12/site-packages/airflow/example_dags/plugins/decreasing_priority_weight_strategy.py for tasks to queue
[2026-09-23T19:36:43.854+0000] {logging_mixin.py:190} INFO - [2026-09-23T19:36:43.853+0000] {dagbag.py:588} INFO - Filling up the DagBag from /home/airflow/.local/lib/python3.12/site-packages/airflow/example_dags/plugins/decreasing_priority_weight_strategy.py
[2026-09-23T19:36:43.857+0000] {processor.py:927} WARNING - No viable dags retrieved from /home/airflow/.local/lib/python3.12/site-packages/airflow/example_dags/plugins/decreasing_priority_weight_strategy.py
[2026-09-23T19:36:43.877+0000] {processor.py:208} INFO - Processing /home/airflow/.local/lib/python3.12/site-packages/airflow/example_dags/plugins/decreasing_priority_weight_strategy.py took 0.039 seconds
[2026-09-23T19:37:15.185+0000] {processor.py:186} INFO - Started process (PID=24472) to work on /home/airflow/.local/lib/python3.12/site-packages/airflow/example_dags/plugins/decreasing_priority_weight_strategy.py
[2026-09-23T19:37:15.187+0000] {processor.py:914} INFO - Processing file /home/airflow/.local/lib/python3.12/site-packages/airflow/example_dags/plugins/decreasing_priority_weight_strategy.py for tasks to queue
[2026-09-23T19:37:15.190+0000] {logging_mixin.py:190} INFO - [2026-09-23T19:37:15.190+0000] {dagbag.py:588} INFO - Filling up the DagBag from /home/airflow/.local/lib/python3.12/site-packages/airflow/example_dags/plugins/decreasing_priority_weight_strategy.py
[2026-09-23T19:37:15.194+0000] {processor.py:927} WARNING - No viable dags retrieved from /home/airflow/.local/lib/python3.12/site-packages/airflow/example_dags/plugins/decreasing_priority_weight_strategy.py
[2026-09-23T19:37:15.215+0000] {processor.py:208} INFO - Processing /home/airflow/.local/lib/python3.12/site-packages/airflow/example_dags/plugins/decreasing_priority_weight_strategy.py took 0.042 seconds
[2026-09-23T19:37:46.722+0000] {processor.py:186} INFO - Started process (PID=24545) to work on /home/airflow/.local/lib/python3.12/site-packages/airflow/example_dags/plugins/decreasing_priority_weight_strategy.py
[2026-09-23T19:37:46.725+0000] {processor.py:914} INFO - Processing file /home/airflow/.local/lib/python3.12/site-packages/airflow/example_dags/plugins/decreasing_priority_weight_strategy.py for tasks to queue
[2026-09-23T19:37:46.728+0000] {logging_mixin.py:190} INFO - [2026-09-23T19:37:46.727+0000] {dagbag.py:588} INFO - Filling up the DagBag from /home/airflow/.local/lib/python3.12/site-packages/airflow/example_dags/plugins/decreasing_priority_weight_strategy.py
[2026-09-23T19:37:46.732+0000] {processor.py:927} WARNING - No viable dags retrieved from /home/airflow/.local/lib/python3.12/site-packages/airflow/example_dags/plugins/decreasing_priority_weight_strategy.py
[2026-09-23T19:37:46.767+0000] {processor.py:208} INFO - Processing /home/airflow/.local/lib/python3.12/site-packages/airflow/example_dags/plugins/decreasing_priority_weight_strategy.py took 0.057 seconds
[2026-09-23T19:38:18.187+0000] {processor.py:186} INFO - Started process (PID=24620) to work on /home/airflow/.local/lib/python3.12/site-packages/airflow/example_dags/plugins/decreasing_priority_weight_strategy.py
[2026-09-23T19:38:18.192+0000] {processor.py:914} INFO - Processing file /home/airflow/.local/lib/python3.12/site-packages/airflow/example_dags/plugins/decreasing_priority_weight_strategy.py for tasks to queue
[2026-09-23T19:38:18.201+0000] {logging_mixin.py:190} INFO - [2026-09-23T19:38:18.200+0000] {dagbag.py:588} INFO - Filling up the DagBag from /home/airflow/.local/lib/python3.12/site-packages/airflow/example_dags/plugins/decreasing_priority_weight_strategy.py
[2026-09-23T19:38:18.206+0000] {processor.py:927} WARNING - No viable dags retrieved from /home/airflow/.local/lib/python3.12/site-packages/airflow/example_dags/plugins/decreasing_priority_weight_strategy.py
[2026-09-23T19:38:18.242+0000] {processor.py:208} INFO - Processing /home/airflow/.local/lib/python3.12/site-packages/airflow/example_dags/plugins/decreasing_priority_weight_strategy.py took 0.065 seconds
[2026-09-23T19:38:50.211+0000] {processor.py:186} INFO - Started process (PID=24696) to work on /home/airflow/.local/lib/python3.12/site-packages/airflow/example_dags/plugins/decreasing_priority_weight_strategy.py
[2026-09-23T19:38:50.213+0000] {processor.py:914} INFO - Processing file /home/airflow/.local/lib/python3.12/site-packages/airflow/example_dags/plugins/decreasing_priority_weight_strategy.py for tasks to queue
[2026-09-23T19:38:50.221+0000] {logging_mixin.py:190} INFO - [2026-09-23T19:38:50.220+0000] {dagbag.py:588} INFO - Filling up the DagBag from /home/airflow/.local/lib/python3.12/site-packages/airflow/example_dags/plugins/decreasing_priority_weight_strategy.py
[2026-09-23T19:38:50.225+0000] {processor.py:927} WARNING - No viable dags retrieved from /home/airflow/.local/lib/python3.12/site-packages/airflow/example_dags/plugins/decreasing_priority_weight_strategy.py
[2026-09-23T19:38:50.258+0000] {processor.py:208} INFO - Processing /home/airflow/.local/lib/python3.12/site-packages/airflow/example_dags/plugins/decreasing_priority_weight_strategy.py took 0.076 seconds
[2026-09-23T19:39:21.597+0000] {processor.py:186} INFO - Started process (PID=24767) to work on /home/airflow/.local/lib/python3.12/site-packages/airflow/example_dags/plugins/decreasing_priority_weight_strategy.py
[2026-09-23T19:39:21.598+0000] {processor.py:914} INFO - Processing file /home/airflow/.local/lib/python3.12/site-packages/airflow/example_dags/plugins/decreasing_priority_weight_strategy.py for tasks to queue
[2026-09-23T19:39:21.601+0000] {logging_mixin.py:190} INFO - [2026-09-23T19:39:21.601+0000] {dagbag.py:588} INFO - Filling up the DagBag from /home/airflow/.local/lib/python3.12/site-packages/airflow/example_dags/plugins/decreasing_priority_weight_strategy.py
[2026-09-23T19:39:21.605+0000] {processor.py:927} WARNING - No viable dags retrieved from /home/airflow/.local/lib/python3.12/site-packages/airflow/example_dags/plugins/decreasing_priority_weight_strategy.py
[2026-09-23T19:39:21.622+0000] {processor.py:208} INFO - Processing /home/airflow/.local/lib/python3.12/site-packages/airflow/example_dags/plugins/decreasing_priority_weight_strategy.py took 0.035 seconds
[2026-09-23T19:39:53.114+0000] {processor.py:186} INFO - Started process (PID=24849) to work on /home/airflow/.local/lib/python3.12/site-packages/airflow/example_dags/plugins/decreasing_priority_weight_strategy.py
[2026-09-23T19:39:53.117+0000] {processor.py:914} INFO - Processing file /home/airflow/.local/lib/python3.12/site-packages/airflow/example_dags/plugins/decreasing_priority_weight_strategy.py for tasks to queue
[2026-09-23T19:39:53.124+0000] {logging_mixin.py:190} INFO - [2026-09-23T19:39:53.123+0000] {dagbag.py:588} INFO - Filling up the DagBag from /home/airflow/.local/lib/python3.12/site-packages/airflow/example_dags/plugins/decreasing_priority_weight_strategy.py
[2026-09-23T19:39:53.128+0000] {processor.py:927} WARNING - No viable dags retrieved from /home/airflow/.local/lib/python3.12/site-packages/airflow/example_dags/plugins/decreasing_priority_weight_strategy.py
[2026-09-23T19:39:53.145+0000] {processor.py:208} INFO - Processing /home/airflow/.local/lib/python3.12/site-packages/airflow/example_dags/plugins/decreasing_priority_weight_strategy.py took 0.041 seconds
[2026-09-23T19:40:24.474+0000] {processor.py:186} INFO - Started process (PID=24922) to work on /home/airflow/.local/lib/python3.12/site-packages/airflow/example_dags/plugins/decreasing_priority_weight_strategy.py
[2026-09-23T19:40:24.475+0000] {processor.py:914} INFO - Processing file /home/airflow/.local/lib/python3.12/site-packages/airflow/example_dags/plugins/decreasing_priority_weight_strategy.py for tasks to queue
[2026-09-23T19:40:24.479+0000] {logging_mixin.py:190} INFO - [2026-09-23T19:40:24.478+0000] {dagbag.py:588} INFO - Filling up the DagBag from /home/airflow/.local/lib/python3.12/site-packages/airflow/example_dags/plugins/decreasing_priority_weight_strategy.py
[2026-09-23T19:40:24.483+0000] {processor.py:927} WARNING - No viable dags retrieved from /home/airflow/.local/lib/python3.12/site-packages/airflow/example_dags/plugins/decreasing_priority_weight_strategy.py
[2026-09-23T19:40:24.500+0000] {processor.py:208} INFO - Processing /home/airflow/.local/lib/python3.12/site-packages/airflow/example_dags/plugins/decreasing_priority_weight_strategy.py took 0.036 seconds
[2026-09-23T19:40:56.110+0000] {processor.py:186} INFO - Started process (PID=24997) to work on /home/airflow/.local/lib/python3.12/site-packages/airflow/example_dags/plugins/decreasing_priority_weight_strategy.py
[2026-09-23T19:40:56.112+0000] {processor.py:914} INFO - Processing file /home/airflow/.local/lib/python3.12/site-packages/airflow/example_dags/plugins/decreasing_priority_weight_strategy.py for tasks to queue
[2026-09-23T19:40:56.120+0000] {logging_mixin.py:190} INFO - [2026-09-23T19:40:56.120+0000] {dagbag.py:588} INFO - Filling up the DagBag from /home/airflow/.local/lib/python3.12/site-packages/airflow/example_dags/plugins/decreasing_priority_weight_strategy.py
[2026-09-23T19:40:56.124+0000] {processor.py:927} WARNING - No viable dags retrieved from /home/airflow/.local/lib/python3.12/site-packages/airflow/example_dags/plugins/decreasing_priority_weight_strategy.py
[2026-09-23T19:40:56.143+0000] {processor.py:208} INFO - Processing /home/airflow/.local/lib/python3.12/site-packages/airflow/example_dags/plugins/decreasing_priority_weight_strategy.py took 0.057 seconds
[2026-09-23T19:41:27.366+0000] {processor.py:186} INFO - Started process (PID=25070) to work on /home/airflow/.local/lib/python3.12/site-packages/airflow/example_dags/plugins/decreasing_priority_weight_strategy.py
[2026-09-23T19:41:27.367+0000] {processor.py:914} INFO - Processing file /home/airflow/.local/lib/python3.12/site-packages/airflow/example_dags/plugins/decreasing_priority_weight_strategy.py for tasks to queue
[2026-09-23T19:41:27.371+0000] {logging_mixin.py:190} INFO - [2026-09-23T19:41:27.370+0000] {dagbag.py:588} INFO - Filling up the DagBag from /home/airflow/.local/lib/python3.12/site-packages/airflow/example_dags/plugins/decreasing_priority_weight_strategy.py
[2026-09-23T19:41:27.374+0000] {processor.py:927} WARNING - No viable dags retrieved from /home/airflow/.local/lib/python3.12/site-packages/airflow/example_dags/plugins/decreasing_priority_weight_strategy.py
[2026-09-23T19:41:27.392+0000] {processor.py:208} INFO - Processing /home/airflow/.local/lib/python3.12/site-packages/airflow/example_dags/plugins/decreasing_priority_weight_strategy.py took 0.037 seconds
[2026-09-23T19:42:00.216+0000] {processor.py:186} INFO - Started process (PID=25150) to work on /home/airflow/.local/lib/python3.12/site-packages/airflow/example_dags/plugins/decreasing_priority_weight_strategy.py
[2026-09-23T19:42:00.218+0000] {processor.py:914} INFO - Processing file /home/airflow/.local/lib/python3.12/site-packages/airflow/example_dags/plugins/decreasing_priority_weight_strategy.py for tasks to queue
[2026-09-23T19:42:00.221+0000] {logging_mixin.py:190} INFO - [2026-09-23T19:42:00.220+0000] {dagbag.py:588} INFO - Filling up the DagBag from /home/airflow/.local/lib/python3.12/site-packages/airflow/example_dags/plugins/decreasing_priority_weight_strategy.py
[2026-09-23T19:42:00.225+0000] {processor.py:927} WARNING - No viable dags retrieved from /home/airflow/.local/lib/python3.12/site-packages/airflow/example_dags/plugins/decreasing_priority_weight_strategy.py
[2026-09-23T19:42:00.244+0000] {processor.py:208} INFO - Processing /home/airflow/.local/lib/python3.12/site-packages/airflow/example_dags/plugins/decreasing_priority_weight_strategy.py took 0.038 seconds
[2026-09-23T19:42:32.206+0000] {processor.py:186} INFO - Started process (PID=25226) to work on /home/airflow/.local/lib/python3.12/site-packages/airflow/example_dags/plugins/decreasing_priority_weight_strategy.py
[2026-09-23T19:42:32.208+0000] {processor.py:914} INFO - Processing file /home/airflow/.local/lib/python3.12/site-packages/airflow/example_dags/plugins/decreasing_priority_weight_strategy.py for tasks to queue
[2026-09-23T19:42:32.211+0000] {logging_mixin.py:190} INFO - [2026-09-23T19:42:32.211+0000] {dagbag.py:588} INFO - Filling up the DagBag from /home/airflow/.local/lib/python3.12/site-packages/airflow/example_dags/plugins/decreasing_priority_weight_strategy.py
[2026-09-23T19:42:32.215+0000] {processor.py:927} WARNING - No viable dags retrieved from /home/airflow/.local/lib/python3.12/site-packages/airflow/example_dags/plugins/decreasing_priority_weight_strategy.py
[2026-09-23T19:42:32.263+0000] {processor.py:208} INFO - Processing /home/airflow/.local/lib/python3.12/site-packages/airflow/example_dags/plugins/decreasing_priority_weight_strategy.py took 0.070 seconds
[2026-09-23T19:43:04.301+0000] {processor.py:186} INFO - Started process (PID=25303) to work on /home/airflow/.local/lib/python3.12/site-packages/airflow/example_dags/plugins/decreasing_priority_weight_strategy.py
[2026-09-23T19:43:04.302+0000] {processor.py:914} INFO - Processing file /home/airflow/.local/lib/python3.12/site-packages/airflow/example_dags/plugins/decreasing_priority_weight_strategy.py for tasks to queue
[2026-09-23T19:43:04.305+0000] {logging_mixin.py:190} INFO - [2026-09-23T19:43:04.304+0000] {dagbag.py:588} INFO - Filling up the DagBag from /home/airflow/.local/lib/python3.12/site-packages/airflow/example_dags/plugins/decreasing_priority_weight_strategy.py
[2026-09-23T19:43:04.307+0000] {processor.py:927} WARNING - No viable dags retrieved from /home/airflow/.local/lib/python3.12/site-packages/airflow/example_dags/plugins/decreasing_priority_weight_strategy.py
[2026-09-23T19:43:04.322+0000] {processor.py:208} INFO - Processing /home/airflow/.local/lib/python3.12/site-packages/airflow/example_dags/plugins/decreasing_priority_weight_strategy.py took 0.030 seconds
[2026-09-23T19:43:35.135+0000] {processor.py:186} INFO - Started process (PID=25376) to work on /home/airflow/.local/lib/python3.12/site-packages/airflow/example_dags/plugins/decreasing_priority_weight_strategy.py
[2026-09-23T19:43:35.136+0000] {processor.py:914} INFO - Processing file /home/airflow/.local/lib/python3.12/site-packages/airflow/example_dags/plugins/decreasing_priority_weight_strategy.py for tasks to queue
[2026-09-23T19:43:35.140+0000] {logging_mixin.py:190} INFO - [2026-09-23T19:43:35.139+0000] {dagbag.py:588} INFO - Filling up the DagBag from /home/airflow/.local/lib/python3.12/site-packages/airflow/example_dags/plugins/decreasing_priority_weight_strategy.py
[2026-09-23T19:43:35.144+0000] {processor.py:927} WARNING - No viable dags retrieved from /home/airflow/.local/lib/python3.12/site-packages/airflow/example_dags/plugins/decreasing_priority_weight_strategy.py
[2026-09-23T19:43:35.163+0000] {processor.py:208} INFO - Processing /home/airflow/.local/lib/python3.12/site-packages/airflow/example_dags/plugins/decreasing_priority_weight_strategy.py took 0.038 seconds
[2026-09-23T19:44:06.502+0000] {processor.py:186} INFO - Started process (PID=25449) to work on /home/airflow/.local/lib/python3.12/site-packages/airflow/example_dags/plugins/decreasing_priority_weight_strategy.py
[2026-09-23T19:44:06.503+0000] {processor.py:914} INFO - Processing file /home/airflow/.local/lib/python3.12/site-packages/airflow/example_dags/plugins/decreasing_priority_weight_strategy.py for tasks to queue
[2026-09-23T19:44:06.506+0000] {logging_mixin.py:190} INFO - [2026-09-23T19:44:06.506+0000] {dagbag.py:588} INFO - Filling up the DagBag from /home/airflow/.local/lib/python3.12/site-packages/airflow/example_dags/plugins/decreasing_priority_weight_strategy.py
[2026-09-23T19:44:06.509+0000] {processor.py:927} WARNING - No viable dags retrieved from /home/airflow/.local/lib/python3.12/site-packages/airflow/example_dags/plugins/decreasing_priority_weight_strategy.py
[2026-09-23T19:44:06.524+0000] {processor.py:208} INFO - Processing /home/airflow/.local/lib/python3.12/site-packages/airflow/example_dags/plugins/decreasing_priority_weight_strategy.py took 0.033 seconds
[2026-09-23T19:44:37.683+0000] {processor.py:186} INFO - Started process (PID=25523) to work on /home/airflow/.local/lib/python3.12/site-packages/airflow/example_dags/plugins/decreasing_priority_weight_strategy.py
[2026-09-23T19:44:37.685+0000] {processor.py:914} INFO - Processing file /home/airflow/.local/lib/python3.12/site-packages/airflow/example_dags/plugins/decreasing_priority_weight_strategy.py for tasks to queue
[2026-09-23T19:44:37.688+0000] {logging_mixin.py:190} INFO - [2026-09-23T19:44:37.688+0000] {dagbag.py:588} INFO - Filling up the DagBag from /home/airflow/.local/lib/python3.12/site-packages/airflow/example_dags/plugins/decreasing_priority_weight_strategy.py
[2026-09-23T19:44:37.693+0000] {processor.py:927} WARNING - No viable dags retrieved from /home/airflow/.local/lib/python3.12/site-packages/airflow/example_dags/plugins/decreasing_priority_weight_strategy.py
[2026-09-23T19:44:37.711+0000] {processor.py:208} INFO - Processing /home/airflow/.local/lib/python3.12/site-packages/airflow/example_dags/plugins/decreasing_priority_weight_strategy.py took 0.043 seconds
[2026-09-23T19:45:08.882+0000] {processor.py:186} INFO - Started process (PID=25597) to work on /home/airflow/.local/lib/python3.12/site-packages/airflow/example_dags/plugins/decreasing_priority_weight_strategy.py
[2026-09-23T19:45:08.883+0000] {processor.py:914} INFO - Processing file /home/airflow/.local/lib/python3.12/site-packages/airflow/example_dags/plugins/decreasing_priority_weight_strategy.py for tasks to queue
[2026-09-23T19:45:08.886+0000] {logging_mixin.py:190} INFO - [2026-09-23T19:45:08.885+0000] {dagbag.py:588} INFO - Filling up the DagBag from /home/airflow/.local/lib/python3.12/site-packages/airflow/example_dags/plugins/decreasing_priority_weight_strategy.py
[2026-09-23T19:45:08.889+0000] {processor.py:927} WARNING - No viable dags retrieved from /home/airflow/.local/lib/python3.12/site-packages/airflow/example_dags/plugins/decreasing_priority_weight_strategy.py
[2026-09-23T19:45:08.907+0000] {processor.py:208} INFO - Processing /home/airflow/.local/lib/python3.12/site-packages/airflow/example_dags/plugins/decreasing_priority_weight_strategy.py took 0.036 seconds
[2026-09-23T19:45:40.285+0000] {processor.py:186} INFO - Started process (PID=25671) to work on /home/airflow/.local/lib/python3.12/site-packages/airflow/example_dags/plugins/decreasing_priority_weight_strategy.py
[2026-09-23T19:45:40.286+0000] {processor.py:914} INFO - Processing file /home/airflow/.local/lib/python3.12/site-packages/airflow/example_dags/plugins/decreasing_priority_weight_strategy.py for tasks to queue
[2026-09-23T19:45:40.289+0000] {logging_mixin.py:190} INFO - [2026-09-23T19:45:40.289+0000] {dagbag.py:588} INFO - Filling up the DagBag from /home/airflow/.local/lib/python3.12/site-packages/airflow/example_dags/plugins/decreasing_priority_weight_strategy.py
[2026-09-23T19:45:40.293+0000] {processor.py:927} WARNING - No viable dags retrieved from /home/airflow/.local/lib/python3.12/site-packages/airflow/example_dags/plugins/decreasing_priority_weight_strategy.py
[2026-09-23T19:45:40.311+0000] {processor.py:208} INFO - Processing /home/airflow/.local/lib/python3.12/site-packages/airflow/example_dags/plugins/decreasing_priority_weight_strategy.py took 0.035 seconds
[2026-09-23T19:46:11.663+0000] {processor.py:186} INFO - Started process (PID=25746) to work on /home/airflow/.local/lib/python3.12/site-packages/airflow/example_dags/plugins/decreasing_priority_weight_strategy.py
[2026-09-23T19:46:11.672+0000] {processor.py:914} INFO - Processing file /home/airflow/.local/lib/python3.12/site-packages/airflow/example_dags/plugins/decreasing_priority_weight_strategy.py for tasks to queue
[2026-09-23T19:46:11.679+0000] {logging_mixin.py:190} INFO - [2026-09-23T19:46:11.678+0000] {dagbag.py:588} INFO - Filling up the DagBag from /home/airflow/.local/lib/python3.12/site-packages/airflow/example_dags/plugins/decreasing_priority_weight_strategy.py
[2026-09-23T19:46:11.683+0000] {processor.py:927} WARNING - No viable dags retrieved from /home/airflow/.local/lib/python3.12/site-packages/airflow/example_dags/plugins/decreasing_priority_weight_strategy.py
[2026-09-23T19:46:11.705+0000] {processor.py:208} INFO - Processing /home/airflow/.local/lib/python3.12/site-packages/airflow/example_dags/plugins/decreasing_priority_weight_strategy.py took 0.070 seconds
[2026-09-23T19:46:43.082+0000] {processor.py:186} INFO - Started process (PID=25821) to work on /home/airflow/.local/lib/python3.12/site-packages/airflow/example_dags/plugins/decreasing_priority_weight_strategy.py
[2026-09-23T19:46:43.083+0000] {processor.py:914} INFO - Processing file /home/airflow/.local/lib/python3.12/site-packages/airflow/example_dags/plugins/decreasing_priority_weight_strategy.py for tasks to queue
[2026-09-23T19:46:43.087+0000] {logging_mixin.py:190} INFO - [2026-09-23T19:46:43.086+0000] {dagbag.py:588} INFO - Filling up the DagBag from /home/airflow/.local/lib/python3.12/site-packages/airflow/example_dags/plugins/decreasing_priority_weight_strategy.py
[2026-09-23T19:46:43.091+0000] {processor.py:927} WARNING - No viable dags retrieved from /home/airflow/.local/lib/python3.12/site-packages/airflow/example_dags/plugins/decreasing_priority_weight_strategy.py
[2026-09-23T19:46:43.112+0000] {processor.py:208} INFO - Processing /home/airflow/.local/lib/python3.12/site-packages/airflow/example_dags/plugins/decreasing_priority_weight_strategy.py took 0.039 seconds
[2026-09-23T19:47:14.680+0000] {processor.py:186} INFO - Started process (PID=25896) to work on /home/airflow/.local/lib/python3.12/site-packages/airflow/example_dags/plugins/decreasing_priority_weight_strategy.py
[2026-09-23T19:47:14.683+0000] {processor.py:914} INFO - Processing file /home/airflow/.local/lib/python3.12/site-packages/airflow/example_dags/plugins/decreasing_priority_weight_strategy.py for tasks to queue
[2026-09-23T19:47:14.686+0000] {logging_mixin.py:190} INFO - [2026-09-23T19:47:14.686+0000] {dagbag.py:588} INFO - Filling up the DagBag from /home/airflow/.local/lib/python3.12/site-packages/airflow/example_dags/plugins/decreasing_priority_weight_strategy.py
[2026-09-23T19:47:14.690+0000] {processor.py:927} WARNING - No viable dags retrieved from /home/airflow/.local/lib/python3.12/site-packages/airflow/example_dags/plugins/decreasing_priority_weight_strategy.py
[2026-09-23T19:47:14.710+0000] {processor.py:208} INFO - Processing /home/airflow/.local/lib/python3.12/site-packages/airflow/example_dags/plugins/decreasing_priority_weight_strategy.py took 0.040 seconds
[2026-09-23T19:47:45.971+0000] {processor.py:186} INFO - Started process (PID=25971) to work on /home/airflow/.local/lib/python3.12/site-packages/airflow/example_dags/plugins/decreasing_priority_weight_strategy.py
[2026-09-23T19:47:45.974+0000] {processor.py:914} INFO - Processing file /home/airflow/.local/lib/python3.12/site-packages/airflow/example_dags/plugins/decreasing_priority_weight_strategy.py for tasks to queue
[2026-09-23T19:47:45.977+0000] {logging_mixin.py:190} INFO - [2026-09-23T19:47:45.976+0000] {dagbag.py:588} INFO - Filling up the DagBag from /home/airflow/.local/lib/python3.12/site-packages/airflow/example_dags/plugins/decreasing_priority_weight_strategy.py
[2026-09-23T19:47:45.981+0000] {processor.py:927} WARNING - No viable dags retrieved from /home/airflow/.local/lib/python3.12/site-packages/airflow/example_dags/plugins/decreasing_priority_weight_strategy.py
[2026-09-23T19:47:45.999+0000] {processor.py:208} INFO - Processing /home/airflow/.local/lib/python3.12/site-packages/airflow/example_dags/plugins/decreasing_priority_weight_strategy.py took 0.037 seconds
[2026-09-23T19:48:18.132+0000] {processor.py:186} INFO - Started process (PID=26049) to work on /home/airflow/.local/lib/python3.12/site-packages/airflow/example_dags/plugins/decreasing_priority_weight_strategy.py
[2026-09-23T19:48:18.133+0000] {processor.py:914} INFO - Processing file /home/airflow/.local/lib/python3.12/site-packages/airflow/example_dags/plugins/decreasing_priority_weight_strategy.py for tasks to queue
[2026-09-23T19:48:18.136+0000] {logging_mixin.py:190} INFO - [2026-09-23T19:48:18.136+0000] {dagbag.py:588} INFO - Filling up the DagBag from /home/airflow/.local/lib/python3.12/site-packages/airflow/example_dags/plugins/decreasing_priority_weight_strategy.py
[2026-09-23T19:48:18.141+0000] {processor.py:927} WARNING - No viable dags retrieved from /home/airflow/.local/lib/python3.12/site-packages/airflow/example_dags/plugins/decreasing_priority_weight_strategy.py
[2026-09-23T19:48:18.160+0000] {processor.py:208} INFO - Processing /home/airflow/.local/lib/python3.12/site-packages/airflow/example_dags/plugins/decreasing_priority_weight_strategy.py took 0.038 seconds
[2026-09-23T19:48:49.375+0000] {processor.py:186} INFO - Started process (PID=26123) to work on /home/airflow/.local/lib/python3.12/site-packages/airflow/example_dags/plugins/decreasing_priority_weight_strategy.py
[2026-09-23T19:48:49.377+0000] {processor.py:914} INFO - Processing file /home/airflow/.local/lib/python3.12/site-packages/airflow/example_dags/plugins/decreasing_priority_weight_strategy.py for tasks to queue
[2026-09-23T19:48:49.380+0000] {logging_mixin.py:190} INFO - [2026-09-23T19:48:49.380+0000] {dagbag.py:588} INFO - Filling up the DagBag from /home/airflow/.local/lib/python3.12/site-packages/airflow/example_dags/plugins/decreasing_priority_weight_strategy.py
[2026-09-23T19:48:49.384+0000] {processor.py:927} WARNING - No viable dags retrieved from /home/airflow/.local/lib/python3.12/site-packages/airflow/example_dags/plugins/decreasing_priority_weight_strategy.py
[2026-09-23T19:48:49.404+0000] {processor.py:208} INFO - Processing /home/airflow/.local/lib/python3.12/site-packages/airflow/example_dags/plugins/decreasing_priority_weight_strategy.py took 0.039 seconds
[2026-09-23T19:49:23.828+0000] {processor.py:186} INFO - Started process (PID=26200) to work on /home/airflow/.local/lib/python3.12/site-packages/airflow/example_dags/plugins/decreasing_priority_weight_strategy.py
[2026-09-23T19:49:23.830+0000] {processor.py:914} INFO - Processing file /home/airflow/.local/lib/python3.12/site-packages/airflow/example_dags/plugins/decreasing_priority_weight_strategy.py for tasks to queue
[2026-09-23T19:49:23.833+0000] {logging_mixin.py:190} INFO - [2026-09-23T19:49:23.832+0000] {dagbag.py:588} INFO - Filling up the DagBag from /home/airflow/.local/lib/python3.12/site-packages/airflow/example_dags/plugins/decreasing_priority_weight_strategy.py
[2026-09-23T19:49:23.837+0000] {processor.py:927} WARNING - No viable dags retrieved from /home/airflow/.local/lib/python3.12/site-packages/airflow/example_dags/plugins/decreasing_priority_weight_strategy.py
[2026-09-23T19:49:23.854+0000] {processor.py:208} INFO - Processing /home/airflow/.local/lib/python3.12/site-packages/airflow/example_dags/plugins/decreasing_priority_weight_strategy.py took 0.036 seconds
[2026-09-23T19:49:54.530+0000] {processor.py:186} INFO - Started process (PID=26278) to work on /home/airflow/.local/lib/python3.12/site-packages/airflow/example_dags/plugins/decreasing_priority_weight_strategy.py
[2026-09-23T19:49:54.531+0000] {processor.py:914} INFO - Processing file /home/airflow/.local/lib/python3.12/site-packages/airflow/example_dags/plugins/decreasing_priority_weight_strategy.py for tasks to queue
[2026-09-23T19:49:54.534+0000] {logging_mixin.py:190} INFO - [2026-09-23T19:49:54.534+0000] {dagbag.py:588} INFO - Filling up the DagBag from /home/airflow/.local/lib/python3.12/site-packages/airflow/example_dags/plugins/decreasing_priority_weight_strategy.py
[2026-09-23T19:49:54.538+0000] {processor.py:927} WARNING - No viable dags retrieved from /home/airflow/.local/lib/python3.12/site-packages/airflow/example_dags/plugins/decreasing_priority_weight_strategy.py
[2026-09-23T19:49:54.556+0000] {processor.py:208} INFO - Processing /home/airflow/.local/lib/python3.12/site-packages/airflow/example_dags/plugins/decreasing_priority_weight_strategy.py took 0.036 seconds
[2026-09-23T19:50:25.390+0000] {processor.py:186} INFO - Started process (PID=26352) to work on /home/airflow/.local/lib/python3.12/site-packages/airflow/example_dags/plugins/decreasing_priority_weight_strategy.py
[2026-09-23T19:50:25.392+0000] {processor.py:914} INFO - Processing file /home/airflow/.local/lib/python3.12/site-packages/airflow/example_dags/plugins/decreasing_priority_weight_strategy.py for tasks to queue
[2026-09-23T19:50:25.395+0000] {logging_mixin.py:190} INFO - [2026-09-23T19:50:25.394+0000] {dagbag.py:588} INFO - Filling up the DagBag from /home/airflow/.local/lib/python3.12/site-packages/airflow/example_dags/plugins/decreasing_priority_weight_strategy.py
[2026-09-23T19:50:25.398+0000] {processor.py:927} WARNING - No viable dags retrieved from /home/airflow/.local/lib/python3.12/site-packages/airflow/example_dags/plugins/decreasing_priority_weight_strategy.py
[2026-09-23T19:50:25.413+0000] {processor.py:208} INFO - Processing /home/airflow/.local/lib/python3.12/site-packages/airflow/example_dags/plugins/decreasing_priority_weight_strategy.py took 0.033 seconds
[2026-09-23T19:50:57.564+0000] {processor.py:186} INFO - Started process (PID=26434) to work on /home/airflow/.local/lib/python3.12/site-packages/airflow/example_dags/plugins/decreasing_priority_weight_strategy.py
[2026-09-23T19:50:57.565+0000] {processor.py:914} INFO - Processing file /home/airflow/.local/lib/python3.12/site-packages/airflow/example_dags/plugins/decreasing_priority_weight_strategy.py for tasks to queue
[2026-09-23T19:50:57.569+0000] {logging_mixin.py:190} INFO - [2026-09-23T19:50:57.568+0000] {dagbag.py:588} INFO - Filling up the DagBag from /home/airflow/.local/lib/python3.12/site-packages/airflow/example_dags/plugins/decreasing_priority_weight_strategy.py
[2026-09-23T19:50:57.573+0000] {processor.py:927} WARNING - No viable dags retrieved from /home/airflow/.local/lib/python3.12/site-packages/airflow/example_dags/plugins/decreasing_priority_weight_strategy.py
[2026-09-23T19:50:57.589+0000] {processor.py:208} INFO - Processing /home/airflow/.local/lib/python3.12/site-packages/airflow/example_dags/plugins/decreasing_priority_weight_strategy.py took 0.034 seconds
[2026-09-23T19:51:27.802+0000] {processor.py:186} INFO - Started process (PID=26501) to work on /home/airflow/.local/lib/python3.12/site-packages/airflow/example_dags/plugins/decreasing_priority_weight_strategy.py
[2026-09-23T19:51:27.803+0000] {processor.py:914} INFO - Processing file /home/airflow/.local/lib/python3.12/site-packages/airflow/example_dags/plugins/decreasing_priority_weight_strategy.py for tasks to queue
[2026-09-23T19:51:27.807+0000] {logging_mixin.py:190} INFO - [2026-09-23T19:51:27.806+0000] {dagbag.py:588} INFO - Filling up the DagBag from /home/airflow/.local/lib/python3.12/site-packages/airflow/example_dags/plugins/decreasing_priority_weight_strategy.py
[2026-09-23T19:51:27.811+0000] {processor.py:927} WARNING - No viable dags retrieved from /home/airflow/.local/lib/python3.12/site-packages/airflow/example_dags/plugins/decreasing_priority_weight_strategy.py
[2026-09-23T19:51:27.827+0000] {processor.py:208} INFO - Processing /home/airflow/.local/lib/python3.12/site-packages/airflow/example_dags/plugins/decreasing_priority_weight_strategy.py took 0.037 seconds
[2026-09-23T19:51:57.949+0000] {processor.py:186} INFO - Started process (PID=26575) to work on /home/airflow/.local/lib/python3.12/site-packages/airflow/example_dags/plugins/decreasing_priority_weight_strategy.py
[2026-09-23T19:51:57.950+0000] {processor.py:914} INFO - Processing file /home/airflow/.local/lib/python3.12/site-packages/airflow/example_dags/plugins/decreasing_priority_weight_strategy.py for tasks to queue
[2026-09-23T19:51:57.953+0000] {logging_mixin.py:190} INFO - [2026-09-23T19:51:57.953+0000] {dagbag.py:588} INFO - Filling up the DagBag from /home/airflow/.local/lib/python3.12/site-packages/airflow/example_dags/plugins/decreasing_priority_weight_strategy.py
[2026-09-23T19:51:57.957+0000] {processor.py:927} WARNING - No viable dags retrieved from /home/airflow/.local/lib/python3.12/site-packages/airflow/example_dags/plugins/decreasing_priority_weight_strategy.py
[2026-09-23T19:51:57.978+0000] {processor.py:208} INFO - Processing /home/airflow/.local/lib/python3.12/site-packages/airflow/example_dags/plugins/decreasing_priority_weight_strategy.py took 0.040 seconds
[2026-09-23T19:52:29.148+0000] {processor.py:186} INFO - Started process (PID=26650) to work on /home/airflow/.local/lib/python3.12/site-packages/airflow/example_dags/plugins/decreasing_priority_weight_strategy.py
[2026-09-23T19:52:29.149+0000] {processor.py:914} INFO - Processing file /home/airflow/.local/lib/python3.12/site-packages/airflow/example_dags/plugins/decreasing_priority_weight_strategy.py for tasks to queue
[2026-09-23T19:52:29.152+0000] {logging_mixin.py:190} INFO - [2026-09-23T19:52:29.152+0000] {dagbag.py:588} INFO - Filling up the DagBag from /home/airflow/.local/lib/python3.12/site-packages/airflow/example_dags/plugins/decreasing_priority_weight_strategy.py
[2026-09-23T19:52:29.156+0000] {processor.py:927} WARNING - No viable dags retrieved from /home/airflow/.local/lib/python3.12/site-packages/airflow/example_dags/plugins/decreasing_priority_weight_strategy.py
[2026-09-23T19:52:29.170+0000] {processor.py:208} INFO - Processing /home/airflow/.local/lib/python3.12/site-packages/airflow/example_dags/plugins/decreasing_priority_weight_strategy.py took 0.033 seconds
[2026-09-23T19:53:00.969+0000] {processor.py:186} INFO - Started process (PID=26732) to work on /home/airflow/.local/lib/python3.12/site-packages/airflow/example_dags/plugins/decreasing_priority_weight_strategy.py
[2026-09-23T19:53:00.970+0000] {processor.py:914} INFO - Processing file /home/airflow/.local/lib/python3.12/site-packages/airflow/example_dags/plugins/decreasing_priority_weight_strategy.py for tasks to queue
[2026-09-23T19:53:00.973+0000] {logging_mixin.py:190} INFO - [2026-09-23T19:53:00.973+0000] {dagbag.py:588} INFO - Filling up the DagBag from /home/airflow/.local/lib/python3.12/site-packages/airflow/example_dags/plugins/decreasing_priority_weight_strategy.py
[2026-09-23T19:53:00.977+0000] {processor.py:927} WARNING - No viable dags retrieved from /home/airflow/.local/lib/python3.12/site-packages/airflow/example_dags/plugins/decreasing_priority_weight_strategy.py
[2026-09-23T19:53:00.995+0000] {processor.py:208} INFO - Processing /home/airflow/.local/lib/python3.12/site-packages/airflow/example_dags/plugins/decreasing_priority_weight_strategy.py took 0.035 seconds
[2026-09-23T19:53:32.110+0000] {processor.py:186} INFO - Started process (PID=26806) to work on /home/airflow/.local/lib/python3.12/site-packages/airflow/example_dags/plugins/decreasing_priority_weight_strategy.py
[2026-09-23T19:53:32.112+0000] {processor.py:914} INFO - Processing file /home/airflow/.local/lib/python3.12/site-packages/airflow/example_dags/plugins/decreasing_priority_weight_strategy.py for tasks to queue
[2026-09-23T19:53:32.116+0000] {logging_mixin.py:190} INFO - [2026-09-23T19:53:32.115+0000] {dagbag.py:588} INFO - Filling up the DagBag from /home/airflow/.local/lib/python3.12/site-packages/airflow/example_dags/plugins/decreasing_priority_weight_strategy.py
[2026-09-23T19:53:32.121+0000] {processor.py:927} WARNING - No viable dags retrieved from /home/airflow/.local/lib/python3.12/site-packages/airflow/example_dags/plugins/decreasing_priority_weight_strategy.py
[2026-09-23T19:53:32.140+0000] {processor.py:208} INFO - Processing /home/airflow/.local/lib/python3.12/site-packages/airflow/example_dags/plugins/decreasing_priority_weight_strategy.py took 0.043 seconds
[2026-09-23T19:54:03.920+0000] {processor.py:186} INFO - Started process (PID=26880) to work on /home/airflow/.local/lib/python3.12/site-packages/airflow/example_dags/plugins/decreasing_priority_weight_strategy.py
[2026-09-23T19:54:03.922+0000] {processor.py:914} INFO - Processing file /home/airflow/.local/lib/python3.12/site-packages/airflow/example_dags/plugins/decreasing_priority_weight_strategy.py for tasks to queue
[2026-09-23T19:54:03.925+0000] {logging_mixin.py:190} INFO - [2026-09-23T19:54:03.924+0000] {dagbag.py:588} INFO - Filling up the DagBag from /home/airflow/.local/lib/python3.12/site-packages/airflow/example_dags/plugins/decreasing_priority_weight_strategy.py
[2026-09-23T19:54:03.928+0000] {processor.py:927} WARNING - No viable dags retrieved from /home/airflow/.local/lib/python3.12/site-packages/airflow/example_dags/plugins/decreasing_priority_weight_strategy.py
[2026-09-23T19:54:03.944+0000] {processor.py:208} INFO - Processing /home/airflow/.local/lib/python3.12/site-packages/airflow/example_dags/plugins/decreasing_priority_weight_strategy.py took 0.033 seconds
[2026-09-23T19:54:35.231+0000] {processor.py:186} INFO - Started process (PID=26955) to work on /home/airflow/.local/lib/python3.12/site-packages/airflow/example_dags/plugins/decreasing_priority_weight_strategy.py
[2026-09-23T19:54:35.233+0000] {processor.py:914} INFO - Processing file /home/airflow/.local/lib/python3.12/site-packages/airflow/example_dags/plugins/decreasing_priority_weight_strategy.py for tasks to queue
[2026-09-23T19:54:35.237+0000] {logging_mixin.py:190} INFO - [2026-09-23T19:54:35.237+0000] {dagbag.py:588} INFO - Filling up the DagBag from /home/airflow/.local/lib/python3.12/site-packages/airflow/example_dags/plugins/decreasing_priority_weight_strategy.py
[2026-09-23T19:54:35.243+0000] {processor.py:927} WARNING - No viable dags retrieved from /home/airflow/.local/lib/python3.12/site-packages/airflow/example_dags/plugins/decreasing_priority_weight_strategy.py
[2026-09-23T19:54:35.263+0000] {processor.py:208} INFO - Processing /home/airflow/.local/lib/python3.12/site-packages/airflow/example_dags/plugins/decreasing_priority_weight_strategy.py took 0.042 seconds
[2026-09-23T19:55:06.846+0000] {processor.py:186} INFO - Started process (PID=27031) to work on /home/airflow/.local/lib/python3.12/site-packages/airflow/example_dags/plugins/decreasing_priority_weight_strategy.py
[2026-09-23T19:55:06.847+0000] {processor.py:914} INFO - Processing file /home/airflow/.local/lib/python3.12/site-packages/airflow/example_dags/plugins/decreasing_priority_weight_strategy.py for tasks to queue
[2026-09-23T19:55:06.850+0000] {logging_mixin.py:190} INFO - [2026-09-23T19:55:06.850+0000] {dagbag.py:588} INFO - Filling up the DagBag from /home/airflow/.local/lib/python3.12/site-packages/airflow/example_dags/plugins/decreasing_priority_weight_strategy.py
[2026-09-23T19:55:06.855+0000] {processor.py:927} WARNING - No viable dags retrieved from /home/airflow/.local/lib/python3.12/site-packages/airflow/example_dags/plugins/decreasing_priority_weight_strategy.py
[2026-09-23T19:55:06.875+0000] {processor.py:208} INFO - Processing /home/airflow/.local/lib/python3.12/site-packages/airflow/example_dags/plugins/decreasing_priority_weight_strategy.py took 0.039 seconds
[2026-09-23T19:55:38.084+0000] {processor.py:186} INFO - Started process (PID=27105) to work on /home/airflow/.local/lib/python3.12/site-packages/airflow/example_dags/plugins/decreasing_priority_weight_strategy.py
[2026-09-23T19:55:38.085+0000] {processor.py:914} INFO - Processing file /home/airflow/.local/lib/python3.12/site-packages/airflow/example_dags/plugins/decreasing_priority_weight_strategy.py for tasks to queue
[2026-09-23T19:55:38.089+0000] {logging_mixin.py:190} INFO - [2026-09-23T19:55:38.089+0000] {dagbag.py:588} INFO - Filling up the DagBag from /home/airflow/.local/lib/python3.12/site-packages/airflow/example_dags/plugins/decreasing_priority_weight_strategy.py
[2026-09-23T19:55:38.093+0000] {processor.py:927} WARNING - No viable dags retrieved from /home/airflow/.local/lib/python3.12/site-packages/airflow/example_dags/plugins/decreasing_priority_weight_strategy.py
[2026-09-23T19:55:38.111+0000] {processor.py:208} INFO - Processing /home/airflow/.local/lib/python3.12/site-packages/airflow/example_dags/plugins/decreasing_priority_weight_strategy.py took 0.036 seconds
[2026-09-23T19:56:08.912+0000] {processor.py:186} INFO - Started process (PID=27180) to work on /home/airflow/.local/lib/python3.12/site-packages/airflow/example_dags/plugins/decreasing_priority_weight_strategy.py
[2026-09-23T19:56:08.913+0000] {processor.py:914} INFO - Processing file /home/airflow/.local/lib/python3.12/site-packages/airflow/example_dags/plugins/decreasing_priority_weight_strategy.py for tasks to queue
[2026-09-23T19:56:08.916+0000] {logging_mixin.py:190} INFO - [2026-09-23T19:56:08.916+0000] {dagbag.py:588} INFO - Filling up the DagBag from /home/airflow/.local/lib/python3.12/site-packages/airflow/example_dags/plugins/decreasing_priority_weight_strategy.py
[2026-09-23T19:56:08.920+0000] {processor.py:927} WARNING - No viable dags retrieved from /home/airflow/.local/lib/python3.12/site-packages/airflow/example_dags/plugins/decreasing_priority_weight_strategy.py
[2026-09-23T19:56:08.937+0000] {processor.py:208} INFO - Processing /home/airflow/.local/lib/python3.12/site-packages/airflow/example_dags/plugins/decreasing_priority_weight_strategy.py took 0.036 seconds
[2026-09-23T19:56:40.551+0000] {processor.py:186} INFO - Started process (PID=27255) to work on /home/airflow/.local/lib/python3.12/site-packages/airflow/example_dags/plugins/decreasing_priority_weight_strategy.py
[2026-09-23T19:56:40.552+0000] {processor.py:914} INFO - Processing file /home/airflow/.local/lib/python3.12/site-packages/airflow/example_dags/plugins/decreasing_priority_weight_strategy.py for tasks to queue
[2026-09-23T19:56:40.556+0000] {logging_mixin.py:190} INFO - [2026-09-23T19:56:40.555+0000] {dagbag.py:588} INFO - Filling up the DagBag from /home/airflow/.local/lib/python3.12/site-packages/airflow/example_dags/plugins/decreasing_priority_weight_strategy.py
[2026-09-23T19:56:40.562+0000] {processor.py:927} WARNING - No viable dags retrieved from /home/airflow/.local/lib/python3.12/site-packages/airflow/example_dags/plugins/decreasing_priority_weight_strategy.py
[2026-09-23T19:56:40.590+0000] {processor.py:208} INFO - Processing /home/airflow/.local/lib/python3.12/site-packages/airflow/example_dags/plugins/decreasing_priority_weight_strategy.py took 0.048 seconds
[2026-09-23T19:57:12.214+0000] {processor.py:186} INFO - Started process (PID=27332) to work on /home/airflow/.local/lib/python3.12/site-packages/airflow/example_dags/plugins/decreasing_priority_weight_strategy.py
[2026-09-23T19:57:12.215+0000] {processor.py:914} INFO - Processing file /home/airflow/.local/lib/python3.12/site-packages/airflow/example_dags/plugins/decreasing_priority_weight_strategy.py for tasks to queue
[2026-09-23T19:57:12.218+0000] {logging_mixin.py:190} INFO - [2026-09-23T19:57:12.217+0000] {dagbag.py:588} INFO - Filling up the DagBag from /home/airflow/.local/lib/python3.12/site-packages/airflow/example_dags/plugins/decreasing_priority_weight_strategy.py
[2026-09-23T19:57:12.222+0000] {processor.py:927} WARNING - No viable dags retrieved from /home/airflow/.local/lib/python3.12/site-packages/airflow/example_dags/plugins/decreasing_priority_weight_strategy.py
[2026-09-23T19:57:12.237+0000] {processor.py:208} INFO - Processing /home/airflow/.local/lib/python3.12/site-packages/airflow/example_dags/plugins/decreasing_priority_weight_strategy.py took 0.032 seconds
[2026-09-23T19:57:43.687+0000] {processor.py:186} INFO - Started process (PID=27408) to work on /home/airflow/.local/lib/python3.12/site-packages/airflow/example_dags/plugins/decreasing_priority_weight_strategy.py
[2026-09-23T19:57:43.689+0000] {processor.py:914} INFO - Processing file /home/airflow/.local/lib/python3.12/site-packages/airflow/example_dags/plugins/decreasing_priority_weight_strategy.py for tasks to queue
[2026-09-23T19:57:43.693+0000] {logging_mixin.py:190} INFO - [2026-09-23T19:57:43.693+0000] {dagbag.py:588} INFO - Filling up the DagBag from /home/airflow/.local/lib/python3.12/site-packages/airflow/example_dags/plugins/decreasing_priority_weight_strategy.py
[2026-09-23T19:57:43.698+0000] {processor.py:927} WARNING - No viable dags retrieved from /home/airflow/.local/lib/python3.12/site-packages/airflow/example_dags/plugins/decreasing_priority_weight_strategy.py
[2026-09-23T19:57:43.715+0000] {processor.py:208} INFO - Processing /home/airflow/.local/lib/python3.12/site-packages/airflow/example_dags/plugins/decreasing_priority_weight_strategy.py took 0.039 seconds
[2026-09-23T19:58:15.626+0000] {processor.py:186} INFO - Started process (PID=27484) to work on /home/airflow/.local/lib/python3.12/site-packages/airflow/example_dags/plugins/decreasing_priority_weight_strategy.py
[2026-09-23T19:58:15.627+0000] {processor.py:914} INFO - Processing file /home/airflow/.local/lib/python3.12/site-packages/airflow/example_dags/plugins/decreasing_priority_weight_strategy.py for tasks to queue
[2026-09-23T19:58:15.630+0000] {logging_mixin.py:190} INFO - [2026-09-23T19:58:15.630+0000] {dagbag.py:588} INFO - Filling up the DagBag from /home/airflow/.local/lib/python3.12/site-packages/airflow/example_dags/plugins/decreasing_priority_weight_strategy.py
[2026-09-23T19:58:15.633+0000] {processor.py:927} WARNING - No viable dags retrieved from /home/airflow/.local/lib/python3.12/site-packages/airflow/example_dags/plugins/decreasing_priority_weight_strategy.py
[2026-09-23T19:58:15.667+0000] {processor.py:208} INFO - Processing /home/airflow/.local/lib/python3.12/site-packages/airflow/example_dags/plugins/decreasing_priority_weight_strategy.py took 0.051 seconds
[2026-09-23T19:58:46.920+0000] {processor.py:186} INFO - Started process (PID=27558) to work on /home/airflow/.local/lib/python3.12/site-packages/airflow/example_dags/plugins/decreasing_priority_weight_strategy.py
[2026-09-23T19:58:46.921+0000] {processor.py:914} INFO - Processing file /home/airflow/.local/lib/python3.12/site-packages/airflow/example_dags/plugins/decreasing_priority_weight_strategy.py for tasks to queue
[2026-09-23T19:58:46.925+0000] {logging_mixin.py:190} INFO - [2026-09-23T19:58:46.924+0000] {dagbag.py:588} INFO - Filling up the DagBag from /home/airflow/.local/lib/python3.12/site-packages/airflow/example_dags/plugins/decreasing_priority_weight_strategy.py
[2026-09-23T19:58:46.928+0000] {processor.py:927} WARNING - No viable dags retrieved from /home/airflow/.local/lib/python3.12/site-packages/airflow/example_dags/plugins/decreasing_priority_weight_strategy.py
[2026-09-23T19:58:46.944+0000] {processor.py:208} INFO - Processing /home/airflow/.local/lib/python3.12/site-packages/airflow/example_dags/plugins/decreasing_priority_weight_strategy.py took 0.035 seconds
[2026-09-23T19:59:18.199+0000] {processor.py:186} INFO - Started process (PID=27633) to work on /home/airflow/.local/lib/python3.12/site-packages/airflow/example_dags/plugins/decreasing_priority_weight_strategy.py
[2026-09-23T19:59:18.202+0000] {processor.py:914} INFO - Processing file /home/airflow/.local/lib/python3.12/site-packages/airflow/example_dags/plugins/decreasing_priority_weight_strategy.py for tasks to queue
[2026-09-23T19:59:18.205+0000] {logging_mixin.py:190} INFO - [2026-09-23T19:59:18.204+0000] {dagbag.py:588} INFO - Filling up the DagBag from /home/airflow/.local/lib/python3.12/site-packages/airflow/example_dags/plugins/decreasing_priority_weight_strategy.py
[2026-09-23T19:59:18.208+0000] {processor.py:927} WARNING - No viable dags retrieved from /home/airflow/.local/lib/python3.12/site-packages/airflow/example_dags/plugins/decreasing_priority_weight_strategy.py
[2026-09-23T19:59:18.230+0000] {processor.py:208} INFO - Processing /home/airflow/.local/lib/python3.12/site-packages/airflow/example_dags/plugins/decreasing_priority_weight_strategy.py took 0.040 seconds
[2026-09-23T19:59:49.399+0000] {processor.py:186} INFO - Started process (PID=27707) to work on /home/airflow/.local/lib/python3.12/site-packages/airflow/example_dags/plugins/decreasing_priority_weight_strategy.py
[2026-09-23T19:59:49.400+0000] {processor.py:914} INFO - Processing file /home/airflow/.local/lib/python3.12/site-packages/airflow/example_dags/plugins/decreasing_priority_weight_strategy.py for tasks to queue
[2026-09-23T19:59:49.404+0000] {logging_mixin.py:190} INFO - [2026-09-23T19:59:49.403+0000] {dagbag.py:588} INFO - Filling up the DagBag from /home/airflow/.local/lib/python3.12/site-packages/airflow/example_dags/plugins/decreasing_priority_weight_strategy.py
[2026-09-23T19:59:49.410+0000] {processor.py:927} WARNING - No viable dags retrieved from /home/airflow/.local/lib/python3.12/site-packages/airflow/example_dags/plugins/decreasing_priority_weight_strategy.py
[2026-09-23T19:59:49.427+0000] {processor.py:208} INFO - Processing /home/airflow/.local/lib/python3.12/site-packages/airflow/example_dags/plugins/decreasing_priority_weight_strategy.py took 0.038 seconds
[2026-09-23T20:00:21.011+0000] {processor.py:186} INFO - Started process (PID=27781) to work on /home/airflow/.local/lib/python3.12/site-packages/airflow/example_dags/plugins/decreasing_priority_weight_strategy.py
[2026-09-23T20:00:21.013+0000] {processor.py:914} INFO - Processing file /home/airflow/.local/lib/python3.12/site-packages/airflow/example_dags/plugins/decreasing_priority_weight_strategy.py for tasks to queue
[2026-09-23T20:00:21.017+0000] {logging_mixin.py:190} INFO - [2026-09-23T20:00:21.016+0000] {dagbag.py:588} INFO - Filling up the DagBag from /home/airflow/.local/lib/python3.12/site-packages/airflow/example_dags/plugins/decreasing_priority_weight_strategy.py
[2026-09-23T20:00:21.021+0000] {processor.py:927} WARNING - No viable dags retrieved from /home/airflow/.local/lib/python3.12/site-packages/airflow/example_dags/plugins/decreasing_priority_weight_strategy.py
[2026-09-23T20:00:21.040+0000] {processor.py:208} INFO - Processing /home/airflow/.local/lib/python3.12/site-packages/airflow/example_dags/plugins/decreasing_priority_weight_strategy.py took 0.040 seconds
[2026-09-23T20:00:52.347+0000] {processor.py:186} INFO - Started process (PID=27856) to work on /home/airflow/.local/lib/python3.12/site-packages/airflow/example_dags/plugins/decreasing_priority_weight_strategy.py
[2026-09-23T20:00:52.348+0000] {processor.py:914} INFO - Processing file /home/airflow/.local/lib/python3.12/site-packages/airflow/example_dags/plugins/decreasing_priority_weight_strategy.py for tasks to queue
[2026-09-23T20:00:52.352+0000] {logging_mixin.py:190} INFO - [2026-09-23T20:00:52.352+0000] {dagbag.py:588} INFO - Filling up the DagBag from /home/airflow/.local/lib/python3.12/site-packages/airflow/example_dags/plugins/decreasing_priority_weight_strategy.py
[2026-09-23T20:00:52.357+0000] {processor.py:927} WARNING - No viable dags retrieved from /home/airflow/.local/lib/python3.12/site-packages/airflow/example_dags/plugins/decreasing_priority_weight_strategy.py
[2026-09-23T20:00:52.378+0000] {processor.py:208} INFO - Processing /home/airflow/.local/lib/python3.12/site-packages/airflow/example_dags/plugins/decreasing_priority_weight_strategy.py took 0.044 seconds
[2026-09-23T20:01:23.411+0000] {processor.py:186} INFO - Started process (PID=27930) to work on /home/airflow/.local/lib/python3.12/site-packages/airflow/example_dags/plugins/decreasing_priority_weight_strategy.py
[2026-09-23T20:01:23.413+0000] {processor.py:914} INFO - Processing file /home/airflow/.local/lib/python3.12/site-packages/airflow/example_dags/plugins/decreasing_priority_weight_strategy.py for tasks to queue
[2026-09-23T20:01:23.416+0000] {logging_mixin.py:190} INFO - [2026-09-23T20:01:23.416+0000] {dagbag.py:588} INFO - Filling up the DagBag from /home/airflow/.local/lib/python3.12/site-packages/airflow/example_dags/plugins/decreasing_priority_weight_strategy.py
[2026-09-23T20:01:23.420+0000] {processor.py:927} WARNING - No viable dags retrieved from /home/airflow/.local/lib/python3.12/site-packages/airflow/example_dags/plugins/decreasing_priority_weight_strategy.py
[2026-09-23T20:01:23.437+0000] {processor.py:208} INFO - Processing /home/airflow/.local/lib/python3.12/site-packages/airflow/example_dags/plugins/decreasing_priority_weight_strategy.py took 0.035 seconds
[2026-09-23T20:01:54.774+0000] {processor.py:186} INFO - Started process (PID=28005) to work on /home/airflow/.local/lib/python3.12/site-packages/airflow/example_dags/plugins/decreasing_priority_weight_strategy.py
[2026-09-23T20:01:54.776+0000] {processor.py:914} INFO - Processing file /home/airflow/.local/lib/python3.12/site-packages/airflow/example_dags/plugins/decreasing_priority_weight_strategy.py for tasks to queue
[2026-09-23T20:01:54.779+0000] {logging_mixin.py:190} INFO - [2026-09-23T20:01:54.779+0000] {dagbag.py:588} INFO - Filling up the DagBag from /home/airflow/.local/lib/python3.12/site-packages/airflow/example_dags/plugins/decreasing_priority_weight_strategy.py
[2026-09-23T20:01:54.783+0000] {processor.py:927} WARNING - No viable dags retrieved from /home/airflow/.local/lib/python3.12/site-packages/airflow/example_dags/plugins/decreasing_priority_weight_strategy.py
[2026-09-23T20:01:54.802+0000] {processor.py:208} INFO - Processing /home/airflow/.local/lib/python3.12/site-packages/airflow/example_dags/plugins/decreasing_priority_weight_strategy.py took 0.037 seconds
[2026-09-23T20:02:26.282+0000] {processor.py:186} INFO - Started process (PID=28079) to work on /home/airflow/.local/lib/python3.12/site-packages/airflow/example_dags/plugins/decreasing_priority_weight_strategy.py
[2026-09-23T20:02:26.284+0000] {processor.py:914} INFO - Processing file /home/airflow/.local/lib/python3.12/site-packages/airflow/example_dags/plugins/decreasing_priority_weight_strategy.py for tasks to queue
[2026-09-23T20:02:26.287+0000] {logging_mixin.py:190} INFO - [2026-09-23T20:02:26.286+0000] {dagbag.py:588} INFO - Filling up the DagBag from /home/airflow/.local/lib/python3.12/site-packages/airflow/example_dags/plugins/decreasing_priority_weight_strategy.py
[2026-09-23T20:02:26.291+0000] {processor.py:927} WARNING - No viable dags retrieved from /home/airflow/.local/lib/python3.12/site-packages/airflow/example_dags/plugins/decreasing_priority_weight_strategy.py
[2026-09-23T20:02:26.311+0000] {processor.py:208} INFO - Processing /home/airflow/.local/lib/python3.12/site-packages/airflow/example_dags/plugins/decreasing_priority_weight_strategy.py took 0.038 seconds
[2026-09-23T20:02:57.565+0000] {processor.py:186} INFO - Started process (PID=28153) to work on /home/airflow/.local/lib/python3.12/site-packages/airflow/example_dags/plugins/decreasing_priority_weight_strategy.py
[2026-09-23T20:02:57.566+0000] {processor.py:914} INFO - Processing file /home/airflow/.local/lib/python3.12/site-packages/airflow/example_dags/plugins/decreasing_priority_weight_strategy.py for tasks to queue
[2026-09-23T20:02:57.570+0000] {logging_mixin.py:190} INFO - [2026-09-23T20:02:57.569+0000] {dagbag.py:588} INFO - Filling up the DagBag from /home/airflow/.local/lib/python3.12/site-packages/airflow/example_dags/plugins/decreasing_priority_weight_strategy.py
[2026-09-23T20:02:57.574+0000] {processor.py:927} WARNING - No viable dags retrieved from /home/airflow/.local/lib/python3.12/site-packages/airflow/example_dags/plugins/decreasing_priority_weight_strategy.py
[2026-09-23T20:02:57.593+0000] {processor.py:208} INFO - Processing /home/airflow/.local/lib/python3.12/site-packages/airflow/example_dags/plugins/decreasing_priority_weight_strategy.py took 0.037 seconds
[2026-09-23T20:03:29.428+0000] {processor.py:186} INFO - Started process (PID=28234) to work on /home/airflow/.local/lib/python3.12/site-packages/airflow/example_dags/plugins/decreasing_priority_weight_strategy.py
[2026-09-23T20:03:29.438+0000] {processor.py:914} INFO - Processing file /home/airflow/.local/lib/python3.12/site-packages/airflow/example_dags/plugins/decreasing_priority_weight_strategy.py for tasks to queue
[2026-09-23T20:03:29.441+0000] {logging_mixin.py:190} INFO - [2026-09-23T20:03:29.441+0000] {dagbag.py:588} INFO - Filling up the DagBag from /home/airflow/.local/lib/python3.12/site-packages/airflow/example_dags/plugins/decreasing_priority_weight_strategy.py
[2026-09-23T20:03:29.446+0000] {processor.py:927} WARNING - No viable dags retrieved from /home/airflow/.local/lib/python3.12/site-packages/airflow/example_dags/plugins/decreasing_priority_weight_strategy.py
[2026-09-23T20:03:29.471+0000] {processor.py:208} INFO - Processing /home/airflow/.local/lib/python3.12/site-packages/airflow/example_dags/plugins/decreasing_priority_weight_strategy.py took 0.065 seconds
[2026-09-23T20:04:00.839+0000] {processor.py:186} INFO - Started process (PID=28307) to work on /home/airflow/.local/lib/python3.12/site-packages/airflow/example_dags/plugins/decreasing_priority_weight_strategy.py
[2026-09-23T20:04:00.840+0000] {processor.py:914} INFO - Processing file /home/airflow/.local/lib/python3.12/site-packages/airflow/example_dags/plugins/decreasing_priority_weight_strategy.py for tasks to queue
[2026-09-23T20:04:00.843+0000] {logging_mixin.py:190} INFO - [2026-09-23T20:04:00.843+0000] {dagbag.py:588} INFO - Filling up the DagBag from /home/airflow/.local/lib/python3.12/site-packages/airflow/example_dags/plugins/decreasing_priority_weight_strategy.py
[2026-09-23T20:04:00.847+0000] {processor.py:927} WARNING - No viable dags retrieved from /home/airflow/.local/lib/python3.12/site-packages/airflow/example_dags/plugins/decreasing_priority_weight_strategy.py
[2026-09-23T20:04:00.864+0000] {processor.py:208} INFO - Processing /home/airflow/.local/lib/python3.12/site-packages/airflow/example_dags/plugins/decreasing_priority_weight_strategy.py took 0.034 seconds
[2026-09-23T20:04:32.151+0000] {processor.py:186} INFO - Started process (PID=28382) to work on /home/airflow/.local/lib/python3.12/site-packages/airflow/example_dags/plugins/decreasing_priority_weight_strategy.py
[2026-09-23T20:04:32.154+0000] {processor.py:914} INFO - Processing file /home/airflow/.local/lib/python3.12/site-packages/airflow/example_dags/plugins/decreasing_priority_weight_strategy.py for tasks to queue
[2026-09-23T20:04:32.157+0000] {logging_mixin.py:190} INFO - [2026-09-23T20:04:32.157+0000] {dagbag.py:588} INFO - Filling up the DagBag from /home/airflow/.local/lib/python3.12/site-packages/airflow/example_dags/plugins/decreasing_priority_weight_strategy.py
[2026-09-23T20:04:32.161+0000] {processor.py:927} WARNING - No viable dags retrieved from /home/airflow/.local/lib/python3.12/site-packages/airflow/example_dags/plugins/decreasing_priority_weight_strategy.py
[2026-09-23T20:04:32.179+0000] {processor.py:208} INFO - Processing /home/airflow/.local/lib/python3.12/site-packages/airflow/example_dags/plugins/decreasing_priority_weight_strategy.py took 0.036 seconds
[2026-09-23T20:05:04.084+0000] {processor.py:186} INFO - Started process (PID=28460) to work on /home/airflow/.local/lib/python3.12/site-packages/airflow/example_dags/plugins/decreasing_priority_weight_strategy.py
[2026-09-23T20:05:04.086+0000] {processor.py:914} INFO - Processing file /home/airflow/.local/lib/python3.12/site-packages/airflow/example_dags/plugins/decreasing_priority_weight_strategy.py for tasks to queue
[2026-09-23T20:05:04.098+0000] {logging_mixin.py:190} INFO - [2026-09-23T20:05:04.097+0000] {dagbag.py:588} INFO - Filling up the DagBag from /home/airflow/.local/lib/python3.12/site-packages/airflow/example_dags/plugins/decreasing_priority_weight_strategy.py
[2026-09-23T20:05:04.102+0000] {processor.py:927} WARNING - No viable dags retrieved from /home/airflow/.local/lib/python3.12/site-packages/airflow/example_dags/plugins/decreasing_priority_weight_strategy.py
[2026-09-23T20:05:04.121+0000] {processor.py:208} INFO - Processing /home/airflow/.local/lib/python3.12/site-packages/airflow/example_dags/plugins/decreasing_priority_weight_strategy.py took 0.053 seconds
[2026-09-23T20:05:35.819+0000] {processor.py:186} INFO - Started process (PID=28534) to work on /home/airflow/.local/lib/python3.12/site-packages/airflow/example_dags/plugins/decreasing_priority_weight_strategy.py
[2026-09-23T20:05:35.821+0000] {processor.py:914} INFO - Processing file /home/airflow/.local/lib/python3.12/site-packages/airflow/example_dags/plugins/decreasing_priority_weight_strategy.py for tasks to queue
[2026-09-23T20:05:35.825+0000] {logging_mixin.py:190} INFO - [2026-09-23T20:05:35.824+0000] {dagbag.py:588} INFO - Filling up the DagBag from /home/airflow/.local/lib/python3.12/site-packages/airflow/example_dags/plugins/decreasing_priority_weight_strategy.py
[2026-09-23T20:05:35.828+0000] {processor.py:927} WARNING - No viable dags retrieved from /home/airflow/.local/lib/python3.12/site-packages/airflow/example_dags/plugins/decreasing_priority_weight_strategy.py
[2026-09-23T20:05:35.847+0000] {processor.py:208} INFO - Processing /home/airflow/.local/lib/python3.12/site-packages/airflow/example_dags/plugins/decreasing_priority_weight_strategy.py took 0.038 seconds
[2026-09-23T20:06:07.587+0000] {processor.py:186} INFO - Started process (PID=28609) to work on /home/airflow/.local/lib/python3.12/site-packages/airflow/example_dags/plugins/decreasing_priority_weight_strategy.py
[2026-09-23T20:06:07.588+0000] {processor.py:914} INFO - Processing file /home/airflow/.local/lib/python3.12/site-packages/airflow/example_dags/plugins/decreasing_priority_weight_strategy.py for tasks to queue
[2026-09-23T20:06:07.591+0000] {logging_mixin.py:190} INFO - [2026-09-23T20:06:07.591+0000] {dagbag.py:588} INFO - Filling up the DagBag from /home/airflow/.local/lib/python3.12/site-packages/airflow/example_dags/plugins/decreasing_priority_weight_strategy.py
[2026-09-23T20:06:07.595+0000] {processor.py:927} WARNING - No viable dags retrieved from /home/airflow/.local/lib/python3.12/site-packages/airflow/example_dags/plugins/decreasing_priority_weight_strategy.py
[2026-09-23T20:06:07.615+0000] {processor.py:208} INFO - Processing /home/airflow/.local/lib/python3.12/site-packages/airflow/example_dags/plugins/decreasing_priority_weight_strategy.py took 0.038 seconds
[2026-09-23T20:06:39.220+0000] {processor.py:186} INFO - Started process (PID=28684) to work on /home/airflow/.local/lib/python3.12/site-packages/airflow/example_dags/plugins/decreasing_priority_weight_strategy.py
[2026-09-23T20:06:39.222+0000] {processor.py:914} INFO - Processing file /home/airflow/.local/lib/python3.12/site-packages/airflow/example_dags/plugins/decreasing_priority_weight_strategy.py for tasks to queue
[2026-09-23T20:06:39.225+0000] {logging_mixin.py:190} INFO - [2026-09-23T20:06:39.224+0000] {dagbag.py:588} INFO - Filling up the DagBag from /home/airflow/.local/lib/python3.12/site-packages/airflow/example_dags/plugins/decreasing_priority_weight_strategy.py
[2026-09-23T20:06:39.228+0000] {processor.py:927} WARNING - No viable dags retrieved from /home/airflow/.local/lib/python3.12/site-packages/airflow/example_dags/plugins/decreasing_priority_weight_strategy.py
[2026-09-23T20:06:39.248+0000] {processor.py:208} INFO - Processing /home/airflow/.local/lib/python3.12/site-packages/airflow/example_dags/plugins/decreasing_priority_weight_strategy.py took 0.037 seconds
[2026-09-23T20:07:10.427+0000] {processor.py:186} INFO - Started process (PID=28758) to work on /home/airflow/.local/lib/python3.12/site-packages/airflow/example_dags/plugins/decreasing_priority_weight_strategy.py
[2026-09-23T20:07:10.428+0000] {processor.py:914} INFO - Processing file /home/airflow/.local/lib/python3.12/site-packages/airflow/example_dags/plugins/decreasing_priority_weight_strategy.py for tasks to queue
[2026-09-23T20:07:10.432+0000] {logging_mixin.py:190} INFO - [2026-09-23T20:07:10.431+0000] {dagbag.py:588} INFO - Filling up the DagBag from /home/airflow/.local/lib/python3.12/site-packages/airflow/example_dags/plugins/decreasing_priority_weight_strategy.py
[2026-09-23T20:07:10.435+0000] {processor.py:927} WARNING - No viable dags retrieved from /home/airflow/.local/lib/python3.12/site-packages/airflow/example_dags/plugins/decreasing_priority_weight_strategy.py
[2026-09-23T20:07:10.452+0000] {processor.py:208} INFO - Processing /home/airflow/.local/lib/python3.12/site-packages/airflow/example_dags/plugins/decreasing_priority_weight_strategy.py took 0.035 seconds
[2026-09-23T20:07:41.797+0000] {processor.py:186} INFO - Started process (PID=28834) to work on /home/airflow/.local/lib/python3.12/site-packages/airflow/example_dags/plugins/decreasing_priority_weight_strategy.py
[2026-09-23T20:07:41.799+0000] {processor.py:914} INFO - Processing file /home/airflow/.local/lib/python3.12/site-packages/airflow/example_dags/plugins/decreasing_priority_weight_strategy.py for tasks to queue
[2026-09-23T20:07:41.803+0000] {logging_mixin.py:190} INFO - [2026-09-23T20:07:41.802+0000] {dagbag.py:588} INFO - Filling up the DagBag from /home/airflow/.local/lib/python3.12/site-packages/airflow/example_dags/plugins/decreasing_priority_weight_strategy.py
[2026-09-23T20:07:41.807+0000] {processor.py:927} WARNING - No viable dags retrieved from /home/airflow/.local/lib/python3.12/site-packages/airflow/example_dags/plugins/decreasing_priority_weight_strategy.py
[2026-09-23T20:07:41.828+0000] {processor.py:208} INFO - Processing /home/airflow/.local/lib/python3.12/site-packages/airflow/example_dags/plugins/decreasing_priority_weight_strategy.py took 0.042 seconds
[2026-09-23T20:08:13.560+0000] {processor.py:186} INFO - Started process (PID=28911) to work on /home/airflow/.local/lib/python3.12/site-packages/airflow/example_dags/plugins/decreasing_priority_weight_strategy.py
[2026-09-23T20:08:13.562+0000] {processor.py:914} INFO - Processing file /home/airflow/.local/lib/python3.12/site-packages/airflow/example_dags/plugins/decreasing_priority_weight_strategy.py for tasks to queue
[2026-09-23T20:08:13.565+0000] {logging_mixin.py:190} INFO - [2026-09-23T20:08:13.565+0000] {dagbag.py:588} INFO - Filling up the DagBag from /home/airflow/.local/lib/python3.12/site-packages/airflow/example_dags/plugins/decreasing_priority_weight_strategy.py
[2026-09-23T20:08:13.569+0000] {processor.py:927} WARNING - No viable dags retrieved from /home/airflow/.local/lib/python3.12/site-packages/airflow/example_dags/plugins/decreasing_priority_weight_strategy.py
[2026-09-23T20:08:13.586+0000] {processor.py:208} INFO - Processing /home/airflow/.local/lib/python3.12/site-packages/airflow/example_dags/plugins/decreasing_priority_weight_strategy.py took 0.036 seconds
[2026-09-23T20:08:44.951+0000] {processor.py:186} INFO - Started process (PID=28986) to work on /home/airflow/.local/lib/python3.12/site-packages/airflow/example_dags/plugins/decreasing_priority_weight_strategy.py
[2026-09-23T20:08:44.953+0000] {processor.py:914} INFO - Processing file /home/airflow/.local/lib/python3.12/site-packages/airflow/example_dags/plugins/decreasing_priority_weight_strategy.py for tasks to queue
[2026-09-23T20:08:44.956+0000] {logging_mixin.py:190} INFO - [2026-09-23T20:08:44.955+0000] {dagbag.py:588} INFO - Filling up the DagBag from /home/airflow/.local/lib/python3.12/site-packages/airflow/example_dags/plugins/decreasing_priority_weight_strategy.py
[2026-09-23T20:08:44.960+0000] {processor.py:927} WARNING - No viable dags retrieved from /home/airflow/.local/lib/python3.12/site-packages/airflow/example_dags/plugins/decreasing_priority_weight_strategy.py
[2026-09-23T20:08:44.979+0000] {processor.py:208} INFO - Processing /home/airflow/.local/lib/python3.12/site-packages/airflow/example_dags/plugins/decreasing_priority_weight_strategy.py took 0.037 seconds
[2026-09-23T20:09:16.293+0000] {processor.py:186} INFO - Started process (PID=29061) to work on /home/airflow/.local/lib/python3.12/site-packages/airflow/example_dags/plugins/decreasing_priority_weight_strategy.py
[2026-09-23T20:09:16.293+0000] {processor.py:914} INFO - Processing file /home/airflow/.local/lib/python3.12/site-packages/airflow/example_dags/plugins/decreasing_priority_weight_strategy.py for tasks to queue
[2026-09-23T20:09:16.296+0000] {logging_mixin.py:190} INFO - [2026-09-23T20:09:16.296+0000] {dagbag.py:588} INFO - Filling up the DagBag from /home/airflow/.local/lib/python3.12/site-packages/airflow/example_dags/plugins/decreasing_priority_weight_strategy.py
[2026-09-23T20:09:16.299+0000] {processor.py:927} WARNING - No viable dags retrieved from /home/airflow/.local/lib/python3.12/site-packages/airflow/example_dags/plugins/decreasing_priority_weight_strategy.py
[2026-09-23T20:09:16.316+0000] {processor.py:208} INFO - Processing /home/airflow/.local/lib/python3.12/site-packages/airflow/example_dags/plugins/decreasing_priority_weight_strategy.py took 0.035 seconds
[2026-09-23T20:09:47.637+0000] {processor.py:186} INFO - Started process (PID=29136) to work on /home/airflow/.local/lib/python3.12/site-packages/airflow/example_dags/plugins/decreasing_priority_weight_strategy.py
[2026-09-23T20:09:47.639+0000] {processor.py:914} INFO - Processing file /home/airflow/.local/lib/python3.12/site-packages/airflow/example_dags/plugins/decreasing_priority_weight_strategy.py for tasks to queue
[2026-09-23T20:09:47.651+0000] {logging_mixin.py:190} INFO - [2026-09-23T20:09:47.650+0000] {dagbag.py:588} INFO - Filling up the DagBag from /home/airflow/.local/lib/python3.12/site-packages/airflow/example_dags/plugins/decreasing_priority_weight_strategy.py
[2026-09-23T20:09:47.656+0000] {processor.py:927} WARNING - No viable dags retrieved from /home/airflow/.local/lib/python3.12/site-packages/airflow/example_dags/plugins/decreasing_priority_weight_strategy.py
[2026-09-23T20:09:47.691+0000] {processor.py:208} INFO - Processing /home/airflow/.local/lib/python3.12/site-packages/airflow/example_dags/plugins/decreasing_priority_weight_strategy.py took 0.063 seconds
[2026-09-23T20:10:19.442+0000] {processor.py:186} INFO - Started process (PID=29210) to work on /home/airflow/.local/lib/python3.12/site-packages/airflow/example_dags/plugins/decreasing_priority_weight_strategy.py
[2026-09-23T20:10:19.443+0000] {processor.py:914} INFO - Processing file /home/airflow/.local/lib/python3.12/site-packages/airflow/example_dags/plugins/decreasing_priority_weight_strategy.py for tasks to queue
[2026-09-23T20:10:19.446+0000] {logging_mixin.py:190} INFO - [2026-09-23T20:10:19.446+0000] {dagbag.py:588} INFO - Filling up the DagBag from /home/airflow/.local/lib/python3.12/site-packages/airflow/example_dags/plugins/decreasing_priority_weight_strategy.py
[2026-09-23T20:10:19.450+0000] {processor.py:927} WARNING - No viable dags retrieved from /home/airflow/.local/lib/python3.12/site-packages/airflow/example_dags/plugins/decreasing_priority_weight_strategy.py
[2026-09-23T20:10:19.468+0000] {processor.py:208} INFO - Processing /home/airflow/.local/lib/python3.12/site-packages/airflow/example_dags/plugins/decreasing_priority_weight_strategy.py took 0.036 seconds
[2026-09-23T20:10:50.896+0000] {processor.py:186} INFO - Started process (PID=29285) to work on /home/airflow/.local/lib/python3.12/site-packages/airflow/example_dags/plugins/decreasing_priority_weight_strategy.py
[2026-09-23T20:10:50.900+0000] {processor.py:914} INFO - Processing file /home/airflow/.local/lib/python3.12/site-packages/airflow/example_dags/plugins/decreasing_priority_weight_strategy.py for tasks to queue
[2026-09-23T20:10:50.904+0000] {logging_mixin.py:190} INFO - [2026-09-23T20:10:50.903+0000] {dagbag.py:588} INFO - Filling up the DagBag from /home/airflow/.local/lib/python3.12/site-packages/airflow/example_dags/plugins/decreasing_priority_weight_strategy.py
[2026-09-23T20:10:50.908+0000] {processor.py:927} WARNING - No viable dags retrieved from /home/airflow/.local/lib/python3.12/site-packages/airflow/example_dags/plugins/decreasing_priority_weight_strategy.py
[2026-09-23T20:10:50.926+0000] {processor.py:208} INFO - Processing /home/airflow/.local/lib/python3.12/site-packages/airflow/example_dags/plugins/decreasing_priority_weight_strategy.py took 0.039 seconds
[2026-09-23T20:11:22.982+0000] {processor.py:186} INFO - Started process (PID=29361) to work on /home/airflow/.local/lib/python3.12/site-packages/airflow/example_dags/plugins/decreasing_priority_weight_strategy.py
[2026-09-23T20:11:22.984+0000] {processor.py:914} INFO - Processing file /home/airflow/.local/lib/python3.12/site-packages/airflow/example_dags/plugins/decreasing_priority_weight_strategy.py for tasks to queue
[2026-09-23T20:11:22.987+0000] {logging_mixin.py:190} INFO - [2026-09-23T20:11:22.987+0000] {dagbag.py:588} INFO - Filling up the DagBag from /home/airflow/.local/lib/python3.12/site-packages/airflow/example_dags/plugins/decreasing_priority_weight_strategy.py
[2026-09-23T20:11:22.991+0000] {processor.py:927} WARNING - No viable dags retrieved from /home/airflow/.local/lib/python3.12/site-packages/airflow/example_dags/plugins/decreasing_priority_weight_strategy.py
[2026-09-23T20:11:23.012+0000] {processor.py:208} INFO - Processing /home/airflow/.local/lib/python3.12/site-packages/airflow/example_dags/plugins/decreasing_priority_weight_strategy.py took 0.040 seconds
[2026-09-23T20:11:54.206+0000] {processor.py:186} INFO - Started process (PID=29435) to work on /home/airflow/.local/lib/python3.12/site-packages/airflow/example_dags/plugins/decreasing_priority_weight_strategy.py
[2026-09-23T20:11:54.207+0000] {processor.py:914} INFO - Processing file /home/airflow/.local/lib/python3.12/site-packages/airflow/example_dags/plugins/decreasing_priority_weight_strategy.py for tasks to queue
[2026-09-23T20:11:54.210+0000] {logging_mixin.py:190} INFO - [2026-09-23T20:11:54.210+0000] {dagbag.py:588} INFO - Filling up the DagBag from /home/airflow/.local/lib/python3.12/site-packages/airflow/example_dags/plugins/decreasing_priority_weight_strategy.py
[2026-09-23T20:11:54.213+0000] {processor.py:927} WARNING - No viable dags retrieved from /home/airflow/.local/lib/python3.12/site-packages/airflow/example_dags/plugins/decreasing_priority_weight_strategy.py
[2026-09-23T20:11:54.229+0000] {processor.py:208} INFO - Processing /home/airflow/.local/lib/python3.12/site-packages/airflow/example_dags/plugins/decreasing_priority_weight_strategy.py took 0.036 seconds
[2026-09-23T20:12:25.212+0000] {processor.py:186} INFO - Started process (PID=29509) to work on /home/airflow/.local/lib/python3.12/site-packages/airflow/example_dags/plugins/decreasing_priority_weight_strategy.py
[2026-09-23T20:12:25.214+0000] {processor.py:914} INFO - Processing file /home/airflow/.local/lib/python3.12/site-packages/airflow/example_dags/plugins/decreasing_priority_weight_strategy.py for tasks to queue
[2026-09-23T20:12:25.217+0000] {logging_mixin.py:190} INFO - [2026-09-23T20:12:25.217+0000] {dagbag.py:588} INFO - Filling up the DagBag from /home/airflow/.local/lib/python3.12/site-packages/airflow/example_dags/plugins/decreasing_priority_weight_strategy.py
[2026-09-23T20:12:25.221+0000] {processor.py:927} WARNING - No viable dags retrieved from /home/airflow/.local/lib/python3.12/site-packages/airflow/example_dags/plugins/decreasing_priority_weight_strategy.py
[2026-09-23T20:12:25.238+0000] {processor.py:208} INFO - Processing /home/airflow/.local/lib/python3.12/site-packages/airflow/example_dags/plugins/decreasing_priority_weight_strategy.py took 0.035 seconds
[2026-09-23T20:12:56.300+0000] {processor.py:186} INFO - Started process (PID=29583) to work on /home/airflow/.local/lib/python3.12/site-packages/airflow/example_dags/plugins/decreasing_priority_weight_strategy.py
[2026-09-23T20:12:56.301+0000] {processor.py:914} INFO - Processing file /home/airflow/.local/lib/python3.12/site-packages/airflow/example_dags/plugins/decreasing_priority_weight_strategy.py for tasks to queue
[2026-09-23T20:12:56.304+0000] {logging_mixin.py:190} INFO - [2026-09-23T20:12:56.303+0000] {dagbag.py:588} INFO - Filling up the DagBag from /home/airflow/.local/lib/python3.12/site-packages/airflow/example_dags/plugins/decreasing_priority_weight_strategy.py
[2026-09-23T20:12:56.307+0000] {processor.py:927} WARNING - No viable dags retrieved from /home/airflow/.local/lib/python3.12/site-packages/airflow/example_dags/plugins/decreasing_priority_weight_strategy.py
[2026-09-23T20:12:56.322+0000] {processor.py:208} INFO - Processing /home/airflow/.local/lib/python3.12/site-packages/airflow/example_dags/plugins/decreasing_priority_weight_strategy.py took 0.033 seconds
[2026-09-23T20:13:27.632+0000] {processor.py:186} INFO - Started process (PID=29658) to work on /home/airflow/.local/lib/python3.12/site-packages/airflow/example_dags/plugins/decreasing_priority_weight_strategy.py
[2026-09-23T20:13:27.634+0000] {processor.py:914} INFO - Processing file /home/airflow/.local/lib/python3.12/site-packages/airflow/example_dags/plugins/decreasing_priority_weight_strategy.py for tasks to queue
[2026-09-23T20:13:27.637+0000] {logging_mixin.py:190} INFO - [2026-09-23T20:13:27.636+0000] {dagbag.py:588} INFO - Filling up the DagBag from /home/airflow/.local/lib/python3.12/site-packages/airflow/example_dags/plugins/decreasing_priority_weight_strategy.py
[2026-09-23T20:13:27.643+0000] {processor.py:927} WARNING - No viable dags retrieved from /home/airflow/.local/lib/python3.12/site-packages/airflow/example_dags/plugins/decreasing_priority_weight_strategy.py
[2026-09-23T20:13:27.691+0000] {processor.py:208} INFO - Processing /home/airflow/.local/lib/python3.12/site-packages/airflow/example_dags/plugins/decreasing_priority_weight_strategy.py took 0.071 seconds
[2026-09-23T20:13:59.020+0000] {processor.py:186} INFO - Started process (PID=29740) to work on /home/airflow/.local/lib/python3.12/site-packages/airflow/example_dags/plugins/decreasing_priority_weight_strategy.py
[2026-09-23T20:13:59.021+0000] {processor.py:914} INFO - Processing file /home/airflow/.local/lib/python3.12/site-packages/airflow/example_dags/plugins/decreasing_priority_weight_strategy.py for tasks to queue
[2026-09-23T20:13:59.025+0000] {logging_mixin.py:190} INFO - [2026-09-23T20:13:59.024+0000] {dagbag.py:588} INFO - Filling up the DagBag from /home/airflow/.local/lib/python3.12/site-packages/airflow/example_dags/plugins/decreasing_priority_weight_strategy.py
[2026-09-23T20:13:59.029+0000] {processor.py:927} WARNING - No viable dags retrieved from /home/airflow/.local/lib/python3.12/site-packages/airflow/example_dags/plugins/decreasing_priority_weight_strategy.py
[2026-09-23T20:13:59.047+0000] {processor.py:208} INFO - Processing /home/airflow/.local/lib/python3.12/site-packages/airflow/example_dags/plugins/decreasing_priority_weight_strategy.py took 0.036 seconds
[2026-09-23T20:14:30.227+0000] {processor.py:186} INFO - Started process (PID=29814) to work on /home/airflow/.local/lib/python3.12/site-packages/airflow/example_dags/plugins/decreasing_priority_weight_strategy.py
[2026-09-23T20:14:30.228+0000] {processor.py:914} INFO - Processing file /home/airflow/.local/lib/python3.12/site-packages/airflow/example_dags/plugins/decreasing_priority_weight_strategy.py for tasks to queue
[2026-09-23T20:14:30.232+0000] {logging_mixin.py:190} INFO - [2026-09-23T20:14:30.231+0000] {dagbag.py:588} INFO - Filling up the DagBag from /home/airflow/.local/lib/python3.12/site-packages/airflow/example_dags/plugins/decreasing_priority_weight_strategy.py
[2026-09-23T20:14:30.235+0000] {processor.py:927} WARNING - No viable dags retrieved from /home/airflow/.local/lib/python3.12/site-packages/airflow/example_dags/plugins/decreasing_priority_weight_strategy.py
[2026-09-23T20:14:30.255+0000] {processor.py:208} INFO - Processing /home/airflow/.local/lib/python3.12/site-packages/airflow/example_dags/plugins/decreasing_priority_weight_strategy.py took 0.038 seconds
[2026-09-23T20:15:01.550+0000] {processor.py:186} INFO - Started process (PID=29889) to work on /home/airflow/.local/lib/python3.12/site-packages/airflow/example_dags/plugins/decreasing_priority_weight_strategy.py
[2026-09-23T20:15:01.551+0000] {processor.py:914} INFO - Processing file /home/airflow/.local/lib/python3.12/site-packages/airflow/example_dags/plugins/decreasing_priority_weight_strategy.py for tasks to queue
[2026-09-23T20:15:01.554+0000] {logging_mixin.py:190} INFO - [2026-09-23T20:15:01.553+0000] {dagbag.py:588} INFO - Filling up the DagBag from /home/airflow/.local/lib/python3.12/site-packages/airflow/example_dags/plugins/decreasing_priority_weight_strategy.py
[2026-09-23T20:15:01.558+0000] {processor.py:927} WARNING - No viable dags retrieved from /home/airflow/.local/lib/python3.12/site-packages/airflow/example_dags/plugins/decreasing_priority_weight_strategy.py
[2026-09-23T20:15:01.581+0000] {processor.py:208} INFO - Processing /home/airflow/.local/lib/python3.12/site-packages/airflow/example_dags/plugins/decreasing_priority_weight_strategy.py took 0.041 seconds
[2026-09-23T20:15:32.758+0000] {processor.py:186} INFO - Started process (PID=29963) to work on /home/airflow/.local/lib/python3.12/site-packages/airflow/example_dags/plugins/decreasing_priority_weight_strategy.py
[2026-09-23T20:15:32.760+0000] {processor.py:914} INFO - Processing file /home/airflow/.local/lib/python3.12/site-packages/airflow/example_dags/plugins/decreasing_priority_weight_strategy.py for tasks to queue
[2026-09-23T20:15:32.764+0000] {logging_mixin.py:190} INFO - [2026-09-23T20:15:32.763+0000] {dagbag.py:588} INFO - Filling up the DagBag from /home/airflow/.local/lib/python3.12/site-packages/airflow/example_dags/plugins/decreasing_priority_weight_strategy.py
[2026-09-23T20:15:32.767+0000] {processor.py:927} WARNING - No viable dags retrieved from /home/airflow/.local/lib/python3.12/site-packages/airflow/example_dags/plugins/decreasing_priority_weight_strategy.py
[2026-09-23T20:15:32.790+0000] {processor.py:208} INFO - Processing /home/airflow/.local/lib/python3.12/site-packages/airflow/example_dags/plugins/decreasing_priority_weight_strategy.py took 0.041 seconds
[2026-09-23T20:16:04.589+0000] {processor.py:186} INFO - Started process (PID=30037) to work on /home/airflow/.local/lib/python3.12/site-packages/airflow/example_dags/plugins/decreasing_priority_weight_strategy.py
[2026-09-23T20:16:04.590+0000] {processor.py:914} INFO - Processing file /home/airflow/.local/lib/python3.12/site-packages/airflow/example_dags/plugins/decreasing_priority_weight_strategy.py for tasks to queue
[2026-09-23T20:16:04.594+0000] {logging_mixin.py:190} INFO - [2026-09-23T20:16:04.593+0000] {dagbag.py:588} INFO - Filling up the DagBag from /home/airflow/.local/lib/python3.12/site-packages/airflow/example_dags/plugins/decreasing_priority_weight_strategy.py
[2026-09-23T20:16:04.598+0000] {processor.py:927} WARNING - No viable dags retrieved from /home/airflow/.local/lib/python3.12/site-packages/airflow/example_dags/plugins/decreasing_priority_weight_strategy.py
[2026-09-23T20:16:04.618+0000] {processor.py:208} INFO - Processing /home/airflow/.local/lib/python3.12/site-packages/airflow/example_dags/plugins/decreasing_priority_weight_strategy.py took 0.041 seconds
[2026-09-23T20:16:36.477+0000] {processor.py:186} INFO - Started process (PID=30116) to work on /home/airflow/.local/lib/python3.12/site-packages/airflow/example_dags/plugins/decreasing_priority_weight_strategy.py
[2026-09-23T20:16:36.479+0000] {processor.py:914} INFO - Processing file /home/airflow/.local/lib/python3.12/site-packages/airflow/example_dags/plugins/decreasing_priority_weight_strategy.py for tasks to queue
[2026-09-23T20:16:36.484+0000] {logging_mixin.py:190} INFO - [2026-09-23T20:16:36.484+0000] {dagbag.py:588} INFO - Filling up the DagBag from /home/airflow/.local/lib/python3.12/site-packages/airflow/example_dags/plugins/decreasing_priority_weight_strategy.py
[2026-09-23T20:16:36.489+0000] {processor.py:927} WARNING - No viable dags retrieved from /home/airflow/.local/lib/python3.12/site-packages/airflow/example_dags/plugins/decreasing_priority_weight_strategy.py
[2026-09-23T20:16:36.508+0000] {processor.py:208} INFO - Processing /home/airflow/.local/lib/python3.12/site-packages/airflow/example_dags/plugins/decreasing_priority_weight_strategy.py took 0.041 seconds
[2026-09-23T20:17:08.011+0000] {processor.py:186} INFO - Started process (PID=30189) to work on /home/airflow/.local/lib/python3.12/site-packages/airflow/example_dags/plugins/decreasing_priority_weight_strategy.py
[2026-09-23T20:17:08.013+0000] {processor.py:914} INFO - Processing file /home/airflow/.local/lib/python3.12/site-packages/airflow/example_dags/plugins/decreasing_priority_weight_strategy.py for tasks to queue
[2026-09-23T20:17:08.016+0000] {logging_mixin.py:190} INFO - [2026-09-23T20:17:08.016+0000] {dagbag.py:588} INFO - Filling up the DagBag from /home/airflow/.local/lib/python3.12/site-packages/airflow/example_dags/plugins/decreasing_priority_weight_strategy.py
[2026-09-23T20:17:08.020+0000] {processor.py:927} WARNING - No viable dags retrieved from /home/airflow/.local/lib/python3.12/site-packages/airflow/example_dags/plugins/decreasing_priority_weight_strategy.py
[2026-09-23T20:17:08.042+0000] {processor.py:208} INFO - Processing /home/airflow/.local/lib/python3.12/site-packages/airflow/example_dags/plugins/decreasing_priority_weight_strategy.py took 0.041 seconds
[2026-09-23T20:17:39.406+0000] {processor.py:186} INFO - Started process (PID=30264) to work on /home/airflow/.local/lib/python3.12/site-packages/airflow/example_dags/plugins/decreasing_priority_weight_strategy.py
[2026-09-23T20:17:39.408+0000] {processor.py:914} INFO - Processing file /home/airflow/.local/lib/python3.12/site-packages/airflow/example_dags/plugins/decreasing_priority_weight_strategy.py for tasks to queue
[2026-09-23T20:17:39.411+0000] {logging_mixin.py:190} INFO - [2026-09-23T20:17:39.410+0000] {dagbag.py:588} INFO - Filling up the DagBag from /home/airflow/.local/lib/python3.12/site-packages/airflow/example_dags/plugins/decreasing_priority_weight_strategy.py
[2026-09-23T20:17:39.414+0000] {processor.py:927} WARNING - No viable dags retrieved from /home/airflow/.local/lib/python3.12/site-packages/airflow/example_dags/plugins/decreasing_priority_weight_strategy.py
[2026-09-23T20:17:39.429+0000] {processor.py:208} INFO - Processing /home/airflow/.local/lib/python3.12/site-packages/airflow/example_dags/plugins/decreasing_priority_weight_strategy.py took 0.032 seconds
[2026-09-23T20:18:10.990+0000] {processor.py:186} INFO - Started process (PID=30339) to work on /home/airflow/.local/lib/python3.12/site-packages/airflow/example_dags/plugins/decreasing_priority_weight_strategy.py
[2026-09-23T20:18:10.991+0000] {processor.py:914} INFO - Processing file /home/airflow/.local/lib/python3.12/site-packages/airflow/example_dags/plugins/decreasing_priority_weight_strategy.py for tasks to queue
[2026-09-23T20:18:10.994+0000] {logging_mixin.py:190} INFO - [2026-09-23T20:18:10.994+0000] {dagbag.py:588} INFO - Filling up the DagBag from /home/airflow/.local/lib/python3.12/site-packages/airflow/example_dags/plugins/decreasing_priority_weight_strategy.py
[2026-09-23T20:18:10.999+0000] {processor.py:927} WARNING - No viable dags retrieved from /home/airflow/.local/lib/python3.12/site-packages/airflow/example_dags/plugins/decreasing_priority_weight_strategy.py
[2026-09-23T20:18:11.021+0000] {processor.py:208} INFO - Processing /home/airflow/.local/lib/python3.12/site-packages/airflow/example_dags/plugins/decreasing_priority_weight_strategy.py took 0.042 seconds
[2026-09-23T20:18:42.014+0000] {processor.py:186} INFO - Started process (PID=30414) to work on /home/airflow/.local/lib/python3.12/site-packages/airflow/example_dags/plugins/decreasing_priority_weight_strategy.py
[2026-09-23T20:18:42.016+0000] {processor.py:914} INFO - Processing file /home/airflow/.local/lib/python3.12/site-packages/airflow/example_dags/plugins/decreasing_priority_weight_strategy.py for tasks to queue
[2026-09-23T20:18:42.018+0000] {logging_mixin.py:190} INFO - [2026-09-23T20:18:42.018+0000] {dagbag.py:588} INFO - Filling up the DagBag from /home/airflow/.local/lib/python3.12/site-packages/airflow/example_dags/plugins/decreasing_priority_weight_strategy.py
[2026-09-23T20:18:42.022+0000] {processor.py:927} WARNING - No viable dags retrieved from /home/airflow/.local/lib/python3.12/site-packages/airflow/example_dags/plugins/decreasing_priority_weight_strategy.py
[2026-09-23T20:18:42.039+0000] {processor.py:208} INFO - Processing /home/airflow/.local/lib/python3.12/site-packages/airflow/example_dags/plugins/decreasing_priority_weight_strategy.py took 0.035 seconds
[2026-09-23T20:19:13.500+0000] {processor.py:186} INFO - Started process (PID=30489) to work on /home/airflow/.local/lib/python3.12/site-packages/airflow/example_dags/plugins/decreasing_priority_weight_strategy.py
[2026-09-23T20:19:13.502+0000] {processor.py:914} INFO - Processing file /home/airflow/.local/lib/python3.12/site-packages/airflow/example_dags/plugins/decreasing_priority_weight_strategy.py for tasks to queue
[2026-09-23T20:19:13.505+0000] {logging_mixin.py:190} INFO - [2026-09-23T20:19:13.505+0000] {dagbag.py:588} INFO - Filling up the DagBag from /home/airflow/.local/lib/python3.12/site-packages/airflow/example_dags/plugins/decreasing_priority_weight_strategy.py
[2026-09-23T20:19:13.509+0000] {processor.py:927} WARNING - No viable dags retrieved from /home/airflow/.local/lib/python3.12/site-packages/airflow/example_dags/plugins/decreasing_priority_weight_strategy.py
[2026-09-23T20:19:13.530+0000] {processor.py:208} INFO - Processing /home/airflow/.local/lib/python3.12/site-packages/airflow/example_dags/plugins/decreasing_priority_weight_strategy.py took 0.041 seconds
[2026-09-23T20:19:44.858+0000] {processor.py:186} INFO - Started process (PID=30563) to work on /home/airflow/.local/lib/python3.12/site-packages/airflow/example_dags/plugins/decreasing_priority_weight_strategy.py
[2026-09-23T20:19:44.860+0000] {processor.py:914} INFO - Processing file /home/airflow/.local/lib/python3.12/site-packages/airflow/example_dags/plugins/decreasing_priority_weight_strategy.py for tasks to queue
[2026-09-23T20:19:44.864+0000] {logging_mixin.py:190} INFO - [2026-09-23T20:19:44.863+0000] {dagbag.py:588} INFO - Filling up the DagBag from /home/airflow/.local/lib/python3.12/site-packages/airflow/example_dags/plugins/decreasing_priority_weight_strategy.py
[2026-09-23T20:19:44.868+0000] {processor.py:927} WARNING - No viable dags retrieved from /home/airflow/.local/lib/python3.12/site-packages/airflow/example_dags/plugins/decreasing_priority_weight_strategy.py
[2026-09-23T20:19:44.884+0000] {processor.py:208} INFO - Processing /home/airflow/.local/lib/python3.12/site-packages/airflow/example_dags/plugins/decreasing_priority_weight_strategy.py took 0.039 seconds
[2026-09-23T20:20:16.235+0000] {processor.py:186} INFO - Started process (PID=30637) to work on /home/airflow/.local/lib/python3.12/site-packages/airflow/example_dags/plugins/decreasing_priority_weight_strategy.py
[2026-09-23T20:20:16.237+0000] {processor.py:914} INFO - Processing file /home/airflow/.local/lib/python3.12/site-packages/airflow/example_dags/plugins/decreasing_priority_weight_strategy.py for tasks to queue
[2026-09-23T20:20:16.240+0000] {logging_mixin.py:190} INFO - [2026-09-23T20:20:16.240+0000] {dagbag.py:588} INFO - Filling up the DagBag from /home/airflow/.local/lib/python3.12/site-packages/airflow/example_dags/plugins/decreasing_priority_weight_strategy.py
[2026-09-23T20:20:16.244+0000] {processor.py:927} WARNING - No viable dags retrieved from /home/airflow/.local/lib/python3.12/site-packages/airflow/example_dags/plugins/decreasing_priority_weight_strategy.py
[2026-09-23T20:20:16.263+0000] {processor.py:208} INFO - Processing /home/airflow/.local/lib/python3.12/site-packages/airflow/example_dags/plugins/decreasing_priority_weight_strategy.py took 0.039 seconds
[2026-09-23T20:20:47.458+0000] {processor.py:186} INFO - Started process (PID=30711) to work on /home/airflow/.local/lib/python3.12/site-packages/airflow/example_dags/plugins/decreasing_priority_weight_strategy.py
[2026-09-23T20:20:47.459+0000] {processor.py:914} INFO - Processing file /home/airflow/.local/lib/python3.12/site-packages/airflow/example_dags/plugins/decreasing_priority_weight_strategy.py for tasks to queue
[2026-09-23T20:20:47.462+0000] {logging_mixin.py:190} INFO - [2026-09-23T20:20:47.462+0000] {dagbag.py:588} INFO - Filling up the DagBag from /home/airflow/.local/lib/python3.12/site-packages/airflow/example_dags/plugins/decreasing_priority_weight_strategy.py
[2026-09-23T20:20:47.466+0000] {processor.py:927} WARNING - No viable dags retrieved from /home/airflow/.local/lib/python3.12/site-packages/airflow/example_dags/plugins/decreasing_priority_weight_strategy.py
[2026-09-23T20:20:47.483+0000] {processor.py:208} INFO - Processing /home/airflow/.local/lib/python3.12/site-packages/airflow/example_dags/plugins/decreasing_priority_weight_strategy.py took 0.035 seconds
[2026-09-23T20:21:19.084+0000] {processor.py:186} INFO - Started process (PID=30786) to work on /home/airflow/.local/lib/python3.12/site-packages/airflow/example_dags/plugins/decreasing_priority_weight_strategy.py
[2026-09-23T20:21:19.086+0000] {processor.py:914} INFO - Processing file /home/airflow/.local/lib/python3.12/site-packages/airflow/example_dags/plugins/decreasing_priority_weight_strategy.py for tasks to queue
[2026-09-23T20:21:19.090+0000] {logging_mixin.py:190} INFO - [2026-09-23T20:21:19.089+0000] {dagbag.py:588} INFO - Filling up the DagBag from /home/airflow/.local/lib/python3.12/site-packages/airflow/example_dags/plugins/decreasing_priority_weight_strategy.py
[2026-09-23T20:21:19.094+0000] {processor.py:927} WARNING - No viable dags retrieved from /home/airflow/.local/lib/python3.12/site-packages/airflow/example_dags/plugins/decreasing_priority_weight_strategy.py
[2026-09-23T20:21:19.113+0000] {processor.py:208} INFO - Processing /home/airflow/.local/lib/python3.12/site-packages/airflow/example_dags/plugins/decreasing_priority_weight_strategy.py took 0.038 seconds
[2026-09-23T20:21:50.745+0000] {processor.py:186} INFO - Started process (PID=30860) to work on /home/airflow/.local/lib/python3.12/site-packages/airflow/example_dags/plugins/decreasing_priority_weight_strategy.py
[2026-09-23T20:21:50.747+0000] {processor.py:914} INFO - Processing file /home/airflow/.local/lib/python3.12/site-packages/airflow/example_dags/plugins/decreasing_priority_weight_strategy.py for tasks to queue
[2026-09-23T20:21:50.750+0000] {logging_mixin.py:190} INFO - [2026-09-23T20:21:50.749+0000] {dagbag.py:588} INFO - Filling up the DagBag from /home/airflow/.local/lib/python3.12/site-packages/airflow/example_dags/plugins/decreasing_priority_weight_strategy.py
[2026-09-23T20:21:50.754+0000] {processor.py:927} WARNING - No viable dags retrieved from /home/airflow/.local/lib/python3.12/site-packages/airflow/example_dags/plugins/decreasing_priority_weight_strategy.py
[2026-09-23T20:21:50.775+0000] {processor.py:208} INFO - Processing /home/airflow/.local/lib/python3.12/site-packages/airflow/example_dags/plugins/decreasing_priority_weight_strategy.py took 0.039 seconds
[2026-09-23T20:22:22.301+0000] {processor.py:186} INFO - Started process (PID=30935) to work on /home/airflow/.local/lib/python3.12/site-packages/airflow/example_dags/plugins/decreasing_priority_weight_strategy.py
[2026-09-23T20:22:22.303+0000] {processor.py:914} INFO - Processing file /home/airflow/.local/lib/python3.12/site-packages/airflow/example_dags/plugins/decreasing_priority_weight_strategy.py for tasks to queue
[2026-09-23T20:22:22.306+0000] {logging_mixin.py:190} INFO - [2026-09-23T20:22:22.306+0000] {dagbag.py:588} INFO - Filling up the DagBag from /home/airflow/.local/lib/python3.12/site-packages/airflow/example_dags/plugins/decreasing_priority_weight_strategy.py
[2026-09-23T20:22:22.310+0000] {processor.py:927} WARNING - No viable dags retrieved from /home/airflow/.local/lib/python3.12/site-packages/airflow/example_dags/plugins/decreasing_priority_weight_strategy.py
[2026-09-23T20:22:22.330+0000] {processor.py:208} INFO - Processing /home/airflow/.local/lib/python3.12/site-packages/airflow/example_dags/plugins/decreasing_priority_weight_strategy.py took 0.039 seconds
[2026-09-23T20:22:56.783+0000] {processor.py:186} INFO - Started process (PID=31022) to work on /home/airflow/.local/lib/python3.12/site-packages/airflow/example_dags/plugins/decreasing_priority_weight_strategy.py
[2026-09-23T20:22:56.785+0000] {processor.py:914} INFO - Processing file /home/airflow/.local/lib/python3.12/site-packages/airflow/example_dags/plugins/decreasing_priority_weight_strategy.py for tasks to queue
[2026-09-23T20:22:56.789+0000] {logging_mixin.py:190} INFO - [2026-09-23T20:22:56.788+0000] {dagbag.py:588} INFO - Filling up the DagBag from /home/airflow/.local/lib/python3.12/site-packages/airflow/example_dags/plugins/decreasing_priority_weight_strategy.py
[2026-09-23T20:22:56.794+0000] {processor.py:927} WARNING - No viable dags retrieved from /home/airflow/.local/lib/python3.12/site-packages/airflow/example_dags/plugins/decreasing_priority_weight_strategy.py
[2026-09-23T20:22:56.832+0000] {processor.py:208} INFO - Processing /home/airflow/.local/lib/python3.12/site-packages/airflow/example_dags/plugins/decreasing_priority_weight_strategy.py took 0.060 seconds
[2026-09-23T20:23:29.297+0000] {processor.py:186} INFO - Started process (PID=31096) to work on /home/airflow/.local/lib/python3.12/site-packages/airflow/example_dags/plugins/decreasing_priority_weight_strategy.py
[2026-09-23T20:23:29.298+0000] {processor.py:914} INFO - Processing file /home/airflow/.local/lib/python3.12/site-packages/airflow/example_dags/plugins/decreasing_priority_weight_strategy.py for tasks to queue
[2026-09-23T20:23:29.301+0000] {logging_mixin.py:190} INFO - [2026-09-23T20:23:29.301+0000] {dagbag.py:588} INFO - Filling up the DagBag from /home/airflow/.local/lib/python3.12/site-packages/airflow/example_dags/plugins/decreasing_priority_weight_strategy.py
[2026-09-23T20:23:29.305+0000] {processor.py:927} WARNING - No viable dags retrieved from /home/airflow/.local/lib/python3.12/site-packages/airflow/example_dags/plugins/decreasing_priority_weight_strategy.py
[2026-09-23T20:23:29.325+0000] {processor.py:208} INFO - Processing /home/airflow/.local/lib/python3.12/site-packages/airflow/example_dags/plugins/decreasing_priority_weight_strategy.py took 0.051 seconds
[2026-09-23T20:24:00.738+0000] {processor.py:186} INFO - Started process (PID=31163) to work on /home/airflow/.local/lib/python3.12/site-packages/airflow/example_dags/plugins/decreasing_priority_weight_strategy.py
[2026-09-23T20:24:00.740+0000] {processor.py:914} INFO - Processing file /home/airflow/.local/lib/python3.12/site-packages/airflow/example_dags/plugins/decreasing_priority_weight_strategy.py for tasks to queue
[2026-09-23T20:24:00.750+0000] {logging_mixin.py:190} INFO - [2026-09-23T20:24:00.749+0000] {dagbag.py:588} INFO - Filling up the DagBag from /home/airflow/.local/lib/python3.12/site-packages/airflow/example_dags/plugins/decreasing_priority_weight_strategy.py
[2026-09-23T20:24:00.758+0000] {processor.py:927} WARNING - No viable dags retrieved from /home/airflow/.local/lib/python3.12/site-packages/airflow/example_dags/plugins/decreasing_priority_weight_strategy.py
[2026-09-23T20:24:00.803+0000] {processor.py:208} INFO - Processing /home/airflow/.local/lib/python3.12/site-packages/airflow/example_dags/plugins/decreasing_priority_weight_strategy.py took 0.076 seconds
[2026-09-23T20:24:31.939+0000] {processor.py:186} INFO - Started process (PID=31237) to work on /home/airflow/.local/lib/python3.12/site-packages/airflow/example_dags/plugins/decreasing_priority_weight_strategy.py
[2026-09-23T20:24:31.943+0000] {processor.py:914} INFO - Processing file /home/airflow/.local/lib/python3.12/site-packages/airflow/example_dags/plugins/decreasing_priority_weight_strategy.py for tasks to queue
[2026-09-23T20:24:31.949+0000] {logging_mixin.py:190} INFO - [2026-09-23T20:24:31.948+0000] {dagbag.py:588} INFO - Filling up the DagBag from /home/airflow/.local/lib/python3.12/site-packages/airflow/example_dags/plugins/decreasing_priority_weight_strategy.py
[2026-09-23T20:24:31.954+0000] {processor.py:927} WARNING - No viable dags retrieved from /home/airflow/.local/lib/python3.12/site-packages/airflow/example_dags/plugins/decreasing_priority_weight_strategy.py
[2026-09-23T20:24:31.982+0000] {processor.py:208} INFO - Processing /home/airflow/.local/lib/python3.12/site-packages/airflow/example_dags/plugins/decreasing_priority_weight_strategy.py took 0.055 seconds
[2026-09-23T20:25:03.592+0000] {processor.py:186} INFO - Started process (PID=31316) to work on /home/airflow/.local/lib/python3.12/site-packages/airflow/example_dags/plugins/decreasing_priority_weight_strategy.py
[2026-09-23T20:25:03.594+0000] {processor.py:914} INFO - Processing file /home/airflow/.local/lib/python3.12/site-packages/airflow/example_dags/plugins/decreasing_priority_weight_strategy.py for tasks to queue
[2026-09-23T20:25:03.597+0000] {logging_mixin.py:190} INFO - [2026-09-23T20:25:03.596+0000] {dagbag.py:588} INFO - Filling up the DagBag from /home/airflow/.local/lib/python3.12/site-packages/airflow/example_dags/plugins/decreasing_priority_weight_strategy.py
[2026-09-23T20:25:03.601+0000] {processor.py:927} WARNING - No viable dags retrieved from /home/airflow/.local/lib/python3.12/site-packages/airflow/example_dags/plugins/decreasing_priority_weight_strategy.py
[2026-09-23T20:25:03.631+0000] {processor.py:208} INFO - Processing /home/airflow/.local/lib/python3.12/site-packages/airflow/example_dags/plugins/decreasing_priority_weight_strategy.py took 0.049 seconds
[2026-09-23T20:25:35.852+0000] {processor.py:186} INFO - Started process (PID=31394) to work on /home/airflow/.local/lib/python3.12/site-packages/airflow/example_dags/plugins/decreasing_priority_weight_strategy.py
[2026-09-23T20:25:35.854+0000] {processor.py:914} INFO - Processing file /home/airflow/.local/lib/python3.12/site-packages/airflow/example_dags/plugins/decreasing_priority_weight_strategy.py for tasks to queue
[2026-09-23T20:25:35.862+0000] {logging_mixin.py:190} INFO - [2026-09-23T20:25:35.859+0000] {dagbag.py:588} INFO - Filling up the DagBag from /home/airflow/.local/lib/python3.12/site-packages/airflow/example_dags/plugins/decreasing_priority_weight_strategy.py
[2026-09-23T20:25:35.867+0000] {processor.py:927} WARNING - No viable dags retrieved from /home/airflow/.local/lib/python3.12/site-packages/airflow/example_dags/plugins/decreasing_priority_weight_strategy.py
[2026-09-23T20:25:35.895+0000] {processor.py:208} INFO - Processing /home/airflow/.local/lib/python3.12/site-packages/airflow/example_dags/plugins/decreasing_priority_weight_strategy.py took 0.055 seconds
[2026-09-23T20:26:07.096+0000] {processor.py:186} INFO - Started process (PID=31468) to work on /home/airflow/.local/lib/python3.12/site-packages/airflow/example_dags/plugins/decreasing_priority_weight_strategy.py
[2026-09-23T20:26:07.098+0000] {processor.py:914} INFO - Processing file /home/airflow/.local/lib/python3.12/site-packages/airflow/example_dags/plugins/decreasing_priority_weight_strategy.py for tasks to queue
[2026-09-23T20:26:07.103+0000] {logging_mixin.py:190} INFO - [2026-09-23T20:26:07.102+0000] {dagbag.py:588} INFO - Filling up the DagBag from /home/airflow/.local/lib/python3.12/site-packages/airflow/example_dags/plugins/decreasing_priority_weight_strategy.py
[2026-09-23T20:26:07.108+0000] {processor.py:927} WARNING - No viable dags retrieved from /home/airflow/.local/lib/python3.12/site-packages/airflow/example_dags/plugins/decreasing_priority_weight_strategy.py
[2026-09-23T20:26:07.138+0000] {processor.py:208} INFO - Processing /home/airflow/.local/lib/python3.12/site-packages/airflow/example_dags/plugins/decreasing_priority_weight_strategy.py took 0.058 seconds
[2026-09-23T20:26:38.879+0000] {processor.py:186} INFO - Started process (PID=31544) to work on /home/airflow/.local/lib/python3.12/site-packages/airflow/example_dags/plugins/decreasing_priority_weight_strategy.py
[2026-09-23T20:26:38.880+0000] {processor.py:914} INFO - Processing file /home/airflow/.local/lib/python3.12/site-packages/airflow/example_dags/plugins/decreasing_priority_weight_strategy.py for tasks to queue
[2026-09-23T20:26:38.886+0000] {logging_mixin.py:190} INFO - [2026-09-23T20:26:38.885+0000] {dagbag.py:588} INFO - Filling up the DagBag from /home/airflow/.local/lib/python3.12/site-packages/airflow/example_dags/plugins/decreasing_priority_weight_strategy.py
[2026-09-23T20:26:38.890+0000] {processor.py:927} WARNING - No viable dags retrieved from /home/airflow/.local/lib/python3.12/site-packages/airflow/example_dags/plugins/decreasing_priority_weight_strategy.py
[2026-09-23T20:26:38.912+0000] {processor.py:208} INFO - Processing /home/airflow/.local/lib/python3.12/site-packages/airflow/example_dags/plugins/decreasing_priority_weight_strategy.py took 0.044 seconds
[2026-09-23T20:27:10.466+0000] {processor.py:186} INFO - Started process (PID=31618) to work on /home/airflow/.local/lib/python3.12/site-packages/airflow/example_dags/plugins/decreasing_priority_weight_strategy.py
[2026-09-23T20:27:10.482+0000] {processor.py:914} INFO - Processing file /home/airflow/.local/lib/python3.12/site-packages/airflow/example_dags/plugins/decreasing_priority_weight_strategy.py for tasks to queue
[2026-09-23T20:27:10.490+0000] {logging_mixin.py:190} INFO - [2026-09-23T20:27:10.489+0000] {dagbag.py:588} INFO - Filling up the DagBag from /home/airflow/.local/lib/python3.12/site-packages/airflow/example_dags/plugins/decreasing_priority_weight_strategy.py
[2026-09-23T20:27:10.495+0000] {processor.py:927} WARNING - No viable dags retrieved from /home/airflow/.local/lib/python3.12/site-packages/airflow/example_dags/plugins/decreasing_priority_weight_strategy.py
[2026-09-23T20:27:10.515+0000] {processor.py:208} INFO - Processing /home/airflow/.local/lib/python3.12/site-packages/airflow/example_dags/plugins/decreasing_priority_weight_strategy.py took 0.065 seconds
[2026-09-23T20:27:42.810+0000] {processor.py:186} INFO - Started process (PID=31704) to work on /home/airflow/.local/lib/python3.12/site-packages/airflow/example_dags/plugins/decreasing_priority_weight_strategy.py
[2026-09-23T20:27:42.813+0000] {processor.py:914} INFO - Processing file /home/airflow/.local/lib/python3.12/site-packages/airflow/example_dags/plugins/decreasing_priority_weight_strategy.py for tasks to queue
[2026-09-23T20:27:42.821+0000] {logging_mixin.py:190} INFO - [2026-09-23T20:27:42.820+0000] {dagbag.py:588} INFO - Filling up the DagBag from /home/airflow/.local/lib/python3.12/site-packages/airflow/example_dags/plugins/decreasing_priority_weight_strategy.py
[2026-09-23T20:27:42.826+0000] {processor.py:927} WARNING - No viable dags retrieved from /home/airflow/.local/lib/python3.12/site-packages/airflow/example_dags/plugins/decreasing_priority_weight_strategy.py
[2026-09-23T20:27:42.860+0000] {processor.py:208} INFO - Processing /home/airflow/.local/lib/python3.12/site-packages/airflow/example_dags/plugins/decreasing_priority_weight_strategy.py took 0.084 seconds
[2026-09-23T20:28:14.660+0000] {processor.py:186} INFO - Started process (PID=31773) to work on /home/airflow/.local/lib/python3.12/site-packages/airflow/example_dags/plugins/decreasing_priority_weight_strategy.py
[2026-09-23T20:28:14.668+0000] {processor.py:914} INFO - Processing file /home/airflow/.local/lib/python3.12/site-packages/airflow/example_dags/plugins/decreasing_priority_weight_strategy.py for tasks to queue
[2026-09-23T20:28:14.681+0000] {logging_mixin.py:190} INFO - [2026-09-23T20:28:14.680+0000] {dagbag.py:588} INFO - Filling up the DagBag from /home/airflow/.local/lib/python3.12/site-packages/airflow/example_dags/plugins/decreasing_priority_weight_strategy.py
[2026-09-23T20:28:14.692+0000] {processor.py:927} WARNING - No viable dags retrieved from /home/airflow/.local/lib/python3.12/site-packages/airflow/example_dags/plugins/decreasing_priority_weight_strategy.py
[2026-09-23T20:28:14.762+0000] {processor.py:208} INFO - Processing /home/airflow/.local/lib/python3.12/site-packages/airflow/example_dags/plugins/decreasing_priority_weight_strategy.py took 0.137 seconds
[2026-09-23T20:28:45.430+0000] {processor.py:186} INFO - Started process (PID=31847) to work on /home/airflow/.local/lib/python3.12/site-packages/airflow/example_dags/plugins/decreasing_priority_weight_strategy.py
[2026-09-23T20:28:45.432+0000] {processor.py:914} INFO - Processing file /home/airflow/.local/lib/python3.12/site-packages/airflow/example_dags/plugins/decreasing_priority_weight_strategy.py for tasks to queue
[2026-09-23T20:28:45.435+0000] {logging_mixin.py:190} INFO - [2026-09-23T20:28:45.435+0000] {dagbag.py:588} INFO - Filling up the DagBag from /home/airflow/.local/lib/python3.12/site-packages/airflow/example_dags/plugins/decreasing_priority_weight_strategy.py
[2026-09-23T20:28:45.439+0000] {processor.py:927} WARNING - No viable dags retrieved from /home/airflow/.local/lib/python3.12/site-packages/airflow/example_dags/plugins/decreasing_priority_weight_strategy.py
[2026-09-23T20:28:45.464+0000] {processor.py:208} INFO - Processing /home/airflow/.local/lib/python3.12/site-packages/airflow/example_dags/plugins/decreasing_priority_weight_strategy.py took 0.045 seconds
[2026-09-23T20:29:17.254+0000] {processor.py:186} INFO - Started process (PID=31921) to work on /home/airflow/.local/lib/python3.12/site-packages/airflow/example_dags/plugins/decreasing_priority_weight_strategy.py
[2026-09-23T20:29:17.256+0000] {processor.py:914} INFO - Processing file /home/airflow/.local/lib/python3.12/site-packages/airflow/example_dags/plugins/decreasing_priority_weight_strategy.py for tasks to queue
[2026-09-23T20:29:17.260+0000] {logging_mixin.py:190} INFO - [2026-09-23T20:29:17.260+0000] {dagbag.py:588} INFO - Filling up the DagBag from /home/airflow/.local/lib/python3.12/site-packages/airflow/example_dags/plugins/decreasing_priority_weight_strategy.py
[2026-09-23T20:29:17.265+0000] {processor.py:927} WARNING - No viable dags retrieved from /home/airflow/.local/lib/python3.12/site-packages/airflow/example_dags/plugins/decreasing_priority_weight_strategy.py
[2026-09-23T20:29:17.302+0000] {processor.py:208} INFO - Processing /home/airflow/.local/lib/python3.12/site-packages/airflow/example_dags/plugins/decreasing_priority_weight_strategy.py took 0.059 seconds
[2026-09-23T20:29:48.769+0000] {processor.py:186} INFO - Started process (PID=31995) to work on /home/airflow/.local/lib/python3.12/site-packages/airflow/example_dags/plugins/decreasing_priority_weight_strategy.py
[2026-09-23T20:29:48.770+0000] {processor.py:914} INFO - Processing file /home/airflow/.local/lib/python3.12/site-packages/airflow/example_dags/plugins/decreasing_priority_weight_strategy.py for tasks to queue
[2026-09-23T20:29:48.773+0000] {logging_mixin.py:190} INFO - [2026-09-23T20:29:48.773+0000] {dagbag.py:588} INFO - Filling up the DagBag from /home/airflow/.local/lib/python3.12/site-packages/airflow/example_dags/plugins/decreasing_priority_weight_strategy.py
[2026-09-23T20:29:48.777+0000] {processor.py:927} WARNING - No viable dags retrieved from /home/airflow/.local/lib/python3.12/site-packages/airflow/example_dags/plugins/decreasing_priority_weight_strategy.py
[2026-09-23T20:29:48.793+0000] {processor.py:208} INFO - Processing /home/airflow/.local/lib/python3.12/site-packages/airflow/example_dags/plugins/decreasing_priority_weight_strategy.py took 0.034 seconds
[2026-09-23T20:30:20.326+0000] {processor.py:186} INFO - Started process (PID=32070) to work on /home/airflow/.local/lib/python3.12/site-packages/airflow/example_dags/plugins/decreasing_priority_weight_strategy.py
[2026-09-23T20:30:20.328+0000] {processor.py:914} INFO - Processing file /home/airflow/.local/lib/python3.12/site-packages/airflow/example_dags/plugins/decreasing_priority_weight_strategy.py for tasks to queue
[2026-09-23T20:30:20.331+0000] {logging_mixin.py:190} INFO - [2026-09-23T20:30:20.331+0000] {dagbag.py:588} INFO - Filling up the DagBag from /home/airflow/.local/lib/python3.12/site-packages/airflow/example_dags/plugins/decreasing_priority_weight_strategy.py
[2026-09-23T20:30:20.335+0000] {processor.py:927} WARNING - No viable dags retrieved from /home/airflow/.local/lib/python3.12/site-packages/airflow/example_dags/plugins/decreasing_priority_weight_strategy.py
[2026-09-23T20:30:20.350+0000] {processor.py:208} INFO - Processing /home/airflow/.local/lib/python3.12/site-packages/airflow/example_dags/plugins/decreasing_priority_weight_strategy.py took 0.036 seconds
[2026-09-23T20:30:55.251+0000] {processor.py:186} INFO - Started process (PID=32147) to work on /home/airflow/.local/lib/python3.12/site-packages/airflow/example_dags/plugins/decreasing_priority_weight_strategy.py
[2026-09-23T20:30:55.253+0000] {processor.py:914} INFO - Processing file /home/airflow/.local/lib/python3.12/site-packages/airflow/example_dags/plugins/decreasing_priority_weight_strategy.py for tasks to queue
[2026-09-23T20:30:55.257+0000] {logging_mixin.py:190} INFO - [2026-09-23T20:30:55.256+0000] {dagbag.py:588} INFO - Filling up the DagBag from /home/airflow/.local/lib/python3.12/site-packages/airflow/example_dags/plugins/decreasing_priority_weight_strategy.py
[2026-09-23T20:30:55.260+0000] {processor.py:927} WARNING - No viable dags retrieved from /home/airflow/.local/lib/python3.12/site-packages/airflow/example_dags/plugins/decreasing_priority_weight_strategy.py
[2026-09-23T20:30:55.282+0000] {processor.py:208} INFO - Processing /home/airflow/.local/lib/python3.12/site-packages/airflow/example_dags/plugins/decreasing_priority_weight_strategy.py took 0.043 seconds
[2026-09-23T20:31:28.412+0000] {processor.py:186} INFO - Started process (PID=32223) to work on /home/airflow/.local/lib/python3.12/site-packages/airflow/example_dags/plugins/decreasing_priority_weight_strategy.py
[2026-09-23T20:31:28.413+0000] {processor.py:914} INFO - Processing file /home/airflow/.local/lib/python3.12/site-packages/airflow/example_dags/plugins/decreasing_priority_weight_strategy.py for tasks to queue
[2026-09-23T20:31:28.427+0000] {logging_mixin.py:190} INFO - [2026-09-23T20:31:28.426+0000] {dagbag.py:588} INFO - Filling up the DagBag from /home/airflow/.local/lib/python3.12/site-packages/airflow/example_dags/plugins/decreasing_priority_weight_strategy.py
[2026-09-23T20:31:28.431+0000] {processor.py:927} WARNING - No viable dags retrieved from /home/airflow/.local/lib/python3.12/site-packages/airflow/example_dags/plugins/decreasing_priority_weight_strategy.py
[2026-09-23T20:31:28.483+0000] {processor.py:208} INFO - Processing /home/airflow/.local/lib/python3.12/site-packages/airflow/example_dags/plugins/decreasing_priority_weight_strategy.py took 0.106 seconds
[2026-09-23T20:31:59.589+0000] {processor.py:186} INFO - Started process (PID=32296) to work on /home/airflow/.local/lib/python3.12/site-packages/airflow/example_dags/plugins/decreasing_priority_weight_strategy.py
[2026-09-23T20:31:59.590+0000] {processor.py:914} INFO - Processing file /home/airflow/.local/lib/python3.12/site-packages/airflow/example_dags/plugins/decreasing_priority_weight_strategy.py for tasks to queue
[2026-09-23T20:31:59.594+0000] {logging_mixin.py:190} INFO - [2026-09-23T20:31:59.593+0000] {dagbag.py:588} INFO - Filling up the DagBag from /home/airflow/.local/lib/python3.12/site-packages/airflow/example_dags/plugins/decreasing_priority_weight_strategy.py
[2026-09-23T20:31:59.599+0000] {processor.py:927} WARNING - No viable dags retrieved from /home/airflow/.local/lib/python3.12/site-packages/airflow/example_dags/plugins/decreasing_priority_weight_strategy.py
[2026-09-23T20:31:59.671+0000] {processor.py:208} INFO - Processing /home/airflow/.local/lib/python3.12/site-packages/airflow/example_dags/plugins/decreasing_priority_weight_strategy.py took 0.102 seconds
[2026-09-23T20:32:29.768+0000] {processor.py:186} INFO - Started process (PID=32363) to work on /home/airflow/.local/lib/python3.12/site-packages/airflow/example_dags/plugins/decreasing_priority_weight_strategy.py
[2026-09-23T20:32:29.772+0000] {processor.py:914} INFO - Processing file /home/airflow/.local/lib/python3.12/site-packages/airflow/example_dags/plugins/decreasing_priority_weight_strategy.py for tasks to queue
[2026-09-23T20:32:29.786+0000] {logging_mixin.py:190} INFO - [2026-09-23T20:32:29.783+0000] {dagbag.py:588} INFO - Filling up the DagBag from /home/airflow/.local/lib/python3.12/site-packages/airflow/example_dags/plugins/decreasing_priority_weight_strategy.py
[2026-09-23T20:32:29.791+0000] {processor.py:927} WARNING - No viable dags retrieved from /home/airflow/.local/lib/python3.12/site-packages/airflow/example_dags/plugins/decreasing_priority_weight_strategy.py
[2026-09-23T20:32:29.818+0000] {processor.py:208} INFO - Processing /home/airflow/.local/lib/python3.12/site-packages/airflow/example_dags/plugins/decreasing_priority_weight_strategy.py took 0.062 seconds
[2026-09-23T20:33:01.894+0000] {processor.py:186} INFO - Started process (PID=32437) to work on /home/airflow/.local/lib/python3.12/site-packages/airflow/example_dags/plugins/decreasing_priority_weight_strategy.py
[2026-09-23T20:33:01.898+0000] {processor.py:914} INFO - Processing file /home/airflow/.local/lib/python3.12/site-packages/airflow/example_dags/plugins/decreasing_priority_weight_strategy.py for tasks to queue
[2026-09-23T20:33:01.903+0000] {logging_mixin.py:190} INFO - [2026-09-23T20:33:01.902+0000] {dagbag.py:588} INFO - Filling up the DagBag from /home/airflow/.local/lib/python3.12/site-packages/airflow/example_dags/plugins/decreasing_priority_weight_strategy.py
[2026-09-23T20:33:01.908+0000] {processor.py:927} WARNING - No viable dags retrieved from /home/airflow/.local/lib/python3.12/site-packages/airflow/example_dags/plugins/decreasing_priority_weight_strategy.py
[2026-09-23T20:33:01.938+0000] {processor.py:208} INFO - Processing /home/airflow/.local/lib/python3.12/site-packages/airflow/example_dags/plugins/decreasing_priority_weight_strategy.py took 0.058 seconds
[2026-09-23T20:33:33.245+0000] {processor.py:186} INFO - Started process (PID=32512) to work on /home/airflow/.local/lib/python3.12/site-packages/airflow/example_dags/plugins/decreasing_priority_weight_strategy.py
[2026-09-23T20:33:33.249+0000] {processor.py:914} INFO - Processing file /home/airflow/.local/lib/python3.12/site-packages/airflow/example_dags/plugins/decreasing_priority_weight_strategy.py for tasks to queue
[2026-09-23T20:33:33.257+0000] {logging_mixin.py:190} INFO - [2026-09-23T20:33:33.256+0000] {dagbag.py:588} INFO - Filling up the DagBag from /home/airflow/.local/lib/python3.12/site-packages/airflow/example_dags/plugins/decreasing_priority_weight_strategy.py
[2026-09-23T20:33:33.270+0000] {processor.py:927} WARNING - No viable dags retrieved from /home/airflow/.local/lib/python3.12/site-packages/airflow/example_dags/plugins/decreasing_priority_weight_strategy.py
[2026-09-23T20:33:33.296+0000] {processor.py:208} INFO - Processing /home/airflow/.local/lib/python3.12/site-packages/airflow/example_dags/plugins/decreasing_priority_weight_strategy.py took 0.064 seconds
[2026-09-23T20:34:05.774+0000] {processor.py:186} INFO - Started process (PID=32586) to work on /home/airflow/.local/lib/python3.12/site-packages/airflow/example_dags/plugins/decreasing_priority_weight_strategy.py
[2026-09-23T20:34:05.778+0000] {processor.py:914} INFO - Processing file /home/airflow/.local/lib/python3.12/site-packages/airflow/example_dags/plugins/decreasing_priority_weight_strategy.py for tasks to queue
[2026-09-23T20:34:05.789+0000] {logging_mixin.py:190} INFO - [2026-09-23T20:34:05.788+0000] {dagbag.py:588} INFO - Filling up the DagBag from /home/airflow/.local/lib/python3.12/site-packages/airflow/example_dags/plugins/decreasing_priority_weight_strategy.py
[2026-09-23T20:34:05.800+0000] {processor.py:927} WARNING - No viable dags retrieved from /home/airflow/.local/lib/python3.12/site-packages/airflow/example_dags/plugins/decreasing_priority_weight_strategy.py
[2026-09-23T20:34:05.833+0000] {processor.py:208} INFO - Processing /home/airflow/.local/lib/python3.12/site-packages/airflow/example_dags/plugins/decreasing_priority_weight_strategy.py took 0.079 seconds
[2026-09-23T20:34:38.055+0000] {processor.py:186} INFO - Started process (PID=32660) to work on /home/airflow/.local/lib/python3.12/site-packages/airflow/example_dags/plugins/decreasing_priority_weight_strategy.py
[2026-09-23T20:34:38.056+0000] {processor.py:914} INFO - Processing file /home/airflow/.local/lib/python3.12/site-packages/airflow/example_dags/plugins/decreasing_priority_weight_strategy.py for tasks to queue
[2026-09-23T20:34:38.061+0000] {logging_mixin.py:190} INFO - [2026-09-23T20:34:38.060+0000] {dagbag.py:588} INFO - Filling up the DagBag from /home/airflow/.local/lib/python3.12/site-packages/airflow/example_dags/plugins/decreasing_priority_weight_strategy.py
[2026-09-23T20:34:38.065+0000] {processor.py:927} WARNING - No viable dags retrieved from /home/airflow/.local/lib/python3.12/site-packages/airflow/example_dags/plugins/decreasing_priority_weight_strategy.py
[2026-09-23T20:34:38.132+0000] {processor.py:208} INFO - Processing /home/airflow/.local/lib/python3.12/site-packages/airflow/example_dags/plugins/decreasing_priority_weight_strategy.py took 0.090 seconds
[2026-09-23T20:35:10.247+0000] {processor.py:186} INFO - Started process (PID=32734) to work on /home/airflow/.local/lib/python3.12/site-packages/airflow/example_dags/plugins/decreasing_priority_weight_strategy.py
[2026-09-23T20:35:10.252+0000] {processor.py:914} INFO - Processing file /home/airflow/.local/lib/python3.12/site-packages/airflow/example_dags/plugins/decreasing_priority_weight_strategy.py for tasks to queue
[2026-09-23T20:35:10.266+0000] {logging_mixin.py:190} INFO - [2026-09-23T20:35:10.265+0000] {dagbag.py:588} INFO - Filling up the DagBag from /home/airflow/.local/lib/python3.12/site-packages/airflow/example_dags/plugins/decreasing_priority_weight_strategy.py
[2026-09-23T20:35:10.271+0000] {processor.py:927} WARNING - No viable dags retrieved from /home/airflow/.local/lib/python3.12/site-packages/airflow/example_dags/plugins/decreasing_priority_weight_strategy.py
[2026-09-23T20:35:10.320+0000] {processor.py:208} INFO - Processing /home/airflow/.local/lib/python3.12/site-packages/airflow/example_dags/plugins/decreasing_priority_weight_strategy.py took 0.088 seconds
[2026-09-23T20:35:40.989+0000] {processor.py:186} INFO - Started process (PID=32808) to work on /home/airflow/.local/lib/python3.12/site-packages/airflow/example_dags/plugins/decreasing_priority_weight_strategy.py
[2026-09-23T20:35:40.990+0000] {processor.py:914} INFO - Processing file /home/airflow/.local/lib/python3.12/site-packages/airflow/example_dags/plugins/decreasing_priority_weight_strategy.py for tasks to queue
[2026-09-23T20:35:40.994+0000] {logging_mixin.py:190} INFO - [2026-09-23T20:35:40.994+0000] {dagbag.py:588} INFO - Filling up the DagBag from /home/airflow/.local/lib/python3.12/site-packages/airflow/example_dags/plugins/decreasing_priority_weight_strategy.py
[2026-09-23T20:35:41.003+0000] {processor.py:927} WARNING - No viable dags retrieved from /home/airflow/.local/lib/python3.12/site-packages/airflow/example_dags/plugins/decreasing_priority_weight_strategy.py
[2026-09-23T20:35:41.027+0000] {processor.py:208} INFO - Processing /home/airflow/.local/lib/python3.12/site-packages/airflow/example_dags/plugins/decreasing_priority_weight_strategy.py took 0.050 seconds
[2026-09-23T20:36:12.412+0000] {processor.py:186} INFO - Started process (PID=32886) to work on /home/airflow/.local/lib/python3.12/site-packages/airflow/example_dags/plugins/decreasing_priority_weight_strategy.py
[2026-09-23T20:36:12.416+0000] {processor.py:914} INFO - Processing file /home/airflow/.local/lib/python3.12/site-packages/airflow/example_dags/plugins/decreasing_priority_weight_strategy.py for tasks to queue
[2026-09-23T20:36:12.427+0000] {logging_mixin.py:190} INFO - [2026-09-23T20:36:12.427+0000] {dagbag.py:588} INFO - Filling up the DagBag from /home/airflow/.local/lib/python3.12/site-packages/airflow/example_dags/plugins/decreasing_priority_weight_strategy.py
[2026-09-23T20:36:12.435+0000] {processor.py:927} WARNING - No viable dags retrieved from /home/airflow/.local/lib/python3.12/site-packages/airflow/example_dags/plugins/decreasing_priority_weight_strategy.py
[2026-09-23T20:36:12.453+0000] {processor.py:208} INFO - Processing /home/airflow/.local/lib/python3.12/site-packages/airflow/example_dags/plugins/decreasing_priority_weight_strategy.py took 0.053 seconds
[2026-09-23T20:36:44.749+0000] {processor.py:186} INFO - Started process (PID=32960) to work on /home/airflow/.local/lib/python3.12/site-packages/airflow/example_dags/plugins/decreasing_priority_weight_strategy.py
[2026-09-23T20:36:44.752+0000] {processor.py:914} INFO - Processing file /home/airflow/.local/lib/python3.12/site-packages/airflow/example_dags/plugins/decreasing_priority_weight_strategy.py for tasks to queue
[2026-09-23T20:36:44.766+0000] {logging_mixin.py:190} INFO - [2026-09-23T20:36:44.765+0000] {dagbag.py:588} INFO - Filling up the DagBag from /home/airflow/.local/lib/python3.12/site-packages/airflow/example_dags/plugins/decreasing_priority_weight_strategy.py
[2026-09-23T20:36:44.793+0000] {processor.py:927} WARNING - No viable dags retrieved from /home/airflow/.local/lib/python3.12/site-packages/airflow/example_dags/plugins/decreasing_priority_weight_strategy.py
[2026-09-23T20:36:44.878+0000] {processor.py:208} INFO - Processing /home/airflow/.local/lib/python3.12/site-packages/airflow/example_dags/plugins/decreasing_priority_weight_strategy.py took 0.152 seconds
[2026-09-23T20:37:15.709+0000] {processor.py:186} INFO - Started process (PID=33035) to work on /home/airflow/.local/lib/python3.12/site-packages/airflow/example_dags/plugins/decreasing_priority_weight_strategy.py
[2026-09-23T20:37:15.711+0000] {processor.py:914} INFO - Processing file /home/airflow/.local/lib/python3.12/site-packages/airflow/example_dags/plugins/decreasing_priority_weight_strategy.py for tasks to queue
[2026-09-23T20:37:15.715+0000] {logging_mixin.py:190} INFO - [2026-09-23T20:37:15.715+0000] {dagbag.py:588} INFO - Filling up the DagBag from /home/airflow/.local/lib/python3.12/site-packages/airflow/example_dags/plugins/decreasing_priority_weight_strategy.py
[2026-09-23T20:37:15.724+0000] {processor.py:927} WARNING - No viable dags retrieved from /home/airflow/.local/lib/python3.12/site-packages/airflow/example_dags/plugins/decreasing_priority_weight_strategy.py
[2026-09-23T20:37:15.789+0000] {processor.py:208} INFO - Processing /home/airflow/.local/lib/python3.12/site-packages/airflow/example_dags/plugins/decreasing_priority_weight_strategy.py took 0.094 seconds
[2026-09-23T20:37:48.125+0000] {processor.py:186} INFO - Started process (PID=33112) to work on /home/airflow/.local/lib/python3.12/site-packages/airflow/example_dags/plugins/decreasing_priority_weight_strategy.py
[2026-09-23T20:37:48.127+0000] {processor.py:914} INFO - Processing file /home/airflow/.local/lib/python3.12/site-packages/airflow/example_dags/plugins/decreasing_priority_weight_strategy.py for tasks to queue
[2026-09-23T20:37:48.132+0000] {logging_mixin.py:190} INFO - [2026-09-23T20:37:48.131+0000] {dagbag.py:588} INFO - Filling up the DagBag from /home/airflow/.local/lib/python3.12/site-packages/airflow/example_dags/plugins/decreasing_priority_weight_strategy.py
[2026-09-23T20:37:48.136+0000] {processor.py:927} WARNING - No viable dags retrieved from /home/airflow/.local/lib/python3.12/site-packages/airflow/example_dags/plugins/decreasing_priority_weight_strategy.py
[2026-09-23T20:37:48.157+0000] {processor.py:208} INFO - Processing /home/airflow/.local/lib/python3.12/site-packages/airflow/example_dags/plugins/decreasing_priority_weight_strategy.py took 0.043 seconds
[2026-09-23T20:38:21.351+0000] {processor.py:186} INFO - Started process (PID=33188) to work on /home/airflow/.local/lib/python3.12/site-packages/airflow/example_dags/plugins/decreasing_priority_weight_strategy.py
[2026-09-23T20:38:21.355+0000] {processor.py:914} INFO - Processing file /home/airflow/.local/lib/python3.12/site-packages/airflow/example_dags/plugins/decreasing_priority_weight_strategy.py for tasks to queue
[2026-09-23T20:38:21.369+0000] {logging_mixin.py:190} INFO - [2026-09-23T20:38:21.368+0000] {dagbag.py:588} INFO - Filling up the DagBag from /home/airflow/.local/lib/python3.12/site-packages/airflow/example_dags/plugins/decreasing_priority_weight_strategy.py
[2026-09-23T20:38:21.374+0000] {processor.py:927} WARNING - No viable dags retrieved from /home/airflow/.local/lib/python3.12/site-packages/airflow/example_dags/plugins/decreasing_priority_weight_strategy.py
[2026-09-23T20:38:21.422+0000] {processor.py:208} INFO - Processing /home/airflow/.local/lib/python3.12/site-packages/airflow/example_dags/plugins/decreasing_priority_weight_strategy.py took 0.085 seconds
[2026-09-23T20:38:54.925+0000] {processor.py:186} INFO - Started process (PID=33265) to work on /home/airflow/.local/lib/python3.12/site-packages/airflow/example_dags/plugins/decreasing_priority_weight_strategy.py
[2026-09-23T20:38:54.927+0000] {processor.py:914} INFO - Processing file /home/airflow/.local/lib/python3.12/site-packages/airflow/example_dags/plugins/decreasing_priority_weight_strategy.py for tasks to queue
[2026-09-23T20:38:54.933+0000] {logging_mixin.py:190} INFO - [2026-09-23T20:38:54.932+0000] {dagbag.py:588} INFO - Filling up the DagBag from /home/airflow/.local/lib/python3.12/site-packages/airflow/example_dags/plugins/decreasing_priority_weight_strategy.py
[2026-09-23T20:38:54.940+0000] {processor.py:927} WARNING - No viable dags retrieved from /home/airflow/.local/lib/python3.12/site-packages/airflow/example_dags/plugins/decreasing_priority_weight_strategy.py
[2026-09-23T20:38:54.974+0000] {processor.py:208} INFO - Processing /home/airflow/.local/lib/python3.12/site-packages/airflow/example_dags/plugins/decreasing_priority_weight_strategy.py took 0.067 seconds
[2026-09-23T20:39:29.553+0000] {processor.py:186} INFO - Started process (PID=33342) to work on /home/airflow/.local/lib/python3.12/site-packages/airflow/example_dags/plugins/decreasing_priority_weight_strategy.py
[2026-09-23T20:39:29.556+0000] {processor.py:914} INFO - Processing file /home/airflow/.local/lib/python3.12/site-packages/airflow/example_dags/plugins/decreasing_priority_weight_strategy.py for tasks to queue
[2026-09-23T20:39:29.571+0000] {logging_mixin.py:190} INFO - [2026-09-23T20:39:29.566+0000] {dagbag.py:588} INFO - Filling up the DagBag from /home/airflow/.local/lib/python3.12/site-packages/airflow/example_dags/plugins/decreasing_priority_weight_strategy.py
[2026-09-23T20:39:29.590+0000] {processor.py:927} WARNING - No viable dags retrieved from /home/airflow/.local/lib/python3.12/site-packages/airflow/example_dags/plugins/decreasing_priority_weight_strategy.py
[2026-09-23T20:39:29.674+0000] {processor.py:208} INFO - Processing /home/airflow/.local/lib/python3.12/site-packages/airflow/example_dags/plugins/decreasing_priority_weight_strategy.py took 0.141 seconds
[2026-09-23T20:40:02.446+0000] {processor.py:186} INFO - Started process (PID=33415) to work on /home/airflow/.local/lib/python3.12/site-packages/airflow/example_dags/plugins/decreasing_priority_weight_strategy.py
[2026-09-23T20:40:02.451+0000] {processor.py:914} INFO - Processing file /home/airflow/.local/lib/python3.12/site-packages/airflow/example_dags/plugins/decreasing_priority_weight_strategy.py for tasks to queue
[2026-09-23T20:40:02.467+0000] {logging_mixin.py:190} INFO - [2026-09-23T20:40:02.465+0000] {dagbag.py:588} INFO - Filling up the DagBag from /home/airflow/.local/lib/python3.12/site-packages/airflow/example_dags/plugins/decreasing_priority_weight_strategy.py
[2026-09-23T20:40:02.485+0000] {processor.py:927} WARNING - No viable dags retrieved from /home/airflow/.local/lib/python3.12/site-packages/airflow/example_dags/plugins/decreasing_priority_weight_strategy.py
[2026-09-23T20:40:02.540+0000] {processor.py:208} INFO - Processing /home/airflow/.local/lib/python3.12/site-packages/airflow/example_dags/plugins/decreasing_priority_weight_strategy.py took 0.143 seconds
[2026-09-23T20:40:32.940+0000] {processor.py:186} INFO - Started process (PID=33481) to work on /home/airflow/.local/lib/python3.12/site-packages/airflow/example_dags/plugins/decreasing_priority_weight_strategy.py
[2026-09-23T20:40:32.943+0000] {processor.py:914} INFO - Processing file /home/airflow/.local/lib/python3.12/site-packages/airflow/example_dags/plugins/decreasing_priority_weight_strategy.py for tasks to queue
[2026-09-23T20:40:32.953+0000] {logging_mixin.py:190} INFO - [2026-09-23T20:40:32.951+0000] {dagbag.py:588} INFO - Filling up the DagBag from /home/airflow/.local/lib/python3.12/site-packages/airflow/example_dags/plugins/decreasing_priority_weight_strategy.py
[2026-09-23T20:40:32.960+0000] {processor.py:927} WARNING - No viable dags retrieved from /home/airflow/.local/lib/python3.12/site-packages/airflow/example_dags/plugins/decreasing_priority_weight_strategy.py
[2026-09-23T20:40:33.025+0000] {processor.py:208} INFO - Processing /home/airflow/.local/lib/python3.12/site-packages/airflow/example_dags/plugins/decreasing_priority_weight_strategy.py took 0.099 seconds
[2026-09-23T20:41:05.788+0000] {processor.py:186} INFO - Started process (PID=33553) to work on /home/airflow/.local/lib/python3.12/site-packages/airflow/example_dags/plugins/decreasing_priority_weight_strategy.py
[2026-09-23T20:41:05.790+0000] {processor.py:914} INFO - Processing file /home/airflow/.local/lib/python3.12/site-packages/airflow/example_dags/plugins/decreasing_priority_weight_strategy.py for tasks to queue
[2026-09-23T20:41:05.802+0000] {logging_mixin.py:190} INFO - [2026-09-23T20:41:05.801+0000] {dagbag.py:588} INFO - Filling up the DagBag from /home/airflow/.local/lib/python3.12/site-packages/airflow/example_dags/plugins/decreasing_priority_weight_strategy.py
[2026-09-23T20:41:05.811+0000] {processor.py:927} WARNING - No viable dags retrieved from /home/airflow/.local/lib/python3.12/site-packages/airflow/example_dags/plugins/decreasing_priority_weight_strategy.py
[2026-09-23T20:41:05.881+0000] {processor.py:208} INFO - Processing /home/airflow/.local/lib/python3.12/site-packages/airflow/example_dags/plugins/decreasing_priority_weight_strategy.py took 0.111 seconds
[2026-09-23T20:41:36.122+0000] {processor.py:186} INFO - Started process (PID=33620) to work on /home/airflow/.local/lib/python3.12/site-packages/airflow/example_dags/plugins/decreasing_priority_weight_strategy.py
[2026-09-23T20:41:36.122+0000] {processor.py:914} INFO - Processing file /home/airflow/.local/lib/python3.12/site-packages/airflow/example_dags/plugins/decreasing_priority_weight_strategy.py for tasks to queue
[2026-09-23T20:41:36.125+0000] {logging_mixin.py:190} INFO - [2026-09-23T20:41:36.125+0000] {dagbag.py:588} INFO - Filling up the DagBag from /home/airflow/.local/lib/python3.12/site-packages/airflow/example_dags/plugins/decreasing_priority_weight_strategy.py
[2026-09-23T20:41:36.128+0000] {processor.py:927} WARNING - No viable dags retrieved from /home/airflow/.local/lib/python3.12/site-packages/airflow/example_dags/plugins/decreasing_priority_weight_strategy.py
[2026-09-23T20:41:36.155+0000] {processor.py:208} INFO - Processing /home/airflow/.local/lib/python3.12/site-packages/airflow/example_dags/plugins/decreasing_priority_weight_strategy.py took 0.046 seconds
[2026-09-23T20:42:07.391+0000] {processor.py:186} INFO - Started process (PID=33693) to work on /home/airflow/.local/lib/python3.12/site-packages/airflow/example_dags/plugins/decreasing_priority_weight_strategy.py
[2026-09-23T20:42:07.393+0000] {processor.py:914} INFO - Processing file /home/airflow/.local/lib/python3.12/site-packages/airflow/example_dags/plugins/decreasing_priority_weight_strategy.py for tasks to queue
[2026-09-23T20:42:07.405+0000] {logging_mixin.py:190} INFO - [2026-09-23T20:42:07.405+0000] {dagbag.py:588} INFO - Filling up the DagBag from /home/airflow/.local/lib/python3.12/site-packages/airflow/example_dags/plugins/decreasing_priority_weight_strategy.py
[2026-09-23T20:42:07.411+0000] {processor.py:927} WARNING - No viable dags retrieved from /home/airflow/.local/lib/python3.12/site-packages/airflow/example_dags/plugins/decreasing_priority_weight_strategy.py
[2026-09-23T20:42:07.480+0000] {processor.py:208} INFO - Processing /home/airflow/.local/lib/python3.12/site-packages/airflow/example_dags/plugins/decreasing_priority_weight_strategy.py took 0.101 seconds
[2026-09-23T20:42:38.218+0000] {processor.py:186} INFO - Started process (PID=33761) to work on /home/airflow/.local/lib/python3.12/site-packages/airflow/example_dags/plugins/decreasing_priority_weight_strategy.py
[2026-09-23T20:42:38.219+0000] {processor.py:914} INFO - Processing file /home/airflow/.local/lib/python3.12/site-packages/airflow/example_dags/plugins/decreasing_priority_weight_strategy.py for tasks to queue
[2026-09-23T20:42:38.223+0000] {logging_mixin.py:190} INFO - [2026-09-23T20:42:38.222+0000] {dagbag.py:588} INFO - Filling up the DagBag from /home/airflow/.local/lib/python3.12/site-packages/airflow/example_dags/plugins/decreasing_priority_weight_strategy.py
[2026-09-23T20:42:38.226+0000] {processor.py:927} WARNING - No viable dags retrieved from /home/airflow/.local/lib/python3.12/site-packages/airflow/example_dags/plugins/decreasing_priority_weight_strategy.py
[2026-09-23T20:42:38.245+0000] {processor.py:208} INFO - Processing /home/airflow/.local/lib/python3.12/site-packages/airflow/example_dags/plugins/decreasing_priority_weight_strategy.py took 0.038 seconds
[2026-09-23T20:43:08.362+0000] {processor.py:186} INFO - Started process (PID=33834) to work on /home/airflow/.local/lib/python3.12/site-packages/airflow/example_dags/plugins/decreasing_priority_weight_strategy.py
[2026-09-23T20:43:08.364+0000] {processor.py:914} INFO - Processing file /home/airflow/.local/lib/python3.12/site-packages/airflow/example_dags/plugins/decreasing_priority_weight_strategy.py for tasks to queue
[2026-09-23T20:43:08.366+0000] {logging_mixin.py:190} INFO - [2026-09-23T20:43:08.366+0000] {dagbag.py:588} INFO - Filling up the DagBag from /home/airflow/.local/lib/python3.12/site-packages/airflow/example_dags/plugins/decreasing_priority_weight_strategy.py
[2026-09-23T20:43:08.369+0000] {processor.py:927} WARNING - No viable dags retrieved from /home/airflow/.local/lib/python3.12/site-packages/airflow/example_dags/plugins/decreasing_priority_weight_strategy.py
[2026-09-23T20:43:08.388+0000] {processor.py:208} INFO - Processing /home/airflow/.local/lib/python3.12/site-packages/airflow/example_dags/plugins/decreasing_priority_weight_strategy.py took 0.036 seconds
[2026-09-23T20:43:38.502+0000] {processor.py:186} INFO - Started process (PID=33908) to work on /home/airflow/.local/lib/python3.12/site-packages/airflow/example_dags/plugins/decreasing_priority_weight_strategy.py
[2026-09-23T20:43:38.504+0000] {processor.py:914} INFO - Processing file /home/airflow/.local/lib/python3.12/site-packages/airflow/example_dags/plugins/decreasing_priority_weight_strategy.py for tasks to queue
[2026-09-23T20:43:38.509+0000] {logging_mixin.py:190} INFO - [2026-09-23T20:43:38.508+0000] {dagbag.py:588} INFO - Filling up the DagBag from /home/airflow/.local/lib/python3.12/site-packages/airflow/example_dags/plugins/decreasing_priority_weight_strategy.py
[2026-09-23T20:43:38.514+0000] {processor.py:927} WARNING - No viable dags retrieved from /home/airflow/.local/lib/python3.12/site-packages/airflow/example_dags/plugins/decreasing_priority_weight_strategy.py
[2026-09-23T20:43:38.532+0000] {processor.py:208} INFO - Processing /home/airflow/.local/lib/python3.12/site-packages/airflow/example_dags/plugins/decreasing_priority_weight_strategy.py took 0.045 seconds
[2026-09-23T20:44:09.627+0000] {processor.py:186} INFO - Started process (PID=33983) to work on /home/airflow/.local/lib/python3.12/site-packages/airflow/example_dags/plugins/decreasing_priority_weight_strategy.py
[2026-09-23T20:44:09.628+0000] {processor.py:914} INFO - Processing file /home/airflow/.local/lib/python3.12/site-packages/airflow/example_dags/plugins/decreasing_priority_weight_strategy.py for tasks to queue
[2026-09-23T20:44:09.633+0000] {logging_mixin.py:190} INFO - [2026-09-23T20:44:09.632+0000] {dagbag.py:588} INFO - Filling up the DagBag from /home/airflow/.local/lib/python3.12/site-packages/airflow/example_dags/plugins/decreasing_priority_weight_strategy.py
[2026-09-23T20:44:09.637+0000] {processor.py:927} WARNING - No viable dags retrieved from /home/airflow/.local/lib/python3.12/site-packages/airflow/example_dags/plugins/decreasing_priority_weight_strategy.py
[2026-09-23T20:44:09.657+0000] {processor.py:208} INFO - Processing /home/airflow/.local/lib/python3.12/site-packages/airflow/example_dags/plugins/decreasing_priority_weight_strategy.py took 0.041 seconds
[2026-09-23T20:44:40.575+0000] {processor.py:186} INFO - Started process (PID=34058) to work on /home/airflow/.local/lib/python3.12/site-packages/airflow/example_dags/plugins/decreasing_priority_weight_strategy.py
[2026-09-23T20:44:40.577+0000] {processor.py:914} INFO - Processing file /home/airflow/.local/lib/python3.12/site-packages/airflow/example_dags/plugins/decreasing_priority_weight_strategy.py for tasks to queue
[2026-09-23T20:44:40.580+0000] {logging_mixin.py:190} INFO - [2026-09-23T20:44:40.580+0000] {dagbag.py:588} INFO - Filling up the DagBag from /home/airflow/.local/lib/python3.12/site-packages/airflow/example_dags/plugins/decreasing_priority_weight_strategy.py
[2026-09-23T20:44:40.584+0000] {processor.py:927} WARNING - No viable dags retrieved from /home/airflow/.local/lib/python3.12/site-packages/airflow/example_dags/plugins/decreasing_priority_weight_strategy.py
[2026-09-23T20:44:40.605+0000] {processor.py:208} INFO - Processing /home/airflow/.local/lib/python3.12/site-packages/airflow/example_dags/plugins/decreasing_priority_weight_strategy.py took 0.039 seconds
[2026-09-23T20:45:10.896+0000] {processor.py:186} INFO - Started process (PID=34131) to work on /home/airflow/.local/lib/python3.12/site-packages/airflow/example_dags/plugins/decreasing_priority_weight_strategy.py
[2026-09-23T20:45:10.898+0000] {processor.py:914} INFO - Processing file /home/airflow/.local/lib/python3.12/site-packages/airflow/example_dags/plugins/decreasing_priority_weight_strategy.py for tasks to queue
[2026-09-23T20:45:10.901+0000] {logging_mixin.py:190} INFO - [2026-09-23T20:45:10.900+0000] {dagbag.py:588} INFO - Filling up the DagBag from /home/airflow/.local/lib/python3.12/site-packages/airflow/example_dags/plugins/decreasing_priority_weight_strategy.py
[2026-09-23T20:45:10.905+0000] {processor.py:927} WARNING - No viable dags retrieved from /home/airflow/.local/lib/python3.12/site-packages/airflow/example_dags/plugins/decreasing_priority_weight_strategy.py
[2026-09-23T20:45:10.926+0000] {processor.py:208} INFO - Processing /home/airflow/.local/lib/python3.12/site-packages/airflow/example_dags/plugins/decreasing_priority_weight_strategy.py took 0.043 seconds
[2026-09-23T20:45:41.400+0000] {processor.py:186} INFO - Started process (PID=34204) to work on /home/airflow/.local/lib/python3.12/site-packages/airflow/example_dags/plugins/decreasing_priority_weight_strategy.py
[2026-09-23T20:45:41.405+0000] {processor.py:914} INFO - Processing file /home/airflow/.local/lib/python3.12/site-packages/airflow/example_dags/plugins/decreasing_priority_weight_strategy.py for tasks to queue
[2026-09-23T20:45:41.411+0000] {logging_mixin.py:190} INFO - [2026-09-23T20:45:41.408+0000] {dagbag.py:588} INFO - Filling up the DagBag from /home/airflow/.local/lib/python3.12/site-packages/airflow/example_dags/plugins/decreasing_priority_weight_strategy.py
[2026-09-23T20:45:41.423+0000] {processor.py:927} WARNING - No viable dags retrieved from /home/airflow/.local/lib/python3.12/site-packages/airflow/example_dags/plugins/decreasing_priority_weight_strategy.py
[2026-09-23T20:45:41.458+0000] {processor.py:208} INFO - Processing /home/airflow/.local/lib/python3.12/site-packages/airflow/example_dags/plugins/decreasing_priority_weight_strategy.py took 0.073 seconds
[2026-09-23T20:46:11.983+0000] {processor.py:186} INFO - Started process (PID=34277) to work on /home/airflow/.local/lib/python3.12/site-packages/airflow/example_dags/plugins/decreasing_priority_weight_strategy.py
[2026-09-23T20:46:11.984+0000] {processor.py:914} INFO - Processing file /home/airflow/.local/lib/python3.12/site-packages/airflow/example_dags/plugins/decreasing_priority_weight_strategy.py for tasks to queue
[2026-09-23T20:46:11.987+0000] {logging_mixin.py:190} INFO - [2026-09-23T20:46:11.987+0000] {dagbag.py:588} INFO - Filling up the DagBag from /home/airflow/.local/lib/python3.12/site-packages/airflow/example_dags/plugins/decreasing_priority_weight_strategy.py
[2026-09-23T20:46:11.990+0000] {processor.py:927} WARNING - No viable dags retrieved from /home/airflow/.local/lib/python3.12/site-packages/airflow/example_dags/plugins/decreasing_priority_weight_strategy.py
[2026-09-23T20:46:12.017+0000] {processor.py:208} INFO - Processing /home/airflow/.local/lib/python3.12/site-packages/airflow/example_dags/plugins/decreasing_priority_weight_strategy.py took 0.045 seconds
[2026-09-23T20:46:42.324+0000] {processor.py:186} INFO - Started process (PID=34352) to work on /home/airflow/.local/lib/python3.12/site-packages/airflow/example_dags/plugins/decreasing_priority_weight_strategy.py
[2026-09-23T20:46:42.325+0000] {processor.py:914} INFO - Processing file /home/airflow/.local/lib/python3.12/site-packages/airflow/example_dags/plugins/decreasing_priority_weight_strategy.py for tasks to queue
[2026-09-23T20:46:42.329+0000] {logging_mixin.py:190} INFO - [2026-09-23T20:46:42.328+0000] {dagbag.py:588} INFO - Filling up the DagBag from /home/airflow/.local/lib/python3.12/site-packages/airflow/example_dags/plugins/decreasing_priority_weight_strategy.py
[2026-09-23T20:46:42.332+0000] {processor.py:927} WARNING - No viable dags retrieved from /home/airflow/.local/lib/python3.12/site-packages/airflow/example_dags/plugins/decreasing_priority_weight_strategy.py
[2026-09-23T20:46:42.348+0000] {processor.py:208} INFO - Processing /home/airflow/.local/lib/python3.12/site-packages/airflow/example_dags/plugins/decreasing_priority_weight_strategy.py took 0.033 seconds
[2026-09-23T20:47:13.157+0000] {processor.py:186} INFO - Started process (PID=34425) to work on /home/airflow/.local/lib/python3.12/site-packages/airflow/example_dags/plugins/decreasing_priority_weight_strategy.py
[2026-09-23T20:47:13.174+0000] {processor.py:914} INFO - Processing file /home/airflow/.local/lib/python3.12/site-packages/airflow/example_dags/plugins/decreasing_priority_weight_strategy.py for tasks to queue
[2026-09-23T20:47:13.186+0000] {logging_mixin.py:190} INFO - [2026-09-23T20:47:13.185+0000] {dagbag.py:588} INFO - Filling up the DagBag from /home/airflow/.local/lib/python3.12/site-packages/airflow/example_dags/plugins/decreasing_priority_weight_strategy.py
[2026-09-23T20:47:13.230+0000] {processor.py:927} WARNING - No viable dags retrieved from /home/airflow/.local/lib/python3.12/site-packages/airflow/example_dags/plugins/decreasing_priority_weight_strategy.py
[2026-09-23T20:47:13.321+0000] {processor.py:208} INFO - Processing /home/airflow/.local/lib/python3.12/site-packages/airflow/example_dags/plugins/decreasing_priority_weight_strategy.py took 0.210 seconds
[2026-09-23T20:47:44.012+0000] {processor.py:186} INFO - Started process (PID=34498) to work on /home/airflow/.local/lib/python3.12/site-packages/airflow/example_dags/plugins/decreasing_priority_weight_strategy.py
[2026-09-23T20:47:44.013+0000] {processor.py:914} INFO - Processing file /home/airflow/.local/lib/python3.12/site-packages/airflow/example_dags/plugins/decreasing_priority_weight_strategy.py for tasks to queue
[2026-09-23T20:47:44.017+0000] {logging_mixin.py:190} INFO - [2026-09-23T20:47:44.016+0000] {dagbag.py:588} INFO - Filling up the DagBag from /home/airflow/.local/lib/python3.12/site-packages/airflow/example_dags/plugins/decreasing_priority_weight_strategy.py
[2026-09-23T20:47:44.021+0000] {processor.py:927} WARNING - No viable dags retrieved from /home/airflow/.local/lib/python3.12/site-packages/airflow/example_dags/plugins/decreasing_priority_weight_strategy.py
[2026-09-23T20:47:44.061+0000] {processor.py:208} INFO - Processing /home/airflow/.local/lib/python3.12/site-packages/airflow/example_dags/plugins/decreasing_priority_weight_strategy.py took 0.059 seconds
[2026-09-23T20:48:14.852+0000] {processor.py:186} INFO - Started process (PID=34572) to work on /home/airflow/.local/lib/python3.12/site-packages/airflow/example_dags/plugins/decreasing_priority_weight_strategy.py
[2026-09-23T20:48:14.857+0000] {processor.py:914} INFO - Processing file /home/airflow/.local/lib/python3.12/site-packages/airflow/example_dags/plugins/decreasing_priority_weight_strategy.py for tasks to queue
[2026-09-23T20:48:14.861+0000] {logging_mixin.py:190} INFO - [2026-09-23T20:48:14.860+0000] {dagbag.py:588} INFO - Filling up the DagBag from /home/airflow/.local/lib/python3.12/site-packages/airflow/example_dags/plugins/decreasing_priority_weight_strategy.py
[2026-09-23T20:48:14.865+0000] {processor.py:927} WARNING - No viable dags retrieved from /home/airflow/.local/lib/python3.12/site-packages/airflow/example_dags/plugins/decreasing_priority_weight_strategy.py
[2026-09-23T20:48:14.908+0000] {processor.py:208} INFO - Processing /home/airflow/.local/lib/python3.12/site-packages/airflow/example_dags/plugins/decreasing_priority_weight_strategy.py took 0.072 seconds
[2026-09-23T20:48:45.094+0000] {processor.py:186} INFO - Started process (PID=34646) to work on /home/airflow/.local/lib/python3.12/site-packages/airflow/example_dags/plugins/decreasing_priority_weight_strategy.py
[2026-09-23T20:48:45.095+0000] {processor.py:914} INFO - Processing file /home/airflow/.local/lib/python3.12/site-packages/airflow/example_dags/plugins/decreasing_priority_weight_strategy.py for tasks to queue
[2026-09-23T20:48:45.098+0000] {logging_mixin.py:190} INFO - [2026-09-23T20:48:45.098+0000] {dagbag.py:588} INFO - Filling up the DagBag from /home/airflow/.local/lib/python3.12/site-packages/airflow/example_dags/plugins/decreasing_priority_weight_strategy.py
[2026-09-23T20:48:45.102+0000] {processor.py:927} WARNING - No viable dags retrieved from /home/airflow/.local/lib/python3.12/site-packages/airflow/example_dags/plugins/decreasing_priority_weight_strategy.py
[2026-09-23T20:48:45.133+0000] {processor.py:208} INFO - Processing /home/airflow/.local/lib/python3.12/site-packages/airflow/example_dags/plugins/decreasing_priority_weight_strategy.py took 0.049 seconds
[2026-09-23T20:49:16.035+0000] {processor.py:186} INFO - Started process (PID=34713) to work on /home/airflow/.local/lib/python3.12/site-packages/airflow/example_dags/plugins/decreasing_priority_weight_strategy.py
[2026-09-23T20:49:16.038+0000] {processor.py:914} INFO - Processing file /home/airflow/.local/lib/python3.12/site-packages/airflow/example_dags/plugins/decreasing_priority_weight_strategy.py for tasks to queue
[2026-09-23T20:49:16.042+0000] {logging_mixin.py:190} INFO - [2026-09-23T20:49:16.041+0000] {dagbag.py:588} INFO - Filling up the DagBag from /home/airflow/.local/lib/python3.12/site-packages/airflow/example_dags/plugins/decreasing_priority_weight_strategy.py
[2026-09-23T20:49:16.045+0000] {processor.py:927} WARNING - No viable dags retrieved from /home/airflow/.local/lib/python3.12/site-packages/airflow/example_dags/plugins/decreasing_priority_weight_strategy.py
[2026-09-23T20:49:16.062+0000] {processor.py:208} INFO - Processing /home/airflow/.local/lib/python3.12/site-packages/airflow/example_dags/plugins/decreasing_priority_weight_strategy.py took 0.039 seconds
[2026-09-23T20:49:47.916+0000] {processor.py:186} INFO - Started process (PID=34787) to work on /home/airflow/.local/lib/python3.12/site-packages/airflow/example_dags/plugins/decreasing_priority_weight_strategy.py
[2026-09-23T20:49:47.918+0000] {processor.py:914} INFO - Processing file /home/airflow/.local/lib/python3.12/site-packages/airflow/example_dags/plugins/decreasing_priority_weight_strategy.py for tasks to queue
[2026-09-23T20:49:47.922+0000] {logging_mixin.py:190} INFO - [2026-09-23T20:49:47.921+0000] {dagbag.py:588} INFO - Filling up the DagBag from /home/airflow/.local/lib/python3.12/site-packages/airflow/example_dags/plugins/decreasing_priority_weight_strategy.py
[2026-09-23T20:49:47.925+0000] {processor.py:927} WARNING - No viable dags retrieved from /home/airflow/.local/lib/python3.12/site-packages/airflow/example_dags/plugins/decreasing_priority_weight_strategy.py
[2026-09-23T20:49:47.945+0000] {processor.py:208} INFO - Processing /home/airflow/.local/lib/python3.12/site-packages/airflow/example_dags/plugins/decreasing_priority_weight_strategy.py took 0.043 seconds
[2026-09-23T20:50:19.742+0000] {processor.py:186} INFO - Started process (PID=34861) to work on /home/airflow/.local/lib/python3.12/site-packages/airflow/example_dags/plugins/decreasing_priority_weight_strategy.py
[2026-09-23T20:50:19.747+0000] {processor.py:914} INFO - Processing file /home/airflow/.local/lib/python3.12/site-packages/airflow/example_dags/plugins/decreasing_priority_weight_strategy.py for tasks to queue
[2026-09-23T20:50:19.757+0000] {logging_mixin.py:190} INFO - [2026-09-23T20:50:19.756+0000] {dagbag.py:588} INFO - Filling up the DagBag from /home/airflow/.local/lib/python3.12/site-packages/airflow/example_dags/plugins/decreasing_priority_weight_strategy.py
[2026-09-23T20:50:19.762+0000] {processor.py:927} WARNING - No viable dags retrieved from /home/airflow/.local/lib/python3.12/site-packages/airflow/example_dags/plugins/decreasing_priority_weight_strategy.py
[2026-09-23T20:50:19.793+0000] {processor.py:208} INFO - Processing /home/airflow/.local/lib/python3.12/site-packages/airflow/example_dags/plugins/decreasing_priority_weight_strategy.py took 0.094 seconds
[2026-09-23T20:50:52.269+0000] {processor.py:186} INFO - Started process (PID=34946) to work on /home/airflow/.local/lib/python3.12/site-packages/airflow/example_dags/plugins/decreasing_priority_weight_strategy.py
[2026-09-23T20:50:52.271+0000] {processor.py:914} INFO - Processing file /home/airflow/.local/lib/python3.12/site-packages/airflow/example_dags/plugins/decreasing_priority_weight_strategy.py for tasks to queue
[2026-09-23T20:50:52.275+0000] {logging_mixin.py:190} INFO - [2026-09-23T20:50:52.274+0000] {dagbag.py:588} INFO - Filling up the DagBag from /home/airflow/.local/lib/python3.12/site-packages/airflow/example_dags/plugins/decreasing_priority_weight_strategy.py
[2026-09-23T20:50:52.279+0000] {processor.py:927} WARNING - No viable dags retrieved from /home/airflow/.local/lib/python3.12/site-packages/airflow/example_dags/plugins/decreasing_priority_weight_strategy.py
[2026-09-23T20:50:52.340+0000] {processor.py:208} INFO - Processing /home/airflow/.local/lib/python3.12/site-packages/airflow/example_dags/plugins/decreasing_priority_weight_strategy.py took 0.080 seconds
[2026-09-23T20:51:23.996+0000] {processor.py:186} INFO - Started process (PID=35020) to work on /home/airflow/.local/lib/python3.12/site-packages/airflow/example_dags/plugins/decreasing_priority_weight_strategy.py
[2026-09-23T20:51:24.004+0000] {processor.py:914} INFO - Processing file /home/airflow/.local/lib/python3.12/site-packages/airflow/example_dags/plugins/decreasing_priority_weight_strategy.py for tasks to queue
[2026-09-23T20:51:24.008+0000] {logging_mixin.py:190} INFO - [2026-09-23T20:51:24.007+0000] {dagbag.py:588} INFO - Filling up the DagBag from /home/airflow/.local/lib/python3.12/site-packages/airflow/example_dags/plugins/decreasing_priority_weight_strategy.py
[2026-09-23T20:51:24.015+0000] {processor.py:927} WARNING - No viable dags retrieved from /home/airflow/.local/lib/python3.12/site-packages/airflow/example_dags/plugins/decreasing_priority_weight_strategy.py
[2026-09-23T20:51:24.048+0000] {processor.py:208} INFO - Processing /home/airflow/.local/lib/python3.12/site-packages/airflow/example_dags/plugins/decreasing_priority_weight_strategy.py took 0.095 seconds
[2026-09-23T20:51:55.304+0000] {processor.py:186} INFO - Started process (PID=35088) to work on /home/airflow/.local/lib/python3.12/site-packages/airflow/example_dags/plugins/decreasing_priority_weight_strategy.py
[2026-09-23T20:51:55.306+0000] {processor.py:914} INFO - Processing file /home/airflow/.local/lib/python3.12/site-packages/airflow/example_dags/plugins/decreasing_priority_weight_strategy.py for tasks to queue
[2026-09-23T20:51:55.312+0000] {logging_mixin.py:190} INFO - [2026-09-23T20:51:55.312+0000] {dagbag.py:588} INFO - Filling up the DagBag from /home/airflow/.local/lib/python3.12/site-packages/airflow/example_dags/plugins/decreasing_priority_weight_strategy.py
[2026-09-23T20:51:55.321+0000] {processor.py:927} WARNING - No viable dags retrieved from /home/airflow/.local/lib/python3.12/site-packages/airflow/example_dags/plugins/decreasing_priority_weight_strategy.py
[2026-09-23T20:51:55.366+0000] {processor.py:208} INFO - Processing /home/airflow/.local/lib/python3.12/site-packages/airflow/example_dags/plugins/decreasing_priority_weight_strategy.py took 0.077 seconds
[2026-09-23T20:52:25.780+0000] {processor.py:186} INFO - Started process (PID=35161) to work on /home/airflow/.local/lib/python3.12/site-packages/airflow/example_dags/plugins/decreasing_priority_weight_strategy.py
[2026-09-23T20:52:25.782+0000] {processor.py:914} INFO - Processing file /home/airflow/.local/lib/python3.12/site-packages/airflow/example_dags/plugins/decreasing_priority_weight_strategy.py for tasks to queue
[2026-09-23T20:52:25.785+0000] {logging_mixin.py:190} INFO - [2026-09-23T20:52:25.784+0000] {dagbag.py:588} INFO - Filling up the DagBag from /home/airflow/.local/lib/python3.12/site-packages/airflow/example_dags/plugins/decreasing_priority_weight_strategy.py
[2026-09-23T20:52:25.788+0000] {processor.py:927} WARNING - No viable dags retrieved from /home/airflow/.local/lib/python3.12/site-packages/airflow/example_dags/plugins/decreasing_priority_weight_strategy.py
[2026-09-23T20:52:25.807+0000] {processor.py:208} INFO - Processing /home/airflow/.local/lib/python3.12/site-packages/airflow/example_dags/plugins/decreasing_priority_weight_strategy.py took 0.038 seconds
[2026-09-23T20:52:57.067+0000] {processor.py:186} INFO - Started process (PID=35235) to work on /home/airflow/.local/lib/python3.12/site-packages/airflow/example_dags/plugins/decreasing_priority_weight_strategy.py
[2026-09-23T20:52:57.071+0000] {processor.py:914} INFO - Processing file /home/airflow/.local/lib/python3.12/site-packages/airflow/example_dags/plugins/decreasing_priority_weight_strategy.py for tasks to queue
[2026-09-23T20:52:57.077+0000] {logging_mixin.py:190} INFO - [2026-09-23T20:52:57.077+0000] {dagbag.py:588} INFO - Filling up the DagBag from /home/airflow/.local/lib/python3.12/site-packages/airflow/example_dags/plugins/decreasing_priority_weight_strategy.py
[2026-09-23T20:52:57.095+0000] {processor.py:927} WARNING - No viable dags retrieved from /home/airflow/.local/lib/python3.12/site-packages/airflow/example_dags/plugins/decreasing_priority_weight_strategy.py
[2026-09-23T20:52:57.124+0000] {processor.py:208} INFO - Processing /home/airflow/.local/lib/python3.12/site-packages/airflow/example_dags/plugins/decreasing_priority_weight_strategy.py took 0.121 seconds
[2026-09-23T20:53:28.040+0000] {processor.py:186} INFO - Started process (PID=35309) to work on /home/airflow/.local/lib/python3.12/site-packages/airflow/example_dags/plugins/decreasing_priority_weight_strategy.py
[2026-09-23T20:53:28.041+0000] {processor.py:914} INFO - Processing file /home/airflow/.local/lib/python3.12/site-packages/airflow/example_dags/plugins/decreasing_priority_weight_strategy.py for tasks to queue
[2026-09-23T20:53:28.044+0000] {logging_mixin.py:190} INFO - [2026-09-23T20:53:28.043+0000] {dagbag.py:588} INFO - Filling up the DagBag from /home/airflow/.local/lib/python3.12/site-packages/airflow/example_dags/plugins/decreasing_priority_weight_strategy.py
[2026-09-23T20:53:28.047+0000] {processor.py:927} WARNING - No viable dags retrieved from /home/airflow/.local/lib/python3.12/site-packages/airflow/example_dags/plugins/decreasing_priority_weight_strategy.py
[2026-09-23T20:53:28.062+0000] {processor.py:208} INFO - Processing /home/airflow/.local/lib/python3.12/site-packages/airflow/example_dags/plugins/decreasing_priority_weight_strategy.py took 0.032 seconds
[2026-09-23T20:53:58.314+0000] {processor.py:186} INFO - Started process (PID=35382) to work on /home/airflow/.local/lib/python3.12/site-packages/airflow/example_dags/plugins/decreasing_priority_weight_strategy.py
[2026-09-23T20:53:58.317+0000] {processor.py:914} INFO - Processing file /home/airflow/.local/lib/python3.12/site-packages/airflow/example_dags/plugins/decreasing_priority_weight_strategy.py for tasks to queue
[2026-09-23T20:53:58.322+0000] {logging_mixin.py:190} INFO - [2026-09-23T20:53:58.321+0000] {dagbag.py:588} INFO - Filling up the DagBag from /home/airflow/.local/lib/python3.12/site-packages/airflow/example_dags/plugins/decreasing_priority_weight_strategy.py
[2026-09-23T20:53:58.328+0000] {processor.py:927} WARNING - No viable dags retrieved from /home/airflow/.local/lib/python3.12/site-packages/airflow/example_dags/plugins/decreasing_priority_weight_strategy.py
[2026-09-23T20:53:58.349+0000] {processor.py:208} INFO - Processing /home/airflow/.local/lib/python3.12/site-packages/airflow/example_dags/plugins/decreasing_priority_weight_strategy.py took 0.046 seconds
[2026-09-23T20:54:29.864+0000] {processor.py:186} INFO - Started process (PID=35456) to work on /home/airflow/.local/lib/python3.12/site-packages/airflow/example_dags/plugins/decreasing_priority_weight_strategy.py
[2026-09-23T20:54:29.866+0000] {processor.py:914} INFO - Processing file /home/airflow/.local/lib/python3.12/site-packages/airflow/example_dags/plugins/decreasing_priority_weight_strategy.py for tasks to queue
[2026-09-23T20:54:29.872+0000] {logging_mixin.py:190} INFO - [2026-09-23T20:54:29.872+0000] {dagbag.py:588} INFO - Filling up the DagBag from /home/airflow/.local/lib/python3.12/site-packages/airflow/example_dags/plugins/decreasing_priority_weight_strategy.py
[2026-09-23T20:54:29.877+0000] {processor.py:927} WARNING - No viable dags retrieved from /home/airflow/.local/lib/python3.12/site-packages/airflow/example_dags/plugins/decreasing_priority_weight_strategy.py
[2026-09-23T20:54:29.900+0000] {processor.py:208} INFO - Processing /home/airflow/.local/lib/python3.12/site-packages/airflow/example_dags/plugins/decreasing_priority_weight_strategy.py took 0.052 seconds
[2026-09-23T20:55:00.317+0000] {processor.py:186} INFO - Started process (PID=35529) to work on /home/airflow/.local/lib/python3.12/site-packages/airflow/example_dags/plugins/decreasing_priority_weight_strategy.py
[2026-09-23T20:55:00.320+0000] {processor.py:914} INFO - Processing file /home/airflow/.local/lib/python3.12/site-packages/airflow/example_dags/plugins/decreasing_priority_weight_strategy.py for tasks to queue
[2026-09-23T20:55:00.330+0000] {logging_mixin.py:190} INFO - [2026-09-23T20:55:00.329+0000] {dagbag.py:588} INFO - Filling up the DagBag from /home/airflow/.local/lib/python3.12/site-packages/airflow/example_dags/plugins/decreasing_priority_weight_strategy.py
[2026-09-23T20:55:00.338+0000] {processor.py:927} WARNING - No viable dags retrieved from /home/airflow/.local/lib/python3.12/site-packages/airflow/example_dags/plugins/decreasing_priority_weight_strategy.py
[2026-09-23T20:55:00.395+0000] {processor.py:208} INFO - Processing /home/airflow/.local/lib/python3.12/site-packages/airflow/example_dags/plugins/decreasing_priority_weight_strategy.py took 0.117 seconds
[2026-09-23T20:55:30.955+0000] {processor.py:186} INFO - Started process (PID=35597) to work on /home/airflow/.local/lib/python3.12/site-packages/airflow/example_dags/plugins/decreasing_priority_weight_strategy.py
[2026-09-23T20:55:30.957+0000] {processor.py:914} INFO - Processing file /home/airflow/.local/lib/python3.12/site-packages/airflow/example_dags/plugins/decreasing_priority_weight_strategy.py for tasks to queue
[2026-09-23T20:55:30.960+0000] {logging_mixin.py:190} INFO - [2026-09-23T20:55:30.959+0000] {dagbag.py:588} INFO - Filling up the DagBag from /home/airflow/.local/lib/python3.12/site-packages/airflow/example_dags/plugins/decreasing_priority_weight_strategy.py
[2026-09-23T20:55:30.963+0000] {processor.py:927} WARNING - No viable dags retrieved from /home/airflow/.local/lib/python3.12/site-packages/airflow/example_dags/plugins/decreasing_priority_weight_strategy.py
[2026-09-23T20:55:30.981+0000] {processor.py:208} INFO - Processing /home/airflow/.local/lib/python3.12/site-packages/airflow/example_dags/plugins/decreasing_priority_weight_strategy.py took 0.035 seconds
[2026-09-23T20:56:01.235+0000] {processor.py:186} INFO - Started process (PID=35671) to work on /home/airflow/.local/lib/python3.12/site-packages/airflow/example_dags/plugins/decreasing_priority_weight_strategy.py
[2026-09-23T20:56:01.236+0000] {processor.py:914} INFO - Processing file /home/airflow/.local/lib/python3.12/site-packages/airflow/example_dags/plugins/decreasing_priority_weight_strategy.py for tasks to queue
[2026-09-23T20:56:01.242+0000] {logging_mixin.py:190} INFO - [2026-09-23T20:56:01.240+0000] {dagbag.py:588} INFO - Filling up the DagBag from /home/airflow/.local/lib/python3.12/site-packages/airflow/example_dags/plugins/decreasing_priority_weight_strategy.py
[2026-09-23T20:56:01.246+0000] {processor.py:927} WARNING - No viable dags retrieved from /home/airflow/.local/lib/python3.12/site-packages/airflow/example_dags/plugins/decreasing_priority_weight_strategy.py
[2026-09-23T20:56:01.274+0000] {processor.py:208} INFO - Processing /home/airflow/.local/lib/python3.12/site-packages/airflow/example_dags/plugins/decreasing_priority_weight_strategy.py took 0.051 seconds
[2026-09-23T20:56:33.041+0000] {processor.py:186} INFO - Started process (PID=35746) to work on /home/airflow/.local/lib/python3.12/site-packages/airflow/example_dags/plugins/decreasing_priority_weight_strategy.py
[2026-09-23T20:56:33.045+0000] {processor.py:914} INFO - Processing file /home/airflow/.local/lib/python3.12/site-packages/airflow/example_dags/plugins/decreasing_priority_weight_strategy.py for tasks to queue
[2026-09-23T20:56:33.055+0000] {logging_mixin.py:190} INFO - [2026-09-23T20:56:33.054+0000] {dagbag.py:588} INFO - Filling up the DagBag from /home/airflow/.local/lib/python3.12/site-packages/airflow/example_dags/plugins/decreasing_priority_weight_strategy.py
[2026-09-23T20:56:33.064+0000] {processor.py:927} WARNING - No viable dags retrieved from /home/airflow/.local/lib/python3.12/site-packages/airflow/example_dags/plugins/decreasing_priority_weight_strategy.py
[2026-09-23T20:56:33.105+0000] {processor.py:208} INFO - Processing /home/airflow/.local/lib/python3.12/site-packages/airflow/example_dags/plugins/decreasing_priority_weight_strategy.py took 0.091 seconds
[2026-09-23T20:57:04.586+0000] {processor.py:186} INFO - Started process (PID=35822) to work on /home/airflow/.local/lib/python3.12/site-packages/airflow/example_dags/plugins/decreasing_priority_weight_strategy.py
[2026-09-23T20:57:04.589+0000] {processor.py:914} INFO - Processing file /home/airflow/.local/lib/python3.12/site-packages/airflow/example_dags/plugins/decreasing_priority_weight_strategy.py for tasks to queue
[2026-09-23T20:57:04.603+0000] {logging_mixin.py:190} INFO - [2026-09-23T20:57:04.599+0000] {dagbag.py:588} INFO - Filling up the DagBag from /home/airflow/.local/lib/python3.12/site-packages/airflow/example_dags/plugins/decreasing_priority_weight_strategy.py
[2026-09-23T20:57:04.620+0000] {processor.py:927} WARNING - No viable dags retrieved from /home/airflow/.local/lib/python3.12/site-packages/airflow/example_dags/plugins/decreasing_priority_weight_strategy.py
[2026-09-23T20:57:04.668+0000] {processor.py:208} INFO - Processing /home/airflow/.local/lib/python3.12/site-packages/airflow/example_dags/plugins/decreasing_priority_weight_strategy.py took 0.094 seconds
[2026-09-23T20:57:35.253+0000] {processor.py:186} INFO - Started process (PID=35897) to work on /home/airflow/.local/lib/python3.12/site-packages/airflow/example_dags/plugins/decreasing_priority_weight_strategy.py
[2026-09-23T20:57:35.257+0000] {processor.py:914} INFO - Processing file /home/airflow/.local/lib/python3.12/site-packages/airflow/example_dags/plugins/decreasing_priority_weight_strategy.py for tasks to queue
[2026-09-23T20:57:35.266+0000] {logging_mixin.py:190} INFO - [2026-09-23T20:57:35.263+0000] {dagbag.py:588} INFO - Filling up the DagBag from /home/airflow/.local/lib/python3.12/site-packages/airflow/example_dags/plugins/decreasing_priority_weight_strategy.py
[2026-09-23T20:57:35.272+0000] {processor.py:927} WARNING - No viable dags retrieved from /home/airflow/.local/lib/python3.12/site-packages/airflow/example_dags/plugins/decreasing_priority_weight_strategy.py
[2026-09-23T20:57:35.302+0000] {processor.py:208} INFO - Processing /home/airflow/.local/lib/python3.12/site-packages/airflow/example_dags/plugins/decreasing_priority_weight_strategy.py took 0.063 seconds
[2026-09-23T20:58:05.459+0000] {processor.py:186} INFO - Started process (PID=35963) to work on /home/airflow/.local/lib/python3.12/site-packages/airflow/example_dags/plugins/decreasing_priority_weight_strategy.py
[2026-09-23T20:58:05.460+0000] {processor.py:914} INFO - Processing file /home/airflow/.local/lib/python3.12/site-packages/airflow/example_dags/plugins/decreasing_priority_weight_strategy.py for tasks to queue
[2026-09-23T20:58:05.463+0000] {logging_mixin.py:190} INFO - [2026-09-23T20:58:05.463+0000] {dagbag.py:588} INFO - Filling up the DagBag from /home/airflow/.local/lib/python3.12/site-packages/airflow/example_dags/plugins/decreasing_priority_weight_strategy.py
[2026-09-23T20:58:05.466+0000] {processor.py:927} WARNING - No viable dags retrieved from /home/airflow/.local/lib/python3.12/site-packages/airflow/example_dags/plugins/decreasing_priority_weight_strategy.py
[2026-09-23T20:58:05.482+0000] {processor.py:208} INFO - Processing /home/airflow/.local/lib/python3.12/site-packages/airflow/example_dags/plugins/decreasing_priority_weight_strategy.py took 0.032 seconds
[2026-09-23T20:58:36.640+0000] {processor.py:186} INFO - Started process (PID=36037) to work on /home/airflow/.local/lib/python3.12/site-packages/airflow/example_dags/plugins/decreasing_priority_weight_strategy.py
[2026-09-23T20:58:36.642+0000] {processor.py:914} INFO - Processing file /home/airflow/.local/lib/python3.12/site-packages/airflow/example_dags/plugins/decreasing_priority_weight_strategy.py for tasks to queue
[2026-09-23T20:58:36.646+0000] {logging_mixin.py:190} INFO - [2026-09-23T20:58:36.645+0000] {dagbag.py:588} INFO - Filling up the DagBag from /home/airflow/.local/lib/python3.12/site-packages/airflow/example_dags/plugins/decreasing_priority_weight_strategy.py
[2026-09-23T20:58:36.653+0000] {processor.py:927} WARNING - No viable dags retrieved from /home/airflow/.local/lib/python3.12/site-packages/airflow/example_dags/plugins/decreasing_priority_weight_strategy.py
[2026-09-23T20:58:36.678+0000] {processor.py:208} INFO - Processing /home/airflow/.local/lib/python3.12/site-packages/airflow/example_dags/plugins/decreasing_priority_weight_strategy.py took 0.048 seconds
[2026-09-23T20:59:08.254+0000] {processor.py:186} INFO - Started process (PID=36112) to work on /home/airflow/.local/lib/python3.12/site-packages/airflow/example_dags/plugins/decreasing_priority_weight_strategy.py
[2026-09-23T20:59:08.255+0000] {processor.py:914} INFO - Processing file /home/airflow/.local/lib/python3.12/site-packages/airflow/example_dags/plugins/decreasing_priority_weight_strategy.py for tasks to queue
[2026-09-23T20:59:08.261+0000] {logging_mixin.py:190} INFO - [2026-09-23T20:59:08.259+0000] {dagbag.py:588} INFO - Filling up the DagBag from /home/airflow/.local/lib/python3.12/site-packages/airflow/example_dags/plugins/decreasing_priority_weight_strategy.py
[2026-09-23T20:59:08.266+0000] {processor.py:927} WARNING - No viable dags retrieved from /home/airflow/.local/lib/python3.12/site-packages/airflow/example_dags/plugins/decreasing_priority_weight_strategy.py
[2026-09-23T20:59:08.295+0000] {processor.py:208} INFO - Processing /home/airflow/.local/lib/python3.12/site-packages/airflow/example_dags/plugins/decreasing_priority_weight_strategy.py took 0.057 seconds
[2026-09-23T20:59:39.622+0000] {processor.py:186} INFO - Started process (PID=36189) to work on /home/airflow/.local/lib/python3.12/site-packages/airflow/example_dags/plugins/decreasing_priority_weight_strategy.py
[2026-09-23T20:59:39.624+0000] {processor.py:914} INFO - Processing file /home/airflow/.local/lib/python3.12/site-packages/airflow/example_dags/plugins/decreasing_priority_weight_strategy.py for tasks to queue
[2026-09-23T20:59:39.628+0000] {logging_mixin.py:190} INFO - [2026-09-23T20:59:39.628+0000] {dagbag.py:588} INFO - Filling up the DagBag from /home/airflow/.local/lib/python3.12/site-packages/airflow/example_dags/plugins/decreasing_priority_weight_strategy.py
[2026-09-23T20:59:39.632+0000] {processor.py:927} WARNING - No viable dags retrieved from /home/airflow/.local/lib/python3.12/site-packages/airflow/example_dags/plugins/decreasing_priority_weight_strategy.py
[2026-09-23T20:59:39.649+0000] {processor.py:208} INFO - Processing /home/airflow/.local/lib/python3.12/site-packages/airflow/example_dags/plugins/decreasing_priority_weight_strategy.py took 0.036 seconds
[2026-09-23T21:00:09.937+0000] {processor.py:186} INFO - Started process (PID=36262) to work on /home/airflow/.local/lib/python3.12/site-packages/airflow/example_dags/plugins/decreasing_priority_weight_strategy.py
[2026-09-23T21:00:09.938+0000] {processor.py:914} INFO - Processing file /home/airflow/.local/lib/python3.12/site-packages/airflow/example_dags/plugins/decreasing_priority_weight_strategy.py for tasks to queue
[2026-09-23T21:00:09.942+0000] {logging_mixin.py:190} INFO - [2026-09-23T21:00:09.941+0000] {dagbag.py:588} INFO - Filling up the DagBag from /home/airflow/.local/lib/python3.12/site-packages/airflow/example_dags/plugins/decreasing_priority_weight_strategy.py
[2026-09-23T21:00:09.949+0000] {processor.py:927} WARNING - No viable dags retrieved from /home/airflow/.local/lib/python3.12/site-packages/airflow/example_dags/plugins/decreasing_priority_weight_strategy.py
[2026-09-23T21:00:10.002+0000] {processor.py:208} INFO - Processing /home/airflow/.local/lib/python3.12/site-packages/airflow/example_dags/plugins/decreasing_priority_weight_strategy.py took 0.077 seconds
[2026-09-23T21:00:40.814+0000] {processor.py:186} INFO - Started process (PID=36336) to work on /home/airflow/.local/lib/python3.12/site-packages/airflow/example_dags/plugins/decreasing_priority_weight_strategy.py
[2026-09-23T21:00:40.816+0000] {processor.py:914} INFO - Processing file /home/airflow/.local/lib/python3.12/site-packages/airflow/example_dags/plugins/decreasing_priority_weight_strategy.py for tasks to queue
[2026-09-23T21:00:40.820+0000] {logging_mixin.py:190} INFO - [2026-09-23T21:00:40.819+0000] {dagbag.py:588} INFO - Filling up the DagBag from /home/airflow/.local/lib/python3.12/site-packages/airflow/example_dags/plugins/decreasing_priority_weight_strategy.py
[2026-09-23T21:00:40.824+0000] {processor.py:927} WARNING - No viable dags retrieved from /home/airflow/.local/lib/python3.12/site-packages/airflow/example_dags/plugins/decreasing_priority_weight_strategy.py
[2026-09-23T21:00:40.851+0000] {processor.py:208} INFO - Processing /home/airflow/.local/lib/python3.12/site-packages/airflow/example_dags/plugins/decreasing_priority_weight_strategy.py took 0.047 seconds
[2026-09-23T21:01:11.064+0000] {processor.py:186} INFO - Started process (PID=36410) to work on /home/airflow/.local/lib/python3.12/site-packages/airflow/example_dags/plugins/decreasing_priority_weight_strategy.py
[2026-09-23T21:01:11.065+0000] {processor.py:914} INFO - Processing file /home/airflow/.local/lib/python3.12/site-packages/airflow/example_dags/plugins/decreasing_priority_weight_strategy.py for tasks to queue
[2026-09-23T21:01:11.067+0000] {logging_mixin.py:190} INFO - [2026-09-23T21:01:11.067+0000] {dagbag.py:588} INFO - Filling up the DagBag from /home/airflow/.local/lib/python3.12/site-packages/airflow/example_dags/plugins/decreasing_priority_weight_strategy.py
[2026-09-23T21:01:11.070+0000] {processor.py:927} WARNING - No viable dags retrieved from /home/airflow/.local/lib/python3.12/site-packages/airflow/example_dags/plugins/decreasing_priority_weight_strategy.py
[2026-09-23T21:01:11.089+0000] {processor.py:208} INFO - Processing /home/airflow/.local/lib/python3.12/site-packages/airflow/example_dags/plugins/decreasing_priority_weight_strategy.py took 0.034 seconds
[2026-09-23T21:01:41.925+0000] {processor.py:186} INFO - Started process (PID=36484) to work on /home/airflow/.local/lib/python3.12/site-packages/airflow/example_dags/plugins/decreasing_priority_weight_strategy.py
[2026-09-23T21:01:41.927+0000] {processor.py:914} INFO - Processing file /home/airflow/.local/lib/python3.12/site-packages/airflow/example_dags/plugins/decreasing_priority_weight_strategy.py for tasks to queue
[2026-09-23T21:01:41.931+0000] {logging_mixin.py:190} INFO - [2026-09-23T21:01:41.930+0000] {dagbag.py:588} INFO - Filling up the DagBag from /home/airflow/.local/lib/python3.12/site-packages/airflow/example_dags/plugins/decreasing_priority_weight_strategy.py
[2026-09-23T21:01:41.935+0000] {processor.py:927} WARNING - No viable dags retrieved from /home/airflow/.local/lib/python3.12/site-packages/airflow/example_dags/plugins/decreasing_priority_weight_strategy.py
[2026-09-23T21:01:41.968+0000] {processor.py:208} INFO - Processing /home/airflow/.local/lib/python3.12/site-packages/airflow/example_dags/plugins/decreasing_priority_weight_strategy.py took 0.058 seconds
[2026-09-23T21:02:13.315+0000] {processor.py:186} INFO - Started process (PID=36561) to work on /home/airflow/.local/lib/python3.12/site-packages/airflow/example_dags/plugins/decreasing_priority_weight_strategy.py
[2026-09-23T21:02:13.318+0000] {processor.py:914} INFO - Processing file /home/airflow/.local/lib/python3.12/site-packages/airflow/example_dags/plugins/decreasing_priority_weight_strategy.py for tasks to queue
[2026-09-23T21:02:13.321+0000] {logging_mixin.py:190} INFO - [2026-09-23T21:02:13.320+0000] {dagbag.py:588} INFO - Filling up the DagBag from /home/airflow/.local/lib/python3.12/site-packages/airflow/example_dags/plugins/decreasing_priority_weight_strategy.py
[2026-09-23T21:02:13.332+0000] {processor.py:927} WARNING - No viable dags retrieved from /home/airflow/.local/lib/python3.12/site-packages/airflow/example_dags/plugins/decreasing_priority_weight_strategy.py
[2026-09-23T21:02:13.368+0000] {processor.py:208} INFO - Processing /home/airflow/.local/lib/python3.12/site-packages/airflow/example_dags/plugins/decreasing_priority_weight_strategy.py took 0.066 seconds
[2026-09-23T21:02:43.976+0000] {processor.py:186} INFO - Started process (PID=36635) to work on /home/airflow/.local/lib/python3.12/site-packages/airflow/example_dags/plugins/decreasing_priority_weight_strategy.py
[2026-09-23T21:02:43.978+0000] {processor.py:914} INFO - Processing file /home/airflow/.local/lib/python3.12/site-packages/airflow/example_dags/plugins/decreasing_priority_weight_strategy.py for tasks to queue
[2026-09-23T21:02:43.982+0000] {logging_mixin.py:190} INFO - [2026-09-23T21:02:43.981+0000] {dagbag.py:588} INFO - Filling up the DagBag from /home/airflow/.local/lib/python3.12/site-packages/airflow/example_dags/plugins/decreasing_priority_weight_strategy.py
[2026-09-23T21:02:43.986+0000] {processor.py:927} WARNING - No viable dags retrieved from /home/airflow/.local/lib/python3.12/site-packages/airflow/example_dags/plugins/decreasing_priority_weight_strategy.py
[2026-09-23T21:02:44.011+0000] {processor.py:208} INFO - Processing /home/airflow/.local/lib/python3.12/site-packages/airflow/example_dags/plugins/decreasing_priority_weight_strategy.py took 0.048 seconds
[2026-09-23T21:03:15.098+0000] {processor.py:186} INFO - Started process (PID=36709) to work on /home/airflow/.local/lib/python3.12/site-packages/airflow/example_dags/plugins/decreasing_priority_weight_strategy.py
[2026-09-23T21:03:15.100+0000] {processor.py:914} INFO - Processing file /home/airflow/.local/lib/python3.12/site-packages/airflow/example_dags/plugins/decreasing_priority_weight_strategy.py for tasks to queue
[2026-09-23T21:03:15.105+0000] {logging_mixin.py:190} INFO - [2026-09-23T21:03:15.105+0000] {dagbag.py:588} INFO - Filling up the DagBag from /home/airflow/.local/lib/python3.12/site-packages/airflow/example_dags/plugins/decreasing_priority_weight_strategy.py
[2026-09-23T21:03:15.108+0000] {processor.py:927} WARNING - No viable dags retrieved from /home/airflow/.local/lib/python3.12/site-packages/airflow/example_dags/plugins/decreasing_priority_weight_strategy.py
[2026-09-23T21:03:15.134+0000] {processor.py:208} INFO - Processing /home/airflow/.local/lib/python3.12/site-packages/airflow/example_dags/plugins/decreasing_priority_weight_strategy.py took 0.047 seconds
[2026-09-23T21:03:45.993+0000] {processor.py:186} INFO - Started process (PID=36777) to work on /home/airflow/.local/lib/python3.12/site-packages/airflow/example_dags/plugins/decreasing_priority_weight_strategy.py
[2026-09-23T21:03:45.995+0000] {processor.py:914} INFO - Processing file /home/airflow/.local/lib/python3.12/site-packages/airflow/example_dags/plugins/decreasing_priority_weight_strategy.py for tasks to queue
[2026-09-23T21:03:45.998+0000] {logging_mixin.py:190} INFO - [2026-09-23T21:03:45.998+0000] {dagbag.py:588} INFO - Filling up the DagBag from /home/airflow/.local/lib/python3.12/site-packages/airflow/example_dags/plugins/decreasing_priority_weight_strategy.py
[2026-09-23T21:03:46.002+0000] {processor.py:927} WARNING - No viable dags retrieved from /home/airflow/.local/lib/python3.12/site-packages/airflow/example_dags/plugins/decreasing_priority_weight_strategy.py
[2026-09-23T21:03:46.018+0000] {processor.py:208} INFO - Processing /home/airflow/.local/lib/python3.12/site-packages/airflow/example_dags/plugins/decreasing_priority_weight_strategy.py took 0.034 seconds
[2026-09-23T21:04:17.838+0000] {processor.py:186} INFO - Started process (PID=36853) to work on /home/airflow/.local/lib/python3.12/site-packages/airflow/example_dags/plugins/decreasing_priority_weight_strategy.py
[2026-09-23T21:04:17.840+0000] {processor.py:914} INFO - Processing file /home/airflow/.local/lib/python3.12/site-packages/airflow/example_dags/plugins/decreasing_priority_weight_strategy.py for tasks to queue
[2026-09-23T21:04:17.843+0000] {logging_mixin.py:190} INFO - [2026-09-23T21:04:17.843+0000] {dagbag.py:588} INFO - Filling up the DagBag from /home/airflow/.local/lib/python3.12/site-packages/airflow/example_dags/plugins/decreasing_priority_weight_strategy.py
[2026-09-23T21:04:17.848+0000] {processor.py:927} WARNING - No viable dags retrieved from /home/airflow/.local/lib/python3.12/site-packages/airflow/example_dags/plugins/decreasing_priority_weight_strategy.py
[2026-09-23T21:04:17.863+0000] {processor.py:208} INFO - Processing /home/airflow/.local/lib/python3.12/site-packages/airflow/example_dags/plugins/decreasing_priority_weight_strategy.py took 0.034 seconds
[2026-09-23T21:04:49.652+0000] {processor.py:186} INFO - Started process (PID=36928) to work on /home/airflow/.local/lib/python3.12/site-packages/airflow/example_dags/plugins/decreasing_priority_weight_strategy.py
[2026-09-23T21:04:49.658+0000] {processor.py:914} INFO - Processing file /home/airflow/.local/lib/python3.12/site-packages/airflow/example_dags/plugins/decreasing_priority_weight_strategy.py for tasks to queue
[2026-09-23T21:04:49.662+0000] {logging_mixin.py:190} INFO - [2026-09-23T21:04:49.661+0000] {dagbag.py:588} INFO - Filling up the DagBag from /home/airflow/.local/lib/python3.12/site-packages/airflow/example_dags/plugins/decreasing_priority_weight_strategy.py
[2026-09-23T21:04:49.667+0000] {processor.py:927} WARNING - No viable dags retrieved from /home/airflow/.local/lib/python3.12/site-packages/airflow/example_dags/plugins/decreasing_priority_weight_strategy.py
[2026-09-23T21:04:49.715+0000] {processor.py:208} INFO - Processing /home/airflow/.local/lib/python3.12/site-packages/airflow/example_dags/plugins/decreasing_priority_weight_strategy.py took 0.081 seconds
[2026-09-23T21:05:20.983+0000] {processor.py:186} INFO - Started process (PID=37002) to work on /home/airflow/.local/lib/python3.12/site-packages/airflow/example_dags/plugins/decreasing_priority_weight_strategy.py
[2026-09-23T21:05:20.984+0000] {processor.py:914} INFO - Processing file /home/airflow/.local/lib/python3.12/site-packages/airflow/example_dags/plugins/decreasing_priority_weight_strategy.py for tasks to queue
[2026-09-23T21:05:20.991+0000] {logging_mixin.py:190} INFO - [2026-09-23T21:05:20.990+0000] {dagbag.py:588} INFO - Filling up the DagBag from /home/airflow/.local/lib/python3.12/site-packages/airflow/example_dags/plugins/decreasing_priority_weight_strategy.py
[2026-09-23T21:05:20.995+0000] {processor.py:927} WARNING - No viable dags retrieved from /home/airflow/.local/lib/python3.12/site-packages/airflow/example_dags/plugins/decreasing_priority_weight_strategy.py
[2026-09-23T21:05:21.018+0000] {processor.py:208} INFO - Processing /home/airflow/.local/lib/python3.12/site-packages/airflow/example_dags/plugins/decreasing_priority_weight_strategy.py took 0.052 seconds
