customer_id,avg_basket_30d,recency_days,nb_orders_90d,category_pref,week
6000,151.19,6.5,1,Mode,production_semaine_courante
6001,89.31,14.3,4,Maison,production_semaine_courante
6002,212.73,10.1,1,Sport,production_semaine_courante
6003,36.19,,1,Jardin,production_semaine_courante
6004,157.41,12.3,0,Maison,production_semaine_courante
6005,45.62,24.4,3,Maison,production_semaine_courante
6006,96.28,8.8,2,Maison,production_semaine_courante
6007,75.92,10.1,0,Electronique,production_semaine_courante
6008,82.31,16.6,0,Jardin,production_semaine_courante
6009,106.28,,1,Electronique,production_semaine_courante
6010,45.07,7.3,1,Mode,production_semaine_courante
6011,183.23,14.7,4,Electronique,production_semaine_courante
6012,33.25,0.4,0,Sport,production_semaine_courante
6013,10.4,8.6,2,Jardin,production_semaine_courante
6014,51.89,13.7,3,Electronique,production_semaine_courante
6015,121.12,,2,Maison,production_semaine_courante
6016,40.02,31.4,2,Electronique,production_semaine_courante
6017,98.5,4.9,0,Jardin,production_semaine_courante
6018,62.8,,1,Beaute,production_semaine_courante
6019,155.26,0.9,0,Livres,production_semaine_courante
6020,37.86,4.1,0,Sport,production_semaine_courante
6021,108.92,22.4,0,Jardin,production_semaine_courante
6022,51.76,2.0,0,Maison,production_semaine_courante
6023,42.4,4.5,1,Sport,production_semaine_courante
6024,78.27,,0,Livres,production_semaine_courante
6025,41.37,,2,Sport,production_semaine_courante
6026,37.55,,0,Mode,production_semaine_courante
6027,99.05,,3,Maison,production_semaine_courante
6028,180.55,20.8,0,Electronique,production_semaine_courante
6029,179.8,1.9,0,Maison,production_semaine_courante
6030,96.4,10.9,0,Beaute,production_semaine_courante
6031,80.08,8.8,7,Electronique,production_semaine_courante
6032,55.38,5.6,1,Beaute,production_semaine_courante
6033,15.68,26.9,3,Jardin,production_semaine_courante
6034,231.84,9.4,2,Maison,production_semaine_courante
6035,37.56,0.9,3,Mode,production_semaine_courante
6036,187.22,4.8,1,Jardin,production_semaine_courante
6037,46.11,3.9,1,Livres,production_semaine_courante
6038,27.94,32.8,1,Electronique,production_semaine_courante
6039,232.62,15.6,1,Maison,production_semaine_courante
6040,132.53,,3,Livres,production_semaine_courante
6041,73.23,10.6,1,Beaute,production_semaine_courante
6042,49.81,15.8,1,Beaute,production_semaine_courante
6043,20.74,21.1,1,Beaute,production_semaine_courante
6044,126.11,12.1,1,Jardin,production_semaine_courante
6045,54.54,41.8,1,Maison,production_semaine_courante
6046,220.27,56.5,1,Livres,production_semaine_courante
6047,55.11,80.5,1,Jardin,production_semaine_courante
6048,75.07,16.6,0,Maison,production_semaine_courante
6049,21.47,40.5,1,Jardin,production_semaine_courante
6050,149.33,,0,Mode,production_semaine_courante
6051,66.53,29.4,2,Mode,production_semaine_courante
6052,90.23,36.0,0,Jardin,production_semaine_courante
6053,68.78,35.2,0,Electronique,production_semaine_courante
6054,14.94,26.7,2,Mode,production_semaine_courante
6055,101.0,,0,Sport,production_semaine_courante
6056,117.95,2.6,1,Maison,production_semaine_courante
6057,90.21,6.1,2,Beaute,production_semaine_courante
6058,169.35,21.9,0,Mode,production_semaine_courante
6059,67.61,4.0,1,Electronique,production_semaine_courante
6060,16.32,9.8,0,Maison,production_semaine_courante
6061,66.7,12.5,3,Sport,production_semaine_courante
6062,63.5,13.9,1,Beaute,production_semaine_courante
6063,92.21,41.2,1,Beaute,production_semaine_courante
6064,29.48,16.2,1,Sport,production_semaine_courante
6065,262.66,23.1,0,Mode,production_semaine_courante
6066,70.51,13.1,4,Jardin,production_semaine_courante
6067,57.72,26.9,0,Electronique,production_semaine_courante
6068,99.39,4.6,1,Mode,production_semaine_courante
6069,47.97,3.5,0,Livres,production_semaine_courante
6070,33.56,39.1,0,Mode,production_semaine_courante
6071,16.59,17.7,0,Sport,production_semaine_courante
6072,80.94,16.7,1,Maison,production_semaine_courante
6073,107.64,9.4,0,Sport,production_semaine_courante
6074,23.45,,1,Maison,production_semaine_courante
6075,199.35,12.2,2,Jardin,production_semaine_courante
6076,36.24,1.9,1,Maison,production_semaine_courante
6077,50.21,9.1,1,Beaute,production_semaine_courante
6078,198.53,,2,Jardin,production_semaine_courante
6079,72.11,11.6,1,Beaute,production_semaine_courante
6080,109.32,15.1,1,Beaute,production_semaine_courante
6081,34.04,,1,Beaute,production_semaine_courante
6082,77.61,15.8,2,Sport,production_semaine_courante
6083,63.34,32.3,2,Jardin,production_semaine_courante
6084,7.36,12.2,0,Electronique,production_semaine_courante
6085,163.22,14.8,1,Jardin,production_semaine_courante
6086,128.04,1.1,1,Beaute,production_semaine_courante
6087,22.2,2.1,0,Jardin,production_semaine_courante
6088,85.0,,2,Electronique,production_semaine_courante
6089,50.23,,1,Jardin,production_semaine_courante
6090,61.44,24.1,2,Electronique,production_semaine_courante
6091,126.16,11.8,0,Livres,production_semaine_courante
6092,58.58,32.1,0,Maison,production_semaine_courante
6093,86.56,53.8,0,Livres,production_semaine_courante
6094,98.33,2.4,0,Beaute,production_semaine_courante
6095,58.54,7.5,1,Mode,production_semaine_courante
6096,108.4,16.4,2,Sport,production_semaine_courante
6097,125.06,5.5,1,Mode,production_semaine_courante
6098,134.05,4.7,1,Beaute,production_semaine_courante
6099,6.58,25.2,1,Livres,production_semaine_courante
6100,33.43,59.0,2,Electronique,production_semaine_courante
6101,35.97,22.3,0,Sport,production_semaine_courante
6102,59.85,11.1,0,Beaute,production_semaine_courante
6103,55.68,8.8,1,Mode,production_semaine_courante
6104,167.06,11.6,0,Jardin,production_semaine_courante
6105,10.76,9.3,2,Sport,production_semaine_courante
6106,155.82,10.5,2,Mode,production_semaine_courante
6107,27.5,,3,Electronique,production_semaine_courante
6108,54.63,35.1,1,Sport,production_semaine_courante
6109,43.8,21.1,0,Maison,production_semaine_courante
6110,60.16,17.1,1,Mode,production_semaine_courante
6111,21.76,44.9,1,Electronique,production_semaine_courante
6112,69.36,5.0,1,Beaute,production_semaine_courante
6113,46.25,1.3,1,Beaute,production_semaine_courante
6114,88.41,26.2,0,Electronique,production_semaine_courante
6115,118.79,96.7,2,Beaute,production_semaine_courante
6116,41.61,13.0,2,Jardin,production_semaine_courante
6117,277.87,,1,Jardin,production_semaine_courante
6118,41.2,22.7,0,Jardin,production_semaine_courante
6119,16.55,1.1,1,Jardin,production_semaine_courante
6120,137.23,11.6,0,Mode,production_semaine_courante
6121,119.18,4.9,2,Mode,production_semaine_courante
6122,163.77,37.0,0,Maison,production_semaine_courante
6123,114.03,9.0,2,Beaute,production_semaine_courante
6124,56.41,34.3,0,Jardin,production_semaine_courante
6125,67.49,5.3,2,Mode,production_semaine_courante
6126,13.07,7.3,1,Sport,production_semaine_courante
6127,129.55,44.1,1,Beaute,production_semaine_courante
6128,48.93,3.4,1,Maison,production_semaine_courante
6129,183.56,13.0,0,Sport,production_semaine_courante
6130,51.64,,2,Mode,production_semaine_courante
6131,52.91,22.3,2,Jardin,production_semaine_courante
6132,44.62,2.1,0,Sport,production_semaine_courante
6133,115.14,8.6,0,Sport,production_semaine_courante
6134,18.69,18.0,0,Mode,production_semaine_courante
6135,40.29,7.8,0,Sport,production_semaine_courante
6136,186.8,,2,Mode,production_semaine_courante
6137,61.33,18.3,2,Mode,production_semaine_courante
6138,124.33,10.5,3,Mode,production_semaine_courante
6139,70.89,0.2,0,Electronique,production_semaine_courante
6140,168.4,,2,Beaute,production_semaine_courante
6141,80.09,37.9,1,Maison,production_semaine_courante
6142,397.31,1.8,1,Jardin,production_semaine_courante
6143,54.96,,0,Electronique,production_semaine_courante
6144,168.69,19.6,0,Electronique,production_semaine_courante
6145,8.76,1.1,1,Jardin,production_semaine_courante
6146,67.99,0.3,2,Electronique,production_semaine_courante
6147,22.85,9.4,1,Electronique,production_semaine_courante
6148,118.76,23.5,1,Mode,production_semaine_courante
6149,194.58,2.6,0,Jardin,production_semaine_courante
6150,75.09,27.2,1,Jardin,production_semaine_courante
6151,100.8,16.0,5,Maison,production_semaine_courante
6152,120.02,6.1,1,Livres,production_semaine_courante
6153,110.77,10.9,3,Sport,production_semaine_courante
6154,37.03,,1,Jardin,production_semaine_courante
6155,81.46,3.7,1,Electronique,production_semaine_courante
6156,99.91,10.4,1,Jardin,production_semaine_courante
6157,25.7,14.7,0,Mode,production_semaine_courante
6158,84.85,2.2,1,Maison,production_semaine_courante
6159,128.4,0.7,0,Mode,production_semaine_courante
6160,107.45,0.2,3,Livres,production_semaine_courante
6161,45.63,5.9,1,Livres,production_semaine_courante
6162,202.97,1.2,1,Sport,production_semaine_courante
6163,94.26,24.4,1,Livres,production_semaine_courante
6164,13.26,88.8,1,Beaute,production_semaine_courante
6165,152.19,,2,Jardin,production_semaine_courante
6166,41.78,8.5,0,Mode,production_semaine_courante
6167,47.28,0.4,1,Maison,production_semaine_courante
6168,44.0,2.2,1,Mode,production_semaine_courante
6169,28.51,5.8,1,Maison,production_semaine_courante
6170,183.62,7.5,1,Livres,production_semaine_courante
6171,82.01,42.1,1,Livres,production_semaine_courante
6172,57.79,7.6,1,Livres,production_semaine_courante
6173,26.02,10.3,0,Maison,production_semaine_courante
6174,139.6,4.2,0,Livres,production_semaine_courante
6175,126.76,,1,Maison,production_semaine_courante
6176,140.02,34.4,1,Jardin,production_semaine_courante
6177,128.29,1.3,2,Maison,production_semaine_courante
6178,75.08,50.0,1,Beaute,production_semaine_courante
6179,98.15,2.1,1,Jardin,production_semaine_courante
6180,160.89,13.9,1,Jardin,production_semaine_courante
6181,130.28,,1,Maison,production_semaine_courante
6182,112.17,2.2,2,Maison,production_semaine_courante
6183,133.69,8.3,0,Maison,production_semaine_courante
6184,33.51,22.7,1,Maison,production_semaine_courante
6185,31.79,0.5,0,Livres,production_semaine_courante
6186,82.92,17.6,0,Jardin,production_semaine_courante
6187,42.98,1.3,2,Electronique,production_semaine_courante
6188,142.26,4.0,2,Beaute,production_semaine_courante
6189,58.86,2.6,1,Jardin,production_semaine_courante
6190,35.88,35.7,1,Electronique,production_semaine_courante
6191,198.35,3.0,0,Sport,production_semaine_courante
6192,32.5,0.6,1,Jardin,production_semaine_courante
6193,61.02,13.3,2,Jardin,production_semaine_courante
6194,108.45,6.4,0,Sport,production_semaine_courante
6195,25.44,,1,Electronique,production_semaine_courante
6196,22.63,1.9,1,Electronique,production_semaine_courante
6197,246.43,20.7,3,Beaute,production_semaine_courante
6198,64.16,13.8,1,Electronique,production_semaine_courante
6199,75.27,6.8,0,Electronique,production_semaine_courante
6200,102.41,2.8,2,Jardin,production_semaine_courante
6201,52.74,13.5,0,Jardin,production_semaine_courante
6202,79.11,22.6,3,Jardin,production_semaine_courante
6203,12.07,5.6,3,Electronique,production_semaine_courante
6204,111.57,,0,Mode,production_semaine_courante
6205,86.79,3.6,1,Jardin,production_semaine_courante
6206,129.5,17.2,1,Livres,production_semaine_courante
6207,50.27,67.8,0,Jardin,production_semaine_courante
6208,138.1,0.2,1,Jardin,production_semaine_courante
6209,19.19,5.5,2,Jardin,production_semaine_courante
6210,28.02,1.0,1,Sport,production_semaine_courante
6211,53.35,5.7,4,Maison,production_semaine_courante
6212,59.86,,4,Beaute,production_semaine_courante
6213,71.65,38.0,0,Beaute,production_semaine_courante
6214,94.94,1.3,2,Maison,production_semaine_courante
6215,22.29,22.5,3,Jardin,production_semaine_courante
6216,94.24,7.6,2,Electronique,production_semaine_courante
6217,109.9,25.0,3,Jardin,production_semaine_courante
6218,129.23,10.8,1,Electronique,production_semaine_courante
6219,26.62,0.6,2,Sport,production_semaine_courante
6220,38.36,43.8,1,Jardin,production_semaine_courante
6221,115.59,,1,Electronique,production_semaine_courante
6222,57.03,13.7,2,Sport,production_semaine_courante
6223,75.74,31.5,0,Mode,production_semaine_courante
6224,52.23,1.2,1,Jardin,production_semaine_courante
6225,33.57,12.1,1,Jardin,production_semaine_courante
6226,89.09,26.1,1,Jardin,production_semaine_courante
6227,99.95,64.4,1,Jardin,production_semaine_courante
6228,40.81,19.3,3,Livres,production_semaine_courante
6229,31.89,4.9,2,Mode,production_semaine_courante
6230,53.22,18.0,1,Maison,production_semaine_courante
6231,41.78,18.4,3,Sport,production_semaine_courante
6232,9.79,18.1,1,Beaute,production_semaine_courante
6233,79.27,28.9,0,Jardin,production_semaine_courante
6234,117.03,1.4,0,Mode,production_semaine_courante
6235,36.81,1.7,2,Electronique,production_semaine_courante
6236,157.66,15.4,1,Sport,production_semaine_courante
6237,119.8,46.1,3,Mode,production_semaine_courante
6238,41.75,9.4,2,Livres,production_semaine_courante
6239,19.6,48.5,1,Beaute,production_semaine_courante
6240,48.61,41.7,0,Livres,production_semaine_courante
6241,44.01,35.0,1,Electronique,production_semaine_courante
6242,35.45,36.1,1,Jardin,production_semaine_courante
6243,58.97,34.3,1,Electronique,production_semaine_courante
6244,32.06,25.7,1,Maison,production_semaine_courante
6245,74.82,,2,Livres,production_semaine_courante
6246,105.91,0.4,0,Electronique,production_semaine_courante
6247,28.96,2.1,0,Electronique,production_semaine_courante
6248,54.8,2.2,1,Electronique,production_semaine_courante
6249,7.33,0.4,0,Beaute,production_semaine_courante
6250,72.32,1.9,0,Jardin,production_semaine_courante
6251,76.84,37.8,1,Beaute,production_semaine_courante
6252,33.08,16.4,3,Beaute,production_semaine_courante
6253,90.99,5.6,2,Maison,production_semaine_courante
6254,16.68,23.7,2,Electronique,production_semaine_courante
6255,85.81,,1,Electronique,production_semaine_courante
6256,7.74,2.3,0,Jardin,production_semaine_courante
6257,100.73,32.4,1,Electronique,production_semaine_courante
6258,74.69,6.2,1,Jardin,production_semaine_courante
6259,23.25,18.0,1,Mode,production_semaine_courante
6260,90.66,5.1,2,Livres,production_semaine_courante
6261,31.39,,2,Jardin,production_semaine_courante
6262,66.5,25.4,4,Maison,production_semaine_courante
6263,187.52,2.6,2,Livres,production_semaine_courante
6264,172.96,56.7,0,Maison,production_semaine_courante
6265,97.04,1.1,0,Maison,production_semaine_courante
6266,147.94,11.5,1,Mode,production_semaine_courante
6267,9.03,37.2,3,Jardin,production_semaine_courante
6268,147.27,43.7,1,Mode,production_semaine_courante
6269,52.03,4.0,0,Mode,production_semaine_courante
6270,65.23,2.3,2,Jardin,production_semaine_courante
6271,48.96,19.3,1,Maison,production_semaine_courante
6272,63.31,0.6,0,Maison,production_semaine_courante
6273,45.43,10.0,1,Jardin,production_semaine_courante
6274,232.16,23.9,2,Maison,production_semaine_courante
6275,45.19,12.3,1,Maison,production_semaine_courante
6276,51.17,3.1,3,Jardin,production_semaine_courante
6277,24.8,10.0,0,Maison,production_semaine_courante
6278,107.98,38.1,3,Mode,production_semaine_courante
6279,123.86,14.4,2,Maison,production_semaine_courante
6280,92.4,19.2,1,Livres,production_semaine_courante
6281,50.37,6.1,1,Electronique,production_semaine_courante
6282,70.32,3.1,2,Maison,production_semaine_courante
6283,33.31,4.4,0,Maison,production_semaine_courante
6284,153.13,11.4,0,Mode,production_semaine_courante
6285,106.82,,2,Livres,production_semaine_courante
6286,36.6,11.7,0,Mode,production_semaine_courante
6287,54.24,18.5,3,Beaute,production_semaine_courante
6288,40.84,19.9,3,Sport,production_semaine_courante
6289,48.3,2.7,0,Mode,production_semaine_courante
6290,19.23,,2,Mode,production_semaine_courante
6291,77.81,16.8,2,Mode,production_semaine_courante
6292,53.44,0.2,1,Electronique,production_semaine_courante
6293,93.29,0.9,3,Beaute,production_semaine_courante
6294,16.63,,2,Livres,production_semaine_courante
6295,88.5,7.3,1,Mode,production_semaine_courante
6296,161.65,2.4,4,Beaute,production_semaine_courante
6297,96.62,0.7,0,Jardin,production_semaine_courante
6298,202.3,2.6,2,Electronique,production_semaine_courante
6299,39.97,47.4,0,Sport,production_semaine_courante
6300,6.24,,1,Livres,production_semaine_courante
6301,54.42,11.3,3,Electronique,production_semaine_courante
6302,133.51,,0,Jardin,production_semaine_courante
6303,39.61,14.5,2,Jardin,production_semaine_courante
6304,75.79,19.4,1,Electronique,production_semaine_courante
6305,102.62,5.0,2,Jardin,production_semaine_courante
6306,158.36,13.3,2,Maison,production_semaine_courante
6307,102.87,2.3,3,Electronique,production_semaine_courante
6308,101.46,7.8,2,Sport,production_semaine_courante
6309,95.26,0.5,0,Electronique,production_semaine_courante
6310,138.9,3.7,1,Sport,production_semaine_courante
6311,30.79,,1,Electronique,production_semaine_courante
6312,22.74,7.4,3,Livres,production_semaine_courante
6313,52.76,27.8,1,Sport,production_semaine_courante
6314,136.78,7.1,0,Sport,production_semaine_courante
6315,86.73,26.7,0,Mode,production_semaine_courante
6316,196.44,16.0,2,Maison,production_semaine_courante
6317,52.32,10.7,3,Mode,production_semaine_courante
6318,43.01,4.1,2,Livres,production_semaine_courante
6319,17.41,,0,Mode,production_semaine_courante
6320,111.11,0.8,0,Beaute,production_semaine_courante
6321,176.04,17.5,1,Mode,production_semaine_courante
6322,112.96,,2,Livres,production_semaine_courante
6323,64.66,,2,Sport,production_semaine_courante
6324,30.89,4.1,2,Maison,production_semaine_courante
6325,111.64,8.5,1,Livres,production_semaine_courante
6326,31.43,30.9,1,Maison,production_semaine_courante
6327,91.66,27.2,2,Jardin,production_semaine_courante
6328,66.49,,1,Livres,production_semaine_courante
6329,7.35,5.5,3,Sport,production_semaine_courante
6330,57.38,7.3,1,Jardin,production_semaine_courante
6331,66.41,0.3,3,Jardin,production_semaine_courante
6332,36.95,43.0,0,Sport,production_semaine_courante
6333,53.68,6.0,0,Electronique,production_semaine_courante
6334,61.2,7.8,1,Beaute,production_semaine_courante
6335,109.96,35.8,1,Maison,production_semaine_courante
6336,75.28,11.2,1,Sport,production_semaine_courante
6337,34.67,12.5,1,Beaute,production_semaine_courante
6338,148.34,2.9,2,Beaute,production_semaine_courante
6339,43.8,10.4,1,Livres,production_semaine_courante
6340,43.77,37.6,1,Livres,production_semaine_courante
6341,196.74,,0,Electronique,production_semaine_courante
6342,72.87,4.4,2,Mode,production_semaine_courante
6343,124.44,0.5,0,Beaute,production_semaine_courante
6344,64.79,6.1,0,Maison,production_semaine_courante
6345,34.23,12.8,1,Jardin,production_semaine_courante
6346,61.67,,0,Electronique,production_semaine_courante
6347,61.78,14.1,1,Mode,production_semaine_courante
6348,27.49,11.1,1,Beaute,production_semaine_courante
6349,51.64,22.9,0,Sport,production_semaine_courante
6350,45.47,,1,Mode,production_semaine_courante
6351,68.34,22.8,0,Maison,production_semaine_courante
6352,139.47,11.0,0,Electronique,production_semaine_courante
6353,49.51,6.9,1,Electronique,production_semaine_courante
6354,83.13,,2,Electronique,production_semaine_courante
6355,99.99,2.6,1,Beaute,production_semaine_courante
6356,178.39,11.7,0,Jardin,production_semaine_courante
6357,76.71,5.8,1,Mode,production_semaine_courante
6358,63.28,,0,Electronique,production_semaine_courante
6359,27.25,12.1,0,Livres,production_semaine_courante
6360,78.31,,0,Jardin,production_semaine_courante
6361,137.7,16.2,1,Electronique,production_semaine_courante
6362,55.14,15.1,0,Maison,production_semaine_courante
6363,262.45,22.0,0,Mode,production_semaine_courante
6364,55.59,1.4,0,Electronique,production_semaine_courante
6365,44.5,5.3,0,Beaute,production_semaine_courante
6366,53.86,15.8,1,Jardin,production_semaine_courante
6367,68.81,2.2,1,Livres,production_semaine_courante
6368,72.73,17.0,1,Jardin,production_semaine_courante
6369,62.47,0.9,0,Maison,production_semaine_courante
6370,21.84,6.1,0,Jardin,production_semaine_courante
6371,42.54,28.1,2,Mode,production_semaine_courante
6372,82.92,22.3,1,Electronique,production_semaine_courante
6373,77.95,15.5,0,Livres,production_semaine_courante
6374,94.99,30.7,1,Maison,production_semaine_courante
6375,121.96,18.5,1,Maison,production_semaine_courante
6376,15.72,11.0,4,Livres,production_semaine_courante
6377,34.52,58.5,0,Maison,production_semaine_courante
6378,88.93,,2,Beaute,production_semaine_courante
6379,148.9,13.8,1,Mode,production_semaine_courante
6380,173.49,7.9,0,Jardin,production_semaine_courante
6381,140.9,34.9,0,Maison,production_semaine_courante
6382,122.43,5.3,2,Sport,production_semaine_courante
6383,61.48,0.1,2,Electronique,production_semaine_courante
6384,98.39,3.3,1,Jardin,production_semaine_courante
6385,37.31,1.7,1,Beaute,production_semaine_courante
6386,67.6,5.8,0,Mode,production_semaine_courante
6387,107.82,26.2,3,Mode,production_semaine_courante
6388,106.79,15.8,1,Mode,production_semaine_courante
6389,35.03,2.8,2,Beaute,production_semaine_courante
6390,24.9,23.3,1,Sport,production_semaine_courante
6391,9.0,10.5,0,Mode,production_semaine_courante
6392,216.39,10.8,0,Livres,production_semaine_courante
6393,15.05,6.7,0,Jardin,production_semaine_courante
6394,88.56,30.0,2,Electronique,production_semaine_courante
6395,54.08,5.7,1,Maison,production_semaine_courante
6396,69.87,1.5,0,Beaute,production_semaine_courante
6397,33.72,5.4,1,Beaute,production_semaine_courante
6398,94.71,18.8,1,Electronique,production_semaine_courante
6399,93.48,16.1,3,Mode,production_semaine_courante
6400,173.2,3.1,0,Electronique,production_semaine_courante
6401,117.54,1.8,3,Beaute,production_semaine_courante
6402,71.42,16.2,3,Beaute,production_semaine_courante
6403,66.26,16.9,3,Mode,production_semaine_courante
6404,84.2,6.8,2,Maison,production_semaine_courante
6405,125.03,27.8,3,Maison,production_semaine_courante
6406,29.04,,0,Jardin,production_semaine_courante
6407,37.65,3.5,0,Mode,production_semaine_courante
6408,14.53,12.9,2,Sport,production_semaine_courante
6409,57.87,0.1,1,Jardin,production_semaine_courante
6410,20.75,,3,Jardin,production_semaine_courante
6411,70.46,8.0,1,Livres,production_semaine_courante
6412,161.86,,1,Mode,production_semaine_courante
6413,39.3,20.9,0,Jardin,production_semaine_courante
6414,135.21,25.0,0,Livres,production_semaine_courante
6415,107.93,1.8,2,Livres,production_semaine_courante
6416,54.09,0.6,0,Electronique,production_semaine_courante
6417,115.91,6.1,1,Electronique,production_semaine_courante
6418,92.59,14.8,0,Livres,production_semaine_courante
6419,7.28,23.7,2,Jardin,production_semaine_courante
6420,175.58,,2,Jardin,production_semaine_courante
6421,102.66,13.0,0,Jardin,production_semaine_courante
6422,100.74,,1,Sport,production_semaine_courante
6423,27.89,,1,Maison,production_semaine_courante
6424,70.22,14.2,2,Livres,production_semaine_courante
6425,190.61,10.9,0,Livres,production_semaine_courante
6426,65.63,31.9,2,Livres,production_semaine_courante
6427,32.5,4.0,1,Jardin,production_semaine_courante
6428,89.03,4.6,2,Maison,production_semaine_courante
6429,77.43,2.1,0,Electronique,production_semaine_courante
6430,70.01,25.7,0,Jardin,production_semaine_courante
6431,73.88,8.0,2,Mode,production_semaine_courante
6432,73.68,6.4,1,Livres,production_semaine_courante
6433,152.43,,1,Jardin,production_semaine_courante
6434,49.65,39.2,1,Maison,production_semaine_courante
6435,151.2,53.6,3,Jardin,production_semaine_courante
6436,25.71,,1,Maison,production_semaine_courante
6437,108.01,33.3,3,Jardin,production_semaine_courante
6438,102.8,6.0,2,Electronique,production_semaine_courante
6439,40.59,0.2,0,Livres,production_semaine_courante
6440,40.85,,1,Livres,production_semaine_courante
6441,123.85,10.7,2,Sport,production_semaine_courante
6442,53.35,1.7,2,Livres,production_semaine_courante
6443,122.85,,0,Jardin,production_semaine_courante
6444,84.74,25.7,1,Livres,production_semaine_courante
6445,48.02,7.1,0,Jardin,production_semaine_courante
6446,115.3,6.5,1,Maison,production_semaine_courante
6447,201.75,6.2,3,Sport,production_semaine_courante
6448,185.25,,1,Mode,production_semaine_courante
6449,45.65,0.7,0,Jardin,production_semaine_courante
6450,11.67,8.8,0,Electronique,production_semaine_courante
6451,156.43,4.6,1,Maison,production_semaine_courante
6452,109.54,33.6,1,Mode,production_semaine_courante
6453,82.62,1.5,1,Maison,production_semaine_courante
6454,64.58,8.0,0,Jardin,production_semaine_courante
6455,162.04,7.8,3,Maison,production_semaine_courante
6456,74.34,32.9,3,Jardin,production_semaine_courante
6457,74.3,3.6,2,Maison,production_semaine_courante
6458,81.24,,2,Jardin,production_semaine_courante
6459,101.05,2.2,0,Sport,production_semaine_courante
6460,210.72,46.2,1,Maison,production_semaine_courante
6461,65.68,13.5,1,Maison,production_semaine_courante
6462,4.34,14.8,0,Maison,production_semaine_courante
6463,316.76,8.5,0,Mode,production_semaine_courante
6464,80.92,,2,Mode,production_semaine_courante
6465,63.48,3.6,0,Mode,production_semaine_courante
6466,127.63,13.9,2,Maison,production_semaine_courante
6467,299.36,,1,Beaute,production_semaine_courante
6468,37.21,6.7,0,Maison,production_semaine_courante
6469,34.24,32.2,1,Livres,production_semaine_courante
6470,34.55,2.4,3,Jardin,production_semaine_courante
6471,125.37,41.3,1,Maison,production_semaine_courante
6472,85.98,,3,Sport,production_semaine_courante
6473,147.85,,2,Mode,production_semaine_courante
6474,58.26,9.3,4,Maison,production_semaine_courante
6475,45.91,19.0,2,Livres,production_semaine_courante
6476,43.19,19.1,0,Mode,production_semaine_courante
6477,43.73,9.8,0,Mode,production_semaine_courante
6478,51.03,11.1,0,Maison,production_semaine_courante
6479,136.25,0.5,1,Jardin,production_semaine_courante
6480,75.84,5.4,0,Beaute,production_semaine_courante
6481,69.88,6.4,1,Jardin,production_semaine_courante
6482,26.07,,0,Jardin,production_semaine_courante
6483,29.89,12.3,0,Mode,production_semaine_courante
6484,110.47,18.6,0,Electronique,production_semaine_courante
6485,62.82,18.9,1,Maison,production_semaine_courante
6486,198.25,4.0,1,Sport,production_semaine_courante
6487,22.86,,0,Sport,production_semaine_courante
6488,236.34,0.3,1,Electronique,production_semaine_courante
6489,25.23,18.9,0,Electronique,production_semaine_courante
6490,89.41,1.6,1,Electronique,production_semaine_courante
6491,6.79,19.6,1,Jardin,production_semaine_courante
6492,67.15,11.2,3,Jardin,production_semaine_courante
6493,35.11,,1,Electronique,production_semaine_courante
6494,64.33,,0,Mode,production_semaine_courante
6495,63.45,0.6,0,Electronique,production_semaine_courante
6496,26.18,3.8,1,Jardin,production_semaine_courante
6497,28.52,14.4,1,Jardin,production_semaine_courante
6498,104.74,28.2,6,Mode,production_semaine_courante
6499,66.34,7.2,2,Maison,production_semaine_courante
6500,50.35,4.5,1,Maison,production_semaine_courante
6501,64.14,11.0,1,Sport,production_semaine_courante
6502,61.85,14.6,0,Livres,production_semaine_courante
6503,27.64,8.2,0,Sport,production_semaine_courante
6504,6.39,31.4,1,Jardin,production_semaine_courante
6505,37.52,11.1,3,Electronique,production_semaine_courante
6506,158.99,0.5,0,Jardin,production_semaine_courante
6507,147.28,3.8,1,Maison,production_semaine_courante
6508,135.96,9.0,2,Maison,production_semaine_courante
6509,105.74,17.9,5,Livres,production_semaine_courante
6510,253.9,3.7,3,Jardin,production_semaine_courante
6511,104.46,56.1,1,Livres,production_semaine_courante
6512,69.93,5.8,0,Jardin,production_semaine_courante
6513,13.63,,2,Jardin,production_semaine_courante
6514,81.1,0.3,0,Maison,production_semaine_courante
6515,48.15,32.4,1,Jardin,production_semaine_courante
6516,64.66,23.3,0,Jardin,production_semaine_courante
6517,145.85,3.3,1,Sport,production_semaine_courante
6518,113.84,40.6,0,Sport,production_semaine_courante
6519,101.36,,1,Jardin,production_semaine_courante
6520,51.69,17.7,1,Jardin,production_semaine_courante
6521,90.39,25.6,0,Maison,production_semaine_courante
6522,310.28,20.3,3,Jardin,production_semaine_courante
6523,153.92,37.4,3,Jardin,production_semaine_courante
6524,43.14,30.0,3,Mode,production_semaine_courante
6525,70.85,78.4,1,Livres,production_semaine_courante
6526,84.07,3.0,2,Mode,production_semaine_courante
6527,61.76,5.5,2,Electronique,production_semaine_courante
6528,253.35,15.2,1,Beaute,production_semaine_courante
6529,67.01,19.8,1,Jardin,production_semaine_courante
6530,84.04,11.5,0,Electronique,production_semaine_courante
6531,139.24,1.2,0,Jardin,production_semaine_courante
6532,63.27,27.6,0,Sport,production_semaine_courante
6533,23.82,48.6,0,Jardin,production_semaine_courante
6534,37.21,7.8,3,Jardin,production_semaine_courante
6535,36.93,3.8,1,Jardin,production_semaine_courante
6536,64.68,,3,Jardin,production_semaine_courante
6537,78.01,4.1,3,Jardin,production_semaine_courante
6538,17.45,18.1,1,Mode,production_semaine_courante
6539,181.62,36.4,1,Maison,production_semaine_courante
6540,64.33,1.5,0,Mode,production_semaine_courante
6541,90.63,12.1,0,Livres,production_semaine_courante
6542,50.45,17.8,2,Mode,production_semaine_courante
6543,87.17,4.9,4,Mode,production_semaine_courante
6544,57.53,12.7,0,Jardin,production_semaine_courante
6545,52.78,18.8,2,Livres,production_semaine_courante
6546,16.08,27.3,3,Jardin,production_semaine_courante
6547,94.61,9.0,1,Electronique,production_semaine_courante
6548,35.81,20.7,2,Maison,production_semaine_courante
6549,26.8,,1,Mode,production_semaine_courante
6550,41.41,3.6,1,Electronique,production_semaine_courante
6551,35.02,3.1,0,Mode,production_semaine_courante
6552,7.66,6.7,0,Maison,production_semaine_courante
6553,158.36,0.5,1,Electronique,production_semaine_courante
6554,123.82,5.0,1,Beaute,production_semaine_courante
6555,56.57,15.8,1,Maison,production_semaine_courante
6556,109.41,15.7,3,Electronique,production_semaine_courante
6557,114.1,1.1,1,Livres,production_semaine_courante
6558,47.53,5.1,0,Livres,production_semaine_courante
6559,160.83,12.6,0,Jardin,production_semaine_courante
6560,28.44,,1,Sport,production_semaine_courante
6561,25.01,8.1,2,Jardin,production_semaine_courante
6562,145.53,18.7,1,Jardin,production_semaine_courante
6563,82.99,0.1,2,Beaute,production_semaine_courante
6564,34.64,,1,Maison,production_semaine_courante
6565,67.24,2.3,4,Electronique,production_semaine_courante
6566,62.63,2.0,1,Livres,production_semaine_courante
6567,57.29,47.9,1,Beaute,production_semaine_courante
6568,34.43,7.1,0,Jardin,production_semaine_courante
6569,34.07,11.2,1,Beaute,production_semaine_courante
6570,128.24,19.9,1,Jardin,production_semaine_courante
6571,53.06,0.7,2,Jardin,production_semaine_courante
6572,135.03,4.1,2,Jardin,production_semaine_courante
6573,13.47,26.8,1,Maison,production_semaine_courante
6574,115.58,29.7,1,Electronique,production_semaine_courante
6575,26.64,7.0,1,Jardin,production_semaine_courante
6576,215.53,7.0,4,Jardin,production_semaine_courante
6577,100.97,21.2,0,Mode,production_semaine_courante
6578,29.23,5.2,3,Jardin,production_semaine_courante
6579,115.34,1.9,0,Beaute,production_semaine_courante
6580,21.84,,1,Electronique,production_semaine_courante
6581,58.4,7.3,0,Sport,production_semaine_courante
6582,8.59,0.8,1,Jardin,production_semaine_courante
6583,15.71,9.8,1,Sport,production_semaine_courante
6584,42.82,20.2,2,Jardin,production_semaine_courante
6585,131.45,10.8,2,Electronique,production_semaine_courante
6586,15.76,1.1,2,Livres,production_semaine_courante
6587,130.0,8.7,1,Jardin,production_semaine_courante
6588,11.76,18.5,2,Sport,production_semaine_courante
6589,129.8,0.9,3,Maison,production_semaine_courante
6590,46.38,0.9,2,Beaute,production_semaine_courante
6591,32.53,6.9,1,Jardin,production_semaine_courante
6592,171.0,3.3,1,Mode,production_semaine_courante
6593,437.24,41.0,0,Maison,production_semaine_courante
6594,58.96,13.1,0,Mode,production_semaine_courante
6595,92.18,5.1,1,Sport,production_semaine_courante
6596,44.88,18.3,0,Sport,production_semaine_courante
6597,150.1,7.0,4,Jardin,production_semaine_courante
6598,96.6,2.1,2,Maison,production_semaine_courante
6599,103.24,4.1,1,Beaute,production_semaine_courante
6600,64.08,,2,Jardin,production_semaine_courante
6601,86.61,,0,Maison,production_semaine_courante
6602,64.04,4.8,0,Livres,production_semaine_courante
6603,60.96,3.5,3,Jardin,production_semaine_courante
6604,128.3,,0,Maison,production_semaine_courante
6605,98.88,17.2,1,Mode,production_semaine_courante
6606,43.49,26.2,4,Sport,production_semaine_courante
6607,128.65,18.9,3,Maison,production_semaine_courante
6608,92.59,15.6,4,Mode,production_semaine_courante
6609,90.84,37.2,0,Jardin,production_semaine_courante
6610,61.75,,1,Sport,production_semaine_courante
6611,23.67,,0,Jardin,production_semaine_courante
6612,121.31,8.0,0,Mode,production_semaine_courante
6613,161.98,7.0,2,Jardin,production_semaine_courante
6614,35.0,8.1,0,Jardin,production_semaine_courante
6615,47.58,3.5,2,Jardin,production_semaine_courante
6616,34.92,2.4,0,Maison,production_semaine_courante
6617,17.74,10.7,3,Sport,production_semaine_courante
6618,198.56,39.5,1,Beaute,production_semaine_courante
6619,46.71,7.5,0,Jardin,production_semaine_courante
6620,126.97,0.7,2,Jardin,production_semaine_courante
6621,144.74,18.4,3,Electronique,production_semaine_courante
6622,27.88,5.2,0,Jardin,production_semaine_courante
6623,182.82,4.2,1,Jardin,production_semaine_courante
6624,51.12,5.9,0,Beaute,production_semaine_courante
6625,116.98,19.3,2,Mode,production_semaine_courante
6626,146.33,25.6,1,Jardin,production_semaine_courante
6627,45.78,13.3,0,Sport,production_semaine_courante
6628,27.09,5.8,2,Jardin,production_semaine_courante
6629,37.96,5.6,1,Jardin,production_semaine_courante
6630,125.81,2.0,2,Electronique,production_semaine_courante
6631,213.12,,0,Beaute,production_semaine_courante
6632,58.3,15.2,3,Sport,production_semaine_courante
6633,48.36,0.4,2,Jardin,production_semaine_courante
6634,318.25,16.3,1,Mode,production_semaine_courante
6635,107.58,8.9,3,Mode,production_semaine_courante
6636,21.42,53.9,0,Jardin,production_semaine_courante
6637,33.07,25.6,2,Electronique,production_semaine_courante
6638,15.25,2.8,0,Livres,production_semaine_courante
6639,83.02,19.1,0,Maison,production_semaine_courante
6640,63.63,10.0,2,Beaute,production_semaine_courante
6641,53.47,3.1,1,Beaute,production_semaine_courante
6642,20.55,18.0,0,Maison,production_semaine_courante
6643,34.04,,3,Jardin,production_semaine_courante
6644,63.89,,0,Electronique,production_semaine_courante
6645,65.39,15.6,2,Maison,production_semaine_courante
6646,107.88,15.1,3,Maison,production_semaine_courante
6647,10.78,2.3,2,Beaute,production_semaine_courante
6648,121.95,6.4,0,Maison,production_semaine_courante
6649,38.35,13.2,0,Electronique,production_semaine_courante
6650,84.36,2.2,2,Jardin,production_semaine_courante
6651,184.49,,1,Maison,production_semaine_courante
6652,60.33,0.4,2,Maison,production_semaine_courante
6653,175.38,1.6,2,Maison,production_semaine_courante
6654,291.25,1.9,0,Mode,production_semaine_courante
6655,69.08,11.3,2,Electronique,production_semaine_courante
6656,256.66,14.5,0,Electronique,production_semaine_courante
6657,33.52,7.8,1,Mode,production_semaine_courante
6658,87.32,5.1,1,Mode,production_semaine_courante
6659,53.16,24.9,1,Maison,production_semaine_courante
6660,71.68,,0,Beaute,production_semaine_courante
6661,54.69,4.9,1,Beaute,production_semaine_courante
6662,9.92,0.6,2,Electronique,production_semaine_courante
6663,82.84,0.2,0,Jardin,production_semaine_courante
6664,41.9,6.5,0,Jardin,production_semaine_courante
6665,126.96,3.3,2,Jardin,production_semaine_courante
6666,156.68,4.7,1,Maison,production_semaine_courante
6667,32.81,25.8,1,Livres,production_semaine_courante
6668,19.23,2.7,1,Mode,production_semaine_courante
6669,33.34,22.7,2,Jardin,production_semaine_courante
6670,27.14,16.9,2,Mode,production_semaine_courante
6671,38.27,5.9,0,Maison,production_semaine_courante
6672,59.55,11.9,1,Sport,production_semaine_courante
6673,119.06,8.8,0,Beaute,production_semaine_courante
6674,170.43,2.1,3,Beaute,production_semaine_courante
6675,136.17,35.7,2,Electronique,production_semaine_courante
6676,228.68,12.6,1,Maison,production_semaine_courante
6677,22.06,31.8,3,Jardin,production_semaine_courante
6678,62.45,26.0,1,Jardin,production_semaine_courante
6679,33.23,1.2,2,Beaute,production_semaine_courante
6680,130.91,3.5,0,Beaute,production_semaine_courante
6681,78.15,2.4,1,Electronique,production_semaine_courante
6682,35.08,26.6,0,Mode,production_semaine_courante
6683,119.35,29.8,2,Mode,production_semaine_courante
6684,129.7,,2,Sport,production_semaine_courante
6685,53.39,1.7,3,Livres,production_semaine_courante
6686,103.43,2.2,1,Sport,production_semaine_courante
6687,69.08,25.2,2,Electronique,production_semaine_courante
6688,52.31,39.7,0,Maison,production_semaine_courante
6689,53.51,3.3,2,Mode,production_semaine_courante
6690,39.89,0.2,5,Jardin,production_semaine_courante
6691,78.88,6.0,3,Mode,production_semaine_courante
6692,62.28,0.5,0,Sport,production_semaine_courante
6693,98.82,26.4,0,Livres,production_semaine_courante
6694,4.85,10.1,3,Mode,production_semaine_courante
6695,101.2,15.4,1,Electronique,production_semaine_courante
6696,1.3,8.0,0,Beaute,production_semaine_courante
6697,100.35,6.4,3,Electronique,production_semaine_courante
6698,71.46,3.8,0,Beaute,production_semaine_courante
6699,7.9,22.1,3,Jardin,production_semaine_courante
6700,69.92,17.8,0,Maison,production_semaine_courante
6701,106.06,6.7,1,Sport,production_semaine_courante
6702,68.81,5.8,0,Jardin,production_semaine_courante
6703,62.84,0.0,4,Sport,production_semaine_courante
6704,47.62,1.0,0,Jardin,production_semaine_courante
6705,79.35,14.6,0,Mode,production_semaine_courante
6706,93.36,10.8,1,Livres,production_semaine_courante
6707,58.42,8.6,1,Livres,production_semaine_courante
6708,64.22,26.4,1,Jardin,production_semaine_courante
6709,30.76,10.5,1,Electronique,production_semaine_courante
6710,122.42,7.3,2,Mode,production_semaine_courante
6711,31.92,2.6,1,Electronique,production_semaine_courante
6712,81.39,,3,Jardin,production_semaine_courante
6713,63.7,12.9,0,Maison,production_semaine_courante
6714,32.72,1.5,0,Jardin,production_semaine_courante
6715,140.6,,0,Mode,production_semaine_courante
6716,11.8,8.3,1,Electronique,production_semaine_courante
6717,52.83,25.0,2,Mode,production_semaine_courante
6718,71.77,37.7,0,Beaute,production_semaine_courante
6719,188.39,13.8,0,Jardin,production_semaine_courante
6720,103.02,19.7,1,Maison,production_semaine_courante
6721,17.79,0.9,0,Jardin,production_semaine_courante
6722,13.55,12.3,0,Mode,production_semaine_courante
6723,165.37,21.1,1,Livres,production_semaine_courante
6724,160.7,10.3,0,Livres,production_semaine_courante
6725,111.42,13.5,1,Mode,production_semaine_courante
6726,37.31,,1,Electronique,production_semaine_courante
6727,38.34,3.3,1,Maison,production_semaine_courante
6728,14.1,1.6,1,Electronique,production_semaine_courante
6729,122.06,17.6,4,Jardin,production_semaine_courante
6730,23.69,26.0,0,Jardin,production_semaine_courante
6731,84.69,28.5,0,Livres,production_semaine_courante
6732,68.26,15.4,0,Livres,production_semaine_courante
6733,49.32,26.9,1,Mode,production_semaine_courante
6734,41.95,18.1,0,Electronique,production_semaine_courante
6735,85.45,1.4,1,Jardin,production_semaine_courante
6736,167.94,21.5,3,Beaute,production_semaine_courante
6737,94.06,3.0,1,Livres,production_semaine_courante
6738,61.66,4.0,0,Jardin,production_semaine_courante
6739,121.43,7.5,2,Maison,production_semaine_courante
6740,185.29,,3,Electronique,production_semaine_courante
6741,35.32,5.8,1,Jardin,production_semaine_courante
6742,77.34,2.8,1,Sport,production_semaine_courante
6743,29.92,5.2,2,Jardin,production_semaine_courante
6744,172.8,0.3,1,Maison,production_semaine_courante
6745,96.87,9.6,0,Mode,production_semaine_courante
6746,68.47,,4,Mode,production_semaine_courante
6747,48.8,29.7,2,Livres,production_semaine_courante
6748,95.46,25.8,2,Beaute,production_semaine_courante
6749,284.15,8.1,1,Maison,production_semaine_courante
6750,43.65,,1,Sport,production_semaine_courante
6751,5.81,5.1,2,Sport,production_semaine_courante
6752,81.38,0.9,2,Mode,production_semaine_courante
6753,56.52,16.9,1,Maison,production_semaine_courante
6754,36.3,15.7,2,Mode,production_semaine_courante
6755,120.64,24.3,0,Maison,production_semaine_courante
6756,95.18,14.4,1,Sport,production_semaine_courante
6757,40.78,2.6,0,Mode,production_semaine_courante
6758,200.67,28.8,1,Maison,production_semaine_courante
6759,218.21,14.8,0,Maison,production_semaine_courante
6760,34.34,24.7,2,Mode,production_semaine_courante
6761,56.88,22.3,2,Jardin,production_semaine_courante
6762,199.6,5.3,0,Electronique,production_semaine_courante
6763,34.44,1.2,1,Beaute,production_semaine_courante
6764,72.43,2.9,2,Mode,production_semaine_courante
6765,88.19,1.5,2,Jardin,production_semaine_courante
6766,104.76,4.2,0,Jardin,production_semaine_courante
6767,222.69,9.2,1,Maison,production_semaine_courante
6768,160.66,35.6,0,Jardin,production_semaine_courante
6769,59.12,30.8,1,Mode,production_semaine_courante
6770,85.74,19.0,1,Electronique,production_semaine_courante
6771,94.59,0.4,4,Maison,production_semaine_courante
6772,28.55,6.3,1,Maison,production_semaine_courante
6773,23.01,17.2,1,Maison,production_semaine_courante
6774,50.24,2.1,2,Maison,production_semaine_courante
6775,84.0,24.2,0,Maison,production_semaine_courante
6776,60.48,36.9,0,Livres,production_semaine_courante
6777,3.44,6.6,1,Mode,production_semaine_courante
6778,31.28,18.4,1,Electronique,production_semaine_courante
6779,264.45,2.4,1,Sport,production_semaine_courante
6780,263.09,17.6,1,Maison,production_semaine_courante
6781,102.46,0.3,2,Electronique,production_semaine_courante
6782,193.97,2.5,0,Electronique,production_semaine_courante
6783,168.49,18.6,1,Sport,production_semaine_courante
6784,154.25,18.7,0,Mode,production_semaine_courante
6785,74.81,15.4,1,Jardin,production_semaine_courante
6786,28.88,9.7,0,Mode,production_semaine_courante
6787,116.14,16.9,1,Electronique,production_semaine_courante
6788,78.23,22.3,1,Maison,production_semaine_courante
6789,23.34,50.9,2,Jardin,production_semaine_courante
6790,84.15,32.9,2,Beaute,production_semaine_courante
6791,65.21,23.7,2,Maison,production_semaine_courante
6792,38.48,17.8,1,Electronique,production_semaine_courante
6793,53.75,12.8,0,Sport,production_semaine_courante
6794,190.96,,2,Mode,production_semaine_courante
6795,39.57,2.7,1,Beaute,production_semaine_courante
6796,57.32,25.7,3,Beaute,production_semaine_courante
6797,59.53,24.4,0,Mode,production_semaine_courante
6798,38.68,14.3,0,Electronique,production_semaine_courante
6799,7.85,,1,Jardin,production_semaine_courante
6800,112.66,,3,Beaute,production_semaine_courante
6801,88.52,5.9,0,Jardin,production_semaine_courante
6802,24.76,8.2,1,Mode,production_semaine_courante
6803,88.49,10.0,2,Livres,production_semaine_courante
6804,199.05,,0,Electronique,production_semaine_courante
6805,125.73,1.7,2,Mode,production_semaine_courante
6806,84.3,11.0,3,Livres,production_semaine_courante
6807,59.46,6.9,1,Jardin,production_semaine_courante
6808,61.54,69.2,2,Maison,production_semaine_courante
6809,203.14,29.7,1,Jardin,production_semaine_courante
6810,30.21,8.7,0,Livres,production_semaine_courante
6811,32.14,121.5,1,Maison,production_semaine_courante
6812,15.46,10.8,1,Jardin,production_semaine_courante
6813,101.52,2.7,1,Sport,production_semaine_courante
6814,234.15,12.2,0,Beaute,production_semaine_courante
6815,163.76,3.8,1,Sport,production_semaine_courante
6816,47.43,15.2,0,Sport,production_semaine_courante
6817,76.04,41.6,1,Jardin,production_semaine_courante
6818,46.09,23.1,2,Mode,production_semaine_courante
6819,102.46,4.8,0,Electronique,production_semaine_courante
6820,38.14,5.3,2,Jardin,production_semaine_courante
6821,23.0,1.1,0,Jardin,production_semaine_courante
6822,112.51,,0,Maison,production_semaine_courante
6823,149.87,1.5,0,Mode,production_semaine_courante
6824,100.1,10.4,0,Livres,production_semaine_courante
6825,221.38,18.5,0,Electronique,production_semaine_courante
6826,37.72,,1,Maison,production_semaine_courante
6827,98.4,0.9,1,Electronique,production_semaine_courante
6828,27.69,6.2,1,Beaute,production_semaine_courante
6829,49.44,5.1,2,Electronique,production_semaine_courante
6830,48.02,1.7,0,Beaute,production_semaine_courante
6831,98.94,6.8,1,Livres,production_semaine_courante
6832,15.44,5.3,4,Sport,production_semaine_courante
6833,114.33,15.1,1,Mode,production_semaine_courante
6834,97.78,32.2,3,Electronique,production_semaine_courante
6835,146.71,9.1,1,Maison,production_semaine_courante
6836,81.78,20.6,2,Sport,production_semaine_courante
6837,87.17,2.4,3,Beaute,production_semaine_courante
6838,76.41,33.8,0,Electronique,production_semaine_courante
6839,26.18,2.5,2,Livres,production_semaine_courante
6840,113.4,3.2,4,Livres,production_semaine_courante
6841,190.78,1.7,1,Maison,production_semaine_courante
6842,77.32,5.6,1,Maison,production_semaine_courante
6843,132.64,,3,Jardin,production_semaine_courante
6844,154.9,66.3,0,Jardin,production_semaine_courante
6845,23.52,23.7,1,Jardin,production_semaine_courante
6846,57.08,7.2,2,Maison,production_semaine_courante
6847,62.41,12.9,2,Jardin,production_semaine_courante
6848,59.52,14.6,3,Electronique,production_semaine_courante
6849,63.34,26.0,2,Maison,production_semaine_courante
6850,86.23,20.0,2,Sport,production_semaine_courante
6851,127.4,12.6,1,Maison,production_semaine_courante
6852,39.82,,0,Beaute,production_semaine_courante
6853,70.03,20.6,1,Mode,production_semaine_courante
6854,76.07,2.1,0,Jardin,production_semaine_courante
6855,61.97,3.4,1,Beaute,production_semaine_courante
6856,94.92,17.5,4,Jardin,production_semaine_courante
6857,160.43,28.5,0,Electronique,production_semaine_courante
6858,89.95,7.9,1,Beaute,production_semaine_courante
6859,107.01,,1,Maison,production_semaine_courante
6860,21.85,3.7,1,Sport,production_semaine_courante
6861,57.57,8.1,1,Livres,production_semaine_courante
6862,62.88,7.1,0,Mode,production_semaine_courante
6863,29.72,40.0,4,Mode,production_semaine_courante
6864,15.46,5.0,1,Livres,production_semaine_courante
6865,40.11,9.5,0,Sport,production_semaine_courante
6866,53.97,3.1,1,Mode,production_semaine_courante
6867,52.35,11.0,1,Sport,production_semaine_courante
6868,128.63,29.2,0,Sport,production_semaine_courante
6869,38.66,5.4,1,Livres,production_semaine_courante
6870,152.24,25.0,1,Electronique,production_semaine_courante
6871,6.1,36.3,2,Beaute,production_semaine_courante
6872,149.67,1.1,1,Beaute,production_semaine_courante
6873,131.25,21.2,3,Livres,production_semaine_courante
6874,4.18,4.4,0,Jardin,production_semaine_courante
6875,103.55,2.9,0,Maison,production_semaine_courante
6876,79.11,13.8,0,Maison,production_semaine_courante
6877,37.91,18.3,0,Electronique,production_semaine_courante
6878,198.32,7.5,1,Maison,production_semaine_courante
6879,46.09,0.6,1,Electronique,production_semaine_courante
6880,114.79,35.9,6,Jardin,production_semaine_courante
6881,57.48,19.7,2,Jardin,production_semaine_courante
6882,129.01,4.8,0,Maison,production_semaine_courante
6883,49.45,10.3,3,Mode,production_semaine_courante
6884,47.8,0.4,1,Electronique,production_semaine_courante
6885,103.52,,1,Jardin,production_semaine_courante
6886,51.29,11.1,1,Jardin,production_semaine_courante
6887,49.51,,0,Mode,production_semaine_courante
6888,71.16,3.5,0,Beaute,production_semaine_courante
6889,82.98,22.5,1,Mode,production_semaine_courante
6890,84.12,5.3,0,Mode,production_semaine_courante
6891,111.94,13.0,1,Electronique,production_semaine_courante
6892,86.13,4.8,1,Beaute,production_semaine_courante
6893,82.55,8.3,1,Electronique,production_semaine_courante
6894,19.08,3.5,3,Electronique,production_semaine_courante
6895,135.84,15.0,3,Electronique,production_semaine_courante
6896,62.32,8.3,2,Maison,production_semaine_courante
6897,15.33,0.2,1,Livres,production_semaine_courante
6898,141.81,0.4,1,Mode,production_semaine_courante
6899,43.42,9.6,3,Jardin,production_semaine_courante
6900,26.06,3.0,2,Mode,production_semaine_courante
6901,106.95,13.2,1,Maison,production_semaine_courante
6902,64.5,7.9,0,Mode,production_semaine_courante
6903,97.3,15.9,1,Mode,production_semaine_courante
6904,48.01,45.7,0,Electronique,production_semaine_courante
6905,13.91,11.3,2,Mode,production_semaine_courante
6906,38.14,23.2,0,Jardin,production_semaine_courante
6907,157.33,21.0,1,Livres,production_semaine_courante
6908,22.65,38.2,1,Jardin,production_semaine_courante
6909,134.28,3.6,1,Electronique,production_semaine_courante
6910,96.33,26.3,2,Sport,production_semaine_courante
6911,77.11,35.4,2,Mode,production_semaine_courante
6912,107.2,7.5,2,Livres,production_semaine_courante
6913,152.19,5.6,1,Jardin,production_semaine_courante
6914,149.82,45.6,0,Jardin,production_semaine_courante
6915,53.62,14.8,2,Electronique,production_semaine_courante
6916,48.87,7.2,3,Maison,production_semaine_courante
6917,112.97,23.5,2,Electronique,production_semaine_courante
6918,41.73,,1,Electronique,production_semaine_courante
6919,22.91,,2,Electronique,production_semaine_courante
6920,37.46,11.8,1,Mode,production_semaine_courante
6921,15.01,12.5,0,Maison,production_semaine_courante
6922,52.61,26.2,2,Maison,production_semaine_courante
6923,109.2,9.2,1,Maison,production_semaine_courante
6924,66.94,25.3,2,Jardin,production_semaine_courante
6925,40.56,5.6,0,Electronique,production_semaine_courante
6926,54.37,12.8,1,Mode,production_semaine_courante
6927,88.94,3.5,2,Beaute,production_semaine_courante
6928,70.49,7.3,3,Beaute,production_semaine_courante
6929,40.85,29.2,1,Mode,production_semaine_courante
6930,118.49,3.6,3,Jardin,production_semaine_courante
6931,79.84,24.9,1,Maison,production_semaine_courante
6932,67.4,5.0,2,Maison,production_semaine_courante
6933,203.55,0.5,3,Maison,production_semaine_courante
6934,77.24,1.7,2,Maison,production_semaine_courante
6935,26.18,,0,Beaute,production_semaine_courante
6936,7.82,4.6,0,Maison,production_semaine_courante
6937,6.67,15.9,3,Mode,production_semaine_courante
6938,74.38,18.0,3,Jardin,production_semaine_courante
6939,91.69,6.3,3,Maison,production_semaine_courante
6940,173.94,9.7,2,Livres,production_semaine_courante
6941,161.43,7.8,1,Maison,production_semaine_courante
6942,62.95,,3,Maison,production_semaine_courante
6943,56.35,5.8,1,Mode,production_semaine_courante
6944,42.99,3.0,1,Jardin,production_semaine_courante
6945,138.11,,1,Livres,production_semaine_courante
6946,65.25,16.6,0,Electronique,production_semaine_courante
6947,36.92,17.9,0,Electronique,production_semaine_courante
6948,65.37,38.7,2,Jardin,production_semaine_courante
6949,59.63,32.0,2,Jardin,production_semaine_courante
6950,53.38,5.1,2,Sport,production_semaine_courante
6951,41.31,9.1,1,Sport,production_semaine_courante
6952,153.87,20.6,1,Jardin,production_semaine_courante
6953,60.48,37.3,2,Electronique,production_semaine_courante
6954,43.97,,0,Livres,production_semaine_courante
6955,34.71,8.8,0,Sport,production_semaine_courante
6956,94.96,,1,Livres,production_semaine_courante
6957,114.83,,2,Electronique,production_semaine_courante
6958,51.61,,1,Beaute,production_semaine_courante
6959,44.02,35.2,2,Beaute,production_semaine_courante
6960,141.54,24.3,3,Jardin,production_semaine_courante
6961,31.01,4.2,1,Livres,production_semaine_courante
6962,58.3,5.9,3,Jardin,production_semaine_courante
6963,69.43,6.5,2,Jardin,production_semaine_courante
6964,86.52,36.6,2,Maison,production_semaine_courante
6965,66.68,102.7,4,Electronique,production_semaine_courante
6966,1.17,22.3,1,Beaute,production_semaine_courante
6967,97.3,9.9,1,Jardin,production_semaine_courante
6968,1.22,0.2,0,Electronique,production_semaine_courante
6969,41.12,,1,Beaute,production_semaine_courante
6970,153.84,7.4,0,Electronique,production_semaine_courante
6971,33.58,15.0,1,Electronique,production_semaine_courante
6972,39.4,14.0,1,Livres,production_semaine_courante
6973,90.33,9.8,1,Livres,production_semaine_courante
6974,97.29,43.3,2,Beaute,production_semaine_courante
6975,13.63,0.4,1,Jardin,production_semaine_courante
6976,108.74,18.7,1,Electronique,production_semaine_courante
6977,90.42,7.9,2,Electronique,production_semaine_courante
6978,30.72,,1,Jardin,production_semaine_courante
6979,87.26,16.9,2,Sport,production_semaine_courante
6980,45.53,,0,Mode,production_semaine_courante
6981,115.24,5.0,1,Livres,production_semaine_courante
6982,150.15,3.1,1,Jardin,production_semaine_courante
6983,118.5,2.7,1,Livres,production_semaine_courante
6984,167.81,19.6,1,Jardin,production_semaine_courante
6985,75.21,4.1,2,Mode,production_semaine_courante
6986,26.69,9.7,0,Mode,production_semaine_courante
6987,64.68,4.3,0,Jardin,production_semaine_courante
6988,58.73,13.0,0,Beaute,production_semaine_courante
6989,65.82,19.1,0,Mode,production_semaine_courante
6990,53.8,6.0,1,Sport,production_semaine_courante
6991,108.56,13.9,1,Livres,production_semaine_courante
6992,59.18,26.1,1,Mode,production_semaine_courante
6993,73.46,1.5,1,Livres,production_semaine_courante
6994,19.28,18.6,0,Electronique,production_semaine_courante
6995,68.49,5.9,3,Maison,production_semaine_courante
6996,26.79,2.0,2,Livres,production_semaine_courante
6997,19.65,11.8,0,Electronique,production_semaine_courante
6998,128.45,3.8,0,Mode,production_semaine_courante
6999,116.97,25.8,1,Jardin,production_semaine_courante
7000,138.88,0.7,1,Livres,production_semaine_courante
7001,108.45,1.6,2,Sport,production_semaine_courante
7002,155.49,,3,Mode,production_semaine_courante
7003,29.73,13.3,1,Maison,production_semaine_courante
7004,15.1,19.6,3,Beaute,production_semaine_courante
7005,29.42,4.5,2,Mode,production_semaine_courante
7006,105.58,,4,Sport,production_semaine_courante
7007,59.34,45.9,0,Maison,production_semaine_courante
7008,79.12,10.4,0,Sport,production_semaine_courante
7009,191.3,21.4,0,Electronique,production_semaine_courante
7010,38.13,11.2,1,Electronique,production_semaine_courante
7011,25.27,1.1,0,Jardin,production_semaine_courante
7012,163.77,5.9,3,Jardin,production_semaine_courante
7013,67.05,1.4,1,Maison,production_semaine_courante
7014,55.19,67.5,1,Jardin,production_semaine_courante
7015,138.43,3.9,3,Livres,production_semaine_courante
7016,125.71,15.2,0,Electronique,production_semaine_courante
7017,256.17,5.0,4,Mode,production_semaine_courante
7018,105.91,15.9,0,Maison,production_semaine_courante
7019,38.71,3.5,0,Beaute,production_semaine_courante
7020,32.22,,0,Beaute,production_semaine_courante
7021,39.78,1.8,1,Jardin,production_semaine_courante
7022,155.83,33.8,2,Jardin,production_semaine_courante
7023,109.72,27.5,0,Jardin,production_semaine_courante
7024,31.34,17.0,1,Jardin,production_semaine_courante
7025,127.2,1.0,3,Jardin,production_semaine_courante
7026,56.86,3.5,1,Maison,production_semaine_courante
7027,67.94,29.4,0,Mode,production_semaine_courante
7028,143.45,2.0,2,Beaute,production_semaine_courante
7029,79.23,2.5,1,Livres,production_semaine_courante
7030,177.38,11.8,0,Maison,production_semaine_courante
7031,10.99,4.8,1,Jardin,production_semaine_courante
7032,154.74,3.8,1,Jardin,production_semaine_courante
7033,83.31,12.9,1,Beaute,production_semaine_courante
7034,138.55,7.0,4,Sport,production_semaine_courante
7035,11.02,2.3,2,Jardin,production_semaine_courante
7036,24.61,,0,Electronique,production_semaine_courante
7037,135.54,7.3,1,Electronique,production_semaine_courante
7038,20.16,,2,Jardin,production_semaine_courante
7039,46.22,1.6,1,Livres,production_semaine_courante
7040,67.04,14.5,3,Maison,production_semaine_courante
7041,112.71,8.6,0,Jardin,production_semaine_courante
7042,133.21,7.8,2,Maison,production_semaine_courante
7043,89.82,4.0,0,Beaute,production_semaine_courante
7044,176.79,,0,Beaute,production_semaine_courante
7045,97.87,28.2,2,Mode,production_semaine_courante
7046,49.37,5.9,0,Mode,production_semaine_courante
7047,127.73,17.1,4,Jardin,production_semaine_courante
7048,48.71,44.2,3,Mode,production_semaine_courante
7049,92.91,,3,Mode,production_semaine_courante
7050,55.05,7.6,4,Sport,production_semaine_courante
7051,8.2,4.7,0,Electronique,production_semaine_courante
7052,103.87,40.8,0,Jardin,production_semaine_courante
7053,65.06,17.2,2,Electronique,production_semaine_courante
7054,27.89,16.4,3,Beaute,production_semaine_courante
7055,314.87,,0,Maison,production_semaine_courante
7056,107.17,,2,Jardin,production_semaine_courante
7057,101.39,18.8,1,Beaute,production_semaine_courante
7058,11.34,5.0,1,Maison,production_semaine_courante
7059,51.65,13.7,2,Jardin,production_semaine_courante
7060,59.57,8.4,1,Electronique,production_semaine_courante
7061,74.59,,0,Beaute,production_semaine_courante
7062,29.1,24.7,0,Jardin,production_semaine_courante
7063,51.25,2.0,3,Livres,production_semaine_courante
7064,53.86,10.7,0,Livres,production_semaine_courante
7065,54.82,6.1,1,Electronique,production_semaine_courante
7066,49.92,6.3,1,Electronique,production_semaine_courante
7067,186.83,9.7,0,Electronique,production_semaine_courante
7068,107.25,87.3,1,Jardin,production_semaine_courante
7069,26.88,7.9,0,Jardin,production_semaine_courante
7070,81.05,3.0,1,Maison,production_semaine_courante
7071,26.98,14.3,0,Mode,production_semaine_courante
7072,75.04,4.0,0,Electronique,production_semaine_courante
7073,48.24,1.7,1,Maison,production_semaine_courante
7074,78.34,0.8,0,Maison,production_semaine_courante
7075,62.46,0.3,2,Livres,production_semaine_courante
7076,12.09,8.5,1,Jardin,production_semaine_courante
7077,77.85,8.3,2,Livres,production_semaine_courante
7078,45.84,3.1,0,Beaute,production_semaine_courante
7079,86.48,23.0,0,Jardin,production_semaine_courante
7080,99.56,2.1,2,Livres,production_semaine_courante
7081,27.48,,0,Sport,production_semaine_courante
7082,61.06,13.3,1,Maison,production_semaine_courante
7083,9.28,,2,Mode,production_semaine_courante
7084,95.15,49.4,0,Livres,production_semaine_courante
7085,85.78,5.5,0,Jardin,production_semaine_courante
7086,14.35,9.0,3,Beaute,production_semaine_courante
7087,16.38,5.0,3,Jardin,production_semaine_courante
7088,35.7,19.6,2,Electronique,production_semaine_courante
7089,61.19,10.0,1,Jardin,production_semaine_courante
7090,73.21,2.1,1,Jardin,production_semaine_courante
7091,73.08,1.7,0,Beaute,production_semaine_courante
7092,21.11,19.4,2,Jardin,production_semaine_courante
7093,62.2,4.1,3,Beaute,production_semaine_courante
7094,8.48,2.2,0,Mode,production_semaine_courante
7095,70.46,10.4,1,Mode,production_semaine_courante
7096,84.7,24.4,1,Beaute,production_semaine_courante
7097,34.11,4.9,0,Jardin,production_semaine_courante
7098,250.37,4.9,2,Electronique,production_semaine_courante
7099,24.66,26.9,0,Beaute,production_semaine_courante
7100,111.28,2.4,2,Jardin,production_semaine_courante
7101,25.4,14.4,1,Electronique,production_semaine_courante
7102,31.77,,0,Electronique,production_semaine_courante
7103,72.59,27.6,2,Maison,production_semaine_courante
7104,352.73,1.0,2,Mode,production_semaine_courante
7105,129.5,5.8,2,Mode,production_semaine_courante
7106,20.62,2.3,2,Mode,production_semaine_courante
7107,99.04,44.7,2,Electronique,production_semaine_courante
7108,115.85,64.0,1,Beaute,production_semaine_courante
7109,70.46,4.0,1,Livres,production_semaine_courante
7110,118.7,16.6,1,Livres,production_semaine_courante
7111,149.24,27.6,1,Sport,production_semaine_courante
7112,29.94,4.0,3,Jardin,production_semaine_courante
7113,74.58,3.1,1,Jardin,production_semaine_courante
7114,39.43,0.2,1,Jardin,production_semaine_courante
7115,34.6,8.0,0,Maison,production_semaine_courante
7116,21.98,34.5,2,Jardin,production_semaine_courante
7117,239.6,35.0,2,Jardin,production_semaine_courante
7118,76.83,2.1,1,Maison,production_semaine_courante
7119,127.81,3.4,0,Electronique,production_semaine_courante
7120,78.08,7.9,2,Livres,production_semaine_courante
7121,101.81,22.8,1,Electronique,production_semaine_courante
7122,24.22,14.2,2,Mode,production_semaine_courante
7123,16.82,10.8,1,Sport,production_semaine_courante
7124,6.21,,0,Livres,production_semaine_courante
7125,83.49,1.5,1,Jardin,production_semaine_courante
7126,10.68,9.7,2,Beaute,production_semaine_courante
7127,16.47,,0,Livres,production_semaine_courante
7128,82.71,,1,Maison,production_semaine_courante
7129,103.45,11.0,0,Livres,production_semaine_courante
7130,282.31,5.3,0,Maison,production_semaine_courante
7131,12.15,11.6,2,Jardin,production_semaine_courante
7132,26.67,12.8,0,Maison,production_semaine_courante
7133,36.27,12.9,2,Sport,production_semaine_courante
7134,73.72,28.7,3,Maison,production_semaine_courante
7135,7.94,7.4,3,Jardin,production_semaine_courante
7136,187.14,10.9,3,Jardin,production_semaine_courante
7137,45.48,0.2,3,Maison,production_semaine_courante
7138,34.84,23.4,3,Sport,production_semaine_courante
7139,15.39,4.5,6,Livres,production_semaine_courante
7140,13.42,25.4,0,Jardin,production_semaine_courante
7141,71.86,4.6,2,Sport,production_semaine_courante
7142,100.43,,0,Electronique,production_semaine_courante
7143,42.23,2.5,1,Maison,production_semaine_courante
7144,16.58,63.7,3,Beaute,production_semaine_courante
7145,20.1,5.8,1,Maison,production_semaine_courante
7146,88.78,1.7,1,Mode,production_semaine_courante
7147,183.87,,0,Electronique,production_semaine_courante
7148,279.05,5.6,1,Livres,production_semaine_courante
7149,53.46,0.6,0,Jardin,production_semaine_courante
7150,52.43,10.7,1,Jardin,production_semaine_courante
7151,117.46,3.6,1,Livres,production_semaine_courante
7152,66.25,11.0,3,Jardin,production_semaine_courante
7153,15.98,2.3,2,Mode,production_semaine_courante
7154,56.08,8.4,0,Beaute,production_semaine_courante
7155,79.32,13.7,1,Electronique,production_semaine_courante
7156,71.39,1.0,0,Livres,production_semaine_courante
7157,51.7,7.6,1,Jardin,production_semaine_courante
7158,117.02,5.4,4,Jardin,production_semaine_courante
7159,75.19,4.1,1,Sport,production_semaine_courante
7160,6.02,,1,Jardin,production_semaine_courante
7161,50.16,13.3,1,Jardin,production_semaine_courante
7162,68.75,,0,Mode,production_semaine_courante
7163,8.16,2.6,0,Jardin,production_semaine_courante
7164,70.05,,1,Mode,production_semaine_courante
7165,138.92,3.5,3,Jardin,production_semaine_courante
7166,13.41,,2,Electronique,production_semaine_courante
7167,37.63,9.3,1,Mode,production_semaine_courante
7168,71.28,6.0,0,Livres,production_semaine_courante
7169,105.5,23.1,0,Mode,production_semaine_courante
7170,60.93,1.5,1,Mode,production_semaine_courante
7171,23.19,55.3,1,Beaute,production_semaine_courante
7172,169.56,1.9,2,Jardin,production_semaine_courante
7173,192.72,22.2,2,Mode,production_semaine_courante
7174,41.44,6.9,1,Jardin,production_semaine_courante
7175,39.21,30.1,2,Jardin,production_semaine_courante
7176,68.77,,4,Beaute,production_semaine_courante
7177,42.39,7.0,1,Beaute,production_semaine_courante
7178,69.56,6.1,0,Electronique,production_semaine_courante
7179,105.71,74.8,1,Maison,production_semaine_courante
7180,81.2,63.6,0,Mode,production_semaine_courante
7181,59.47,3.2,1,Mode,production_semaine_courante
7182,29.98,14.9,1,Maison,production_semaine_courante
7183,193.77,,1,Maison,production_semaine_courante
7184,99.62,2.5,1,Livres,production_semaine_courante
7185,116.04,2.8,1,Beaute,production_semaine_courante
7186,200.58,,1,Jardin,production_semaine_courante
7187,59.7,9.0,1,Electronique,production_semaine_courante
7188,166.07,2.0,1,Electronique,production_semaine_courante
7189,175.87,3.6,0,Sport,production_semaine_courante
7190,57.8,4.7,0,Electronique,production_semaine_courante
7191,233.86,10.7,0,Jardin,production_semaine_courante
7192,83.3,6.1,2,Sport,production_semaine_courante
7193,120.5,,1,Sport,production_semaine_courante
7194,74.55,2.7,1,Maison,production_semaine_courante
7195,101.68,5.9,1,Maison,production_semaine_courante
7196,26.73,1.1,1,Maison,production_semaine_courante
7197,141.06,33.1,1,Electronique,production_semaine_courante
7198,42.15,3.3,1,Electronique,production_semaine_courante
7199,300.44,21.2,0,Sport,production_semaine_courante
7200,31.06,6.5,0,Mode,production_semaine_courante
7201,65.92,9.6,1,Jardin,production_semaine_courante
7202,52.78,5.2,1,Mode,production_semaine_courante
7203,19.32,17.9,2,Electronique,production_semaine_courante
7204,180.09,27.9,1,Mode,production_semaine_courante
7205,39.03,5.1,2,Maison,production_semaine_courante
7206,77.39,4.2,4,Electronique,production_semaine_courante
7207,33.75,17.2,0,Electronique,production_semaine_courante
7208,143.43,3.3,1,Maison,production_semaine_courante
7209,59.85,15.3,0,Maison,production_semaine_courante
7210,84.39,1.5,2,Jardin,production_semaine_courante
7211,65.6,14.5,2,Jardin,production_semaine_courante
7212,92.26,10.8,2,Mode,production_semaine_courante
7213,173.05,,1,Electronique,production_semaine_courante
7214,66.02,15.7,1,Beaute,production_semaine_courante
7215,105.54,,0,Jardin,production_semaine_courante
7216,61.24,,1,Jardin,production_semaine_courante
7217,28.51,6.5,1,Electronique,production_semaine_courante
7218,84.76,10.2,2,Maison,production_semaine_courante
7219,31.87,1.4,2,Livres,production_semaine_courante
7220,57.48,47.4,1,Jardin,production_semaine_courante
7221,14.56,16.4,3,Electronique,production_semaine_courante
7222,79.4,,1,Livres,production_semaine_courante
7223,63.09,26.0,2,Mode,production_semaine_courante
7224,76.68,5.8,0,Electronique,production_semaine_courante
7225,78.22,13.6,2,Sport,production_semaine_courante
7226,97.58,4.9,0,Mode,production_semaine_courante
7227,108.31,19.8,1,Livres,production_semaine_courante
7228,286.77,19.3,3,Livres,production_semaine_courante
7229,196.81,12.0,1,Jardin,production_semaine_courante
7230,106.34,,2,Maison,production_semaine_courante
7231,55.39,4.4,0,Electronique,production_semaine_courante
7232,56.29,7.2,0,Mode,production_semaine_courante
7233,7.41,2.4,3,Sport,production_semaine_courante
7234,31.73,6.2,2,Livres,production_semaine_courante
7235,61.6,17.3,1,Maison,production_semaine_courante
7236,84.38,26.7,2,Sport,production_semaine_courante
7237,364.8,6.1,1,Sport,production_semaine_courante
7238,95.4,4.0,1,Mode,production_semaine_courante
7239,109.29,26.8,1,Beaute,production_semaine_courante
7240,27.61,33.2,0,Maison,production_semaine_courante
7241,45.08,7.9,1,Jardin,production_semaine_courante
7242,61.92,,3,Livres,production_semaine_courante
7243,19.8,17.8,1,Electronique,production_semaine_courante
7244,93.63,23.0,1,Sport,production_semaine_courante
7245,39.24,0.3,3,Livres,production_semaine_courante
7246,24.47,13.6,2,Electronique,production_semaine_courante
7247,127.27,13.3,0,Jardin,production_semaine_courante
7248,62.07,,2,Mode,production_semaine_courante
7249,87.56,20.8,3,Sport,production_semaine_courante
7250,24.86,8.4,1,Jardin,production_semaine_courante
7251,118.01,16.9,2,Beaute,production_semaine_courante
7252,100.54,10.9,1,Maison,production_semaine_courante
7253,74.3,,0,Electronique,production_semaine_courante
7254,115.85,14.0,1,Electronique,production_semaine_courante
7255,45.21,20.0,3,Beaute,production_semaine_courante
7256,53.01,54.7,2,Sport,production_semaine_courante
7257,51.46,7.2,2,Maison,production_semaine_courante
7258,15.84,1.0,2,Jardin,production_semaine_courante
7259,59.95,,1,Maison,production_semaine_courante
7260,69.88,14.7,0,Sport,production_semaine_courante
7261,42.69,43.9,1,Beaute,production_semaine_courante
7262,62.14,1.6,1,Sport,production_semaine_courante
7263,65.52,6.3,3,Sport,production_semaine_courante
7264,111.07,2.2,1,Maison,production_semaine_courante
7265,115.11,27.1,2,Jardin,production_semaine_courante
7266,181.64,31.8,1,Sport,production_semaine_courante
7267,45.41,10.4,0,Sport,production_semaine_courante
7268,149.57,3.1,1,Livres,production_semaine_courante
7269,132.39,2.0,3,Electronique,production_semaine_courante
7270,22.44,13.3,1,Jardin,production_semaine_courante
7271,139.43,10.6,1,Sport,production_semaine_courante
7272,22.53,17.8,1,Livres,production_semaine_courante
7273,75.8,5.5,4,Jardin,production_semaine_courante
7274,156.54,7.7,0,Jardin,production_semaine_courante
7275,8.49,0.3,2,Maison,production_semaine_courante
7276,103.24,,2,Jardin,production_semaine_courante
7277,24.97,8.3,0,Mode,production_semaine_courante
7278,184.55,37.8,2,Livres,production_semaine_courante
7279,129.46,15.4,0,Electronique,production_semaine_courante
7280,18.28,7.6,3,Electronique,production_semaine_courante
7281,47.96,4.6,1,Electronique,production_semaine_courante
7282,164.68,,0,Maison,production_semaine_courante
7283,89.37,,1,Electronique,production_semaine_courante
7284,113.72,5.9,1,Beaute,production_semaine_courante
7285,52.88,43.1,1,Maison,production_semaine_courante
7286,133.78,,1,Livres,production_semaine_courante
7287,213.59,11.4,3,Electronique,production_semaine_courante
7288,28.43,3.4,0,Mode,production_semaine_courante
7289,50.44,26.9,0,Maison,production_semaine_courante
7290,89.48,3.4,1,Maison,production_semaine_courante
7291,61.18,4.3,4,Electronique,production_semaine_courante
7292,87.97,3.2,2,Jardin,production_semaine_courante
7293,101.34,2.6,1,Mode,production_semaine_courante
7294,61.44,46.0,1,Livres,production_semaine_courante
7295,43.59,13.8,0,Mode,production_semaine_courante
7296,75.7,15.2,1,Jardin,production_semaine_courante
7297,21.42,46.3,2,Maison,production_semaine_courante
7298,39.76,3.9,0,Jardin,production_semaine_courante
7299,54.52,0.1,2,Maison,production_semaine_courante
7300,71.03,13.7,1,Electronique,production_semaine_courante
7301,175.34,,2,Sport,production_semaine_courante
7302,13.38,9.7,3,Sport,production_semaine_courante
7303,72.88,1.0,2,Electronique,production_semaine_courante
7304,113.45,9.1,4,Mode,production_semaine_courante
7305,58.68,5.1,0,Jardin,production_semaine_courante
7306,45.05,4.8,2,Electronique,production_semaine_courante
7307,65.52,3.8,1,Sport,production_semaine_courante
7308,45.94,,3,Sport,production_semaine_courante
7309,29.84,6.5,5,Livres,production_semaine_courante
7310,36.3,5.5,1,Electronique,production_semaine_courante
7311,36.89,57.8,2,Beaute,production_semaine_courante
7312,285.3,40.5,1,Electronique,production_semaine_courante
7313,82.08,12.8,3,Mode,production_semaine_courante
7314,62.82,59.5,0,Sport,production_semaine_courante
7315,31.12,,0,Jardin,production_semaine_courante
7316,195.83,,0,Electronique,production_semaine_courante
7317,109.04,,0,Mode,production_semaine_courante
7318,118.74,47.9,2,Livres,production_semaine_courante
7319,177.95,14.1,4,Maison,production_semaine_courante
7320,46.2,3.6,0,Beaute,production_semaine_courante
7321,181.0,17.5,0,Jardin,production_semaine_courante
7322,87.54,3.5,2,Jardin,production_semaine_courante
7323,145.5,,3,Maison,production_semaine_courante
7324,71.0,3.9,0,Sport,production_semaine_courante
7325,47.07,4.2,1,Jardin,production_semaine_courante
7326,117.67,0.1,1,Electronique,production_semaine_courante
7327,26.92,31.9,1,Sport,production_semaine_courante
7328,108.39,5.3,0,Maison,production_semaine_courante
7329,4.14,1.4,4,Mode,production_semaine_courante
7330,16.93,1.4,2,Jardin,production_semaine_courante
7331,34.81,12.2,0,Livres,production_semaine_courante
7332,60.33,74.3,1,Maison,production_semaine_courante
7333,121.64,2.4,0,Jardin,production_semaine_courante
7334,38.69,1.6,0,Sport,production_semaine_courante
7335,96.07,,2,Jardin,production_semaine_courante
7336,62.32,12.4,2,Mode,production_semaine_courante
7337,140.17,,3,Mode,production_semaine_courante
7338,31.73,5.4,1,Mode,production_semaine_courante
7339,53.29,8.3,0,Sport,production_semaine_courante
7340,160.48,5.7,1,Mode,production_semaine_courante
7341,28.74,,0,Electronique,production_semaine_courante
7342,105.49,0.6,2,Jardin,production_semaine_courante
7343,11.15,4.0,0,Jardin,production_semaine_courante
7344,170.1,,2,Beaute,production_semaine_courante
7345,35.12,26.9,0,Jardin,production_semaine_courante
7346,38.2,1.8,2,Jardin,production_semaine_courante
7347,20.92,54.6,1,Livres,production_semaine_courante
7348,100.07,17.7,0,Sport,production_semaine_courante
7349,76.64,4.8,0,Jardin,production_semaine_courante
7350,30.47,9.1,2,Beaute,production_semaine_courante
7351,66.86,5.3,1,Electronique,production_semaine_courante
7352,266.72,2.4,1,Maison,production_semaine_courante
7353,138.21,5.2,4,Maison,production_semaine_courante
7354,159.67,13.0,1,Jardin,production_semaine_courante
7355,37.29,26.2,3,Livres,production_semaine_courante
7356,32.56,6.8,4,Jardin,production_semaine_courante
7357,13.26,6.4,1,Jardin,production_semaine_courante
7358,86.04,9.5,0,Maison,production_semaine_courante
7359,54.53,15.5,1,Livres,production_semaine_courante
7360,168.05,20.9,2,Mode,production_semaine_courante
7361,160.03,,0,Maison,production_semaine_courante
7362,98.35,13.2,0,Jardin,production_semaine_courante
7363,23.23,7.4,0,Beaute,production_semaine_courante
7364,21.48,,0,Jardin,production_semaine_courante
7365,6.84,2.7,2,Mode,production_semaine_courante
7366,31.18,4.5,0,Livres,production_semaine_courante
7367,23.21,8.3,2,Mode,production_semaine_courante
7368,103.36,33.0,2,Sport,production_semaine_courante
7369,51.92,12.8,1,Maison,production_semaine_courante
7370,43.4,50.5,1,Beaute,production_semaine_courante
7371,62.41,1.6,0,Electronique,production_semaine_courante
7372,70.4,9.2,1,Maison,production_semaine_courante
7373,40.29,8.1,2,Livres,production_semaine_courante
7374,53.68,13.8,0,Beaute,production_semaine_courante
7375,110.78,25.1,1,Sport,production_semaine_courante
7376,124.95,27.6,0,Sport,production_semaine_courante
7377,22.83,16.6,1,Jardin,production_semaine_courante
7378,58.37,,1,Jardin,production_semaine_courante
7379,180.54,44.6,0,Maison,production_semaine_courante
7380,183.38,,1,Maison,production_semaine_courante
7381,168.55,26.8,2,Beaute,production_semaine_courante
7382,91.21,,1,Electronique,production_semaine_courante
7383,55.89,10.1,2,Maison,production_semaine_courante
7384,8.17,19.6,1,Mode,production_semaine_courante
7385,27.78,,0,Mode,production_semaine_courante
7386,63.35,2.6,1,Beaute,production_semaine_courante
7387,113.46,13.2,3,Maison,production_semaine_courante
7388,97.27,3.3,2,Mode,production_semaine_courante
7389,21.56,9.2,2,Jardin,production_semaine_courante
7390,45.71,30.9,1,Jardin,production_semaine_courante
7391,173.49,,2,Jardin,production_semaine_courante
7392,58.02,0.5,0,Maison,production_semaine_courante
7393,98.21,14.0,1,Electronique,production_semaine_courante
7394,47.9,6.0,1,Electronique,production_semaine_courante
7395,12.67,8.1,1,Mode,production_semaine_courante
7396,79.22,7.8,0,Mode,production_semaine_courante
7397,56.0,,1,Jardin,production_semaine_courante
7398,60.03,0.1,2,Jardin,production_semaine_courante
7399,71.59,34.3,3,Jardin,production_semaine_courante
7400,29.98,3.7,0,Livres,production_semaine_courante
7401,68.76,8.3,1,Beaute,production_semaine_courante
7402,31.02,53.6,2,Jardin,production_semaine_courante
7403,98.68,26.3,1,Jardin,production_semaine_courante
7404,400.43,1.7,0,Beaute,production_semaine_courante
7405,37.9,10.7,1,Mode,production_semaine_courante
7406,174.92,19.6,1,Mode,production_semaine_courante
7407,63.38,18.0,1,Beaute,production_semaine_courante
7408,70.92,,0,Maison,production_semaine_courante
7409,57.84,9.2,3,Jardin,production_semaine_courante
7410,37.07,,0,Beaute,production_semaine_courante
7411,44.75,9.4,0,Livres,production_semaine_courante
7412,215.11,15.7,2,Electronique,production_semaine_courante
7413,29.96,14.1,0,Sport,production_semaine_courante
7414,132.67,1.1,0,Maison,production_semaine_courante
7415,49.93,1.0,0,Livres,production_semaine_courante
7416,10.35,50.4,2,Maison,production_semaine_courante
7417,68.17,2.5,2,Jardin,production_semaine_courante
7418,272.79,5.2,2,Livres,production_semaine_courante
7419,118.02,21.9,2,Livres,production_semaine_courante
7420,4.18,7.9,0,Jardin,production_semaine_courante
7421,110.09,3.0,2,Jardin,production_semaine_courante
7422,54.0,9.4,0,Mode,production_semaine_courante
7423,24.07,12.6,1,Jardin,production_semaine_courante
7424,48.05,9.0,1,Mode,production_semaine_courante
7425,25.32,37.7,1,Sport,production_semaine_courante
7426,11.45,5.0,0,Electronique,production_semaine_courante
7427,34.45,16.2,0,Beaute,production_semaine_courante
7428,41.01,1.8,0,Sport,production_semaine_courante
7429,39.97,7.5,0,Beaute,production_semaine_courante
7430,47.07,20.3,2,Livres,production_semaine_courante
7431,37.62,3.8,1,Beaute,production_semaine_courante
7432,65.61,13.4,1,Mode,production_semaine_courante
7433,172.33,2.5,3,Jardin,production_semaine_courante
7434,12.89,1.6,1,Beaute,production_semaine_courante
7435,87.15,,2,Sport,production_semaine_courante
7436,86.47,16.9,0,Jardin,production_semaine_courante
7437,25.92,1.8,2,Mode,production_semaine_courante
7438,147.2,37.5,1,Sport,production_semaine_courante
7439,13.47,3.8,1,Livres,production_semaine_courante
7440,110.57,1.9,0,Electronique,production_semaine_courante
7441,71.57,3.4,1,Maison,production_semaine_courante
7442,24.71,2.8,0,Jardin,production_semaine_courante
7443,174.51,1.4,3,Mode,production_semaine_courante
7444,12.54,24.0,3,Sport,production_semaine_courante
7445,151.88,10.3,0,Beaute,production_semaine_courante
7446,38.04,,0,Livres,production_semaine_courante
7447,54.15,45.1,2,Livres,production_semaine_courante
7448,23.48,7.0,1,Jardin,production_semaine_courante
7449,40.84,2.7,2,Maison,production_semaine_courante
7450,122.16,4.8,0,Livres,production_semaine_courante
7451,84.05,4.1,0,Livres,production_semaine_courante
7452,204.25,10.4,0,Maison,production_semaine_courante
7453,27.45,5.2,3,Jardin,production_semaine_courante
7454,48.27,10.9,2,Jardin,production_semaine_courante
7455,88.73,16.6,0,Mode,production_semaine_courante
7456,89.06,22.5,1,Livres,production_semaine_courante
7457,51.66,18.6,1,Livres,production_semaine_courante
7458,20.91,3.5,0,Maison,production_semaine_courante
7459,156.24,,0,Jardin,production_semaine_courante
7460,27.51,,0,Livres,production_semaine_courante
7461,39.18,,3,Livres,production_semaine_courante
7462,51.96,1.3,2,Mode,production_semaine_courante
7463,82.57,11.2,1,Maison,production_semaine_courante
7464,24.79,,3,Maison,production_semaine_courante
7465,50.53,21.2,0,Livres,production_semaine_courante
7466,116.74,5.7,0,Beaute,production_semaine_courante
7467,183.19,57.7,1,Electronique,production_semaine_courante
7468,33.84,21.3,0,Maison,production_semaine_courante
7469,11.89,0.9,1,Sport,production_semaine_courante
7470,86.94,,1,Livres,production_semaine_courante
7471,15.46,,1,Livres,production_semaine_courante
7472,78.8,17.8,1,Sport,production_semaine_courante
7473,55.54,10.3,4,Electronique,production_semaine_courante
7474,52.35,9.9,5,Mode,production_semaine_courante
7475,26.12,6.9,0,Mode,production_semaine_courante
7476,208.31,4.8,2,Jardin,production_semaine_courante
7477,45.95,43.8,1,Mode,production_semaine_courante
7478,108.37,5.7,1,Sport,production_semaine_courante
7479,69.47,1.0,0,Livres,production_semaine_courante
7480,97.83,2.7,1,Jardin,production_semaine_courante
7481,168.74,29.2,2,Jardin,production_semaine_courante
7482,26.25,13.3,0,Jardin,production_semaine_courante
7483,32.26,22.6,0,Livres,production_semaine_courante
7484,41.93,24.8,2,Livres,production_semaine_courante
7485,166.69,26.0,3,Jardin,production_semaine_courante
7486,114.52,12.0,0,Jardin,production_semaine_courante
7487,57.1,2.9,0,Jardin,production_semaine_courante
7488,50.25,2.4,0,Maison,production_semaine_courante
7489,43.57,12.8,0,Maison,production_semaine_courante
7490,86.26,6.8,1,Sport,production_semaine_courante
7491,161.01,12.2,0,Livres,production_semaine_courante
7492,91.27,10.4,4,Jardin,production_semaine_courante
7493,66.0,13.8,1,Jardin,production_semaine_courante
7494,101.19,,0,Sport,production_semaine_courante
7495,37.8,0.5,1,Maison,production_semaine_courante
7496,181.39,19.2,0,Jardin,production_semaine_courante
7497,181.11,3.2,1,Mode,production_semaine_courante
7498,62.91,15.8,2,Mode,production_semaine_courante
7499,34.94,,2,Livres,production_semaine_courante
7500,34.93,60.1,1,Mode,production_semaine_courante
7501,49.17,27.1,2,Maison,production_semaine_courante
7502,81.3,8.0,2,Mode,production_semaine_courante
7503,10.1,14.4,1,Mode,production_semaine_courante
7504,55.32,1.9,0,Beaute,production_semaine_courante
7505,118.93,7.3,0,Maison,production_semaine_courante
7506,46.76,19.9,2,Sport,production_semaine_courante
7507,31.32,14.6,0,Mode,production_semaine_courante
7508,76.65,9.9,3,Jardin,production_semaine_courante
7509,56.38,2.9,3,Maison,production_semaine_courante
7510,100.78,24.4,3,Maison,production_semaine_courante
7511,21.38,4.8,2,Mode,production_semaine_courante
7512,78.48,25.8,1,Maison,production_semaine_courante
7513,161.08,,0,Sport,production_semaine_courante
7514,80.8,7.0,2,Sport,production_semaine_courante
7515,34.31,0.6,4,Jardin,production_semaine_courante
7516,5.15,,2,Jardin,production_semaine_courante
7517,28.56,33.0,0,Beaute,production_semaine_courante
7518,51.38,25.6,0,Electronique,production_semaine_courante
7519,12.81,12.8,0,Beaute,production_semaine_courante
7520,60.88,9.4,3,Electronique,production_semaine_courante
7521,50.62,15.6,1,Livres,production_semaine_courante
7522,22.3,,3,Maison,production_semaine_courante
7523,93.57,15.5,0,Jardin,production_semaine_courante
7524,109.06,5.5,0,Jardin,production_semaine_courante
7525,191.83,27.3,1,Maison,production_semaine_courante
7526,52.74,18.2,2,Sport,production_semaine_courante
7527,19.98,6.0,0,Beaute,production_semaine_courante
7528,23.9,26.6,0,Mode,production_semaine_courante
7529,147.05,10.0,0,Jardin,production_semaine_courante
7530,69.22,2.9,3,Maison,production_semaine_courante
7531,56.4,1.2,1,Mode,production_semaine_courante
7532,129.58,18.0,0,Jardin,production_semaine_courante
7533,36.39,30.1,1,Mode,production_semaine_courante
7534,168.27,24.7,2,Electronique,production_semaine_courante
7535,40.92,16.0,0,Beaute,production_semaine_courante
7536,120.67,2.3,0,Livres,production_semaine_courante
7537,66.88,1.5,0,Beaute,production_semaine_courante
7538,72.89,6.3,0,Livres,production_semaine_courante
7539,52.36,29.0,1,Electronique,production_semaine_courante
7540,166.79,48.9,2,Sport,production_semaine_courante
7541,31.72,4.1,1,Maison,production_semaine_courante
7542,135.25,21.5,1,Jardin,production_semaine_courante
7543,26.41,12.8,1,Electronique,production_semaine_courante
7544,9.75,,1,Mode,production_semaine_courante
7545,91.52,11.7,2,Jardin,production_semaine_courante
7546,59.74,,0,Jardin,production_semaine_courante
7547,64.5,4.8,0,Jardin,production_semaine_courante
7548,16.46,34.1,3,Electronique,production_semaine_courante
7549,59.78,4.0,0,Beaute,production_semaine_courante
7550,38.11,1.2,1,Maison,production_semaine_courante
7551,220.59,2.6,0,Jardin,production_semaine_courante
7552,101.39,27.2,2,Electronique,production_semaine_courante
7553,68.03,8.1,0,Mode,production_semaine_courante
7554,123.36,23.9,1,Sport,production_semaine_courante
7555,49.06,,1,Mode,production_semaine_courante
7556,70.53,9.8,0,Livres,production_semaine_courante
7557,47.73,24.7,2,Jardin,production_semaine_courante
7558,39.61,8.3,1,Livres,production_semaine_courante
7559,80.49,24.3,1,Maison,production_semaine_courante
7560,122.84,1.6,2,Jardin,production_semaine_courante
7561,62.69,15.2,2,Electronique,production_semaine_courante
7562,30.84,18.2,1,Mode,production_semaine_courante
7563,53.76,34.4,2,Sport,production_semaine_courante
7564,38.69,,2,Electronique,production_semaine_courante
7565,48.19,13.9,0,Electronique,production_semaine_courante
7566,40.93,8.5,1,Maison,production_semaine_courante
7567,102.73,,0,Jardin,production_semaine_courante
7568,256.03,1.7,3,Jardin,production_semaine_courante
7569,46.65,2.2,1,Sport,production_semaine_courante
7570,67.69,27.2,3,Electronique,production_semaine_courante
7571,41.25,20.8,0,Mode,production_semaine_courante
7572,35.02,7.2,0,Maison,production_semaine_courante
7573,41.35,26.4,1,Mode,production_semaine_courante
7574,6.28,1.3,2,Electronique,production_semaine_courante
7575,101.46,14.7,1,Livres,production_semaine_courante
7576,18.69,,1,Beaute,production_semaine_courante
7577,88.8,27.4,1,Mode,production_semaine_courante
7578,64.15,7.0,2,Jardin,production_semaine_courante
7579,58.32,20.5,0,Jardin,production_semaine_courante
7580,104.47,8.4,1,Sport,production_semaine_courante
7581,84.46,27.5,4,Electronique,production_semaine_courante
7582,99.97,11.3,0,Jardin,production_semaine_courante
7583,98.19,21.7,0,Livres,production_semaine_courante
7584,97.61,1.2,0,Mode,production_semaine_courante
7585,74.0,,1,Beaute,production_semaine_courante
7586,179.11,12.0,2,Maison,production_semaine_courante
7587,72.64,14.1,0,Beaute,production_semaine_courante
7588,236.49,17.8,0,Sport,production_semaine_courante
7589,36.01,37.5,0,Sport,production_semaine_courante
7590,23.93,23.1,1,Livres,production_semaine_courante
7591,105.03,3.7,2,Beaute,production_semaine_courante
7592,6.54,26.2,0,Electronique,production_semaine_courante
7593,112.12,,1,Electronique,production_semaine_courante
7594,14.73,14.6,0,Maison,production_semaine_courante
7595,59.23,32.2,3,Maison,production_semaine_courante
7596,111.72,1.6,1,Mode,production_semaine_courante
7597,16.56,28.4,1,Livres,production_semaine_courante
7598,54.29,24.0,0,Mode,production_semaine_courante
7599,118.51,10.5,3,Livres,production_semaine_courante
7600,7.32,5.5,2,Jardin,production_semaine_courante
7601,74.92,7.8,0,Electronique,production_semaine_courante
7602,41.25,51.9,0,Livres,production_semaine_courante
7603,148.82,3.4,3,Jardin,production_semaine_courante
7604,47.06,,2,Mode,production_semaine_courante
7605,259.29,,1,Jardin,production_semaine_courante
7606,67.55,3.7,0,Beaute,production_semaine_courante
7607,61.4,,3,Beaute,production_semaine_courante
7608,38.51,5.4,0,Electronique,production_semaine_courante
7609,48.63,63.8,1,Livres,production_semaine_courante
7610,106.8,10.4,1,Sport,production_semaine_courante
7611,52.0,10.9,2,Livres,production_semaine_courante
7612,37.12,0.6,1,Jardin,production_semaine_courante
7613,18.29,47.0,0,Sport,production_semaine_courante
7614,44.53,2.9,1,Mode,production_semaine_courante
7615,102.64,11.6,1,Electronique,production_semaine_courante
7616,36.58,7.6,0,Mode,production_semaine_courante
7617,326.46,8.1,0,Jardin,production_semaine_courante
7618,166.87,,1,Electronique,production_semaine_courante
7619,7.18,16.3,3,Maison,production_semaine_courante
7620,50.65,2.5,0,Maison,production_semaine_courante
7621,42.88,,2,Jardin,production_semaine_courante
7622,11.12,,1,Sport,production_semaine_courante
7623,44.22,8.8,0,Jardin,production_semaine_courante
7624,44.0,2.7,1,Livres,production_semaine_courante
7625,110.35,5.6,1,Jardin,production_semaine_courante
7626,129.22,3.6,1,Electronique,production_semaine_courante
7627,112.53,2.0,0,Mode,production_semaine_courante
7628,163.34,,3,Electronique,production_semaine_courante
7629,66.72,11.7,0,Sport,production_semaine_courante
7630,66.57,1.1,1,Livres,production_semaine_courante
7631,105.38,13.9,0,Mode,production_semaine_courante
7632,44.6,74.5,1,Electronique,production_semaine_courante
7633,77.23,49.9,3,Beaute,production_semaine_courante
7634,74.42,,1,Mode,production_semaine_courante
7635,85.94,,2,Sport,production_semaine_courante
7636,134.66,0.3,2,Electronique,production_semaine_courante
7637,32.69,26.9,2,Livres,production_semaine_courante
7638,33.64,0.9,2,Sport,production_semaine_courante
7639,241.67,3.5,0,Beaute,production_semaine_courante
7640,32.71,11.8,2,Mode,production_semaine_courante
7641,46.49,2.9,1,Mode,production_semaine_courante
7642,92.2,26.9,4,Jardin,production_semaine_courante
7643,8.64,22.5,1,Livres,production_semaine_courante
7644,41.26,21.1,0,Beaute,production_semaine_courante
7645,23.28,25.4,1,Beaute,production_semaine_courante
7646,17.75,3.7,1,Electronique,production_semaine_courante
7647,132.78,19.6,2,Jardin,production_semaine_courante
7648,113.0,6.6,0,Jardin,production_semaine_courante
7649,28.13,16.5,3,Beaute,production_semaine_courante
7650,137.1,2.0,2,Jardin,production_semaine_courante
7651,143.51,,0,Mode,production_semaine_courante
7652,163.38,53.7,0,Livres,production_semaine_courante
7653,145.79,0.7,1,Jardin,production_semaine_courante
7654,78.64,1.5,0,Maison,production_semaine_courante
7655,45.62,2.0,1,Electronique,production_semaine_courante
7656,112.28,8.4,2,Livres,production_semaine_courante
7657,48.83,5.2,0,Electronique,production_semaine_courante
7658,81.41,24.7,1,Jardin,production_semaine_courante
7659,43.98,9.6,1,Electronique,production_semaine_courante
7660,61.33,9.9,1,Livres,production_semaine_courante
7661,22.44,18.9,0,Maison,production_semaine_courante
7662,107.18,6.7,0,Mode,production_semaine_courante
7663,85.12,6.5,2,Jardin,production_semaine_courante
7664,15.84,21.2,2,Livres,production_semaine_courante
7665,49.13,22.7,1,Maison,production_semaine_courante
7666,122.06,0.2,0,Mode,production_semaine_courante
7667,28.21,2.3,1,Livres,production_semaine_courante
7668,29.02,3.6,2,Jardin,production_semaine_courante
7669,53.65,6.5,1,Livres,production_semaine_courante
7670,36.82,5.2,2,Beaute,production_semaine_courante
7671,182.61,16.6,1,Mode,production_semaine_courante
7672,36.69,26.4,3,Jardin,production_semaine_courante
7673,41.31,3.2,4,Livres,production_semaine_courante
7674,3.77,,1,Sport,production_semaine_courante
7675,52.1,,1,Sport,production_semaine_courante
7676,111.14,,0,Beaute,production_semaine_courante
7677,104.37,14.5,5,Jardin,production_semaine_courante
7678,108.09,33.6,0,Livres,production_semaine_courante
7679,98.7,3.2,5,Jardin,production_semaine_courante
7680,205.67,1.4,2,Sport,production_semaine_courante
7681,79.9,,1,Beaute,production_semaine_courante
7682,40.54,7.5,2,Jardin,production_semaine_courante
7683,43.05,2.7,0,Mode,production_semaine_courante
7684,50.39,1.9,2,Maison,production_semaine_courante
7685,33.57,12.3,0,Beaute,production_semaine_courante
7686,85.78,,0,Jardin,production_semaine_courante
7687,116.0,89.4,4,Electronique,production_semaine_courante
7688,45.24,7.8,1,Mode,production_semaine_courante
7689,140.79,3.6,1,Mode,production_semaine_courante
7690,21.82,14.9,0,Maison,production_semaine_courante
7691,8.57,4.2,1,Mode,production_semaine_courante
7692,43.89,10.2,0,Beaute,production_semaine_courante
7693,9.89,9.9,1,Jardin,production_semaine_courante
7694,30.54,9.1,0,Beaute,production_semaine_courante
7695,72.91,23.9,1,Mode,production_semaine_courante
7696,14.17,3.7,2,Jardin,production_semaine_courante
7697,68.3,,1,Beaute,production_semaine_courante
7698,37.64,23.5,0,Mode,production_semaine_courante
7699,98.11,6.1,0,Maison,production_semaine_courante
7700,17.08,,2,Jardin,production_semaine_courante
7701,37.64,4.9,0,Livres,production_semaine_courante
7702,32.86,6.1,1,Beaute,production_semaine_courante
7703,73.14,12.2,2,Electronique,production_semaine_courante
7704,40.92,0.7,1,Jardin,production_semaine_courante
7705,96.39,36.9,2,Maison,production_semaine_courante
7706,74.67,1.6,2,Jardin,production_semaine_courante
7707,61.92,,1,Beaute,production_semaine_courante
7708,51.35,1.7,1,Mode,production_semaine_courante
7709,190.97,4.4,1,Mode,production_semaine_courante
7710,67.75,27.3,0,Electronique,production_semaine_courante
7711,83.66,14.3,3,Mode,production_semaine_courante
7712,82.47,,2,Mode,production_semaine_courante
7713,41.27,30.8,0,Beaute,production_semaine_courante
7714,8.43,24.2,0,Beaute,production_semaine_courante
7715,180.66,21.0,0,Beaute,production_semaine_courante
7716,46.0,28.2,2,Beaute,production_semaine_courante
7717,80.59,14.5,3,Jardin,production_semaine_courante
7718,187.95,,2,Jardin,production_semaine_courante
7719,42.51,7.0,1,Mode,production_semaine_courante
7720,54.05,3.8,1,Beaute,production_semaine_courante
7721,146.6,12.2,2,Electronique,production_semaine_courante
7722,39.0,33.0,1,Electronique,production_semaine_courante
7723,23.7,13.5,3,Livres,production_semaine_courante
7724,13.26,37.8,2,Sport,production_semaine_courante
7725,305.55,6.6,0,Jardin,production_semaine_courante
7726,173.52,,1,Maison,production_semaine_courante
7727,4.38,15.7,0,Electronique,production_semaine_courante
7728,108.41,16.6,1,Jardin,production_semaine_courante
7729,183.63,15.5,3,Electronique,production_semaine_courante
7730,61.98,3.8,1,Mode,production_semaine_courante
7731,47.51,2.3,1,Mode,production_semaine_courante
7732,50.32,57.7,2,Jardin,production_semaine_courante
7733,165.73,0.7,1,Maison,production_semaine_courante
7734,31.39,9.5,3,Sport,production_semaine_courante
7735,31.96,8.3,1,Jardin,production_semaine_courante
7736,31.58,6.7,0,Beaute,production_semaine_courante
7737,2.53,22.8,1,Jardin,production_semaine_courante
7738,49.09,20.5,1,Sport,production_semaine_courante
7739,150.39,35.3,2,Jardin,production_semaine_courante
7740,90.35,7.5,2,Jardin,production_semaine_courante
7741,99.46,12.5,0,Maison,production_semaine_courante
7742,81.72,33.4,0,Maison,production_semaine_courante
7743,55.25,76.4,0,Jardin,production_semaine_courante
7744,57.37,52.2,1,Livres,production_semaine_courante
7745,83.39,19.0,0,Beaute,production_semaine_courante
7746,43.38,2.3,2,Jardin,production_semaine_courante
7747,29.35,0.4,0,Beaute,production_semaine_courante
7748,46.96,26.2,0,Mode,production_semaine_courante
7749,20.14,27.6,2,Maison,production_semaine_courante
7750,33.54,20.6,3,Beaute,production_semaine_courante
7751,132.77,4.9,4,Electronique,production_semaine_courante
7752,54.37,15.3,3,Maison,production_semaine_courante
7753,81.23,5.7,3,Jardin,production_semaine_courante
7754,90.83,9.0,3,Mode,production_semaine_courante
7755,66.31,7.2,0,Electronique,production_semaine_courante
7756,118.7,36.7,3,Jardin,production_semaine_courante
7757,38.77,4.0,3,Beaute,production_semaine_courante
7758,83.79,12.9,0,Mode,production_semaine_courante
7759,26.3,6.7,4,Jardin,production_semaine_courante
7760,4.6,16.3,6,Livres,production_semaine_courante
7761,36.93,12.5,1,Maison,production_semaine_courante
7762,57.2,38.7,0,Maison,production_semaine_courante
7763,27.97,1.6,1,Mode,production_semaine_courante
7764,180.63,3.7,0,Jardin,production_semaine_courante
7765,59.24,21.8,2,Sport,production_semaine_courante
7766,102.07,6.9,1,Beaute,production_semaine_courante
7767,155.07,2.7,1,Jardin,production_semaine_courante
7768,67.11,10.5,2,Electronique,production_semaine_courante
7769,38.87,15.8,1,Electronique,production_semaine_courante
7770,23.54,0.7,0,Mode,production_semaine_courante
7771,13.65,5.2,2,Electronique,production_semaine_courante
7772,108.95,24.9,0,Livres,production_semaine_courante
7773,117.65,,0,Beaute,production_semaine_courante
7774,159.5,0.5,1,Mode,production_semaine_courante
7775,140.88,5.0,0,Electronique,production_semaine_courante
7776,194.03,15.3,1,Electronique,production_semaine_courante
7777,118.27,3.3,1,Jardin,production_semaine_courante
7778,75.71,26.4,1,Livres,production_semaine_courante
7779,45.12,16.9,2,Beaute,production_semaine_courante
7780,60.69,9.6,1,Maison,production_semaine_courante
7781,66.4,37.1,0,Maison,production_semaine_courante
7782,175.65,7.5,2,Electronique,production_semaine_courante
7783,143.98,4.0,2,Jardin,production_semaine_courante
7784,32.41,,1,Jardin,production_semaine_courante
7785,84.34,12.8,1,Beaute,production_semaine_courante
7786,103.82,6.1,1,Beaute,production_semaine_courante
7787,96.02,,1,Sport,production_semaine_courante
7788,48.65,7.6,0,Mode,production_semaine_courante
7789,63.9,5.2,2,Mode,production_semaine_courante
7790,128.18,18.6,2,Sport,production_semaine_courante
7791,51.13,15.8,4,Electronique,production_semaine_courante
7792,27.79,8.7,1,Electronique,production_semaine_courante
7793,102.37,7.6,1,Beaute,production_semaine_courante
7794,60.4,,1,Jardin,production_semaine_courante
7795,138.08,5.0,3,Jardin,production_semaine_courante
7796,68.25,1.3,1,Electronique,production_semaine_courante
7797,2.06,4.7,1,Electronique,production_semaine_courante
7798,80.89,5.8,1,Beaute,production_semaine_courante
7799,87.87,11.9,1,Jardin,production_semaine_courante
7800,143.34,22.3,2,Jardin,production_semaine_courante
7801,34.92,7.6,0,Jardin,production_semaine_courante
7802,44.72,43.4,1,Livres,production_semaine_courante
7803,35.94,26.3,1,Mode,production_semaine_courante
7804,136.61,62.8,1,Electronique,production_semaine_courante
7805,24.58,31.3,1,Electronique,production_semaine_courante
7806,104.91,,2,Beaute,production_semaine_courante
7807,33.06,13.7,1,Electronique,production_semaine_courante
7808,64.41,,0,Livres,production_semaine_courante
7809,14.86,19.2,1,Livres,production_semaine_courante
7810,99.79,13.8,0,Electronique,production_semaine_courante
7811,57.85,10.6,1,Jardin,production_semaine_courante
7812,112.69,17.7,0,Sport,production_semaine_courante
7813,98.2,8.8,0,Jardin,production_semaine_courante
7814,46.53,,3,Jardin,production_semaine_courante
7815,34.21,7.6,0,Mode,production_semaine_courante
7816,68.64,19.0,0,Maison,production_semaine_courante
7817,41.65,31.4,2,Electronique,production_semaine_courante
7818,214.33,27.6,3,Jardin,production_semaine_courante
7819,66.97,23.1,0,Sport,production_semaine_courante
7820,149.99,0.2,0,Jardin,production_semaine_courante
7821,81.94,36.4,0,Mode,production_semaine_courante
7822,57.0,4.8,1,Livres,production_semaine_courante
7823,32.31,32.8,1,Jardin,production_semaine_courante
7824,87.03,3.3,0,Livres,production_semaine_courante
7825,27.64,8.7,0,Electronique,production_semaine_courante
7826,73.99,20.8,1,Beaute,production_semaine_courante
7827,88.86,15.3,2,Mode,production_semaine_courante
7828,55.13,8.1,0,Electronique,production_semaine_courante
7829,112.79,17.0,1,Maison,production_semaine_courante
7830,43.21,11.9,2,Mode,production_semaine_courante
7831,123.93,4.8,2,Jardin,production_semaine_courante
7832,149.09,15.6,0,Maison,production_semaine_courante
7833,85.18,3.4,0,Livres,production_semaine_courante
7834,111.21,17.8,1,Electronique,production_semaine_courante
7835,96.94,0.0,3,Electronique,production_semaine_courante
7836,84.67,11.9,1,Electronique,production_semaine_courante
7837,84.5,7.7,2,Mode,production_semaine_courante
7838,24.56,5.4,2,Maison,production_semaine_courante
7839,131.66,10.9,1,Beaute,production_semaine_courante
7840,63.47,15.5,1,Jardin,production_semaine_courante
7841,69.04,50.4,2,Maison,production_semaine_courante
7842,60.82,26.9,3,Electronique,production_semaine_courante
7843,33.52,18.9,2,Mode,production_semaine_courante
7844,55.31,9.8,0,Jardin,production_semaine_courante
7845,155.13,,0,Livres,production_semaine_courante
7846,36.57,0.5,1,Jardin,production_semaine_courante
7847,4.51,6.7,1,Electronique,production_semaine_courante
7848,13.4,28.3,0,Electronique,production_semaine_courante
7849,49.18,7.3,0,Electronique,production_semaine_courante
7850,11.32,9.3,2,Jardin,production_semaine_courante
7851,35.16,4.8,1,Mode,production_semaine_courante
7852,138.72,4.8,2,Beaute,production_semaine_courante
7853,183.41,,1,Sport,production_semaine_courante
7854,15.74,14.3,2,Sport,production_semaine_courante
7855,59.62,8.9,0,Mode,production_semaine_courante
7856,52.17,14.0,2,Beaute,production_semaine_courante
7857,115.82,,2,Electronique,production_semaine_courante
7858,40.29,24.1,0,Jardin,production_semaine_courante
7859,114.05,20.9,1,Electronique,production_semaine_courante
7860,184.92,22.1,1,Electronique,production_semaine_courante
7861,273.79,10.4,1,Maison,production_semaine_courante
7862,9.49,6.6,0,Jardin,production_semaine_courante
7863,78.26,40.6,0,Mode,production_semaine_courante
7864,70.15,0.8,0,Sport,production_semaine_courante
7865,138.5,2.5,1,Electronique,production_semaine_courante
7866,157.25,8.2,3,Electronique,production_semaine_courante
7867,66.32,14.3,1,Beaute,production_semaine_courante
7868,198.55,0.1,1,Mode,production_semaine_courante
7869,59.36,19.1,1,Livres,production_semaine_courante
7870,31.47,12.3,1,Jardin,production_semaine_courante
7871,114.72,9.9,0,Jardin,production_semaine_courante
7872,23.16,8.3,3,Electronique,production_semaine_courante
7873,110.35,11.0,2,Sport,production_semaine_courante
7874,113.93,2.6,0,Jardin,production_semaine_courante
7875,138.33,,4,Jardin,production_semaine_courante
7876,59.46,5.1,2,Electronique,production_semaine_courante
7877,129.6,18.5,2,Sport,production_semaine_courante
7878,7.68,13.3,0,Jardin,production_semaine_courante
7879,94.33,9.8,1,Maison,production_semaine_courante
7880,76.5,,0,Jardin,production_semaine_courante
7881,151.5,12.3,1,Sport,production_semaine_courante
7882,272.29,,0,Electronique,production_semaine_courante
7883,215.65,1.5,2,Electronique,production_semaine_courante
7884,16.35,34.1,2,Electronique,production_semaine_courante
7885,70.61,,0,Mode,production_semaine_courante
7886,42.42,17.9,1,Jardin,production_semaine_courante
7887,28.57,9.4,2,Livres,production_semaine_courante
7888,92.68,21.2,1,Livres,production_semaine_courante
7889,36.83,13.2,2,Beaute,production_semaine_courante
7890,80.8,0.8,0,Maison,production_semaine_courante
7891,53.69,33.1,0,Mode,production_semaine_courante
7892,94.11,5.5,0,Jardin,production_semaine_courante
7893,41.69,2.2,0,Sport,production_semaine_courante
7894,134.85,1.4,2,Sport,production_semaine_courante
7895,57.07,19.1,1,Jardin,production_semaine_courante
7896,36.27,18.3,0,Maison,production_semaine_courante
7897,64.96,,0,Jardin,production_semaine_courante
7898,102.22,37.1,0,Jardin,production_semaine_courante
7899,40.64,6.4,1,Mode,production_semaine_courante
7900,68.36,12.4,2,Electronique,production_semaine_courante
7901,61.71,14.5,2,Jardin,production_semaine_courante
7902,28.21,58.3,1,Maison,production_semaine_courante
7903,130.8,5.6,1,Electronique,production_semaine_courante
7904,155.08,47.0,1,Sport,production_semaine_courante
7905,102.08,2.4,1,Beaute,production_semaine_courante
7906,176.06,21.7,0,Jardin,production_semaine_courante
7907,49.72,15.0,1,Jardin,production_semaine_courante
7908,53.22,25.5,5,Jardin,production_semaine_courante
7909,100.02,,1,Jardin,production_semaine_courante
7910,36.9,1.2,3,Electronique,production_semaine_courante
7911,12.01,1.1,0,Livres,production_semaine_courante
7912,150.33,13.5,2,Mode,production_semaine_courante
7913,39.85,13.9,0,Mode,production_semaine_courante
7914,146.95,35.5,0,Jardin,production_semaine_courante
7915,111.4,,3,Maison,production_semaine_courante
7916,99.4,1.1,2,Jardin,production_semaine_courante
7917,124.82,3.5,0,Electronique,production_semaine_courante
7918,47.88,,2,Jardin,production_semaine_courante
7919,147.79,22.5,0,Electronique,production_semaine_courante
7920,199.32,25.4,0,Mode,production_semaine_courante
7921,145.91,,2,Sport,production_semaine_courante
7922,29.3,8.0,3,Maison,production_semaine_courante
7923,85.2,0.3,1,Sport,production_semaine_courante
7924,22.6,4.0,2,Jardin,production_semaine_courante
7925,112.9,13.3,1,Livres,production_semaine_courante
7926,54.1,49.0,0,Mode,production_semaine_courante
7927,12.05,1.6,3,Mode,production_semaine_courante
7928,49.58,1.9,0,Maison,production_semaine_courante
7929,72.06,18.1,0,Sport,production_semaine_courante
7930,38.7,16.5,3,Beaute,production_semaine_courante
7931,149.21,4.3,1,Mode,production_semaine_courante
7932,43.18,25.2,3,Jardin,production_semaine_courante
7933,37.37,2.1,1,Electronique,production_semaine_courante
7934,10.63,39.0,2,Beaute,production_semaine_courante
7935,127.43,3.4,0,Beaute,production_semaine_courante
7936,77.81,1.3,0,Mode,production_semaine_courante
7937,138.68,6.2,1,Jardin,production_semaine_courante
7938,80.98,3.1,1,Beaute,production_semaine_courante
7939,173.33,11.2,1,Beaute,production_semaine_courante
7940,108.21,17.4,1,Sport,production_semaine_courante
7941,99.44,,1,Jardin,production_semaine_courante
7942,70.6,16.2,2,Livres,production_semaine_courante
7943,8.95,6.8,2,Maison,production_semaine_courante
7944,41.11,0.4,2,Mode,production_semaine_courante
7945,34.0,,2,Electronique,production_semaine_courante
7946,69.44,25.7,2,Mode,production_semaine_courante
7947,48.76,1.1,0,Jardin,production_semaine_courante
7948,135.64,8.9,2,Maison,production_semaine_courante
7949,124.83,15.1,3,Jardin,production_semaine_courante
7950,57.35,,0,Mode,production_semaine_courante
7951,77.81,12.9,2,Maison,production_semaine_courante
7952,39.25,11.4,1,Jardin,production_semaine_courante
7953,108.85,3.5,0,Electronique,production_semaine_courante
7954,100.4,2.3,0,Beaute,production_semaine_courante
7955,208.73,21.3,0,Jardin,production_semaine_courante
7956,67.08,5.8,2,Jardin,production_semaine_courante
7957,166.17,4.2,2,Jardin,production_semaine_courante
7958,25.62,20.1,3,Jardin,production_semaine_courante
7959,76.86,20.0,0,Livres,production_semaine_courante
7960,56.24,4.9,1,Mode,production_semaine_courante
7961,81.62,30.9,1,Livres,production_semaine_courante
7962,90.83,17.5,0,Jardin,production_semaine_courante
7963,18.67,6.4,2,Sport,production_semaine_courante
7964,135.88,8.4,1,Mode,production_semaine_courante
7965,135.76,19.5,1,Beaute,production_semaine_courante
7966,61.78,,0,Livres,production_semaine_courante
7967,64.34,9.5,5,Mode,production_semaine_courante
7968,90.65,15.9,0,Livres,production_semaine_courante
7969,131.59,11.6,0,Beaute,production_semaine_courante
7970,89.03,14.1,1,Beaute,production_semaine_courante
7971,123.3,11.9,2,Maison,production_semaine_courante
7972,35.15,3.3,1,Mode,production_semaine_courante
7973,170.5,7.9,2,Beaute,production_semaine_courante
7974,48.51,11.4,2,Beaute,production_semaine_courante
7975,101.1,22.7,2,Maison,production_semaine_courante
7976,71.0,15.9,4,Mode,production_semaine_courante
7977,78.41,8.3,2,Maison,production_semaine_courante
7978,73.43,55.0,1,Sport,production_semaine_courante
7979,59.99,1.7,1,Jardin,production_semaine_courante
7980,179.35,3.5,3,Jardin,production_semaine_courante
7981,31.23,6.3,5,Jardin,production_semaine_courante
7982,55.34,3.9,1,Sport,production_semaine_courante
7983,138.26,,0,Sport,production_semaine_courante
7984,137.49,0.6,0,Mode,production_semaine_courante
7985,84.22,2.9,1,Livres,production_semaine_courante
7986,35.93,5.2,0,Maison,production_semaine_courante
7987,84.04,17.2,0,Livres,production_semaine_courante
7988,36.83,31.3,2,Maison,production_semaine_courante
7989,27.55,24.0,1,Electronique,production_semaine_courante
7990,76.72,3.0,0,Mode,production_semaine_courante
7991,15.93,12.5,0,Jardin,production_semaine_courante
7992,164.4,0.5,1,Mode,production_semaine_courante
7993,42.98,5.6,0,Mode,production_semaine_courante
7994,60.14,24.6,2,Jardin,production_semaine_courante
7995,41.48,9.2,0,Livres,production_semaine_courante
7996,25.25,2.4,1,Electronique,production_semaine_courante
7997,3.82,8.7,1,Electronique,production_semaine_courante
7998,31.08,3.3,2,Mode,production_semaine_courante
7999,170.08,7.5,0,Beaute,production_semaine_courante
