transaction_id,customer_id,product_category,amount,currency,transaction_date,country,payment_method,status
102741,5697.0,electronique ,37.22,EUR,2026-02-10,FR,virement,COMPLETED 
101307,5012.0,Maisons,,EUR,2025/11/10 16:26,Belgique,virement,failed
101601,5477.0,BEAUTE,42275.0,EUR,16/06/2025,Belgique,-,pending
102621,5770.0,Sport,49.91,EUR,19/12/2025,DE,paypal,refunded
102029,5375.0,Mode,15.76,EUR,06-05-2025,France,cheque,completed
101950,5399.0,MAISON ,4.97,eur,2025/10/15 12:48,BELGIQUE,virement,failed
102718,5693.0,maison,14.39,EUR,2025/11/06 18:29,fr,cheque,Completed
100184,5093.0,Livres,,EUR,-,Etats-Unis,paypal,Completed
102400,5500.0,sport,12.81,EUR,12-Jun-2026,ch,virement,completed
100194,5511.0,beauté,28.67,EUR,2025-11-21,Suisse,carte_bancaire,Completed
102798,5277.0,MODE,17.75,USD,2026-09-03,fr,cheque,Completed
101195,5296.0,maison,36.47,USD,05-Jun-2026,Francia,carte_bancaire,pending
102547,5090.0,maison,,EUR,08-01-2026,USA,virement,refunded
100314,5627.0,LIVRES,79.43,EUR,25/05/2026,de,cheque,completed
100102,5481.0,Ã‰lectronique,18.02,EUR,04-01-2026,ch,carte_bancaire,completed
101437,5026.0,livres,104.23,eur,2025/04/17 02:54,GERMANY,carte_bancaire,pending
100109,5331.0,Maisons,9.06,EUR,2026/04/04 20:08,USA,carte_bancaire,failed
101221,5113.0,maison,32.42,EUR,05-14-2026,be,virement,Completed
100085,5415.0,Livres,92.33,EUR,2026/05/21 20:34,FRANCE,-,completed
100705,5627.0,Livre,42.33,EUR,08/09/2025,Allemagne,cheque,completed
102234,5090.0,MAISON ,8.25,EUR,2025/09/17 11:45,de,paypal,COMPLETED 
101973,5597.0,MAISON ,29.23,eur,24-May-2025,BE,virement,Completed
101517,5001.0,MAISON ,43.28,EUR,01-07-2026,France,virement,failed
100126,5170.0,Modes,,,08-01-2025,be,virement,refunded
102232,5361.0,MAISON ,4.17,EUR,2025/05/13 19:16,SUISSE,paypal,failed
100178,5624.0,Livre,$19.33,EUR,11-10-2025,BE,paypal,Completed
102030,5388.0,sport,50.72,,2025-08-03,SUISSE,carte_bancaire,pending
100076,5556.0,Livres,?,USD,2025/07/12 03:48,FR,carte_bancaire,COMPLETED 
100611,5398.0,Mode,23.34,EUR,07/09/2025,FR,paypal,completed
100679,5465.0,Sport,77.05,EUR,17/07/2025,Allemagne,carte_bancaire,completed
100152,5653.0,Livre,13.3,EUR,11-18-2025,France,-999,COMPLETED 
102484,5318.0,LIVRES,14.96,EUR,2025-08-29,FRANCE,carte_bancaire,pending
101025,5140.0,Electronique,36.33,eur,29-Jul-2026,Allemagne,carte_bancaire,completed
100907,5070.0, mode,48.02,EUR,05/05/2026,USA,carte_bancaire,COMPLETED 
100254,5734.0,Livre,"6,25€",,21/09/2026,DE,paypal,failed
102416,5634.0,MODE,40.3,EUR,2026/04/07 12:59,be,paypal,refunded
102332,,Ã‰lectronique,6.26,USD,2025-12-28,GERMANY,cheque,completed
100346,5627.0, mode,6.66,EUR,04/09/2026,fr,carte_bancaire,failed
100299,5510.0,livres,43.24,,2026/07/20 09:34,be,paypal,refunded
102045,5004.0,Electroniqe,67.28,EUR,01-23-2026,BE,cheque,completed
101295,5136.0,beauté,22.44,eur,2026/02/12 15:58,Belgique,-,failed
101357,5084.0, mode,34.9,EUR,2026-03-09,be,cheque,completed
101422,5786.0, mode,17.66,EUR,16-Sep-2026,BE,carte_bancaire,completed
102482,5059.0,MODE,147.42,EUR,09-17-2025,Allemagne,virement,COMPLETED 
100139,5070.0,Sport,8.1,EUR,02-Jun-2025,BE,cheque,failed
102603,5049.0,Maisons,8.41,EUR,2025/06/08 09:51,be,cheque,Completed
100246,5776.0,Electronique,16.0,,08-01-2025,be,virement,Completed
100900,5408.0, mode,34.19,EUR,18-Sep-2026,BE,virement,Completed
102130,5610.0,BEAUTE,36.4,EUR,08-04-2026,de,carte_bancaire,Completed
101681,5775.0,Livres,24.0,eur,2026-05-16,France,virement,refunded
102334,5262.0,Beaute,54.67,EUR,04-Feb-2026,fr,paypal,completed
100889,5264.0,SPORT,-66.54,EUR,08-Feb-2026,SUISSE,carte_bancaire,failed
101268,5686.0,livres,12.65,EUR,06/08/2025,BE,virement,failed
101926,5607.0,Electronique,,EUR,08/06/2026,SUISSE,carte_bancaire,COMPLETED 
101620,5304.0,Sports,-27.17,EUR,12-13-2025,CH,paypal,COMPLETED 
100700,5366.0,SPORT,15.33,EUR,13-Mar-2026,United States,-999,completed
101061,5023.0,Mode,1.89,EUR,03-May-2025,DE,virement,refunded
100485,5308.0,sport,6.82,EUR,27-Aug-2026,France,paypal,COMPLETED 
101356,5014.0,MAISON ,15.0,EUR,07-Aug-2025,ch,carte_bancaire,refunded
102310,5011.0,MAISON ,NULL,eur,09/08/2026,de,virement,refunded
102181,5755.0,beauté,17.78,EUR,20-Jun-2025,GERMANY,virement,COMPLETED 
100761,5025.0,sport,27.38,,01/03/2026,États-Unis,carte_bancaire,pending
100105,5378.0,MODE,29.02,,06-12-2026,GERMANY,cheque,failed
100321,5718.0,Beaute,"41,91€",EUR,unknown,be,virement,failed
102707,5038.0,ELECTRONIQUE,25.07,EUR,08-04-2025,be,cheque,pending
100188,5674.0,maison,11.45,EUR,05/07/2025,DE,cheque,completed
100772,5534.0,Maison,43.34,,2025/06/18 13:35,BE,virement,failed
102496,5764.0,Modes,19.09,EUR,11-Jul-2026,fr,virement,COMPLETED 
101451,5667.0,MAISON ,113.52,EUR,07-11-2025,France,paypal,pending
102354,5138.0,Sports,73.02,EUR,11-18-2025,CH,paypal,pending
102175,5403.0,Sport,46.55,,14/06/2026,Belgique,carte_bancaire,failed
101406,5023.0,livres,50.77,EUR,22/04/2026,fr,paypal,completed
100002,5681.0,BEAUTE,9.08,EUR,2025/06/26 11:12,CH,carte_bancaire,failed
102216,5204.0,Mode,16.56,EUR,17/04/2026,SUISSE,carte_bancaire,pending
101398,5680.0,Electronique,72.27,USD,23-May-2025,CH,virement,completed
101361,5137.0,LIVRES,41.32,EUR,2026/06/30 00:31,BELGIQUE,carte_bancaire,COMPLETED 
101657,5245.0,livres,40155.0,EUR,2025/04/05 12:50,DE,cheque,completed
100051,5040.0,SPORT,17.35,EUR,2025/07/16 13:30,France,paypal,Completed
101624,5493.0,livres,132.42,EUR,2025/05/02 19:15,Suisse,virement,Completed
100063,5161.0,Électronique,8.36,USD,04-02-2026,de,cheque,failed
102789,5571.0,Livre,28.88,EUR,2025/05/03 17:46,États-Unis,paypal,COMPLETED 
102553,5523.0,Maisons,unknown,EUR,2025-08-07,Etats-Unis,carte_bancaire,failed
102530,5458.0,Livres,-37.57,EUR,2025-09-24,USA,paypal,failed
101090,5223.0,Sport,23.0,EUR,11/08/2026,de,virement,completed
101465,5173.0, mode,41.67,EUR,2025/10/11 08:34,fr,paypal,completed
101896,5163.0,Livres,?,EUR,06-Dec-2025,ch,virement,completed
100052,5179.0,Sports,13.34,,08-17-2025,BELGIQUE,cheque,failed
102807,5157.0,livres,11.59,EUR,2025-04-14,United States,cheque,COMPLETED 
102763,5673.0,Maison,13.9,EUR,25/04/2025,fr,virement,pending
102551,5667.0,livres,4.52,eur,2025-08-20,FR,carte_bancaire,COMPLETED 
100014,5784.0,MODE,35.44,EUR,2025/08/24 00:56,France,virement,failed
100544,5788.0,Livre,-2.65,EUR,10/09/2025,États-Unis,carte_bancaire,Completed
100098,5577.0,Electroniqe,20.73,EUR,2026/08/31 20:45,Francia,carte_bancaire,refunded
100450,5446.0,Modes,23.19,EUR,07-28-2026,Francia,paypal,completed
102515,5596.0,Ã‰lectronique,32.95,EUR,19/09/2025,SUISSE,cheque,refunded
100044,5257.0,Mode,6.48,EUR,06-May-2025,Suisse,paypal,COMPLETED 
101001,5663.0,Mode,,EUR,04-03-2026,Belgique,paypal,pending
101831,5726.0,maison,30.26,,12-20-2025,GERMANY,virement,failed
100829,5391.0,maison,19.04,EUR,13/07/2026,GERMANY,virement,refunded
100598,5713.0,livres,16.45,EUR,29-Mar-2025,DE,cheque,pending
100408,5351.0,MODE,27.34,EUR,05-Mar-2026,DE,paypal,Completed
100067,5108.0,electronique ,44.78,EUR,18-Dec-2025,Belgique,virement,pending
100256,5799.0, mode,76.72,EUR,05-02-2025,Belgique,cheque,Completed
102028,5569.0,LIVRES,29.63,EUR,-999,GERMANY,carte_bancaire,completed
102303,5137.0,Electronique,30.73,EUR,2026-04-19,CH,virement,completed
101837,5409.0,Livre,"27,05€",EUR,01-28-2026,ch,virement,completed
101702,5213.0,Modes,43.43,EUR,19/09/2025,USA,carte_bancaire,COMPLETED 
102490,5507.0,BEAUTE,24.23,EUR,02-Sep-2026,Etats-Unis,carte_bancaire,failed
101662,5163.0,Beaute,3.63,,2025/10/03 01:49,SUISSE,carte_bancaire,completed
100144,5179.0,Livre,31.0,EUR,10-Nov-2025,fr,cheque,pending
101065,5366.0,BEAUTE,,EUR,06-16-2026,France,virement,completed
101292,5425.0,Beauté ,24.4,EUR,09-04-2026,Allemagne,carte_bancaire,COMPLETED 
102155,5006.0,Beaute,14.09,EUR,22-Dec-2025,Suisse,carte_bancaire,COMPLETED 
100416,5078.0,electronique ,99.09,USD,2025-08-04,BELGIQUE,paypal,Completed
100929,5385.0,Sport,23.12,EUR,05-12-2025,BE,unknown,completed
102022,5013.0,Beauté ,83.48,EUR,09-04-2025,FRANCE,virement,COMPLETED 
100170,5565.0,MODE,11.02,EUR,18-Aug-2026,USA,cheque,refunded
101125,5591.0,beauté,8.74,EUR,07-Apr-2025,ch,cheque,COMPLETED 
100567,5493.0,Électronique,9.9,EUR,08-31-2026,fr,paypal,refunded
101590,5344.0,electronique ,9.35,USD,2026-07-26,Francia,carte_bancaire,Completed
102673,5766.0,Beaute,,EUR,28/05/2025,de,virement,refunded
100134,5740.0,Beaute,10.72,EUR,05-09-2025,CH,carte_bancaire,failed
101717,5505.0,maison,29.12,EUR,06/02/2026,FRANCE,virement,refunded
100642,5611.0,ELECTRONIQUE,-19.42,EUR,2026/04/09 17:20,Belgique,paypal,Completed
101689,5573.0,livres,19.43,,2025/09/25 12:20,fr,carte_bancaire,refunded
100026,5632.0,beauté,18.78,EUR,2026/07/29 21:24,Suisse,paypal,failed
100469,5726.0,MODE,33.24,eur,02/07/2026,United States,cheque,Completed
100900,5408.0, mode,34.19,EUR,18-Sep-2026,BE,virement,Completed
102174,5700.0,Modes,11.57,EUR,12/09/2025,DE,carte_bancaire,COMPLETED 
101538,5761.0,Maisons,8.56,,10/05/2025,US,cheque,Completed
100999,5424.0,Sport,41.07,eur,05-Jul-2026,Suisse,virement,failed
100291,5675.0,Ã‰lectronique,7870.0,EUR,2026/05/20 01:53,Belgique,paypal,pending
101338,5704.0,Electronique,17.3,EUR,2026-05-07,ch,virement,Completed
102247,5109.0,Maisons,7.41,EUR,18/12/2025,ch,paypal,pending
100781,5450.0,Maison,7.38,EUR,21-Dec-2025,de,virement,Completed
100443,5636.0,Beaute,22.64,EUR,26-Aug-2026,GERMANY,cheque,COMPLETED 
102601,5674.0,maison,42.85,EUR,2026-09-02,Suisse,paypal,Completed
102149,5138.0,Electroniqe,5.59,EUR,14-May-2025,Suisse,carte_bancaire,refunded
100449,5386.0,Beauté ,9.46,USD,01-17-2026,FRANCE,carte_bancaire,refunded
101029,5656.0,Beaute,9.77,EUR,2025-06-03,BE,carte_bancaire,refunded
101992,5348.0,livres,71.52,EUR,29/08/2025,France,carte_bancaire,pending
102403,5483.0,BEAUTE,19.21,EUR,2026/02/23 07:29,SUISSE,cheque,COMPLETED 
102750,5221.0,Livres,119.1,EUR,2025-07-29,FRANCE,cheque,failed
100000,5025.0,LIVRES,38.36,EUR,2026-03-08,Belgique,carte_bancaire,completed
101001,5663.0,Mode,,EUR,04-03-2026,Belgique,paypal,pending
101048,5565.0,ELECTRONIQUE,92.66,eur,23/08/2026,fr,virement,refunded
100270,5717.0,ELECTRONIQUE,89.76,eur,14-Jun-2026,fr,virement,pending
100736,5578.0,Beauté ,30.89,EUR,2025/12/18 02:15,Francia,carte_bancaire,COMPLETED 
100298,5294.0,Électronique,50.99,EUR,04/05/2025,Suisse,paypal,pending
100032,5641.0,MODE,24.24,EUR,2026-01-11,CH,virement,Completed
102498,5581.0,SPORT,49.97,EUR,17-Apr-2026,États-Unis,cheque,Completed
100014,,Livres,5.19,EUR,14-Mar-2026,BE,cheque,refunded
100093,5756.0,Livres,18.27,EUR,10/11/2025,États-Unis,NULL,refunded
100411,5165.0,Livre,8.92,EUR,09-May-2026,Allemagne,cheque,refunded
101159,5604.0,maison,18.31,EUR,2025/05/25 04:00,États-Unis,paypal,failed
102362,5444.0,Electroniqe,6.23,EUR,29/03/2026,FRANCE,NULL,completed
102819,5643.0,Sport,4.33,EUR,11-26-2025,DE,cheque,completed
100149,5327.0,MODE,32.05,eur,09-10-2025,Francia,paypal,completed
101600,5773.0, mode,-,,08-21-2026,SUISSE,carte_bancaire,failed
101044,5704.0,electronique ,21.0,EUR,23-May-2026,FR,n/a,COMPLETED 
102153,5060.0,sport,15095.0,EUR,2025/03/29 00:28,ch,cheque,COMPLETED 
100495,5772.0,SPORT,39.85,EUR,30-Mar-2026,BE,cheque,refunded
100332,5409.0,beauté,26.26,,2026/05/28 23:30,SUISSE,paypal,COMPLETED 
102788,5337.0,maison,$16.27,EUR,08-19-2025,États-Unis,paypal,COMPLETED 
102066,5413.0,Sport,"2,73€",EUR,2025-12-29,United States,paypal,failed
101874,5774.0,BEAUTE,-79.78,EUR,30/03/2025,Allemagne,carte_bancaire,failed
100756,5370.0,beauté,38.24,EUR,01-14-2026,GERMANY,paypal,refunded
100798,5536.0,Beauté ,,EUR,2025-12-26,ch,carte_bancaire,COMPLETED 
102274,5624.0,MODE,,EUR,09-03-2026,US,carte_bancaire,COMPLETED 
100203,5473.0,electronique ,"63,33€",EUR,06-22-2025,FR,paypal,failed
100463,5464.0,Livres,29.74,EUR,09-14-2025,BELGIQUE,null,COMPLETED 
100001,5292.0,Sport,51.94,,2026/04/01 22:40,Etats-Unis,virement,completed
102749,5605.0,beauté,20.41,EUR,11-03-2025,GERMANY,virement,completed
101583,5156.0,MODE,25.93,EUR,30-May-2025,BELGIQUE,cheque,COMPLETED 
100555,5018.0,Beaute,$16.93,EUR,2026-02-15,Francia,cheque,COMPLETED 
100174,,livres,31.47,,2026/06/08 23:57,US,paypal,failed
100289,5384.0,livres,14.01,EUR,2025/08/22 08:15,SUISSE,virement,failed
100120,5410.0,Electroniqe,50.0,EUR,2026/05/15 08:46,ch,carte_bancaire,failed
102839,5263.0,Beauté ,21.26,EUR,11-21-2025,fr,paypal,failed
100847,5684.0,Livres,223.58,EUR,13/09/2025,DE,paypal,refunded
102699,5088.0,Maison,,eur,10/08/2025,United States,carte_bancaire,refunded
100432,5226.0,Mode,19.25,EUR,06-28-2025,France,paypal,failed
100119,5324.0,Modes,31.28,,08-10-2026,BE,paypal,refunded
100668,5626.0,maison,18.64,EUR,2026-06-29,fr,cheque,Completed
101200,5397.0,Beauté ,27.46,EUR,2026/06/29 06:01,DE,cheque,Completed
100393,5456.0,Électronique,$127.53,EUR,01-17-2026,France,cheque,COMPLETED 
100434,5508.0,BEAUTE,,EUR,07-13-2025,Belgique,virement,pending
101800,5705.0,Beauté ,135.78,,2026/01/08 14:55,France,carte_bancaire,pending
101721,5562.0,Beauté ,19.42,EUR,2025/04/07 10:27,DE,virement,pending
102728,5759.0,livres,"29,75€",EUR,2025/08/07 15:05,Belgique,paypal,pending
102739,5354.0,sport,106.61,EUR,21-Feb-2026,DE,carte_bancaire,pending
102692,5033.0,livres,23.68,,02/02/2026,BELGIQUE,carte_bancaire,refunded
100805,5384.0,beauté,18.57,EUR,2025/06/13 05:02,France,cheque,completed
100331,5322.0,Ã‰lectronique,10.94,USD,16/08/2025,DE,-,refunded
100528,5492.0,Livre,-30.99,EUR,04-Apr-2025,Belgique,carte_bancaire,Completed
101225,,LIVRES,$21.83,EUR,2025/12/19 09:41,SUISSE,unknown,failed
100801,5800.0,sport,15.42,EUR,2025-09-03,États-Unis,virement,refunded
101089,5080.0,beauté,,EUR,06-15-2025,FR,cheque,Completed
100764,5083.0,Électronique,69.02,,2026-01-18,USA,carte_bancaire,COMPLETED 
100218,5369.0,Électronique,,EUR,06-16-2025,USA,n/a,COMPLETED 
100479,5041.0,BEAUTE,67.2,EUR,2026/05/17 01:17,BE,cheque,COMPLETED 
100790,5403.0,Beaute,36.11,EUR,10/08/2026,Allemagne,paypal,refunded
100478,5098.0,maison,391.89,EUR,2026-07-05,United States,virement,failed
102731,5154.0, mode,12.11,EUR,23-Dec-2025,BE,virement,Completed
100727,5268.0,beauté,33.54,EUR,2025-08-18,SUISSE,cheque,COMPLETED 
100581,5029.0,MODE,16.88,EUR,2026-07-03,CH,virement,COMPLETED 
101157,5364.0,beauté,186.27,,2025/08/20 10:05,États-Unis,virement,completed
102547,5730.0,sport,n/a,EUR,04-Jun-2025,Suisse,cheque,Completed
101688,5435.0,Sports,31.66,EUR,02/06/2026,Belgique,-999,pending
102633,5768.0,MODE,32.47,EUR,2026-04-01,SUISSE,cheque,refunded
100045,5198.0,maison,12.83,EUR,2025/07/29 07:29,Suisse,paypal,completed
102849,5513.0,Livre,-15.1,EUR,26-Oct-2025,United States,carte_bancaire,pending
100240,5297.0,SPORT,12.02,eur,08/11/2025,be,cheque,refunded
100251,5387.0,sport,?,,05-09-2026,GERMANY,carte_bancaire,failed
100990,5079.0,BEAUTE,29.59,EUR,2025-11-06,GERMANY,carte_bancaire,failed
100457,5594.0,BEAUTE,9.66,EUR,01-03-2026,FR,carte_bancaire,pending
101272,5438.0,LIVRES,,EUR,2025-06-18,ch,cheque,Completed
100676,5687.0,Electroniqe,9.03,EUR,03/05/2026,United States,virement,refunded
100772,5534.0,Maison,43.34,,2025/06/18 13:35,BE,virement,failed
101814,5310.0,LIVRES,19.27,EUR,07-11-2025,United States,paypal,pending
101533,, mode,21.48,EUR,2025-05-29,CH,carte_bancaire,failed
102356,5263.0,MODE,17.6,EUR,14/09/2025,GERMANY,cheque,pending
101084,5083.0,livres,34.6,EUR,2025/11/06 14:58,Suisse,carte_bancaire,failed
101511,5102.0,Beauté ,20.61,eur,02-18-2026,USA,virement,completed
102404,5114.0,Livres,$110.62,EUR,05-09-2025,US,paypal,pending
100257,5280.0,SPORT,12.98,EUR,2025/07/18 13:26,USA,paypal,COMPLETED 
102272,5313.0,Sport,13.35,EUR,11-Jul-2025,USA,virement,pending
100368,5120.0,maison,$26.79,eur,2025/03/24 18:30,France,carte_bancaire,pending
102050,5107.0,Mode,-51.55,USD,2025/04/01 05:47,FRANCE,paypal,failed
100123,5655.0,Ã‰lectronique,146.72,EUR,08-18-2026,Allemagne,cheque,failed
102844,5258.0, mode,29.82,EUR,2025-04-16,États-Unis,paypal,COMPLETED 
100354,5295.0,livres,"24,12€",,2026-09-06,BE,carte_bancaire,pending
101299,5053.0,Maison,32.77,EUR,31-May-2026,US,cheque,completed
101864,5192.0,Beaute,79.35,EUR,2025/07/03 00:34,Belgique,paypal,COMPLETED 
102219,5571.0,Maison,,EUR,13/09/2025,BE,carte_bancaire,Completed
101196,5602.0,Maison,,EUR,NULL,Belgique,cheque,failed
101830,5275.0,LIVRES,46.4,EUR,10-27-2025,GERMANY,virement,refunded
102202,5567.0,Électronique,46.89,EUR,08-20-2025,CH,paypal,Completed
101302,5078.0,Mode,"20,96€",EUR,2026-06-20,France,carte_bancaire,Completed
100682,5540.0,Modes,15.3,eur,06-27-2025,ch,cheque,pending
102027,5249.0,MODE,15.81,EUR,2026/06/26 08:15,Allemagne,carte_bancaire,refunded
100507,5152.0,LIVRES,,EUR,12-01-2025,GERMANY,cheque,failed
100211,5331.0,Electronique,$68.17,EUR,27-May-2026,Belgique,virement,pending
101454,5615.0,beauté,40.81,EUR,31/12/2025,FR,paypal,failed
100819,5365.0,Sports,64.0,EUR,2026-04-13,Francia,paypal,pending
101650,5627.0,SPORT,41.33,EUR,2026/02/03 03:55,United States,paypal,completed
100059,5023.0,sport,76.05,eur,2025-04-08,SUISSE,paypal,Completed
100582,5340.0,Mode,43.36,EUR,06-21-2026,United States,cheque,refunded
100175,5517.0,Livre,51.65,USD,2025/07/06 02:32,United States,cheque,completed
101712,5623.0,Électronique,3.47,USD,03/09/2025,DE,virement,completed
100430,5049.0,MAISON ,8.46,EUR,2025-05-21,Francia,paypal,refunded
101507,,Beaute,57.96,EUR,2026/05/24 03:05,CH,carte_bancaire,COMPLETED 
100744,5440.0,BEAUTE,39.09,USD,2025-08-28,de,carte_bancaire,refunded
101362,5290.0,Maison,27.32,,07-02-2026,CH,cheque,completed
101097,5788.0,Mode,4.06,USD,2026-01-22,be,cheque,Completed
100506,5045.0,Sports,14.39,EUR,2025/06/06 03:34,GERMANY,virement,failed
100945,5665.0,Electroniqe,9.36,EUR,2025-05-25,États-Unis,cheque,COMPLETED 
101135,5676.0,Modes,58.42,EUR,27/01/2026,Suisse,paypal,pending
101023,5371.0,Electronique,168.69,EUR,2025/09/19 18:01,ch,carte_bancaire,refunded
100196,5183.0,Mode,11.07,USD,01-19-2026,FRANCE,virement,pending
102512,5091.0,Modes,40.21,EUR,18/08/2026,US,cheque,pending
100088,5646.0,MAISON ,15.23,EUR,2025-05-12,Suisse,virement,completed
101047,5235.0,Livres,5.94,EUR,2025/12/24 17:26,États-Unis,paypal,refunded
100028,5266.0,Modes,"31,91€",EUR,2025-12-23,FRANCE,virement,refunded
102025,5724.0,Livre,28.95,EUR,2026-08-06,Etats-Unis,carte_bancaire,failed
100093,5032.0,Électronique,20.67,EUR,09-05-2025,États-Unis,carte_bancaire,Completed
100678,5040.0,Maison,N/A,USD,15-Jul-2025,US,virement,pending
101034,5799.0,Modes,15.88,EUR,2025/03/31 23:33,DE,carte_bancaire,pending
100564,5680.0, mode,72.32,eur,2026-07-02,États-Unis,virement,COMPLETED 
100343,5694.0,beauté,15.55,EUR,07-07-2025,DE,cheque,Completed
102346,5575.0,MAISON ,15.94,EUR,n/a,Etats-Unis,carte_bancaire,completed
100025,5271.0,Electronique,27.11,EUR,2025-09-24,ch,cheque,Completed
100940,5254.0,Electroniqe,"7,75€",EUR,2026-06-18,France,carte_bancaire,pending
101859,5011.0,Livres,31.01,EUR,28/07/2026,be,cheque,Completed
100042,5363.0,Electronique,48.98,EUR,2026-03-18,BE,cheque,refunded
102795,5195.0,Électronique,11.43,EUR,04-Dec-2025,FRANCE,N/A,COMPLETED 
101488,5468.0,Livres,6.21,EUR,02/10/2025,ch,paypal,pending
101955,5279.0,MAISON ,65.36,USD,2026-01-25,Francia,paypal,refunded
102422,5440.0,Sports,"19,96€",EUR,12-Sep-2025,Suisse,virement,COMPLETED 
102574,5096.0,Ã‰lectronique,-259.49,EUR,2025/05/01 15:03,Suisse,virement,failed
100650,5107.0,Maisons,$129.55,EUR,2025-07-02,Etats-Unis,paypal,failed
100867,5509.0,livres,33.15,USD,10-15-2025,be,cheque,failed
101350,5335.0,livres,8.56,EUR,10-18-2025,Allemagne,carte_bancaire,completed
100067,5077.0, mode,60.53,EUR,2025-04-10,États-Unis,virement,failed
102249,5560.0,Maison,56.23,EUR,2025/11/16 20:33,CH,paypal,COMPLETED 
100621,5515.0,LIVRES,37.5,USD,28/05/2025,be,virement,refunded
100651,5184.0,Livres,67.62,EUR,04-20-2025,United States,paypal,completed
102195,5396.0,Beauté ,13.52,,06-26-2026,ch,cheque,COMPLETED 
100602,5255.0,Livre,53.66,EUR,12-16-2025,BELGIQUE,virement,Completed
100061,5785.0,ELECTRONIQUE,33.87,EUR,2026/08/24 16:33,United States,virement,COMPLETED 
100423,5785.0,maison,,USD,09/04/2026,GERMANY,carte_bancaire,failed
102171,5641.0,MODE,22.91,EUR,2026-01-26,BE,virement,completed
102805,5232.0,Sports,4.96,EUR,2026-06-19,BELGIQUE,virement,failed
101910,5060.0,Ã‰lectronique,116.66,,25-Dec-2025,USA,carte_bancaire,completed
100011,5055.0,Maisons,37.92,EUR,04-Nov-2025,be,cheque,Completed
101113,5791.0,Beauté ,38.33,EUR,24/07/2025,États-Unis,cheque,refunded
101477,5328.0,Beaute,35.79,EUR,05-06-2025,Francia,paypal,completed
101553,5715.0, mode,11.66,EUR,11/07/2025,de,cheque,COMPLETED 
100124,5697.0,Mode,41.6,EUR,24/03/2025,FR,carte_bancaire,failed
102541,5475.0,Électronique,"7,9€",EUR,2026/07/06 11:03,GERMANY,paypal,COMPLETED 
100053,5769.0,Sports,-,USD,29/06/2026,de,paypal,refunded
101866,5331.0,Maison,62.13,EUR,,FR,cheque,refunded
101872,5475.0,Électronique,18.59,EUR,05-Sep-2025,fr,paypal,refunded
100532,5752.0,Maisons,-23.12,EUR,2026/01/26 15:39,Belgique,-,completed
102009,5608.0,Livres,-57.04,EUR,11-12-2025,BE,virement,completed
101057,5485.0,sport,70.49,EUR,29/10/2025,USA,carte_bancaire,refunded
100057,5447.0,Mode,8.87,EUR,04-09-2026,be,NULL,COMPLETED 
101690,5007.0,Beauté ,"41,6€",EUR,19/08/2026,FRANCE,paypal,COMPLETED 
100785,5594.0,beauté,5.03,eur,05/04/2026,Allemagne,paypal,Completed
100557,5244.0,Mode,,EUR,2026-09-13,France,virement,COMPLETED 
102561,5759.0,Modes,26.5,EUR,03-17-2026,USA,paypal,Completed
101173,5568.0,sport,23.19,EUR,09-19-2025,BELGIQUE,paypal,Completed
100176,5468.0,Beauté ,24.82,EUR,05-15-2025,Francia,carte_bancaire,Completed
100322,5448.0,BEAUTE,11.75,EUR,10-Jun-2026,USA,paypal,pending
101188,5176.0,MAISON ,40.25,EUR,02/02/2026,ch,virement,Completed
101461,5588.0, mode,8.15,,2026-05-25,BELGIQUE,virement,Completed
102478,5613.0,Sports,-7.35,EUR,25/04/2025,BE,cheque,Completed
101545,5003.0,Livre,37.41,EUR,24/07/2026,BE,paypal,failed
100695,5042.0,BEAUTE,18.57,eur,03-01-2026,FRANCE,cheque,pending
101628,5098.0,Sport,-26.08,eur,2025-07-13,GERMANY,carte_bancaire,failed
100080,5758.0,Livres,-999,EUR,01-25-2026,BELGIQUE,cheque,refunded
102525,5215.0,Electroniqe,37.88,USD,21/07/2025,GERMANY,cheque,refunded
101149,5412.0,Sports,"11,45€",EUR,21-Apr-2025,Suisse,carte_bancaire,completed
101151,5513.0,Electroniqe,3.53,EUR,25-Feb-2026,GERMANY,cheque,Completed
100862,5444.0,LIVRES,"98,77€",EUR,07-Apr-2026,États-Unis,cheque,COMPLETED 
101260,5064.0,ELECTRONIQUE,40.55,EUR,14/06/2025,Allemagne,n/a,failed
100439,,Maisons,11670.0,EUR,05-Jun-2026,US,cheque,completed
100471,5287.0,LIVRES,3.09,,14/01/2026,ch,virement,failed
102230,5795.0,Sports,13.25,EUR,07/04/2025,Allemagne,cheque,refunded
102011,5481.0,Sport,12.35,EUR,2026-09-07,Francia,paypal,Completed
101706,5658.0,Electroniqe,44.94,EUR,2026/05/02 16:00,FR,paypal,failed
100812,5416.0,Beauté ,90.22,EUR,2025-07-05,FRANCE,virement,Completed
101234,5537.0,Electroniqe,11.9,EUR,2026-03-02,Etats-Unis,virement,failed
101444,5345.0,Ã‰lectronique,"10,93€",EUR,2025/09/04 17:34,United States,cheque,pending
100568,5341.0,Modes,-4.56,EUR,03-06-2026,Belgique,carte_bancaire,COMPLETED 
102425,5671.0,Mode,38.97,eur,06/10/2025,Allemagne,carte_bancaire,COMPLETED 
101653,5781.0, mode,17.85,EUR,2025-12-21,de,virement,refunded
100141,5388.0, mode,79.55,EUR,2026-01-18,be,paypal,COMPLETED 
100511,5417.0,livres,-,EUR,09-18-2025,Belgique,carte_bancaire,completed
101612,5640.0,maison,54.31,EUR,03-15-2026,be,cheque,completed
102605,5701.0,LIVRES,20.78,EUR,2025/05/08 23:25,BELGIQUE,paypal,pending
101809,5077.0,Modes,54.9,EUR,14/08/2026,Allemagne,cheque,Completed
100016,5526.0,Électronique,11.53,EUR,07-11-2025,Belgique,paypal,Completed
101684,5710.0,beauté,8.49,,31-Mar-2026,FRANCE,carte_bancaire,Completed
100610,5032.0, mode,44.21,EUR,06/04/2026,Suisse,cheque,failed
102810,5238.0,Maison,22.09,EUR,12-May-2025,Francia,paypal,refunded
102731,5082.0,Ã‰lectronique,20.54,EUR,2026-01-09,France,virement,failed
100831,5291.0,Électronique,"10,73€",USD,2025/11/19 22:32,fr,cheque,refunded
100177,5435.0,Ã‰lectronique,90.76,USD,2025-11-14,be,carte_bancaire,pending
100857,5400.0,Modes,37.5,EUR,16/11/2025,BE,virement,pending
100693,5702.0,Beaute,$42.71,EUR,11/08/2026,USA,paypal,completed
101736,5148.0,beauté,9.5,EUR,08-25-2026,Belgique,paypal,failed
101072,5260.0,MAISON ,unknown,EUR,18-Feb-2026,DE,cheque,failed
101278,5576.0,Livre,29.16,EUR,29/05/2026,SUISSE,carte_bancaire,completed
101503,5496.0,livres,"24,46€",,19/02/2026,fr,paypal,failed
100183,5705.0,MODE,$37.87,EUR,16/05/2025,Suisse,virement,pending
101468,5005.0,Livres,8.36,EUR,2026-07-26,Francia,paypal,COMPLETED 
102227,5462.0,Livre,14.29,eur,2025-11-24,ch,paypal,COMPLETED 
102727,5243.0,Maisons,82.05,EUR,09-12-2026,Belgique,cheque,pending
100565,5128.0,electronique ,16.99,EUR,06-17-2026,BE,carte_bancaire,failed
100051,5423.0,Électronique,16.75,EUR,10-04-2025,GERMANY,paypal,COMPLETED 
102340,5434.0,Electronique,46.01,EUR,22-Dec-2025,fr,virement,refunded
101985,,electronique ,38.93,EUR,03/05/2026,USA,paypal,completed
101829,5351.0,SPORT,24.95,EUR,2026-09-20,United States,cheque,Completed
100000,5502.0,Livres,14.98,,unknown,DE,cheque,refunded
100486,5583.0,Sport,13.71,EUR,2025/11/08 06:49,FRANCE,cheque,COMPLETED 
100090,5459.0,livres,60.15,EUR,2026/08/21 14:30,BELGIQUE,,completed
101204,5098.0,beauté,25.64,EUR,26/10/2025,GERMANY,paypal,refunded
100370,5319.0,maison,25.08,EUR,12-Jan-2026,Allemagne,cheque,completed
100162,5257.0,Modes,69.6,EUR,27-Jul-2025,BELGIQUE,carte_bancaire,completed
102646,5612.0,Livre,17.58,EUR,11-06-2025,BELGIQUE,virement,failed
102650,5781.0,maison,10.84,EUR,2026/02/24 04:01,be,cheque,COMPLETED 
100081,5345.0, mode,16.28,EUR,09-17-2025,BELGIQUE,paypal,Completed
101911,5336.0,Sport,182.76,EUR,31/01/2026,Francia,virement,Completed
100729,5255.0,BEAUTE,12.18,USD,05-11-2026,Etats-Unis,virement,COMPLETED 
100969,5142.0,LIVRES,-6.77,EUR,2026/08/07 00:03,ch,paypal,Completed
100670,5124.0,Mode,75.3,EUR,n/a,DE,paypal,completed
100887,5756.0,beauté,17.75,EUR,20/11/2025,FR,carte_bancaire,refunded
100030,5788.0,Électronique,7135.0,EUR,08-Jun-2026,GERMANY,carte_bancaire,completed
101055,5040.0,Livre,null,EUR,2025/04/26 03:36,BELGIQUE,cheque,completed
102079,5518.0,SPORT,,EUR,2026-08-17,France,paypal,refunded
101583,5156.0,MODE,25.93,EUR,30-May-2025,BELGIQUE,cheque,COMPLETED 
101591,5683.0,Sports,1.77,eur,30-Jun-2026,Francia,virement,refunded
100173,5688.0,MODE,"33,35€",EUR,2026/05/27 11:18,Suisse,paypal,refunded
101962,5280.0,beauté,39.21,EUR,-,États-Unis,cheque,completed
100296,5119.0,BEAUTE,55.13,EUR,13-Nov-2025,de,cheque,Completed
100325,5032.0,Mode,8.23,EUR,2026/05/01 03:47,France,cheque,Completed
101236,5242.0,sport,unknown,EUR,04-30-2025,DE,cheque,Completed
101988,5019.0,Sport,13.77,EUR,07-20-2025,SUISSE,-999,pending
101738,5086.0,Ã‰lectronique,57.7,,2025-04-03,BELGIQUE,cheque,COMPLETED 
102759,5263.0,Livres,42.97,,2025-05-19,fr,carte_bancaire,failed
101472,5535.0,Maisons,21.75,EUR,12-21-2025,FRANCE,paypal,Completed
101925,5056.0,Maisons,10.72,EUR,12-02-2025,SUISSE,cheque,completed
102714,5681.0,LIVRES,,EUR,06-Aug-2026,Francia,-,failed
100605,5731.0,SPORT,132.84,USD,2026/03/12 12:22,Allemagne,cheque,COMPLETED 
101283,5626.0,SPORT,58.03,USD,08-26-2025,United States,paypal,pending
102671,5433.0,sport,-41.42,EUR,03-May-2026,United States,virement,completed
102253,5735.0,Livres,,EUR,10-Sep-2026,France,virement,failed
100031,5554.0,MODE,N/A,USD,14-Sep-2025,FR,carte_bancaire,failed
102669,5187.0,SPORT,21540.0,EUR,2026/02/20 05:12,DE,carte_bancaire,COMPLETED 
100073,5026.0,Mode,100.3,EUR,12/09/2025,be,carte_bancaire,completed
100048,5635.0,Electroniqe,33.42,EUR,06/03/2026,FR,paypal,completed
102258,5207.0, mode,2.35,,2025/05/21 10:03,BE,-,pending
101916,5372.0,maison,12.07,EUR,07-14-2025,CH,cheque,pending
101815,5605.0,electronique ,11.0,EUR,09-02-2026,de,virement,failed
100535,5066.0,electronique ,25.6,EUR,05-17-2026,BE,paypal,COMPLETED 
101270,5234.0,BEAUTE,65.51,,19-Nov-2025,de,N/A,refunded
102132,5385.0, mode,44.95,EUR,15/05/2025,United States,paypal,refunded
101665,5250.0,SPORT,24.03,EUR,19/07/2026,BE,paypal,completed
101071,5208.0,Maisons,37.69,EUR,27-Nov-2025,Allemagne,carte_bancaire,COMPLETED 
101566,5362.0,beauté,26.06,EUR,05/01/2026,Suisse,cheque,pending
102748,5103.0,Livres,34.73,USD,27/03/2025,Francia,paypal,COMPLETED 
102206,5201.0,Beauté ,93.29,,08-21-2026,CH,carte_bancaire,Completed
102780,5507.0,SPORT,"53,9€",EUR,2026-09-02,Etats-Unis,cheque,Completed
100521,5553.0,Maison,59.49,EUR,05-Dec-2025,CH,paypal,refunded
101094,5418.0,ELECTRONIQUE,23720.0,EUR,2025/05/15 17:16,Etats-Unis,cheque,Completed
101345,5377.0,Beaute,6.45,EUR,2025-10-11,fr,carte_bancaire,COMPLETED 
102304,5019.0,Livre,147.84,eur,05-29-2026,be,cheque,refunded
101233,5129.0,Électronique,"250,07€",eur,2026-07-10,CH,paypal,Completed
102597,5374.0,Électronique,29.67,eur,17/05/2025,GERMANY,virement,Completed
101846,5498.0,sport,76.64,USD,05-Dec-2025,fr,paypal,failed
102829,5322.0,LIVRES,17.64,EUR,2026/06/17 20:32,États-Unis,carte_bancaire,Completed
100324,5064.0,Livre,-9.92,eur,06-Apr-2025,États-Unis,paypal,pending
100759,5198.0,BEAUTE,46.08,EUR,07/10/2025,États-Unis,carte_bancaire,failed
101509,5726.0,livres,n/a,,19-Oct-2025,be,?,failed
101731,5225.0,Livre,17.91,eur,26-Feb-2026,USA,cheque,completed
102349,5252.0,LIVRES,17.24,,10-Sep-2025,BELGIQUE,virement,refunded
101883,5472.0,Modes,$14.39,EUR,04-13-2026,États-Unis,paypal,pending
100599,5416.0,ELECTRONIQUE,34.45,EUR,unknown,ch,virement,refunded
102163,5509.0, mode,n/a,USD,07-17-2025,CH,virement,refunded
100433,5781.0,maison,46.8,EUR,30/08/2026,France,paypal,COMPLETED 
102379,5212.0,LIVRES,31.01,EUR,22/10/2025,Belgique,paypal,COMPLETED 
101547,,maison,32.19,EUR,2026-04-17,France,cheque,pending
101744,5434.0,Beaute,,USD,08-09-2026,BE,cheque,completed
100239,5329.0,beauté,,EUR,02-25-2026,FR,paypal,pending
100866,5597.0,maison,54.63,EUR,04-16-2025,ch,cheque,refunded
102661,5599.0,Livres,10.96,EUR,2025/04/29 01:07,BE,carte_bancaire,completed
101177,5344.0,LIVRES,unknown,,18-Oct-2025,ch,paypal,completed
100113,5136.0, mode,9.48,EUR,2026/08/25 07:32,fr,null,completed
101730,5082.0,Maisons,20.06,EUR,03-Mar-2026,Allemagne,paypal,completed
102533,5243.0,Livres,-10.73,EUR,2025-12-14,FRANCE,cheque,failed
102225,5139.0,LIVRES,80.57,EUR,04-Jun-2025,Suisse,paypal,completed
102523,5323.0,Beauté ,18.5,EUR,2025-04-27,France,carte_bancaire,Completed
101483,5752.0,Modes,17.12,EUR,2026-03-20,États-Unis,virement,Completed
100912,5521.0,Electronique,30.71,EUR,27/08/2025,FR,carte_bancaire,completed
102096,5695.0,Livre,,EUR,2025-06-24,DE,,Completed
101965,5741.0,Beauté ,26.59,EUR,2026-01-15,DE,virement,Completed
100926,5481.0,ELECTRONIQUE,14.83,EUR,2025/11/20 05:19,FRANCE,paypal,completed
102212,5643.0,SPORT,"54,28€",EUR,03-Jun-2026,FRANCE,virement,completed
101421,5108.0,electronique ,64.41,EUR,2025/12/26 15:17,Allemagne,virement,failed
102579,5712.0,MAISON ,119.43,EUR,19/07/2026,BELGIQUE,paypal,pending
100594,5120.0, mode,,EUR,26/09/2025,US,,refunded
100601,5185.0,Maisons,10.7,USD,22/04/2026,be,carte_bancaire,COMPLETED 
100637,5678.0,Beaute,26.21,EUR,2025-03-31,DE,carte_bancaire,refunded
100049,5623.0,maison,31.77,EUR,06-30-2026,United States,carte_bancaire,completed
101795,5362.0,Modes,12.47,,07-Jun-2025,Suisse,paypal,failed
102420,5560.0,Maisons,,EUR,21-Mar-2026,Suisse,cheque,completed
100680,5195.0,LIVRES,46.97,EUR,2026-03-20,Allemagne,carte_bancaire,completed
102431,5381.0,ELECTRONIQUE,9.8,EUR,19-Dec-2025,US,cheque,completed
101778,5419.0, mode,16.67,EUR,03-29-2026,DE,paypal,failed
100414,5141.0,maison,33.09,EUR,07-10-2025,États-Unis,paypal,refunded
100874,5058.0,Maisons,23.81,EUR,07-13-2026,Belgique,virement,COMPLETED 
100527,5666.0,Livres,25.62,USD,2025-07-11,CH,carte_bancaire,Completed
101512,5074.0,livres,12.87,EUR,30-Mar-2026,de,cheque,completed
102548,5395.0,Ã‰lectronique,61.51,EUR,2026/03/14 18:10,DE,n/a,pending
100275,5241.0,LIVRES,30.93,EUR,11-27-2025,Allemagne,paypal,pending
102367,5144.0,MODE,13.04,EUR,2025-09-25,Francia,carte_bancaire,completed
102414,5130.0,Maison,61.31,,07-03-2025,ch,cheque,COMPLETED 
102439,5063.0,Modes,5.78,EUR,2025/08/30 18:45,United States,cheque,completed
101116,5118.0,MAISON ,,EUR,11-Oct-2025,ch,null,COMPLETED 
100318,5752.0,Electroniqe,32.84,EUR,06-16-2025,BELGIQUE,cheque,pending
101951,5460.0,MAISON ,76.38,EUR,01/04/2026,GERMANY,carte_bancaire,refunded
101161,5707.0,beauté,192.84,EUR,2025/08/25 22:32,US,carte_bancaire,failed
102700,5668.0, mode,34.75,EUR,2025-05-19,États-Unis,paypal,pending
101558,5700.0,Beauté ,94.01,EUR,11-Oct-2025,SUISSE,cheque,pending
100070,5115.0, mode,12.85,EUR,12/05/2025,United States,cheque,Completed
100402,5211.0,MODE,24.65,EUR,2025/12/07 22:37,USA,paypal,completed
101502,5202.0, mode,11.75,EUR,2025/06/10 00:36,United States,cheque,Completed
100937,5266.0,Sport,46.41,EUR,2026/08/06 00:48,Etats-Unis,cheque,COMPLETED 
102004,5255.0,maison,4.46,EUR,2025/04/26 05:21,de,carte_bancaire,Completed
101261,5199.0,Électronique,,EUR,26-Apr-2025,CH,carte_bancaire,refunded
102722,5211.0,Livres,"9,46€",eur,2025/10/13 23:30,BELGIQUE,paypal,completed
102806,5301.0,Mode,22.82,EUR,2026-04-09,États-Unis,carte_bancaire,completed
101838,5391.0,LIVRES,132.76,EUR,2025/11/09 01:33,France,virement,failed
101960,5467.0,Mode,23.35,EUR,07-23-2025,be,cheque,refunded
101850,5370.0,Beaute,13.71,eur,11-30-2025,Etats-Unis,paypal,Completed
100810,5523.0, mode,20.73,EUR,11-28-2025,BE,cheque,refunded
100755,5112.0,BEAUTE,"262,21€",EUR,03-18-2026,Allemagne,carte_bancaire,completed
101174,5666.0,BEAUTE,12.45,EUR,28-Mar-2025,ch,paypal,failed
101587,5792.0,livres,17.63,EUR,04-16-2026,Belgique,virement,COMPLETED 
102713,5159.0,Mode,,EUR,01-20-2026,Etats-Unis,cheque,Completed
101235,5083.0,LIVRES,107.25,EUR,14-Jun-2025,United States,paypal,completed
101891,5010.0,maison,24.67,EUR,15-Jun-2025,CH,carte_bancaire,failed
100070,5713.0,Beauté ,33.96,,17-Jul-2025,BELGIQUE,carte_bancaire,Completed
102760,5531.0,Maison,43.23,EUR,07-Jan-2026,France,NULL,COMPLETED 
102342,5355.0,BEAUTE,38.2,EUR,04-06-2025,Suisse,paypal,COMPLETED 
101104,5451.0,Electronique,9.36,EUR,2026/06/07 03:00,CH,paypal,COMPLETED 
101800,5126.0,Sport,20.23,eur,05/09/2026,BELGIQUE,carte_bancaire,failed
100056,5722.0,Maisons,11.53,EUR,25/06/2025,USA,cheque,failed
102468,5324.0,ELECTRONIQUE,45.38,EUR,2025-07-31,Belgique,paypal,failed
101817,5515.0, mode,12.84,EUR,2026/03/12 12:18,US,cheque,failed
101395,5591.0,Livre,28.97,EUR,2026/01/18 08:21,Allemagne,-,pending
101556,5332.0,Beauté ,55.83,EUR,2025/04/07 05:41,de,cheque,COMPLETED 
102086,5709.0,MODE,15.53,EUR,22/12/2025,ch,virement,completed
101904,5113.0,maison,22.27,EUR,11-23-2025,USA,cheque,refunded
102501,5110.0,Beaute,58.64,EUR,2026-03-29,GERMANY,paypal,COMPLETED 
102161,5456.0,Sport,"30,63€",EUR,07-Jan-2026,United States,paypal,Completed
100309,5170.0,Sport,?,EUR,2026-07-08,Allemagne,carte_bancaire,Completed
101961,5573.0,Maisons,31.72,EUR,2025/03/25 17:55,BE,cheque,failed
101253,5313.0,Beaute,34.35,eur,2026/05/31 09:54,BELGIQUE,paypal,pending
101228,5011.0,Électronique,29205.0,EUR,24/11/2025,US,virement,failed
102769,5296.0,Beauté ,20.56,EUR,02-Jan-2026,USA,cheque,COMPLETED 
101537,5696.0,Maisons,15.19,EUR,2025-11-22,SUISSE,carte_bancaire,COMPLETED 
101741,5452.0,LIVRES,21.07,eur,04-05-2026,Allemagne,virement,completed
101351,5752.0,Sports,4.85,,06/01/2026,BELGIQUE,carte_bancaire,refunded
101376,5578.0, mode,13.43,USD,2025/07/30 22:44,Belgique,carte_bancaire,COMPLETED 
102162,5409.0,Beauté ,38.41,USD,16-Apr-2025,France,cheque,refunded
102813,5673.0,Electronique,18.37,EUR,2025-12-29,Belgique,cheque,failed
101861,5090.0, mode,50.89,,12-30-2025,Belgique,virement,refunded
102716,5490.0,Electronique,43.08,EUR,08/11/2025,SUISSE,carte_bancaire,Completed
102709,5374.0,Livres,100.19,eur,19-Oct-2025,CH,cheque,completed
101659,5636.0, mode,,EUR,25-Dec-2025,CH,paypal,completed
100436,5512.0,livres,106.25,EUR,07/08/2025,France,carte_bancaire,COMPLETED 
102078,5401.0,beauté,n/a,EUR,2025-08-13,BELGIQUE,cheque,pending
101222,5721.0, mode,43.4,EUR,03-17-2026,Allemagne,virement,Completed
101491,5055.0,livres,245.27,EUR,2025-10-02,FRANCE,carte_bancaire,Completed
101912,5313.0, mode,43.56,EUR,13-Jun-2025,be,cheque,COMPLETED 
100313,5611.0,Mode,51.02,EUR,19-May-2025,BELGIQUE,cheque,refunded
100233,5738.0,Ã‰lectronique,13.65,EUR,2026-03-28,ch,cheque,COMPLETED 
101436,5621.0,Électronique,19.61,EUR,21/09/2025,fr,cheque,refunded
100685,5284.0,sport,46.6,,2025-11-25,Allemagne,paypal,completed
100068,5075.0, mode,26.8,eur,2025-09-09,Allemagne,cheque,Completed
100111,5563.0,BEAUTE,23.95,EUR,15/08/2025,BE,virement,completed
101213,5639.0,livres,54.9,EUR,2025-10-01,be,carte_bancaire,COMPLETED 
101413,5540.0,BEAUTE,172.17,EUR,02-23-2026,tats-Unis,carte_bancaire,failed
101127,5165.0,ELECTRONIQUE,12.44,EUR,21-Jun-2026,GERMANY,cheque,refunded
101574,5673.0,beauté,20.95,USD,2026/07/19 14:07,BE,carte_bancaire,Completed
101971,5446.0,beauté,1.74,EUR,19-Aug-2026,be,carte_bancaire,failed
100608,5055.0, mode,,EUR,2025-11-06,CH,cheque,failed
102835,5106.0,Electroniqe,18.73,EUR,11/06/2026,USA,cheque,COMPLETED 
102251,5502.0,Electronique,95.59,EUR,12-13-2025,Belgique,virement,COMPLETED 
100903,5627.0,Beaute,77.53,eur,2026-03-19,France,,pending
100897,5664.0,Sports,28.0,EUR,31-Jul-2025,GERMANY,cheque,refunded
101447,5651.0,beauté,12.12,EUR,25-May-2025,GERMANY,paypal,Completed
101939,5277.0,Sports,$26.79,EUR,2025/04/10 05:19,GERMANY,paypal,Completed
102293,5042.0,BEAUTE,11.85,EUR,18/11/2025,Francia,virement,refunded
100046,5608.0,ELECTRONIQUE,3.76,EUR,2025/04/23 11:00,ch,virement,pending
102684,5510.0,LIVRES,33.17,eur,2025/08/18 00:13,Suisse,carte_bancaire,COMPLETED 
100361,5652.0,Mode,97.46,EUR,2025/09/11 14:27,ch,carte_bancaire,Completed
100135,5706.0,Ã‰lectronique,98.98,EUR,14-Dec-2025,ch,paypal,refunded
101309,5509.0,SPORT,37.61,USD,10-08-2025,be,N/A,failed
100145,5298.0,Maisons,26.3,USD,12-18-2025,Etats-Unis,cheque,pending
101547,,maison,32.19,EUR,2026-04-17,France,cheque,pending
102328,5190.0,Ã‰lectronique,45.88,EUR,09-03-2026,ch,virement,COMPLETED 
100366,5536.0,MAISON ,$30.01,EUR,10-Aug-2025,Francia,paypal,completed
101017,5784.0,Electronique,$15.87,EUR,unknown,CH,paypal,COMPLETED 
100029,5203.0,Mode,,EUR,2026/02/17 10:06,États-Unis,carte_bancaire,COMPLETED 
102578,5120.0,Modes,31.58,EUR,2025/09/11 10:10,de,paypal,COMPLETED 
100022,5366.0, mode,26.07,USD,26/09/2025,SUISSE,paypal,refunded
100408,5351.0,MODE,27.34,EUR,05-Mar-2026,DE,paypal,Completed
101924,5420.0,Mode,158.65,EUR,2025-04-24,de,cheque,refunded
101100,5711.0,Livre,n/a,EUR,2025/09/20 08:18,BELGIQUE,cheque,refunded
100420,5378.0, mode,156.75,,2025/11/05 18:37,fr,virement,failed
102390,5442.0, mode,4.66,EUR,14-Aug-2025,de,cheque,completed
100460,5055.0,livres,143.78,,2025-05-05,US,virement,COMPLETED 
100043,5095.0,maison,18.71,EUR,08-29-2025,be,virement,Completed
100087,5671.0,electronique ,32.98,EUR,2025/12/27 20:11,United States,cheque,Completed
100859,5772.0,LIVRES,43.36,EUR,05-Mar-2026,FRANCE,virement,failed
100572,5433.0,Modes,32.93,EUR,2026-04-29,SUISSE,virement,COMPLETED 
100944,5045.0,Livres,129.28,EUR,2025-09-25,ch,cheque,pending
100282,5235.0,Electroniqe,102.25,,2026-03-06,BE,paypal,Completed
102658,5226.0, mode,28.64,EUR,03-06-2026,France,carte_bancaire,completed
102466,5614.0,Maisons,12.34,EUR,2026/09/19 02:18,United States,paypal,failed
100102,5481.0,Ã‰lectronique,18.02,EUR,04-01-2026,ch,carte_bancaire,completed
100082,5019.0,Livres,,EUR,04-Apr-2025,de,carte_bancaire,COMPLETED 
102476,5424.0,BEAUTE,19.93,USD,2025/07/14 23:33,CH,virement,refunded
100533,5044.0,electronique ,-8.25,EUR,2025/07/21 04:38,BE,virement,pending
100776,5753.0, mode,N/A,USD,09-18-2026,FRANCE,carte_bancaire,Completed
102527,5185.0,Maisons,42.36,EUR,17/07/2025,Allemagne,paypal,refunded
102430,5081.0,Sports,40.78,EUR,25/12/2025,BE,virement,Completed
102464,5389.0,Beauté ,53.64,EUR,2026-06-14,CH,carte_bancaire,COMPLETED 
102179,5375.0,beauté,24.68,eur,2025/10/27 22:27,CH,cheque,refunded
100809,5613.0,Beauté ,10.97,EUR,2026-01-15,CH,paypal,failed
100964,5043.0,Maisons,,EUR,22/05/2025,SUISSE,cheque,refunded
100978,5715.0,Livre,$5.9,EUR,09-06-2025,USA,paypal,failed
100691,5112.0,Electronique,69.64,EUR,2025-11-27,CH,paypal,completed
100932,5774.0,Beaute,6.66,USD,28/06/2025,FR,cheque,completed
101241,5609.0,Modes,20.43,EUR,26/12/2025,SUISSE,carte_bancaire,refunded
102259,5057.0,SPORT,-29.34,EUR,06-Sep-2025,Francia,NULL,refunded
101672,5141.0,electronique ,17.24,EUR,26/04/2026,SUISSE,virement,refunded
101426,5225.0,Electronique,156.11,EUR,06/03/2026,FRANCE,carte_bancaire,pending
100221,5487.0,Maison,4.57,EUR,03/02/2026,Francia,paypal,failed
100543,5152.0,sport,44890.0,EUR,06-Apr-2025,BELGIQUE,paypal,Completed
101286,5657.0,BEAUTE,n/a,EUR,02/08/2026,France,cheque,COMPLETED 
101408,5684.0,livres,24.52,EUR,20-Mar-2026,BELGIQUE,carte_bancaire,Completed
100789,5474.0,livres,5.5,EUR,19-Oct-2025,FRANCE,paypal,refunded
100794,5461.0,BEAUTE,9.27,USD,2025/08/22 02:34,ch,carte_bancaire,failed
101720,5507.0,Maison,38.93,,04-04-2026,GERMANY,paypal,pending
102005,5688.0,SPORT,29.72,EUR,25/08/2026,Allemagne,cheque,pending
101563,5621.0,Sports,54.36,EUR,09/09/2025,GERMANY,paypal,pending
101966,5296.0,Maisons,unknown,EUR,02-05-2026,BE,paypal,completed
101456,5739.0,sport,48.33,EUR,15-Jan-2026,SUISSE,virement,Completed
101718,5016.0,sport,46.46,,03/06/2026,FRANCE,n/a,pending
100272,5560.0,ELECTRONIQUE,34940.0,eur,22/03/2026,CH,cheque,Completed
100521,5233.0,BEAUTE,-40.01,USD,2025-10-01,Francia,virement,failed
101003,5473.0,BEAUTE,$13.7,EUR,09-10-2026,Allemagne,cheque,COMPLETED 
101373,5290.0,Sports,,,2025-04-07,Suisse,paypal,Completed
102522,5429.0,MODE,34.15,EUR,10-05-2025,États-Unis,carte_bancaire,Completed
101938,5320.0,MODE,65.18,EUR,08-17-2026,Belgique,cheque,COMPLETED 
100350,5050.0,MODE,32.45,EUR,2026/09/12 01:59,ch,cheque,pending
100425,5589.0,ELECTRONIQUE,30.54,EUR,07-07-2026,BE,virement,pending
102126,5621.0,sport,8.48,EUR,2025/04/02 05:33,fr,carte_bancaire,completed
100364,5557.0,livres,10.68,EUR,2025-07-04,BE,carte_bancaire,completed
100012,5302.0,Electroniqe,9.1,EUR,19-Jan-2026,United States,,Completed
102672,5249.0,LIVRES,31.01,EUR,03/05/2026,fr,cheque,COMPLETED 
100298,5294.0,Électronique,50.99,EUR,04/05/2025,Suisse,paypal,pending
101179,5515.0,Maisons,9.09,EUR,2025/12/22 18:26,Francia,carte_bancaire,Completed
101036,5541.0,electronique ,8.14,EUR,2025-08-01,SUISSE,null,refunded
102580,,Électronique,34.29,EUR,2025-06-06,États-Unis,virement,COMPLETED 
100168,5602.0,livres,19.67,EUR,2025-07-19,FRANCE,carte_bancaire,completed
102582,5165.0,MODE,23.39,EUR,05-10-2026,CH,cheque,COMPLETED 
102266,5511.0,Electroniqe,4.95,EUR,06-13-2026,ch,carte_bancaire,COMPLETED 
101954,5397.0,Maison,?,EUR,16-Mar-2026,SUISSE,cheque,Completed
102073,5489.0,BEAUTE,29.3,EUR,2025/10/12 19:52,France,virement,failed
102377,5719.0,Sports,-7.44,EUR,2025-07-09,fr,cheque,pending
100765,5641.0,Beauté ,"13,03€",EUR,08-13-2026,GERMANY,N/A,failed
102190,,Beaute,5.82,EUR,24/04/2026,Belgique,virement,failed
102166,5129.0,Livres,,EUR,09/12/2025,FR,virement,COMPLETED 
102302,5030.0,maison,17.36,EUR,03-19-2026,BELGIQUE,cheque,failed
100219,5676.0,Maison,26.41,USD,02/09/2025,USA,virement,pending
102434,5089.0,Maisons,24.81,EUR,15/04/2026,Francia,NULL,COMPLETED 
102545,5552.0,beauté,36.22,eur,2025-07-12,DE,carte_bancaire,completed
100879,5769.0,Electroniqe,71.49,EUR,-999,Allemagne,carte_bancaire,completed
102347,5617.0,Sport,unknown,EUR,08-20-2026,Francia,paypal,COMPLETED 
101323,5768.0,sport,38.01,EUR,2025-09-24,FR,cheque,completed
101392,5191.0,Mode,$150.21,EUR,06/05/2025,BE,cheque,COMPLETED 
100351,5092.0,Livres,$92.56,,2026-01-11,DE,cheque,failed
101053,5045.0,Beaute,,EUR,2025-11-29,CH,cheque,pending
101211,5607.0,Maison,,EUR,12-28-2025,US,carte_bancaire,Completed
102482,5059.0,MODE,147.42,EUR,09-17-2025,Allemagne,virement,COMPLETED 
101967,5764.0,Beaute,"21,41€",EUR,2026/06/17 16:25,FR,carte_bancaire,COMPLETED 
102771,5468.0,Sports,12.53,eur,13/10/2025,Etats-Unis,carte_bancaire,Completed
102442,5437.0,Modes,7.67,EUR,06-23-2025,Francia,carte_bancaire,refunded
100498,5540.0,beauté,11.16,EUR,04-Dec-2025,USA,cheque,COMPLETED 
101735,5234.0,Beaute,5.73,EUR,10/04/2025,Suisse,virement,completed
100210,5316.0,Modes,,EUR,08-16-2025,FR,?,completed
102487,5211.0,Sports,23.55,EUR,2026/09/14 11:00,be,paypal,Completed
102838,5619.0,Sport,90355.0,EUR,2026/07/31 00:22,Francia,carte_bancaire,pending
100227,5318.0,Livre,"9,3€",EUR,2026-07-03,Allemagne,paypal,refunded
100365,5309.0,MODE,$17.1,EUR,?,Suisse,paypal,failed
100965,5650.0, mode,89.67,EUR,29-Jul-2025,SUISSE,carte_bancaire,completed
100276,5179.0,Livres,29.35,EUR,2025-05-21,BE,virement,COMPLETED 
102299,5104.0,SPORT,6.34,USD,2025-12-22,Allemagne,virement,refunded
101877,5196.0,ELECTRONIQUE,20.32,EUR,N/A,Etats-Unis,virement,pending
101745,5705.0,Mode,13.1,EUR,2025/09/09 04:47,de,-999,pending
101103,5030.0,LIVRES,21.64,EUR,2026-03-23,United States,virement,Completed
100407,5382.0,Modes,21.58,EUR,2025/12/31 02:03,ch,paypal,completed
102044,5438.0,Beauté ,11.7,EUR,04-24-2026,GERMANY,cheque,pending
101124,5103.0,Livre,106.71,EUR,10/03/2026,Allemagne,virement,Completed
102406,5257.0,Modes,7.62,EUR,27/05/2025,BELGIQUE,virement,refunded
100785,5449.0,Beauté ,64.89,eur,06-23-2026,United States,cheque,pending
102564,5342.0,Beaute,10.96,USD,09-Dec-2025,Francia,paypal,failed
102627,5348.0,ELECTRONIQUE,45.98,EUR,2026-09-15,Francia,cheque,COMPLETED 
102380,5163.0,ELECTRONIQUE,10.3,USD,13/04/2026,France,cheque,completed
100007,,BEAUTE,48.94,EUR,2025-05-10,France,virement,pending
101244,5427.0,Sports,13.68,USD,2025-04-23,FRANCE,paypal,refunded
101289,5402.0,Maisons,-3.53,EUR,05-Feb-2026,de,cheque,Completed
101633,5643.0,Livre,14.13,EUR,04-18-2025,FR,-,completed
100415,5463.0,Sport,12.51,EUR,2025-04-06,de,cheque,COMPLETED 
100044,5257.0,Mode,6.48,EUR,06-May-2025,Suisse,paypal,COMPLETED 
101742,5386.0,livres,26.13,EUR,11-03-2025,Allemagne,paypal,pending
101713,5507.0,SPORT,,EUR,06-13-2026,be,carte_bancaire,completed
101691,5118.0,Electroniqe,16.0,EUR,,CH,cheque,failed
100199,5237.0,Beauté ,8.77,eur,24/06/2026,SUISSE,carte_bancaire,Completed
100283,5604.0,Modes,,EUR,2025-08-15,FR,paypal,Completed
100231,5533.0,Beauté ,29.81,EUR,2025/07/03 14:17,Francia,virement,Completed
100718,5577.0,Beaute,17.69,EUR,16/09/2025,FRANCE,carte_bancaire,failed
100097,5783.0,ELECTRONIQUE,1.66,EUR,31/05/2026,be,virement,refunded
100096,5198.0,Maisons,32.02,EUR,2026/09/20 06:44,SUISSE,cheque,refunded
102826,5792.0,SPORT,75.35,EUR,06-21-2026,GERMANY,paypal,refunded
102648,5359.0,Ã‰lectronique,24.88,EUR,-999,Allemagne,carte_bancaire,completed
101474,5224.0,SPORT,12.1,EUR,01-02-2026,Suisse,cheque,pending
100881,5451.0,livres,15.21,EUR,08-10-2025,Etats-Unis,carte_bancaire,completed
101419,5692.0,Sport,38.75,EUR,2025-04-29,États-Unis,carte_bancaire,failed
102542,5427.0,livres,20.18,EUR,11-20-2025,BELGIQUE,carte_bancaire,Completed
100099,5346.0,Mode,5.66,EUR,14/03/2026,USA,carte_bancaire,Completed
102666,5789.0,Livre,$52.63,EUR,2025/05/10 01:14,Suisse,cheque,Completed
102254,5470.0,ELECTRONIQUE,7.95,,2025/08/05 20:49,BE,carte_bancaire,completed
101462,5532.0,MAISON ,20.33,USD,10-Jul-2026,DE,paypal,pending
100104,5323.0,Maisons,21.22,USD,08-16-2025,GERMANY,null,pending
102298,5412.0,MAISON ,44.05,EUR,2025-11-02,DE,cheque,Completed
100022,5735.0,beauté,3.75,EUR,2026-09-16,USA,carte_bancaire,pending
101725,5169.0,Livres,null,USD,22-May-2026,CH,paypal,COMPLETED 
102609,5023.0,sport,77.28,EUR,24-May-2026,GERMANY,cheque,refunded
101102,5132.0,maison,160.7,EUR,03-Oct-2025,Francia,virement,completed
102820,5765.0,beauté,?,eur,2026-05-07,FR,cheque,Completed
100807,5545.0,sport,15.94,EUR,28/09/2025,United States,virement,failed
100226,5328.0,Maisons,25.99,EUR,24-Dec-2025,FR,cheque,failed
100840,5592.0,Livres,$23.46,EUR,09-25-2025,Belgique,cheque,pending
102369,5692.0,livres,74.61,EUR,,CH,cheque,pending
101621,5766.0,BEAUTE,,EUR,2026-06-07,États-Unis,virement,COMPLETED 
102639,5704.0,Livre,35.1,EUR,14/08/2025,BELGIQUE,virement,failed
102528,5440.0,Ã‰lectronique,156.16,EUR,2025-08-17,be,carte_bancaire,pending
101093,5559.0,Maisons,25.71,EUR,2025/05/13 21:27,GERMANY,paypal,refunded
100047,5506.0,Beaute,115.84,EUR,2026/09/20 10:18,Francia,paypal,Completed
102783,5237.0,Modes,9.6,EUR,2025-09-12,be,virement,completed
101763,5227.0,livres,5.8,EUR,07-07-2025,FR,carte_bancaire,Completed
102510,5378.0,Sports,37.85,EUR,12-31-2025,Etats-Unis,paypal,failed
100979,5024.0,livres,48.64,EUR,12-18-2025,FRANCE,carte_bancaire,pending
101953,5406.0,Mode,13.62,eur,13-Jan-2026,France,carte_bancaire,Completed
100464,5664.0,Modes,22.17,EUR,01-13-2026,SUISSE,cheque,refunded
101940,5413.0,Electronique,$32.37,EUR,2025-11-02,Belgique,paypal,pending
102595,5356.0,LIVRES,3.25,EUR,2026-07-07,fr,paypal,pending
100927,5460.0,sport,34.45,EUR,04-Feb-2026,CH,virement,completed
101359,5599.0, mode,28.93,EUR,2026-01-21,Suisse,virement,Completed
101216,5233.0,SPORT,13.38,EUR,13-Jun-2026,Belgique,virement,failed
101032,5062.0,Ã‰lectronique,35.14,EUR,20/03/2026,CH,cheque,pending
102567,5059.0,Maisons,44.08,EUR,31-Mar-2026,Belgique,carte_bancaire,refunded
101936,5024.0,Livres,30.83,EUR,2026/08/17 14:02,Suisse,carte_bancaire,Completed
100212,5447.0,Livre,57.89,EUR,27-Nov-2025,be,paypal,refunded
100012,5584.0,Beauté ,30.5,EUR,07-Apr-2025,United States,paypal,COMPLETED 
100140,5379.0,Electronique,96.04,EUR,24-Mar-2025,BELGIQUE,cheque,failed
100422,5115.0,Livre,19.61,eur,08-Jul-2025,Belgique,,refunded
102436,5421.0,livres,21.79,EUR,2025/05/08 02:41,FR,virement,refunded
102366,5206.0,BEAUTE,"15,15€",EUR,2025/06/27 08:50,United States,virement,failed
101749,5637.0,MAISON ,60.4,EUR,07-15-2025,SUISSE,cheque,failed
101391,5333.0,MODE,13.33,EUR,2025/03/26 17:17,GERMANY,virement,completed
102721,5317.0,Maison,15.56,EUR,2025-05-05,Etats-Unis,paypal,completed
101745,5002.0,electronique ,30.4,,2026-07-14,DE,virement,refunded
100741,5623.0,Beaute,7.76,EUR,06-Jul-2026,France,virement,failed
101276,5671.0,Mode,$16.4,EUR,2025/11/19 13:19,GERMANY,cheque,failed
102358,5238.0,Sports,4.96,eur,06-10-2026,Belgique,paypal,refunded
100509,5019.0,Ã‰lectronique,11.61,EUR,2025/10/17 10:15,Belgique,virement,refunded
100644,5103.0,beauté,,eur,12-Jul-2026,United States,carte_bancaire,refunded
100597,5637.0,Sport,10.17,USD,08-22-2025,SUISSE,paypal,completed
101005,5120.0,Mode,34.96,USD,10-27-2025,BE,carte_bancaire,pending
102015,5420.0,Electronique,20.61,EUR,14-Sep-2025,BELGIQUE,cheque,refunded
101237,5141.0,Modes,$14.91,EUR,20/11/2025,FR,paypal,Completed
102725,5484.0,MAISON ,24.61,EUR,30/06/2025,USA,virement,Completed
100518,5031.0,Livre,26.83,EUR,2025-04-03,SUISSE,virement,COMPLETED 
102240,5444.0,sport,26.99,EUR,08-01-2026,Suisse,cheque,pending
100573,5214.0,Livre,20.14,USD,03-Sep-2026,FR,N/A,COMPLETED 
101073,5270.0,Maison,"7,73€",EUR,05-17-2025,Suisse,cheque,pending
102024,5442.0,Electronique,55.92,USD,?,US,carte_bancaire,Completed
101763,5227.0,livres,5.8,EUR,07-07-2025,FR,carte_bancaire,Completed
102063,5244.0,LIVRES,22.36,EUR,10-Jan-2026,de,paypal,completed
101316,5121.0,Beauté ,9.41,EUR,05-May-2025,be,paypal,refunded
101220,5000.0,Ã‰lectronique,"8,42€",EUR,2026-02-16,US,virement,completed
101613,5576.0,ELECTRONIQUE,22.87,,2026/05/17 19:13,USA,virement,COMPLETED 
100123,5426.0,BEAUTE,6.95,,2026/01/08 05:53,Francia,cheque,COMPLETED 
101251,5737.0,MAISON ,51.94,EUR,12-02-2025,CH,cheque,failed
100220,5154.0,Livres,-,EUR,2026/09/05 06:30,GERMANY,paypal,failed
101961,5530.0,sport,10.42,EUR,07-21-2026,fr,carte_bancaire,refunded
100358,5299.0,sport,"32,8€",EUR,22/05/2025,ch,cheque,COMPLETED 
102218,5271.0,electronique ,,USD,02/05/2026,Allemagne,virement,completed
102123,5606.0,BEAUTE,19.36,EUR,unknown,FRANCE,cheque,failed
102295,5181.0,LIVRES,39.26,EUR,04-07-2026,Belgique,carte_bancaire,completed
100259,5596.0,Beauté ,49.26,eur,n/a,de,cheque,Completed
102179,5695.0,Livre,15.46,EUR,n/a,France,cheque,COMPLETED 
102830,5110.0,Beauté ,5.29,EUR,2025-10-13,GERMANY,cheque,refunded
102465,5228.0,sport,54.52,EUR,2025/11/19 06:17,GERMANY,carte_bancaire,pending
100056,5327.0, mode,$16.87,EUR,2026/06/08 07:02,be,paypal,refunded
101675,5404.0,Sports,18.36,EUR,29/10/2025,Etats-Unis,cheque,COMPLETED 
100740,5693.0,Ã‰lectronique,14.22,eur,2025/08/24 18:08,Belgique,paypal,Completed
100194,5511.0,beauté,28.67,EUR,2025-11-21,Suisse,carte_bancaire,Completed
101845,5784.0,Sports,9.73,EUR,02/07/2026,fr,cheque,refunded
101536,5382.0, mode,38.95,USD,28-Jul-2026,FR,paypal,pending
100007,5269.0,Electronique,19.94,EUR,11/04/2025,FR,virement,pending
102397,5609.0,BEAUTE,NULL,EUR,09-30-2025,Belgique,paypal,Completed
101990,5020.0,Electronique,22.28,EUR,2026-05-17,Suisse,cheque,COMPLETED 
100328,5798.0,Sports,13.07,EUR,08-19-2025,SUISSE,carte_bancaire,COMPLETED 
102292,5110.0,sport,26.49,EUR,15/04/2026,fr,carte_bancaire,completed
101788,5338.0,Ã‰lectronique,32.7,,21-Nov-2025,de,cheque,refunded
101767,5585.0,BEAUTE,20.94,,09-07-2026,FR,virement,completed
100381,5748.0,BEAUTE,14.3,EUR,2025-09-04,Francia,carte_bancaire,COMPLETED 
102525,5215.0,Electroniqe,37.88,USD,21/07/2025,GERMANY,cheque,refunded
101444,5469.0,MODE,35.15,EUR,04/03/2026,États-Unis,paypal,failed
101187,5235.0,Maison,,EUR,08-Jul-2026,Francia,carte_bancaire,failed
102607,5122.0,Sports,3.37,EUR,02-15-2026,Allemagne,,Completed
102357,5026.0,maison,,EUR,2025-09-04,DE,carte_bancaire,refunded
101842,5682.0,Beaute,14.97,EUR,15/01/2026,FRANCE,cheque,completed
101554,5525.0,beauté,20.01,,07-Jun-2025,BE,cheque,Completed
100059,5037.0,MODE,59.03,EUR,17/10/2025,Etats-Unis,n/a,failed
101608,5680.0,Mode,32.81,USD,2025/04/08 09:08,Belgique,carte_bancaire,COMPLETED 
102638,5079.0,SPORT,-999,EUR,2025-04-29,Etats-Unis,virement,Completed
101364,5769.0,Sport,72.02,USD,15-May-2026,SUISSE,paypal,pending
101505,5488.0,Sports,16.32,USD,2025-04-11,États-Unis,paypal,failed
100026,5665.0,sport,,EUR,2025/12/14 05:39,CH,cheque,failed
102359,5464.0,LIVRES,35.44,EUR,,Francia,paypal,COMPLETED 
100078,5564.0,Électronique,101.53,EUR,unknown,be,paypal,refunded
101480,5710.0,Electroniqe,47.0,EUR,16/01/2026,Allemagne,carte_bancaire,failed
100542,,MODE,,EUR,22-May-2025,ch,virement,failed
101133,5703.0,Livre,36.9,EUR,2025-03-27,Belgique,carte_bancaire,COMPLETED 
101764,5057.0,Modes,19.66,EUR,2025/08/05 19:53,de,virement,pending
102610,5797.0,Maisons,44.1,EUR,04-05-2026,GERMANY,carte_bancaire,completed
101880,5739.0,Livre,58.46,EUR,10-31-2025,US,virement,completed
100845,5481.0,Ã‰lectronique,38.21,,2026/07/07 09:16,Etats-Unis,cheque,COMPLETED 
102494,5206.0,Modes,7.92,EUR,2026-07-11,de,carte_bancaire,COMPLETED 
102655,5609.0,LIVRES,52.94,EUR,2026/06/09 07:21,SUISSE,carte_bancaire,COMPLETED 
101475,5459.0,Beaute,$43.97,,05-Jun-2026,ch,paypal,refunded
101839,5613.0,livres,20.34,EUR,13/09/2026,SUISSE,cheque,COMPLETED 
100130,5240.0,MODE,,EUR,2025-05-11,US,virement,completed
101801,5747.0,Maisons,23.23,EUR,2026-03-08,Francia,cheque,COMPLETED 
101766,5330.0,Beaute,173.1,EUR,24/07/2025,SUISSE,cheque,completed
101996,5601.0,beauté,89.95,EUR,18/09/2026,FRANCE,virement,pending
101786,5376.0,Beauté ,18.57,EUR,04-18-2026,Suisse,virement,completed
101018,5412.0, mode,-18.39,EUR,30/04/2025,États-Unis,carte_bancaire,COMPLETED 
100435,5772.0,Electronique,26.22,EUR,2025-04-20,BE,paypal,completed
101114,5554.0,LIVRES,28.09,EUR,05-22-2025,US,virement,Completed
100237,5468.0,MODE,29.01,EUR,08-05-2025,Belgique,cheque,refunded
101075,5594.0,Livres,15.73,EUR,07-03-2026,CH,carte_bancaire,failed
100109,5285.0,Mode,,EUR,08-28-2026,BELGIQUE,cheque,completed
100781,5450.0,Maison,7.38,EUR,21-Dec-2025,de,virement,Completed
102119,5366.0,Modes,20.66,EUR,15-Dec-2025,États-Unis,paypal,failed
100163,5666.0,beauté,11.72,EUR,08-01-2026,DE,cheque,failed
100288,5435.0,MODE,31.59,EUR,10-Nov-2025,Belgique,virement,Completed
102249,5000.0,Electroniqe,165.66,EUR,2025-05-02,CH,cheque,pending
101073,5270.0,Maison,"7,73€",EUR,05-17-2025,Suisse,cheque,pending
102588,5560.0,Livres,11.94,EUR,14-Mar-2026,United States,cheque,refunded
102350,5344.0,MAISON ,63.68,EUR,28/11/2025,SUISSE,carte_bancaire,COMPLETED 
100767,5138.0,Modes,,EUR,04-10-2026,USA,paypal,completed
100787,5341.0,Electronique,37.09,EUR,2025-08-04,be,cheque,failed
101378,5147.0,MODE,,EUR,2025/10/15 03:10,BE,cheque,Completed
102142,5279.0,beauté,27.33,EUR,06-Jul-2026,Belgique,cheque,COMPLETED 
101037,5204.0,Livre,6.57,EUR,17/09/2025,de,carte_bancaire,Completed
100869,5149.0,LIVRES,149.78,EUR,01-08-2026,USA,cheque,COMPLETED 
100107,5068.0,Mode,19.83,EUR,27-Jun-2025,CH,virement,pending
102405,5757.0,Électronique,81.98,EUR,05-Jun-2025,BE,carte_bancaire,COMPLETED 
101980,5164.0,MAISON ,10.23,EUR,2025-05-18,BE,,Completed
102159,5453.0,sport,40.53,,2026/07/06 15:06,be,cheque,failed
102801,5317.0,SPORT,276.92,EUR,2025/08/15 22:51,États-Unis,virement,COMPLETED 
100058,5174.0,BEAUTE,,EUR,08-06-2026,DE,cheque,COMPLETED 
102053,5549.0,beauté,18.66,EUR,27/05/2025,de,cheque,pending
101831,5740.0,SPORT,12.09,EUR,2026/04/17 00:36,SUISSE,paypal,pending
100461,5261.0,Maison,25.32,EUR,27-Aug-2025,be,paypal,refunded
100911,5416.0,LIVRES,"29,88€",EUR,2026-07-31,ch,paypal,pending
102772,5445.0,Beauté ,20.92,EUR,09-08-2026,Francia,virement,failed
100157,5143.0,Livres,37.58,EUR,02-08-2026,Suisse,carte_bancaire,completed
100930,5608.0,SPORT,"14,88€",EUR,01-Sep-2025,SUISSE,virement,Completed
102138,5092.0,beauté,8.04,EUR,27-Oct-2025,CH,virement,Completed
102164,5535.0,BEAUTE,101.75,EUR,07-12-2026,FRANCE,paypal,completed
100677,5175.0,BEAUTE,118.75,EUR,24-Aug-2026,Belgique,,completed
102827,5203.0,Sport,23.2,EUR,2026/09/12 20:37,be,carte_bancaire,refunded
101255,5161.0,Sport,8.26,EUR,25-Nov-2025,ch,paypal,completed
100238,5782.0,Modes,13.52,USD,12-Feb-2026,FR,cheque,failed
101052,5151.0,Beauté ,38.27,,2026/01/03 08:53,Allemagne,paypal,pending
101532,5127.0,Beaute,32.81,EUR,2025/12/17 19:21,Francia,cheque,pending
100243,5107.0,Beaute,53.47,,2026/08/17 15:39,FRANCE,paypal,pending
100100,5794.0,maison,6.86,EUR,30-Mar-2025,FR,cheque,Completed
100315,5503.0,MODE,,eur,07-20-2026,Francia,carte_bancaire,completed
102409,5143.0,Maisons,8.73,EUR,2026/04/07 13:02,United States,virement,pending
102513,5396.0,Electroniqe,19.5,EUR,10-11-2025,Suisse,paypal,Completed
101041,5171.0,Livres,16.23,USD,2026-01-05,USA,cheque,completed
101064,5137.0,SPORT,17.7,EUR,2025/04/28 19:26,FRANCE,carte_bancaire,completed
100261,5712.0,Maison,23.25,EUR,2026-07-18,United States,virement,completed
101655,5475.0,beauté,18.81,EUR,2025/12/21 22:42,CH,paypal,failed
100116,5064.0,Sport,33.69,EUR,2026/09/03 08:11,be,carte_bancaire,failed
100195,5153.0,Mode,34.7,EUR,07-08-2026,USA,virement,COMPLETED 
101941,5188.0,Maison,17.24,EUR,18/05/2026,Allemagne,virement,Completed
101078,5440.0,Sport,94.7,EUR,2026-04-22,Francia,cheque,COMPLETED 
101847,5473.0,sport,11.25,EUR,07-07-2025,de,paypal,COMPLETED 
100179,5586.0,Maison,"283,77€",EUR,04/12/2025,Etats-Unis,virement,refunded
101412,5792.0,Mode,36.98,eur,13/11/2025,USA,carte_bancaire,failed
100842,5234.0,Livres,8.93,eur,03-14-2026,United States,carte_bancaire,pending
102389,5354.0,sport,62.29,EUR,2025-11-29,États-Unis,paypal,failed
101510,5582.0,Beaute,8.78,EUR,28-Jan-2026,SUISSE,paypal,completed
101995,5708.0,MAISON ,64.27,EUR,2025/09/14 11:08,Belgique,virement,pending
100340,5068.0,SPORT,11.7,USD,02-Jun-2026,Suisse,carte_bancaire,COMPLETED 
102529,5738.0,Électronique,"19,69€",EUR,13/07/2026,SUISSE,paypal,Completed
102364,5254.0,Sports,13.92,EUR,09-13-2026,USA,cheque,failed
100748,5795.0,Ã‰lectronique,14.15,EUR,11-27-2025,FRANCE,carte_bancaire,Completed
100086,5021.0,Maisons,unknown,EUR,2026/06/30 08:15,BE,virement,COMPLETED 
101534,5800.0,MODE,23.82,EUR,19-Sep-2026,ch,cheque,completed
100480,5130.0,LIVRES,21.86,EUR,2025-10-18,GERMANY,virement,Completed
100803,5215.0,beauté,16.18,USD,2026-09-21,SUISSE,carte_bancaire,Completed
102204,5001.0,Livre,5185.0,EUR,17/12/2025,Suisse,virement,COMPLETED 
100998,5409.0,SPORT,14.67,EUR,2026-08-26,BE,cheque,COMPLETED 
101431,5286.0,Sports,51.12,EUR,28-Sep-2025,fr,carte_bancaire,completed
102509,5159.0,LIVRES,7.46,EUR,2025/05/13 19:40,BELGIQUE,virement,completed
100549,5210.0,Maisons,14.25,,04-May-2025,USA,virement,Completed
101210,5672.0,ELECTRONIQUE,-8.01,EUR,2025-05-25,France,virement,failed
100783,5223.0,SPORT,,EUR,2025/12/27 11:35,Francia,paypal,failed
102791,5169.0,Beauté ,14.85,EUR,2026-05-24,US,paypal,pending
102007,5397.0,beauté,$11.76,EUR,2026/08/04 23:43,be,null,failed
100742,5741.0,Beaute,$13.98,EUR,20-Sep-2025,Francia,virement,failed
102488,5307.0,BEAUTE,25.1,EUR,2026/03/30 19:15,US,carte_bancaire,COMPLETED 
102733,5018.0,LIVRES,$11.11,EUR,2025/09/19 01:29,fr,-,failed
100060,5723.0,Livres,15.15,eur,11/04/2026,US,carte_bancaire,pending
101788,5296.0,Ã‰lectronique,22.84,EUR,2025/05/15 20:31,SUISSE,carte_bancaire,failed
102033,5655.0,Modes,38.66,EUR,08-10-2026,US,virement,refunded
101239,5717.0,Ã‰lectronique,"106,22€",,08-21-2025,FR,carte_bancaire,completed
102208,5241.0,Électronique,NULL,EUR,03-31-2026,be,cheque,pending
100117,5483.0,Modes,14.68,eur,10/04/2025,Suisse,carte_bancaire,completed
100247,5467.0,Maisons,13.63,EUR,2025-10-26,United States,paypal,COMPLETED 
100871,5449.0,sport,11.96,EUR,05-31-2026,GERMANY,cheque,COMPLETED 
100952,5366.0,Livre,,EUR,09-04-2026,de,virement,refunded
102262,5054.0,Electroniqe,74.6,,26/02/2026,Suisse,cheque,pending
102803,5687.0,MAISON ,9.94,USD,2025/06/18 03:34,Francia,paypal,COMPLETED 
100667,5181.0,sport,N/A,EUR,2025-07-03,USA,cheque,failed
100347,5503.0,sport,$6.91,eur,08-23-2025,Belgique,cheque,completed
100278,5513.0,Beaute,26.12,EUR,19/08/2025,Allemagne,paypal,Completed
101600,5773.0, mode,-,,08-21-2026,SUISSE,carte_bancaire,failed
102689,5781.0,Maison,42.57,,19/08/2025,Etats-Unis,paypal,pending
100655,5713.0,SPORT,25.88,EUR,29/10/2025,GERMANY,carte_bancaire,Completed
101298,5221.0,maison,,EUR,2025-10-16,de,cheque,Completed
100962,5543.0,ELECTRONIQUE,29.28,EUR,17/06/2026,be,paypal,refunded
102706,5172.0,sport,27.95,EUR,09/07/2026,CH,paypal,refunded
102667,5002.0,maison,8.09,EUR,2025/11/16 18:01,SUISSE,paypal,refunded
101091,5096.0,SPORT,23.72,EUR,2025-04-29,FR,cheque,pending
101820,5342.0,Mode,21.8,eur,unknown,Allemagne,paypal,Completed
100632,5271.0,Livres,21.28,EUR,25-Aug-2025,BE,virement,failed
101178,5489.0,Livre,10.08,EUR,2026-04-13,be,carte_bancaire,completed
100445,5723.0,Modes,44.82,EUR,22-Feb-2026,SUISSE,cheque,Completed
100617,5108.0,Mode,,EUR,2025/09/20 23:21,BE,cheque,completed
101915,5325.0,Maison,15.05,EUR,26-May-2025,CH,paypal,Completed
100072,5569.0,Electronique,20.59,EUR,21/07/2025,US,cheque,completed
102792,5292.0,ELECTRONIQUE,,EUR,07/02/2026,Etats-Unis,carte_bancaire,pending
101207,5054.0,sport,6755.0,EUR,22/09/2025,be,cheque,Completed
102014,5511.0,Sports,51.76,EUR,28-May-2026,de,paypal,refunded
100844,5185.0,Maison,28.5,EUR,07-03-2026,FRANCE,paypal,COMPLETED 
102631,5211.0,Livres,,EUR,29-Jan-2026,GERMANY,carte_bancaire,failed
100547,5106.0,livres,,EUR,27-Oct-2025,GERMANY,carte_bancaire,completed
101889,5352.0,livres,-24.22,EUR,2025/07/21 19:56,États-Unis,cheque,refunded
100942,5651.0,Livres,44.04,EUR,08/06/2026,USA,carte_bancaire,COMPLETED 
101011,5322.0,beauté,29.31,,03-10-2026,Suisse,paypal,Completed
100263,5569.0,maison,$9.76,EUR,2025-06-18,Suisse,virement,refunded
101393,5002.0,Electronique,,EUR,10-Aug-2025,GERMANY,paypal,COMPLETED 
102425,5671.0,Mode,38.97,eur,06/10/2025,Allemagne,carte_bancaire,COMPLETED 
101933,,MODE,22.3,USD,28-Sep-2025,Francia,carte_bancaire,COMPLETED 
100353,5163.0,Sports,,EUR,26/05/2025,be,paypal,refunded
100073,5396.0,electronique ,null,eur,06-Jan-2026,FR,carte_bancaire,completed
101932,5542.0,maison,39.0,EUR,2025-10-17,FR,paypal,COMPLETED 
100613,5514.0,beauté,-8.91,eur,2025-12-07,DE,paypal,failed
101710,5241.0,SPORT,,EUR,2026/01/09 07:59,USA,cheque,refunded
101780,5460.0,maison,6.92,EUR,2026/09/11 13:00,Francia,virement,Completed
101844,5444.0,Maisons,28.33,EUR,2026/08/19 18:18,Allemagne,-,pending
100620,5175.0,Modes,31.95,EUR,11-25-2025,Allemagne,carte_bancaire,failed
102702,5667.0,Électronique,"150,06€",EUR,23-Apr-2026,Allemagne,carte_bancaire,Completed
102113,5730.0,Livre,9.95,EUR,2025/12/25 18:20,DE,,Completed
102307,5666.0,Mode,20.8,EUR,11-Dec-2025,de,paypal,completed
100057,5424.0,MAISON ,18.57,EUR,2026/04/27 02:03,ch,cheque,failed
102312,5350.0,Ã‰lectronique,30.18,EUR,-,USA,cheque,COMPLETED 
100811,5700.0,Beauté ,16.51,EUR,16/09/2025,BELGIQUE,carte_bancaire,pending
102260,5338.0,Livres,36.35,EUR,2026-08-25,Belgique,virement,COMPLETED 
100561,,Maisons,,EUR,12/10/2025,GERMANY,cheque,COMPLETED 
102112,5762.0,Sport,25.45,EUR,28-Mar-2025,Allemagne,cheque,refunded
100229,5264.0,Livres,45.22,EUR,31/08/2026,Etats-Unis,paypal,refunded
102586,,ELECTRONIQUE,"7,48€",eur,01-08-2026,FRANCE,cheque,failed
101833,5446.0,Maison,31.77,EUR,2026-09-01,États-Unis,cheque,COMPLETED 
101080,5003.0,Maisons,17.93,USD,26/11/2025,FR,cheque,Completed
100538,5274.0,Beauté ,60.68,EUR,07-May-2026,Allemagne,paypal,refunded
102587,5047.0,maison,25.82,EUR,24/06/2026,DE,carte_bancaire,Completed
101674,5665.0,beauté,?,EUR,10/10/2025,DE,paypal,COMPLETED 
100031,5554.0,MODE,N/A,USD,14-Sep-2025,FR,carte_bancaire,failed
101110,5487.0,Livres,20.66,EUR,02-03-2026,United States,virement,Completed
101842,5682.0,Beaute,14.97,EUR,15/01/2026,FRANCE,cheque,completed
101128,5531.0, mode,$23.16,,2025-08-17,FR,virement,COMPLETED 
100707,5290.0,Sport,119.02,EUR,2026-01-29,Francia,,failed
100424,5733.0,SPORT,43.85,EUR,2025/12/19 13:06,fr,virement,failed
100069,5309.0,Livre,"13,73€",EUR,2025-08-17,France,virement,completed
102817,5099.0,beauté,34.19,eur,2025-04-09,Suisse,carte_bancaire,COMPLETED 
102059,5458.0,ELECTRONIQUE,29.2,EUR,08-06-2026,Suisse,paypal,pending
100647,5800.0,Électronique,-,EUR,02-01-2026,be,paypal,Completed
100125,5370.0,beauté,26.98,EUR,2026/05/05 23:09,ch,paypal,Completed
102051,5522.0,Maisons,11.24,EUR,2026-08-18,SUISSE,virement,pending
101292,5427.0,beauté,33.43,EUR,09-May-2026,FRANCE,virement,COMPLETED 
101743,5048.0,Mode,69.8,EUR,22-May-2026,DE,virement,COMPLETED 
102683,5158.0,maison,47.4,EUR,25-May-2026,BELGIQUE,cheque,failed
102201,5027.0,maison,"255,06€",EUR,2026-08-16,ch,carte_bancaire,Completed
102519,5384.0,Maisons,11.4,,04-28-2026,Etats-Unis,carte_bancaire,COMPLETED 
100620,,Sports,12.04,EUR,08/08/2025,United States,virement,completed
102682,5617.0,Ã‰lectronique,-18.24,EUR,06-01-2025,fr,carte_bancaire,pending
101407,5173.0,MODE,94.75,EUR,2026/02/13 14:17,BELGIQUE,paypal,completed
101977,5742.0,electronique ,$57.56,EUR,20/07/2026,ch,carte_bancaire,completed
101105,5136.0,LIVRES,9.62,EUR,07-12-2026,BE,carte_bancaire,refunded
101618,5403.0,beauté,16.71,EUR,29/08/2025,France,null,failed
101580,5195.0,MAISON ,29.39,USD,15/11/2025,FRANCE,cheque,completed
102321,5136.0,Ã‰lectronique,49.45,EUR,04-Oct-2025,BE,paypal,pending
102746,5553.0,electronique ,30.48,EUR,14/05/2026,SUISSE,paypal,completed
102320,5046.0,ELECTRONIQUE,36.44,EUR,18/03/2026,France,carte_bancaire,completed
100279,5149.0,Livre,17.34,EUR,02-18-2026,FR,cheque,pending
102250,5190.0,Sport,21.87,EUR,09-Nov-2025,BE,paypal,completed
100625,5641.0,Sport,145.3,EUR,31-Jan-2026,GERMANY,virement,Completed
101606,5691.0,maison,$27.4,eur,26-Jan-2026,France,virement,completed
100166,5518.0,Livre,51.41,EUR,08-01-2025,Suisse,carte_bancaire,COMPLETED 
101242,5699.0,Livres,14.53,EUR,2025/09/09 19:29,États-Unis,carte_bancaire,refunded
101756,5608.0,Ã‰lectronique,21.68,EUR,09-27-2025,Etats-Unis,cheque,refunded
100553,5461.0,MODE,-30.85,EUR,20-May-2026,FRANCE,carte_bancaire,COMPLETED 
101790,5032.0,BEAUTE,23.78,EUR,2026-04-23,US,virement,COMPLETED 
100657,5649.0,Sport,,EUR,03-03-2026,BELGIQUE,paypal,refunded
100596,5360.0,beauté,19.24,EUR,11/04/2026,FR,carte_bancaire,pending
102828,5071.0,beauté,57.76,USD,06-03-2025,États-Unis,virement,failed
100802,5471.0,Beauté ,26.75,EUR,02-08-2026,SUISSE,cheque,completed
102203,5615.0,SPORT,7.66,EUR,18-Sep-2026,Allemagne,virement,completed
100695,5042.0,BEAUTE,18.57,eur,03-01-2026,FRANCE,cheque,pending
101811,5319.0,Mode,28.0,EUR,2026/08/17 19:56,SUISSE,paypal,completed
102802,5108.0,livres,33.61,EUR,2025-05-28,Etats-Unis,carte_bancaire,Completed
100440,5405.0,Sport,"34,66€",EUR,2026-03-24,United States,carte_bancaire,refunded
100508,5169.0,Livres,25.63,,2025/04/20 09:05,Suisse,carte_bancaire,Completed
100076,5666.0,beauté,26.53,eur,06-Aug-2026,BELGIQUE,virement,failed
100136,5743.0,Livres,21.97,EUR,2025-08-07,Suisse,virement,COMPLETED 
101948,5319.0,ELECTRONIQUE,67.59,EUR,2026/07/13 00:20,BE,virement,failed
100649,5639.0,MAISON ,unknown,EUR,2025-11-20,GERMANY,virement,COMPLETED 
100522,5416.0,Maison,13.51,EUR,14/03/2026,United States,virement,completed
101586,5213.0,ELECTRONIQUE,28.75,,2025/09/16 12:30,US,cheque,refunded
101117,5537.0,Beauté ,23.29,EUR,15/05/2026,GERMANY,paypal,COMPLETED 
102383,5381.0,Sports,23.48,EUR,-,SUISSE,cheque,pending
101593,5191.0,Electroniqe,55.34,USD,06-Mar-2026,United States,cheque,Completed
100654,5537.0,MODE,-248.64,EUR,17/06/2026,France,cheque,pending
101375,5741.0,LIVRES,20.32,EUR,2025-12-23,Belgique,virement,completed
101644,5480.0,Beauté ,9.43,EUR,2025/10/20 04:33,CH,carte_bancaire,COMPLETED 
102131,5376.0,Mode,24.97,EUR,n/a,GERMANY,n/a,COMPLETED 
102749,5315.0,Sports,16.33,EUR,08-Jun-2025,Belgique,carte_bancaire,failed
101760,5566.0,Beaute,107.34,EUR,03-11-2026,FRANCE,carte_bancaire,COMPLETED 
100630,5732.0,Électronique,$5.35,EUR,09-09-2026,FR,carte_bancaire,pending
101340,5435.0, mode,28.35,EUR,01-10-2026,Belgique,carte_bancaire,refunded
101609,5589.0,electronique ,9775.0,EUR,17/04/2025,be,paypal,completed
102728,5594.0,Maison,12.58,USD,28-Aug-2026,ch,carte_bancaire,refunded
100482,5741.0,Sports,5.78,,2025/10/02 10:53,ch,paypal,completed
100560,5104.0,livres,31.84,EUR,13-Nov-2025,Francia,virement,COMPLETED 
101192,5241.0,Mode,$14.28,eur,25/05/2025,Francia,n/a,Completed
102642,5585.0,Modes,11.44,EUR,2026/05/30 00:41,Etats-Unis,paypal,failed
102032,5632.0,Mode,n/a,EUR,12-Mar-2026,GERMANY,virement,Completed
100438,5779.0,Maison,5.3,USD,11-28-2025,DE,cheque,COMPLETED 
102151,5060.0,SPORT,109.43,EUR,2026-01-20,US,cheque,refunded
101947,5216.0,Maison,23.89,EUR,2025-10-19,be,carte_bancaire,refunded
102634,5586.0,maison,113.29,,2026-05-15,SUISSE,cheque,pending
101029,5725.0,BEAUTE,-11.6,EUR,06/05/2026,Allemagne,carte_bancaire,refunded
100530,5055.0,SPORT,-43.59,EUR,31-May-2025,BE,carte_bancaire,COMPLETED 
101818,5508.0,Beaute,20.29,EUR,08-02-2026,fr,paypal,COMPLETED 
100049,5481.0,Maison,5.02,EUR,2025/10/09 14:42,SUISSE,carte_bancaire,pending
100858,5454.0,MODE,14.92,,2025/05/16 17:57,France,virement,COMPLETED 
100719,5441.0,SPORT,23.31,EUR,2025/08/07 22:28,Belgique,null,Completed
102256,5142.0,Ã‰lectronique,54.5,EUR,-,Etats-Unis,paypal,pending
101366,5665.0,Sports,,EUR,08-01-2026,be,paypal,failed
102318,5137.0,BEAUTE,14.84,EUR,09/05/2025,FRANCE,cheque,COMPLETED 
102770,5046.0,maison,20.38,EUR,11-Apr-2026,be,carte_bancaire,Completed
101559,5007.0,Électronique,19.22,eur,06-06-2026,SUISSE,paypal,completed
102194,5472.0,livres,29.1,USD,18/11/2025,Belgique,cheque,refunded
101374,5190.0,beauté,92.21,EUR,2025-04-22,ch,paypal,pending
102593,5284.0,MODE,12925.0,EUR,2025-11-04,BELGIQUE,carte_bancaire,COMPLETED 
101321,5626.0,Electronique,39.52,EUR,20/07/2026,GERMANY,paypal,failed
101068,5488.0,Maison,16.1,EUR,17/09/2025,USA,paypal,refunded
101711,5011.0,beauté,22.01,EUR,15/04/2026,Etats-Unis,cheque,pending
102606,5328.0,Beaute,14.24,EUR,01-20-2026,Etats-Unis,null,completed
102711,5118.0,Electronique,97.43,EUR,08-15-2026,France,paypal,refunded
101577,5552.0,Beauté ,69.98,EUR,unknown,Francia,paypal,completed
100297,5600.0,Électronique,"32,35€",EUR,03-29-2025,FRANCE,paypal,refunded
101269,5248.0,Livre,74.63,,18-Nov-2025,Belgique,carte_bancaire,pending
102111,5220.0,BEAUTE,21.19,EUR,2026/04/15 01:30,US,cheque,COMPLETED 
100748,5228.0,Maisons,20485.0,EUR,2025/11/27 20:49,Etats-Unis,carte_bancaire,refunded
101263,5496.0,MODE,"10,71€",eur,29/07/2026,ch,paypal,refunded
101288,5311.0,Sport,$9.09,EUR,09-22-2025,DE,carte_bancaire,refunded
100349,5608.0,Beaute,20.24,EUR,2025/10/28 16:37,United States,carte_bancaire,refunded
101326,5272.0,Mode,10.53,EUR,16-Oct-2025,États-Unis,cheque,completed
100643,5008.0,MAISON ,6.34,EUR,05-31-2025,DE,virement,COMPLETED 
101330,5311.0,Électronique,97.29,EUR,2026/06/09 20:16,United States,carte_bancaire,Completed
100051,5423.0,Électronique,16.75,EUR,10-04-2025,GERMANY,paypal,COMPLETED 
100122,5459.0,Beauté ,7.16,EUR,unknown,USA,paypal,failed
101322,5513.0,Beauté ,23.02,EUR,2025-04-13,BE,cheque,COMPLETED 
101106,5494.0,MODE,42.58,EUR,22/04/2026,DE,cheque,refunded
102213,,beauté,16.33,USD,04-18-2026,be,virement,failed
101123,5203.0,sport,8.77,EUR,22/02/2026,DE,carte_bancaire,refunded
102447,5132.0, mode,19.87,eur,24/05/2025,ch,paypal,Completed
102410,5028.0,MODE,51.26,EUR,28-Dec-2025,USA,paypal,pending
101637,5084.0,MAISON ,"35,92€",EUR,25/01/2026,Belgique,cheque,failed
100786,5519.0,Électronique,51.96,eur,09-11-2026,SUISSE,carte_bancaire,refunded
102776,5750.0,Maisons,19.48,EUR,06-15-2026,USA,paypal,COMPLETED 
100140,5552.0,MODE,"30,11€",EUR,2025-12-09,GERMANY,paypal,refunded
100788,5208.0,Sport,23.03,EUR,2026-01-19,be,carte_bancaire,pending
101949,5586.0,LIVRES,23.42,USD,02-Aug-2026,United States,carte_bancaire,Completed
102097,5421.0,LIVRES,9.35,EUR,04-22-2026,FR,virement,COMPLETED 
100714,5745.0,Livre,-23.72,EUR,19/12/2025,BELGIQUE,virement,Completed
101869,5399.0,beauté,,EUR,07-30-2025,BELGIQUE,virement,failed
101640,5620.0,BEAUTE,,EUR,08-17-2025,Suisse,carte_bancaire,Completed
101918,5254.0,livres,null,EUR,05-12-2025,US,carte_bancaire,refunded
100137,5107.0,Modes,"26,68€",USD,29/04/2025,DE,cheque,refunded
100618,5157.0,electronique ,-37.82,EUR,2026-04-12,de,virement,failed
100406,5797.0,ELECTRONIQUE,4695.0,,2025-05-09,BELGIQUE,paypal,refunded
101791,5536.0,Sports,,USD,12/07/2025,BELGIQUE,virement,completed
101226,5560.0,Electronique,25.52,eur,10/05/2026,United States,virement,COMPLETED 
101146,5282.0,SPORT,-9.15,EUR,2026-05-23,USA,carte_bancaire,completed
102275,5123.0,beauté,9.23,EUR,05-Sep-2026,United States,virement,pending
102462,5142.0,livres,,EUR,25/11/2025,fr,carte_bancaire,failed
100497,5656.0,Mode,20.67,EUR,2025/06/22 05:12,de,cheque,COMPLETED 
100342,5309.0,MODE,30.58,,05/04/2025,SUISSE,carte_bancaire,pending
101957,5284.0,Beaute,$413.22,USD,01-12-2026,fr,virement,pending
102338,5074.0,MAISON ,"24,69€",EUR,N/A,France,carte_bancaire,completed
100782,5159.0,beauté,34.54,EUR,2026/04/20 05:28,US,virement,COMPLETED 
101557,5404.0,Electronique,11.91,EUR,21-Jan-2026,Francia,paypal,failed
100303,5717.0,MAISON ,42.49,EUR,05/02/2026,SUISSE,paypal,Completed
101765,5612.0,Beaute,$11.49,EUR,01-23-2026,CH,paypal,pending
100664,5651.0,sport,12.92,EUR,16/05/2026,CH,cheque,COMPLETED 
102243,5550.0, mode,6.0,,24-Jun-2025,BE,paypal,Completed
101551,5288.0,beauté,$20.42,eur,27/12/2025,United States,virement,refunded
100132,5658.0,Livres,11.98,EUR,2026/02/08 04:04,Suisse,cheque,pending
100008,5367.0,Beauté ,70.93,EUR,02-25-2026,DE,carte_bancaire,completed
100084,5446.0,Électronique,11.85,EUR,10-28-2025,SUISSE,cheque,failed
102281,5660.0,Sports,13.33,EUR,10-15-2025,FR,virement,failed
100941,5661.0,Modes,53.8,eur,12-12-2025,Suisse,virement,completed
100961,,Electroniqe,,EUR,,BE,virement,COMPLETED 
100841,5520.0,Électronique,,EUR,04-07-2026,United States,cheque,completed
101562,,LIVRES,2.77,EUR,2025-05-10,DE,carte_bancaire,pending
102847,5165.0,Modes,11.55,eur,02-01-2026,Suisse,cheque,completed
102529,5472.0,MAISON ,8.87,EUR,20/06/2026,Belgique,carte_bancaire,failed
101352,5440.0,MAISON ,,EUR,2026/09/03 22:26,Allemagne,carte_bancaire,Completed
100290,5696.0,sport,20.34,EUR,25-Mar-2025,GERMANY,paypal,Completed
101907,5585.0,electronique ,8.9,EUR,2026/01/26 18:16,Allemagne,virement,failed
101190,5593.0,sport,26.97,,16-Apr-2026,Allemagne,virement,pending
100604,5504.0,Électronique,35.59,EUR,2026/04/05 23:52,BELGIQUE,cheque,COMPLETED 
102471,5357.0,beauté,205.92,EUR,01/10/2025,CH,virement,pending
100916,5774.0, mode,42.4,EUR,07/03/2026,de,cheque,pending
101569,5385.0,LIVRES,$15.24,EUR,2025-05-03,United States,virement,refunded
101740,5607.0,beauté,22.33,,14-Jun-2025,fr,cheque,failed
101099,5519.0,maison,33.51,EUR,01-25-2026,de,carte_bancaire,pending
101088,5135.0,MAISON ,19.43,eur,2025-10-14,BE,virement,failed
102378,5536.0,MODE,16.91,,2026/02/11 02:40,US,carte_bancaire,failed
101377,5476.0,Electroniqe,62.55,EUR,2026/09/19 09:46,GERMANY,paypal,pending
100821,5065.0,MODE,null,EUR,10-21-2025,BELGIQUE,cheque,completed
102543,5189.0,Sport,18.59,EUR,03-24-2025,Belgique,paypal,Completed
101000,5612.0,Maisons,86.44,EUR,17/05/2025,France,carte_bancaire,completed
101427,5781.0,Livre,9.09,EUR,09-12-2026,USA,paypal,Completed
100018,5218.0,BEAUTE,"10,83€",EUR,10-Jun-2026,Suisse,paypal,refunded
102575,5112.0,Livre,9.02,EUR,19-Oct-2025,SUISSE,virement,completed
101450,5555.0,Beaute,32.39,eur,16/04/2025,BE,virement,refunded
101746,5741.0,Livre,29505.0,EUR,30-Apr-2026,FR,carte_bancaire,COMPLETED 
101360,5199.0,Modes,,EUR,2025-05-19,France,paypal,completed
101641,5118.0,MODE,87.44,EUR,06/08/2025,CH,virement,failed
102785,5604.0,Maison,17.87,EUR,2026-04-11,Belgique,paypal,Completed
101729,5564.0,Sports,128.3,EUR,25/06/2025,Suisse,carte_bancaire,failed
101582,5286.0,Maison,9.83,EUR,2025-04-23,DE,carte_bancaire,pending
102083,5013.0,MAISON ,3.11,,20/09/2025,GERMANY,cheque,refunded
102726,5300.0,Mode,60.97,USD,2026/06/07 06:26,États-Unis,virement,refunded
101777,5088.0,Modes,1.62,EUR,2026/06/08 01:20,be,paypal,completed
100360,5238.0,LIVRES,39.15,EUR,26/04/2026,France,carte_bancaire,completed
102636,5672.0,sport,"29,12€",EUR,05-19-2026,GERMANY,paypal,failed
101922,5077.0,Beaute,9.34,,12-29-2025,Suisse,virement,refunded
100142,5030.0,BEAUTE,26.18,EUR,2026/04/28 23:29,FR,virement,refunded
101334,5106.0,Mode,28.04,EUR,2026/03/29 04:39,DE,carte_bancaire,pending
101670,5314.0,sport,19.79,EUR,11-14-2025,États-Unis,paypal,failed
100344,5207.0,MODE,16.06,EUR,2025/09/19 14:06,DE,cheque,refunded
100986,5772.0,Sports,94.92,EUR,23-Aug-2026,États-Unis,virement,Completed
102221,5774.0,Sports,13.7,eur,03-26-2025,DE,virement,pending
102421,5458.0,livres,70.29,USD,06-08-2025,SUISSE,paypal,completed
101410,5278.0,MODE,unknown,EUR,2025-08-03,États-Unis,paypal,refunded
102019,5491.0,electronique ,$8.04,,10/05/2026,Etats-Unis,carte_bancaire,refunded
100133,5690.0,Ã‰lectronique,31.81,EUR,22/07/2026,FRANCE,cheque,COMPLETED 
102287,5655.0,Beauté ,19.56,USD,2026/01/16 14:37,Allemagne,paypal,COMPLETED 
101723,5754.0,Livre,"26,27€",EUR,09-02-2025,FRANCE,cheque,failed
100085,5706.0,Maison,15.62,EUR,2025-07-21,FR,cheque,Completed
102129,5150.0,Sports,$46.82,EUR,08/06/2026,fr,virement,failed
100668,5212.0,Sport,2.26,EUR,2026-01-03,FRANCE,carte_bancaire,COMPLETED 
100531,5767.0,LIVRES,$117.02,EUR,28/05/2026,ch,cheque,failed
100128,5765.0,sport,-26.83,eur,2026/07/17 23:57,de,virement,Completed
101993,5721.0,beauté,46.41,EUR,2026-06-13,Belgique,cheque,Completed
101229,5677.0,beauté,89685.0,EUR,2026-08-11,be,virement,completed
100891,5757.0,Maisons,38.73,EUR,11-Nov-2025,ch,virement,completed
101937,5522.0,sport,37.37,EUR,2025/04/30 15:17,FRANCE,NULL,refunded
100307,5646.0, mode,14.41,USD,2026-07-29,SUISSE,cheque,completed
100383,5266.0,Ã‰lectronique,15.28,EUR,2025-11-02,Belgique,virement,Completed
101952,5091.0,Modes,10.86,EUR,21-Mar-2026,France,n/a,failed
101208,5059.0,Électronique,6.94,EUR,23-Jun-2025,DE,paypal,COMPLETED 
100426,5384.0,Electronique,10.29,EUR,2026/03/18 01:49,SUISSE,paypal,COMPLETED 
100494,5372.0,maison,"96,62€",USD,23/09/2025,BELGIQUE,cheque,completed
101671,5784.0,Modes,17.63,EUR,2026-07-20,USA,paypal,COMPLETED 
102506,5105.0,Ã‰lectronique,348.69,EUR,2025-11-26,Allemagne,cheque,Completed
102629,5203.0,ELECTRONIQUE,"15,93€",eur,2025-06-04,Francia,cheque,pending
101337,5301.0,Sports,18.69,eur,26-Aug-2025,GERMANY,carte_bancaire,Completed
101385,5750.0,Livres,32.12,EUR,n/a,SUISSE,cheque,failed
100275,5172.0,ELECTRONIQUE,37.18,EUR,05-26-2025,BELGIQUE,virement,refunded
100489,5732.0,Livre,"54,24€",EUR,02-17-2026,SUISSE,cheque,COMPLETED 
100485,5048.0,sport,6335.0,EUR,01/07/2025,BE,cheque,refunded
100690,5013.0,Livre,17.73,EUR,2026-04-12,FR,virement,refunded
101402,5573.0,MODE,"71,32€",EUR,11-08-2025,FRANCE,carte_bancaire,COMPLETED 
102630,5442.0,SPORT,32.04,EUR,08/07/2026,United States,cheque,COMPLETED 
101273,5508.0,maison,,EUR,2025-10-14,Belgique,virement,refunded
102273,5037.0,Maison,25.3,EUR,2025/09/11 21:06,SUISSE,paypal,COMPLETED 
102691,5492.0,Maison,19.69,eur,17/04/2026,Allemagne,virement,Completed
101058,5534.0,BEAUTE,40.01,USD,03/04/2026,Belgique,paypal,COMPLETED 
100118,5428.0, mode,68.62,,2026/02/20 07:01,de,paypal,failed
101024,5554.0,Ã‰lectronique,116.14,EUR,2025-06-12,de,virement,failed
101423,5682.0,Sport,11.53,EUR,2026-01-21,US,carte_bancaire,COMPLETED 
100281,,BEAUTE,44.52,EUR,13-Jul-2025,BELGIQUE,virement,pending
102373,5514.0,sport,,EUR,2025/06/23 06:24,Allemagne,cheque,Completed
102407,5160.0,Livres,51.77,EUR,07-Sep-2025,USA,paypal,failed
100968,5331.0, mode,23.66,EUR,01-25-2026,CH,virement,failed
101231,5694.0,Maisons,7.15,EUR,2026-03-06,GERMANY,virement,refunded
101660,5339.0,SPORT,80.27,EUR,09-04-2026,CH,N/A,Completed
101709,5485.0,SPORT,10.21,eur,2026-06-20,FRANCE,cheque,COMPLETED 
100155,5097.0,Beaute,6450.0,EUR,07-24-2025,GERMANY,virement,completed
100304,5200.0, mode,24.08,EUR,2025/06/12 22:26,FR,cheque,COMPLETED 
101963,5473.0,beauté,"43,85€",EUR,2025/09/03 05:11,FRANCE,paypal,failed
101448,5382.0,Électronique,74.77,EUR,29-Nov-2025,GERMANY,virement,failed
101610,5290.0,maison,9435.0,EUR,2026/03/10 01:54,BELGIQUE,virement,pending
102308,5319.0,Livre,39.69,EUR,2025-10-29,Suisse,cheque,COMPLETED 
101457,5435.0,Électronique,34.57,eur,2025/08/09 13:11,Belgique,carte_bancaire,refunded
100575,5639.0,Ã‰lectronique,$3.35,EUR,null,Suisse,cheque,completed
101991,5049.0,maison,48.37,EUR,2025-12-24,US,paypal,pending
102651,5159.0,Livre,96.29,EUR,22/08/2025,Belgique,carte_bancaire,refunded
102704,5538.0,Livre,NULL,EUR,,Belgique,paypal,Completed
102188,5726.0,MAISON ,$16.67,EUR,2025-06-08,DE,cheque,refunded
101264,5617.0,beauté,,EUR,27/09/2025,SUISSE,paypal,refunded
100843,5481.0,Electronique,34.61,EUR,03-Jul-2026,be,virement,refunded
101344,5328.0,BEAUTE,$57.66,EUR,24/06/2026,de,paypal,pending
100269,5588.0,MODE,27.6,EUR,2025-03-28,United States,cheque,failed
100182,5105.0,BEAUTE,"65,68€",,24/04/2026,USA,carte_bancaire,completed
101033,5066.0,Beauté ,43.92,EUR,06-Apr-2025,BELGIQUE,paypal,pending
100286,,Beaute,$21.4,EUR,30/06/2026,Allemagne,carte_bancaire,COMPLETED 
102279,5382.0, mode,37.2,EUR,02/02/2026,CH,cheque,completed
100300,5782.0,Beaute,11.63,eur,07-31-2026,ch,cheque,Completed
102248,5140.0,electronique ,20.69,USD,2025-04-27,Allemagne,virement,COMPLETED 
101929,5490.0,Mode,,EUR,2026/06/13 21:39,BELGIQUE,paypal,COMPLETED 
101979,5462.0,Maison,?,EUR,14/07/2025,BELGIQUE,-999,failed
100065,5235.0,BEAUTE,41575.0,EUR,2026-05-22,be,paypal,COMPLETED 
102288,5649.0,Electronique,?,eur,2026-04-01,FR,virement,failed
100890,5641.0,Livre,,EUR,2026-03-08,USA,paypal,completed
100014,,Livres,5.19,EUR,14-Mar-2026,BE,cheque,refunded
101882,5368.0,BEAUTE,8.08,USD,2026/07/26 23:25,Etats-Unis,carte_bancaire,failed
102841,5700.0,maison,6.27,EUR,01-Aug-2026,GERMANY,carte_bancaire,refunded
101898,5738.0,Sport,40.64,EUR,03-22-2026,ch,paypal,Completed
102794,5009.0,sport,12.71,,05-06-2025,Allemagne,paypal,pending
100503,5797.0,SPORT,40.72,EUR,26/01/2026,United States,cheque,failed
101399,5442.0,sport,13.58,eur,2025-08-28,France,paypal,COMPLETED 
101442,5184.0,Livre,28.87,EUR,03/12/2025,Allemagne,carte_bancaire,pending
102164,5382.0,Beaute,-999,EUR,2026-03-19,USA,carte_bancaire,Completed
101313,5177.0,ELECTRONIQUE,40.53,EUR,2025/12/15 02:34,Allemagne,virement,failed
101004,5367.0,BEAUTE,45.99,EUR,10-06-2025,United States,paypal,pending
100836,5589.0,Maisons,99.03,EUR,2026/03/17 09:02,Etats-Unis,cheque,completed
102093,5237.0,Sports,NULL,EUR,12-17-2025,FR,virement,COMPLETED 
100374,5498.0,Electroniqe,170.35,EUR,2025-10-09,Suisse,cheque,failed
101336,5797.0,BEAUTE,14.12,EUR,11-22-2025,fr,cheque,Completed
102177,5168.0,Beauté ,28.97,EUR,09/05/2026,Etats-Unis,,COMPLETED 
101902,5460.0,ELECTRONIQUE,70.51,EUR,2026-07-14,BELGIQUE,virement,Completed
101921,5349.0,SPORT,,EUR,27/11/2025,DE,virement,completed
102755,5122.0,Mode,16.34,EUR,null,Belgique,virement,COMPLETED 
100751,5672.0,MODE,7.27,USD,2026/09/06 01:54,SUISSE,cheque,failed
100099,5293.0,sport,19.86,EUR,07-08-2026,United States,carte_bancaire,completed
101835,5777.0,beauté,33.97,EUR,2026-07-16,DE,cheque,Completed
100866,5771.0,maison,31.73,,31/08/2025,fr,virement,COMPLETED 
100910,5010.0,Livres,18.6,EUR,12-20-2025,BELGIQUE,cheque,COMPLETED 
101411,5167.0,MAISON ,40.47,EUR,06-10-2025,Belgique,cheque,pending
100529,5149.0,Modes,10.87,EUR,2025/06/15 06:48,ch,virement,Completed
100636,5564.0,sport,25730.0,EUR,30/06/2025,Belgique,paypal,COMPLETED 
100185,5072.0,Modes,N/A,EUR,25-Sep-2025,fr,virement,refunded
101271,5737.0,SPORT,42.45,EUR,01-04-2026,ch,cheque,pending
101498,5302.0,livres,61.66,EUR,2025-10-08,CH,cheque,Completed
100931,5565.0,SPORT,$133.36,USD,05-07-2026,États-Unis,carte_bancaire,COMPLETED 
102115,5482.0,SPORT,15.46,EUR,2026/02/25 03:31,Francia,paypal,failed
102367,5713.0,MAISON ,5.28,EUR,19-Jun-2025,Allemagne,carte_bancaire,COMPLETED 
101808,5215.0,BEAUTE,5.91,EUR,2026/01/19 04:42,FRANCE,virement,Completed
102473,5077.0, mode,7.08,eur,2026-03-05,de,cheque,Completed
102134,5763.0,Modes,17.84,EUR,07-06-2025,États-Unis,paypal,Completed
100607,,Maison,8.0,EUR,01-Jun-2026,GERMANY,carte_bancaire,Completed
100050,5663.0,Sports,23.55,EUR,2026-06-03,de,cheque,completed
100151,5555.0,Livres,33.51,EUR,14/03/2026,France,carte_bancaire,COMPLETED 
101694,5621.0,Beauté ,27.49,EUR,2025-12-22,BE,virement,completed
102210,5614.0, mode,7.96,EUR,09/05/2025,Etats-Unis,paypal,refunded
100731,5451.0,MODE,10.17,EUR,15/03/2026,ch,cheque,COMPLETED 
101429,5140.0,Beaute,19.12,EUR,04-01-2025,US,carte_bancaire,Completed
102719,5746.0,beauté,N/A,EUR,04-22-2026,Suisse,carte_bancaire,refunded
102812,5791.0,Sport,n/a,USD,04-Oct-2025,SUISSE,paypal,refunded
100023,5421.0,livres,6.81,EUR,16/06/2025,FRANCE,carte_bancaire,refunded
101770,5439.0,Sport,25.51,eur,07-15-2025,Belgique,cheque,COMPLETED 
100158,5649.0,Maisons,8.4,EUR,27-Jul-2025,SUISSE,cheque,Completed
100861,5286.0,LIVRES,6.27,,11-21-2025,de,cheque,pending
100902,5763.0,livres,25.18,EUR,10/09/2026,DE,paypal,failed
102241,5263.0,sport,41.51,USD,09-10-2026,de,paypal,pending
101230,5693.0,ELECTRONIQUE,14.85,EUR,2026-01-26,GERMANY,virement,refunded
102325,5319.0,Livres,44.78,EUR,03-29-2026,fr,cheque,Completed
100444,5782.0,Électronique,7.58,EUR,24-Jul-2026,FRANCE,cheque,failed
101360,5199.0,Modes,,EUR,2025-05-19,France,paypal,completed
100754,5435.0,SPORT,10.44,EUR,09-15-2026,SUISSE,paypal,completed
100923,5426.0,Sport,13.06,EUR,2026/07/31 12:18,be,virement,failed
100718,5577.0,Beaute,17.69,EUR,16/09/2025,FRANCE,carte_bancaire,failed
102001,5149.0,BEAUTE,21.54,EUR,20/03/2026,GERMANY,carte_bancaire,pending
100311,5714.0,beauté,65.95,EUR,2025/07/16 20:59,États-Unis,cheque,COMPLETED 
100548,5011.0,MODE,34.26,EUR,2026/04/19 08:36,United States,paypal,refunded
100322,5448.0,BEAUTE,11.75,EUR,10-Jun-2026,USA,paypal,pending
101552,5599.0,Livres,11.13,EUR,29/05/2025,fr,virement,pending
100306,5359.0,livres,77.47,EUR,2025/09/08 15:14,DE,virement,COMPLETED 
100287,5441.0,Beauté ,41.66,EUR,13-May-2025,Francia,cheque,failed
100694,5386.0,Livres,41.84,EUR,05-29-2026,GERMANY,paypal,COMPLETED 
100308,5404.0,Maisons,40.14,EUR,02/06/2026,SUISSE,cheque,completed
102392,5700.0,BEAUTE,"6,38€",EUR,06-Jan-2026,de,carte_bancaire,Completed
100749,5642.0,electronique ,"6,92€",EUR,12-Sep-2025,USA,paypal,refunded
101803,5708.0,Mode,6.28,EUR,2025-11-05,DE,cheque,pending
101978,5788.0,Modes,12.24,EUR,04-01-2025,DE,virement,Completed
101614,5378.0, mode,20.85,EUR,11-06-2025,de,paypal,failed
100908,5617.0,Sport,43.86,USD,19/04/2025,GERMANY,paypal,pending
102402,5183.0,Sport,15.0,EUR,02/09/2025,fr,carte_bancaire,completed
102452,5003.0,sport,N/A,EUR,2026-06-17,United States,paypal,completed
101370,5641.0,Livres,21.0,EUR,07-23-2025,be,cheque,pending
102570,5663.0,Beaute,25.39,EUR,2026/06/14 06:16,BELGIQUE,cheque,refunded
100970,5648.0,maison,27.53,EUR,07-23-2025,US,paypal,COMPLETED 
100013,5745.0,Maison,4.38,EUR,10-Jul-2025,BELGIQUE,paypal,pending
100873,5660.0,beauté,12.71,EUR,2025/05/06 02:02,Allemagne,cheque,failed
100808,5475.0,livres,75.96,EUR,20/01/2026,FRANCE,cheque,failed
102657,5280.0,Beauté ,54.66,EUR,2025/10/23 19:03,Etats-Unis,carte_bancaire,Completed
100514,,maison,14.6,EUR,2026/05/09 14:46,GERMANY,cheque,failed
102486,5464.0,Livre,17.32,USD,06-Jul-2026,be,carte_bancaire,pending
101753,5753.0, mode,38.98,EUR,23-Sep-2025,DE,paypal,completed
101455,5393.0,MODE,5.03,,2026/09/16 10:46,DE,cheque,completed
102765,5234.0, mode,"51,33€",EUR,04-17-2026,United States,cheque,pending
101397,5098.0,Beaute,10.23,USD,2026/01/06 19:57,de,virement,refunded
101862,5559.0,beauté,50.11,EUR,10-May-2025,de,cheque,pending
102215,5762.0,BEAUTE,31.16,EUR,2025/06/16 06:57,de,virement,completed
101805,5464.0,LIVRES,$5.9,EUR,17/05/2025,US,virement,completed
100382,5547.0,Électronique,3.63,EUR,09-09-2025,États-Unis,virement,pending
101677,5556.0, mode,96.47,EUR,2025-07-08,BELGIQUE,cheque,failed
100103,5472.0,beauté,96.44,EUR,14/08/2026,BELGIQUE,paypal,failed
101506,5252.0,ELECTRONIQUE,-45.91,,,DE,carte_bancaire,refunded
102269,,Livres,,EUR,2025-06-06,DE,cheque,Completed
101446,5230.0,Modes,15.24,,2025-04-27,USA,carte_bancaire,Completed
100552,5643.0,BEAUTE,70.18,EUR,2025-05-18,FR,cheque,Completed
100222,5699.0,sport,45.5,,2026-01-14,be,virement,completed
101096,5644.0,MAISON ,26.33,EUR,11-Jun-2026,FRANCE,-,Completed
102677,5038.0,Livre,6.0,EUR,2026/08/27 16:17,CH,virement,pending
100008,5512.0,Mode,16.08,EUR,2025/11/09 20:56,CH,paypal,refunded
101575,5780.0,Livre,$23.76,,17-Jul-2026,DE,virement,failed
100889,5350.0,SPORT,45.32,,11-01-2025,US,cheque,completed
100427,5043.0,MAISON ,45.49,USD,03-26-2025,USA,carte_bancaire,refunded
102167,5287.0,Electroniqe,7.91,USD,18-Apr-2025,États-Unis,paypal,refunded
100105,5409.0,Livre,35.29,EUR,03-09-2026,US,paypal,failed
101476,5272.0,Ã‰lectronique,,EUR,04-25-2026,Francia,virement,pending
100142,5246.0,Mode,"5,77€",EUR,15-Aug-2025,FRANCE,carte_bancaire,completed
100121,5347.0,BEAUTE,10.82,EUR,01-13-2026,BELGIQUE,carte_bancaire,refunded
102443,5279.0,Sport,45.64,EUR,29-Nov-2025,Etats-Unis,cheque,pending
100101,5035.0,BEAUTE,49.39,USD,2026-09-05,ch,virement,pending
101189,5461.0,Livres,,EUR,2026/01/31 19:34,CH,carte_bancaire,failed
102023,5476.0,LIVRES,7.55,EUR,2026/04/15 06:51,de,carte_bancaire,COMPLETED 
102679,5791.0,maison,19.35,EUR,2026/05/26 13:51,GERMANY,cheque,COMPLETED 
101808,5496.0,Beauté ,44.96,EUR,07-06-2025,SUISSE,paypal,COMPLETED 
100115,5639.0,LIVRES,32.18,EUR,2026/07/13 12:08,Allemagne,carte_bancaire,COMPLETED 
100370,5455.0,Électronique,11.22,USD,25-Apr-2025,FR,virement,pending
101611,5197.0,maison,6.01,EUR,02-Feb-2026,de,paypal,failed
102211,,Ã‰lectronique,42.27,EUR,-999,BE,cheque,Completed
100032,5382.0,Sports,14.21,EUR,21-Jul-2025,Francia,cheque,COMPLETED 
102144,5001.0,electronique ,20.07,EUR,02-Apr-2026,Suisse,carte_bancaire,pending
101703,5612.0,livres,66.6,EUR,2026-02-22,France,carte_bancaire,Completed
101913,5020.0, mode,38.5,EUR,19-Sep-2025,be,cheque,refunded
100672,5105.0,BEAUTE,$18.02,EUR,2026/09/16 22:42,BELGIQUE,cheque,failed
102786,5593.0,maison,6135.0,,04-30-2026,CH,paypal,pending
101737,5735.0,MAISON ,9.38,EUR,23/05/2025,ch,paypal,Completed
101616,5656.0,Sports,32.1,EUR,12-21-2025,DE,virement,COMPLETED 
100591,5674.0,Électronique,15.96,EUR,2025-07-01,US,cheque,completed
102800,5774.0,Sports,28.95,EUR,09-08-2025,Etats-Unis,virement,Completed
101562,5210.0,Livres,41.75,eur,29/09/2025,FR,virement,failed
101868,5669.0,Sport,9.19,EUR,2025/08/13 15:22,Belgique,cheque,pending
101779,5749.0,Electroniqe,13.16,EUR,2025/10/17 18:00,ch,paypal,COMPLETED 
101972,5730.0,beauté,44.27,EUR,24-Apr-2026,CH,paypal,COMPLETED 
100213,5586.0,Sport,-44.09,EUR,11-10-2025,CH,carte_bancaire,refunded
100778,5419.0,Mode,22.94,EUR,2025-12-01,de,carte_bancaire,Completed
101777,5554.0,Mode,23.73,EUR,29/05/2025,be,paypal,COMPLETED 
100800,5050.0,Maisons,28540.0,,2025-08-25,US,paypal,COMPLETED 
102603,5049.0,Maisons,8.41,EUR,2025/06/08 09:51,be,cheque,Completed
101732,5683.0,Maisons,24.11,,27/06/2026,USA,cheque,completed
102083,5013.0,MAISON ,3.11,,20/09/2025,GERMANY,cheque,refunded
102355,,Modes,31.04,EUR,2026-04-09,BELGIQUE,paypal,pending
102744,5361.0,Beauté ,2.52,EUR,08-Jul-2025,BELGIQUE,paypal,completed
102794,5523.0,MAISON ,23.85,EUR,2025-06-21,Belgique,paypal,COMPLETED 
101343,5797.0,livres,71.63,EUR,2025/12/05 15:49,United States,paypal,pending
100273,5580.0,Electroniqe,24.76,EUR,2026-08-19,Allemagne,virement,pending
100071,5371.0,Ã‰lectronique,97.93,EUR,22-Aug-2026,Suisse,cheque,completed
102276,5694.0,MAISON ,22610.0,EUR,30-Aug-2025,be,cheque,Completed
101087,5485.0,Sport,30.41,EUR,2026/03/23 00:45,Allemagne,-999,COMPLETED 
100394,5446.0,Sport,70.92,EUR,03-24-2025,FRANCE,cheque,Completed
100583,5762.0,Electroniqe,189.36,EUR,2025/05/10 07:09,SUISSE,carte_bancaire,Completed
102080,5440.0,Électronique,-999,EUR,03-Feb-2026,United States,virement,COMPLETED 
100111,5010.0,Beaute,14.19,eur,26/04/2026,Suisse,carte_bancaire,COMPLETED 
100500,5792.0,Maisons,56.46,EUR,02-27-2026,France,virement,Completed
102098,5015.0,Livre,$6.06,EUR,12-16-2025,États-Unis,virement,Completed
102291,5265.0,Sport,59.2,EUR,2025/12/01 14:39,FRANCE,carte_bancaire,refunded
100521,5233.0,BEAUTE,-40.01,USD,2025-10-01,Francia,virement,failed
102823,5327.0,Maison,"6,93€",EUR,07-Jun-2026,CH,virement,completed
101567,5545.0,Sports,39.03,eur,05-19-2026,Suisse,virement,failed
101259,5331.0,sport,-23.33,,2025-12-09,France,virement,COMPLETED 
101714,5564.0,beauté,15.15,EUR,2025/10/11 13:01,be,cheque,completed
102091,5070.0,Électronique,32.15,EUR,04/09/2026,France,virement,completed
100205,5404.0,Sport,10.55,EUR,07-18-2025,USA,virement,refunded
100733,5079.0, mode,5.3,EUR,,SUISSE,carte_bancaire,pending
101867,5494.0,Ã‰lectronique,67.63,EUR,06/08/2025,United States,cheque,Completed
100526,5693.0,Electroniqe,unknown,EUR,unknown,Etats-Unis,cheque,Completed
101467,5051.0,Livres,34.99,EUR,04/05/2026,be,paypal,refunded
100898,5156.0,SPORT,36330.0,,01-31-2026,CH,cheque,refunded
100377,5000.0,LIVRES,"28,93€",EUR,20-Sep-2025,Suisse,paypal,Completed
102428,5004.0,beauté,?,EUR,13-Jun-2026,FR,paypal,Completed
102764,5794.0,SPORT,unknown,EUR,20-Sep-2026,SUISSE,cheque,COMPLETED 
100020,5053.0,Maisons,,EUR,06-Jun-2026,DE,cheque,Completed
101082,5773.0,Electronique,$33.37,,01/06/2025,United States,virement,Completed
100198,5001.0,Livre,25.85,EUR,22-Sep-2026,Suisse,paypal,refunded
101050,5793.0,Livres,13.97,EUR,2026/05/26 17:00,France,virement,COMPLETED 
100590,5152.0,Livre,26.16,EUR,2026/07/02 19:01,FR,cheque,COMPLETED 
100519,5696.0,LIVRES,-48.24,EUR,01-13-2026,de,paypal,failed
100879,5318.0,beauté,21.48,EUR,2026/03/17 06:46,BELGIQUE,cheque,refunded
102107,5263.0,Maisons,43.58,EUR,16-May-2026,France,paypal,Completed
100429,5122.0,Maison,5.04,EUR,19/05/2026,Belgique,paypal,COMPLETED 
101083,5770.0,Mode,,EUR,2025-11-27,GERMANY,cheque,failed
100207,5019.0,SPORT,38.96,EUR,2025-04-24,US,virement,refunded
100491,5367.0,MAISON ,92.94,EUR,2025/07/21 23:47,Belgique,carte_bancaire,completed
101425,5664.0,BEAUTE,4.18,USD,2025-12-06,be,paypal,COMPLETED 
100148,5108.0, mode,33.14,EUR,2025/05/18 09:11,DE,virement,failed
100792,5492.0,ELECTRONIQUE,31.33,,2026-07-18,USA,paypal,Completed
102618,5231.0,beauté,"37,02€",EUR,22-Apr-2025,be,cheque,refunded
101186,5042.0,MAISON ,10.13,EUR,08-10-2026,Belgique,cheque,refunded
101185,5031.0,Modes,57.21,EUR,2025/04/03 02:34,FRANCE,virement,COMPLETED 
102344,5718.0,Sports,3.53,,2025/11/06 14:47,ch,virement,pending
101432,,Livre,53.22,,04-29-2026,BELGIQUE,carte_bancaire,failed
102739,5725.0,BEAUTE,$52.91,USD,27/02/2026,fr,paypal,pending
100083,5122.0,Électronique,15.39,EUR,2026/07/28 10:57,BE,cheque,refunded
102441,5248.0,livres,85.06,eur,12/01/2026,Allemagne,carte_bancaire,Completed
102641,5720.0,beauté,20.16,EUR,25/04/2025,Etats-Unis,carte_bancaire,Completed
100020,5270.0,Beauté ,91.75,,2026-06-08,France,cheque,completed
102643,5759.0,Beaute,13.64,EUR,26-Dec-2025,be,carte_bancaire,pending
100195,5328.0,Livres,52.49,USD,08-07-2025,Francia,virement,pending
101405,5748.0,MAISON ,12.41,EUR,23-May-2025,fr,paypal,failed
102058,5057.0,MAISON ,15535.0,USD,13-Jul-2025,de,cheque,refunded
102775,5551.0,Maisons,18.98,EUR,04-Jun-2025,be,cheque,refunded
102057,5651.0,LIVRES,53.89,EUR,17/02/2026,SUISSE,paypal,COMPLETED 
100973,5274.0,Mode,13.63,eur,-,USA,carte_bancaire,Completed
100024,5506.0,Maisons,23.86,EUR,10-06-2025,GERMANY,carte_bancaire,failed
100883,5245.0,sport,62.79,EUR,2026/06/07 10:19,fr,carte_bancaire,failed
101098,5016.0, mode,55.96,EUR,07/02/2026,fr,carte_bancaire,COMPLETED 
100156,5212.0,beauté,131.53,EUR,2025/09/24 23:12,Etats-Unis,virement,refunded
102348,5106.0,Livre,45.79,EUR,2025-06-09,FRANCE,carte_bancaire,pending
100886,5584.0,beauté,41.49,EUR,18-Jun-2025,Francia,carte_bancaire,pending
102477,5319.0,Modes,90.73,EUR,2025-07-15,fr,carte_bancaire,refunded
100129,5123.0,Electroniqe,29.37,EUR,21-Jul-2026,Francia,cheque,completed
102554,5343.0,Mode,11.23,EUR,13-Oct-2025,USA,virement,completed
101596,5300.0,Electroniqe,$42.83,EUR,09-05-2025,be,carte_bancaire,failed
100001,5292.0,Sport,51.94,,2026/04/01 22:40,Etats-Unis,virement,completed
101945,5545.0,Ã‰lectronique,$17.59,EUR,2025/11/09 00:26,États-Unis,carte_bancaire,completed
100135,5369.0, mode,NULL,eur,09/02/2026,CH,cheque,failed
102283,5784.0,beauté,74.28,eur,12-03-2025,Suisse,virement,pending
100458,5223.0,Mode,$14.91,EUR,2026-03-02,SUISSE,cheque,Completed
102016,5577.0,SPORT,19.34,EUR,2025-11-06,FRANCE,carte_bancaire,Completed
100078,5362.0,Livre,26.64,USD,2025/08/15 21:11,fr,virement,Completed
101801,5747.0,Maisons,23.23,EUR,2026-03-08,Francia,cheque,COMPLETED 
101056,5062.0,Maison,23.97,EUR,2025-12-11,US,carte_bancaire,Completed
100906,5488.0,Mode,7.21,EUR,03-Apr-2026,SUISSE,paypal,completed
102144,5001.0,electronique ,20.07,EUR,02-Apr-2026,Suisse,carte_bancaire,pending
102282,5676.0,Sports,71.86,eur,13/06/2026,Allemagne,cheque,completed
102778,5734.0,BEAUTE,23.21,EUR,2026/01/28 18:15,BELGIQUE,unknown,failed
100380,5591.0,sport,11.52,EUR,21-Apr-2026,SUISSE,,Completed
100947,5688.0,Sports,13.16,EUR,06-08-2025,Etats-Unis,virement,pending
102148,5732.0,Maison,22.36,USD,13/05/2026,Francia,cheque,Completed
102768,5542.0,BEAUTE,,EUR,07-28-2026,Francia,virement,Completed
100715,5130.0,BEAUTE,"66,22€",USD,2025-05-06,USA,carte_bancaire,pending
102037,5281.0,Maison,15.52,,2025-07-06,be,cheque,COMPLETED 
100686,5121.0,Beaute,19.76,EUR,02-11-2026,BE,cheque,Completed
102644,5614.0, mode,4600.0,EUR,2026/03/03 00:36,ch,paypal,pending
101293,5669.0,Ã‰lectronique,52.18,eur,10/04/2026,United States,virement,pending
100305,5707.0,Mode,13630.0,EUR,06-01-2025,SUISSE,carte_bancaire,pending
100209,5177.0, mode,786.39,EUR,14/09/2026,Suisse,virement,Completed
101584,5448.0,Sports,36.09,EUR,06-15-2025,BE,virement,COMPLETED 
102289,5309.0,MAISON ,88.25,EUR,01-19-2026,Belgique,paypal,refunded
101195,5296.0,maison,36.47,USD,05-Jun-2026,Francia,carte_bancaire,pending
102272,5313.0,Sport,13.35,EUR,11-Jul-2025,USA,virement,pending
100885,5329.0,Beauté ,129.29,EUR,2026-03-29,SUISSE,virement,COMPLETED 
101739,5399.0,Maison,114.38,eur,2025/09/11 14:39,BE,carte_bancaire,refunded
100917,5699.0,MAISON ,29.02,EUR,2026-02-26,France,carte_bancaire,COMPLETED 
100733,5394.0,Ã‰lectronique,7.48,eur,2026/06/02 09:03,France,paypal,pending
101769,5032.0,beauté,40.3,,29-Aug-2025,United States,paypal,completed
100191,5159.0,BEAUTE,53.02,EUR,2025-08-23,fr,cheque,refunded
101860,5685.0,sport,21.74,EUR,19/06/2026,États-Unis,virement,completed
102103,5796.0,BEAUTE,67.55,EUR,11/04/2025,fr,paypal,COMPLETED 
101265,5093.0,Electroniqe,6.87,EUR,2026-04-18,Francia,paypal,failed
100483,5175.0,Livre,29.46,EUR,05-10-2026,États-Unis,cheque,Completed
100915,5062.0,sport,31.54,eur,2025/10/02 18:17,FR,paypal,Completed
102678,5222.0,SPORT,26.73,EUR,2026-01-04,be,virement,Completed
100277,5592.0,sport,14.29,EUR,01-20-2026,de,cheque,refunded
100988,5793.0,livres,20.11,EUR,2026-05-04,DE,virement,refunded
100393,5044.0,Électronique,13.33,,22-Sep-2025,BELGIQUE,,refunded
102018,5745.0,Electroniqe,43.46,USD,2025/10/15 23:30,BE,carte_bancaire,refunded
100100,5652.0,Sports,72.63,EUR,2025-06-27,DE,carte_bancaire,COMPLETED 
100571,5466.0,livres,110.92,EUR,17-Nov-2025,DE,carte_bancaire,completed
101435,5723.0,MODE,-31.64,EUR,04-30-2026,GERMANY,cheque,refunded
100993,5780.0,Mode,13.28,EUR,2025-11-02,SUISSE,paypal,pending
101497,5270.0,MAISON ,36395.0,EUR,2026/03/07 22:06,GERMANY,paypal,pending
101494,5541.0,Modes,98.29,EUR,2026-09-11,ch,virement,completed
100585,5316.0,Beaute,30.67,EUR,04-Aug-2025,GERMANY,paypal,COMPLETED 
101226,5560.0,Electronique,25.52,eur,10/05/2026,United States,virement,COMPLETED 
100467,5444.0,MODE,29.1,EUR,-,Francia,virement,refunded
101820,5342.0,Mode,21.8,eur,unknown,Allemagne,paypal,Completed
101349,5178.0,Sports,-20.04,EUR,08-25-2025,SUISSE,paypal,completed
101007,5331.0,sport,43.45,eur,29-May-2025,US,n/a,pending
100674,5360.0,Sport,"6,91€",USD,26/02/2026,SUISSE,paypal,completed
101832,5160.0,Sports,57.85,USD,18/08/2026,France,cheque,pending
100855,5553.0,Beauté ,14.68,EUR,20-Sep-2026,Suisse,cheque,Completed
100447,5597.0,Ã‰lectronique,10.53,EUR,12-25-2025,FRANCE,virement,failed
101921,5349.0,SPORT,,EUR,27/11/2025,DE,virement,completed
101776,5391.0,Livre,14.15,EUR,08-20-2025,États-Unis,paypal,Completed
101723,5537.0,Sport,42.68,EUR,04-Sep-2026,de,paypal,COMPLETED 
102330,5022.0,BEAUTE,18.83,EUR,29-Mar-2025,France,paypal,completed
102757,5081.0,Livre,12.4,EUR,07-01-2026,Belgique,virement,COMPLETED 
102457,5219.0,Livre,30.43,EUR,2025-05-18,Allemagne,virement,completed
102503,5001.0,Maison,14.14,EUR,03/02/2026,FR,paypal,completed
102753,5014.0,MAISON ,21.42,,17/07/2026,FRANCE,paypal,failed
101247,5756.0,MAISON ,12.27,EUR,2026/07/10 01:46,Belgique,carte_bancaire,failed
100294,5368.0,Mode,33.83,EUR,03-May-2026,fr,cheque,failed
100588,5591.0,Modes,51.8,EUR,17/10/2025,CH,paypal,COMPLETED 
101281,5112.0,LIVRES,"21,39€",EUR,05-14-2025,USA,virement,COMPLETED 
101518,5119.0,Sport,9.76,EUR,27/10/2025,Etats-Unis,carte_bancaire,Completed
102183,5594.0,Modes,84.4,EUR,23-Jun-2026,DE,cheque,pending
102244,5792.0,Maison,105.16,EUR,2025/10/18 07:38,FR,cheque,pending
100132,5345.0,Maisons,23715.0,EUR,2026-03-08,Suisse,carte_bancaire,completed
101582,5286.0,Maison,9.83,EUR,2025-04-23,DE,carte_bancaire,pending
101417,5568.0,Sport,31.24,USD,2025/05/09 17:22,FRANCE,paypal,pending
100425,5295.0,Modes,84.08,EUR,04-Aug-2025,USA,carte_bancaire,pending
102774,5140.0,Sport,13.64,EUR,10/04/2026,be,cheque,pending
101054,5241.0,sport,14.95,EUR,09-02-2026,DE,virement,completed
102375,5451.0,Ã‰lectronique,90.35,EUR,2025-04-08,FRANCE,NULL,failed
102581,5455.0,Maisons,,EUR,2026-05-21,Belgique,carte_bancaire,pending
101840,5365.0,maison,21.85,EUR,2025/08/26 15:49,FRANCE,cheque,pending
100132,5115.0,maison,9.43,EUR,2026/07/17 14:35,CH,carte_bancaire,pending
101956,5492.0,MAISON ,3.59,EUR,2025-06-29,Belgique,cheque,completed
102602,5018.0,Maison,13.85,EUR,12/09/2025,Allemagne,carte_bancaire,refunded
100421,5469.0,maison,,EUR,2026/03/03 16:18,de,virement,pending
102740,5756.0,Livre,35.64,EUR,02-Dec-2025,DE,cheque,refunded
102104,5554.0, mode,8.41,eur,30-Jun-2026,GERMANY,virement,COMPLETED 
102508,5050.0,livres,7.27,EUR,07-18-2026,de,carte_bancaire,failed
101368,5138.0,sport,,EUR,2025/11/18 09:17,BELGIQUE,cheque,refunded
100556,5545.0,Modes,15.82,eur,2025-05-29,Allemagne,cheque,failed
102108,5217.0,LIVRES,18.25,EUR,04-Nov-2025,BE,cheque,COMPLETED 
100289,5384.0,livres,14.01,EUR,2025/08/22 08:15,SUISSE,virement,failed
102761,5302.0,Livre,11.89,,2025/08/01 06:08,SUISSE,carte_bancaire,Completed
100570,5726.0,SPORT,24.94,EUR,04-15-2026,United States,paypal,completed
100352,5331.0,livres,53.08,EUR,08-20-2026,France,carte_bancaire,COMPLETED 
100091,5695.0,Beaute,58.66,EUR,02-Mar-2026,Suisse,virement,COMPLETED 
102189,5508.0,Modes,41.67,USD,2026/09/16 02:18,États-Unis,cheque,pending
100898,5377.0,MAISON ,8.81,EUR,2026-07-01,tats-Unis,virement,Completed
101170,5231.0,maison,48.57,EUR,2025/07/17 12:11,US,cheque,Completed
101588,5754.0,Maison,11.65,EUR,29-Sep-2025,CH,cheque,completed
101285,5538.0,livres,$7.4,EUR,2026/03/18 08:28,Francia,virement,refunded
101813,5039.0,Mode,54.99,EUR,2025-12-10,Suisse,cheque,completed
101565,5344.0,Beaute,$19.05,EUR,04-21-2026,Etats-Unis,paypal,pending
101543,,MODE,16.26,EUR,2025/04/28 09:40,be,cheque,Completed
101576,5154.0,Modes,5.73,EUR,2026-05-25,Belgique,carte_bancaire,pending
100697,5000.0,ELECTRONIQUE,"7,96€",USD,17/08/2026,CH,carte_bancaire,refunded
102583,5383.0,Ã‰lectronique,73.79,EUR,06-04-2025,USA,cheque,pending
100348,5449.0,Beauté ,12.85,EUR,2026/03/10 02:16,USA,cheque,completed
102008,5745.0, mode,n/a,,03-01-2026,US,paypal,refunded
102418,5217.0,LIVRES,34.87,EUR,2026/09/22 08:23,United States,carte_bancaire,failed
102505,5553.0,Ã‰lectronique,11.67,EUR,2025-11-05,de,cheque,COMPLETED 
102236,5378.0, mode,,EUR,30/08/2025,US,null,COMPLETED 
101137,5389.0,Ã‰lectronique,8.13,EUR,2025/06/09 12:43,FR,virement,COMPLETED 
102043,5184.0,ELECTRONIQUE,28.14,,05-14-2026,USA,cheque,completed
102752,5058.0,Modes,16.13,eur,26-Jun-2026,FRANCE,carte_bancaire,refunded
100071,5311.0,MODE,47.97,EUR,07-29-2025,Francia,cheque,failed
100055,5105.0,MODE,48.21,EUR,2026/02/11 06:50,BE,paypal,completed
101339,5410.0,maison,28.6,EUR,2025-11-24,FRANCE,paypal,refunded
102566,,SPORT,10.01,,2025/07/25 16:45,USA,cheque,pending
100453,5478.0,Maisons,38.62,EUR,12/08/2025,Francia,paypal,refunded
100913,5349.0,Beaute,$101.46,EUR,04/06/2026,US,carte_bancaire,completed
101199,5535.0,Beaute,83.74,EUR,05-11-2025,DE,cheque,refunded
101274,5075.0, mode,73.1,eur,25-Aug-2025,États-Unis,cheque,Completed
101265,5014.0,SPORT,9.14,,01-Dec-2025,US,carte_bancaire,pending
100037,5484.0,Livres,4.21,EUR,2026/02/25 12:31,BELGIQUE,virement,refunded
100974,5633.0,BEAUTE,16.42,EUR,05/09/2025,CH,,pending
100004,5202.0,Électronique,73.42,,07-04-2025,BE,carte_bancaire,failed
100983,5200.0,Beaute,N/A,EUR,11-27-2025,CH,carte_bancaire,Completed
100088,5499.0,SPORT,NULL,USD,31-Aug-2026,BELGIQUE,carte_bancaire,Completed
102516,5774.0,beauté,26.5,EUR,25-Mar-2025,France,virement,COMPLETED 
101418,5651.0,SPORT,97.09,eur,09-08-2026,France,carte_bancaire,failed
101284,5312.0,Beaute,12.09,,04-24-2026,DE,paypal,pending
101752,5143.0,MODE,13.62,EUR,05/01/2026,fr,virement,failed
100039,,Beaute,29.29,EUR,02-02-2026,Allemagne,virement,COMPLETED 
101486,5558.0,Sports,,EUR,12-Nov-2025,USA,paypal,completed
102003,5595.0,Modes,"18,59€",EUR,09-04-2025,ch,paypal,failed
100169,5533.0,SPORT,12.45,eur,-,United States,virement,completed
101355,5052.0, mode,,EUR,2025/06/07 15:02,États-Unis,carte_bancaire,pending
100737,5336.0,MODE,59.41,EUR,05-12-2025,Suisse,paypal,failed
101656,5363.0,electronique ,"28,55€",EUR,2025-09-08,BE,carte_bancaire,pending
102782,5213.0,Électronique,8.31,EUR,08-13-2025,Francia,carte_bancaire,COMPLETED 
101564,5305.0,Maison,47.62,USD,2026-09-22,SUISSE,cheque,Completed
102223,5540.0,Beaute,20.84,EUR,2025-10-06,Suisse,paypal,Completed
100634,5392.0,Sports,9.87,EUR,08-Jul-2025,États-Unis,paypal,Completed
100075,5580.0,Electronique,30.78,eur,2026/08/08 10:45,Belgique,N/A,failed
102042,5552.0,Maisons,15.31,EUR,2025-07-04,fr,paypal,failed
101290,5369.0,BEAUTE,-34.8,eur,09/06/2025,SUISSE,cheque,completed
101380,5242.0,Sports,45.16,EUR,2026/08/15 12:40,Francia,virement,Completed
100579,5239.0,Beauté ,68.67,EUR,2026-04-28,Allemagne,virement,failed
100328,5767.0,Beauté ,43.02,EUR,2026-06-06,de,cheque,failed
102732,5719.0,SPORT,,EUR,2026-06-29,Francia,paypal,completed
100892,5130.0,Beaute,64.07,EUR,2025-08-07,France,unknown,refunded
102178,5756.0,LIVRES,151.6,EUR,2026/04/18 02:20,Etats-Unis,carte_bancaire,failed
100780,5755.0,MODE,NULL,EUR,22/06/2026,be,paypal,failed
100159,5157.0,sport,44.3,,22-Jul-2025,ch,carte_bancaire,pending
101651,5308.0,Beaute,32.89,EUR,2025-09-11,Suisse,cheque,pending
101807,5092.0,MODE,null,EUR,03-26-2025,FR,virement,refunded
102396,5534.0,MODE,-10.7,EUR,2026/02/08 06:22,BELGIQUE,paypal,COMPLETED 
100061,5710.0,Maison,,EUR,09/03/2026,fr,virement,refunded
100849,5148.0,Beaute,15.21,EUR,13/05/2026,Etats-Unis,paypal,completed
102196,,Ã‰lectronique,35.99,EUR,26/09/2025,Allemagne,cheque,refunded
100128,,Mode,40.01,EUR,2025/06/23 18:33,US,carte_bancaire,failed
101716,5050.0,livres,33.08,EUR,11/09/2026,BE,carte_bancaire,COMPLETED 
101043,5302.0,Sport,23.7,EUR,09/12/2025,BE,carte_bancaire,COMPLETED 
101621,5453.0,Mode,53.64,EUR,06-29-2026,DE,virement,failed
101544,5328.0,ELECTRONIQUE,14.27,eur,01-14-2026,CH,cheque,failed
102816,5282.0,Maison,37.86,EUR,17-Sep-2026,FRANCE,?,Completed
101726,5353.0,Livres,15.14,EUR,02-03-2026,France,cheque,Completed
101070,5404.0,Sports,23.52,EUR,08-Jan-2026,Francia,carte_bancaire,refunded
100053,5295.0,Livre,42.54,EUR,08-18-2026,Allemagne,cheque,pending
102517,5035.0,Livre,3.33,EUR,21/05/2026,USA,carte_bancaire,completed
100258,5647.0, mode,-36.58,USD,16/08/2025,ch,paypal,COMPLETED 
100505,5383.0,MAISON ,15.82,USD,03-10-2026,BE,cheque,pending
100752,5457.0,maison,10.19,EUR,2025-10-31,FR,cheque,COMPLETED 
102084,5697.0,Maison,14.95,EUR,2025/10/17 19:55,GERMANY,carte_bancaire,completed
100217,5444.0,Mode,"19,82€",,2026/04/21 05:11,BE,cheque,COMPLETED 
100824,5515.0,Maisons,"16,43€",EUR,11-Sep-2026,BELGIQUE,carte_bancaire,Completed
101623,5358.0,Beaute,"13,45€",EUR,02/09/2025,be,carte_bancaire,completed
101330,5311.0,Électronique,97.29,EUR,2026/06/09 20:16,United States,carte_bancaire,Completed
102327,5544.0,beauté,65.85,EUR,01-Sep-2026,GERMANY,paypal,COMPLETED 
101389,5512.0,BEAUTE,12.45,USD,2026/04/14 04:02,Suisse,paypal,COMPLETED 
102579,5712.0,MAISON ,119.43,EUR,19/07/2026,BELGIQUE,paypal,pending
101266,5503.0,electronique ,22.2,,25-Dec-2025,CH,paypal,failed
102540,5345.0,Livre,12.95,EUR,30/05/2025,BELGIQUE,paypal,completed
101822,5704.0,maison,,EUR,23/04/2026,US,virement,refunded
101598,5497.0,Livre,25.0,EUR,24/12/2025,Suisse,virement,completed
101645,5434.0, mode,105.87,EUR,06-18-2026,DE,paypal,refunded
101747,5723.0,Maisons,38.51,EUR,04-26-2025,Belgique,n/a,completed
100771,5053.0,Modes,14.79,EUR,01/08/2025,US,virement,completed
100037,5589.0,Livre,"85,58€",EUR,07-Jan-2026,FRANCE,carte_bancaire,completed
101871,5133.0,Maison,20.22,EUR,08-28-2026,GERMANY,carte_bancaire,completed
101817,5515.0, mode,12.84,EUR,2026/03/12 12:18,US,cheque,failed
101085,5755.0,Maison,36.13,,14/05/2025,BE,cheque,COMPLETED 
101830,5275.0,LIVRES,46.4,EUR,10-27-2025,GERMANY,virement,refunded
100144,5179.0,Livre,31.0,EUR,10-Nov-2025,fr,cheque,pending
101325,5717.0,Électronique,4.15,EUR,03-Jun-2025,United States,cheque,completed
102186,5443.0,Maison,$6.81,EUR,21/09/2025,CH,unknown,COMPLETED 
100025,5175.0,Sports,10.82,EUR,01-16-2026,de,cheque,completed
101825,5124.0,LIVRES,36.52,,2025/06/27 16:52,de,paypal,COMPLETED 
101754,5425.0,Maisons,,eur,26-Jun-2025,SUISSE,virement,Completed
102001,5149.0,BEAUTE,21.54,EUR,20/03/2026,GERMANY,carte_bancaire,pending
101789,5255.0,BEAUTE,81.97,EUR,08-11-2025,États-Unis,carte_bancaire,refunded
101987,5726.0,sport,"39,04€",USD,null,États-Unis,cheque,failed
102662,5565.0,Modes,41.99,,10-Apr-2026,United States,paypal,failed
101163,5454.0,electronique ,5.58,EUR,2025/12/15 07:20,FRANCE,paypal,pending
100963,5130.0,beauté,46.44,EUR,20-Aug-2026,FRANCE,carte_bancaire,refunded
100138,5071.0,livres,null,EUR,2025/08/11 09:08,ch,virement,Completed
101771,5752.0,Maison,112.79,EUR,13/04/2026,DE,carte_bancaire,refunded
100398,5037.0,livres,22.13,eur,,FRANCE,carte_bancaire,COMPLETED 
100584,5129.0,beauté,"28,9€",EUR,19/07/2026,Francia,cheque,pending
100948,5351.0,beauté,23.55,EUR,04-Sep-2026,DE,paypal,refunded
100704,5106.0,Sport,6.04,EUR,22-Jun-2025,United States,carte_bancaire,pending
100431,5308.0,MAISON ,,eur,11-11-2025,CH,carte_bancaire,pending
100292,5093.0,Modes,14.43,EUR,2026-03-07,Etats-Unis,carte_bancaire,pending
100145,5230.0,maison,49.58,EUR,2025/07/17 19:36,Francia,cheque,Completed
100323,5158.0,SPORT,161.28,EUR,19/07/2026,de,-999,failed
102175,5084.0,MAISON ,80435.0,EUR,09-01-2026,France,cheque,pending
101165,5616.0,Beaute,220.47,EUR,2025-04-17,Allemagne,carte_bancaire,refunded
101452,5567.0,BEAUTE,30.47,EUR,04-15-2025,BE,paypal,refunded
100002,5099.0,MAISON ,43.94,EUR,2025-08-21,FRANCE,carte_bancaire,failed
100576,5007.0,Livres,-999,EUR,01-12-2026,FRANCE,virement,failed
102372,,SPORT,28.33,EUR,02/07/2025,fr,paypal,pending
100339,5637.0,livres,14.77,EUR,09-06-2025,FRANCE,carte_bancaire,completed
101897,5275.0,Sports,"103,42€",EUR,12/01/2026,US,carte_bancaire,pending
102140,5609.0,maison,28.45,USD,2025/11/01 04:03,Belgique,virement,refunded
100925,5287.0,BEAUTE,6.23,eur,2025/09/09 00:06,CH,paypal,COMPLETED 
100265,5549.0,Sport,7.98,EUR,2026/04/13 01:48,be,virement,refunded
100376,5695.0,Maisons,53.79,EUR,22-Mar-2026,Suisse,carte_bancaire,Completed
101983,5481.0,Maison,53.31,EUR,12-Apr-2026,BELGIQUE,cheque,refunded
101463,5128.0,livres,11.41,EUR,21-Sep-2025,be,virement,Completed
100271,5400.0,BEAUTE,6.74,EUR,2025/09/03 18:32,be,virement,completed
100696,5296.0,beauté,32.9,USD,03-20-2026,Suisse,,refunded
102739,5354.0,sport,106.61,EUR,21-Feb-2026,DE,carte_bancaire,pending
100244,5704.0,SPORT,8.33,EUR,13-Jul-2025,France,carte_bancaire,COMPLETED 
100048,5655.0,Sport,18.94,EUR,21-Jul-2025,ch,carte_bancaire,COMPLETED 
100476,5582.0, mode,41.22,EUR,2026/02/06 15:55,ch,carte_bancaire,Completed
101804,5159.0,ELECTRONIQUE,N/A,EUR,20-Apr-2026,Belgique,cheque,pending
102116,5198.0,MAISON ,19.97,,23-Mar-2026,Belgique,paypal,refunded
102314,5143.0,Beaute,44.67,EUR,06-Oct-2025,DE,virement,pending
101812,5197.0,Maison,104.69,EUR,07-17-2026,SUISSE,carte_bancaire,completed
102615,5031.0,livres,-44.77,EUR,27-Dec-2025,Belgique,cheque,COMPLETED 
100018,5268.0,sport,39.7,EUR,-,Etats-Unis,cheque,completed
100063,5161.0,Électronique,8.36,USD,04-02-2026,de,cheque,failed
102678,5222.0,SPORT,26.73,EUR,2026-01-04,be,virement,Completed
102069,5063.0,sport,56.46,EUR,2026/09/12 04:13,FRANCE,virement,completed
100250,5394.0,Mode,,EUR,12-Sep-2025,BELGIQUE,cheque,completed
100413,5056.0,BEAUTE,77.47,EUR,07-24-2025,FRANCE,virement,completed
100545,5230.0,Sports,11.97,EUR,2026/03/29 17:35,États-Unis,virement,completed
101193,5124.0,Electronique,,EUR,04-Apr-2025,BE,-999,failed
100738,5235.0,Sports,54915.0,,30/09/2025,BE,cheque,COMPLETED 
100310,5234.0,MODE,20.17,EUR,29-Jul-2026,BE,-,pending
101798,5341.0,Livre,64.61,EUR,03-Aug-2025,CH,paypal,refunded
100893,5146.0,Sport,70.27,EUR,n/a,DE,paypal,completed
101131,5745.0,Beaute,,EUR,09-09-2025,BE,virement,completed
101449,5681.0,Livres,25.01,EUR,08-31-2025,Belgique,paypal,completed
100143,5285.0,electronique ,20.27,EUR,05-Sep-2026,United States,virement,Completed
100015,5465.0,Maisons,14.79,,2026-01-16,GERMANY,paypal,refunded
100203,5473.0,electronique ,"63,33€",EUR,06-22-2025,FR,paypal,failed
100721,5232.0,Sport,5.26,EUR,01-Sep-2026,FR,carte_bancaire,refunded
101420,5630.0,sport,"39,82€",EUR,2026/01/05 21:27,BELGIQUE,virement,completed
102715,5373.0,BEAUTE,unknown,EUR,2026-05-03,be,paypal,refunded
100981,5778.0,Mode,35.98,eur,07-22-2026,Belgique,carte_bancaire,Completed
102184,5011.0,MAISON ,3.35,USD,22-Oct-2025,États-Unis,paypal,completed
101539,,Maisons,,EUR,2026-04-01,BE,cheque,COMPLETED 
102608,5297.0,Livres,55.0,EUR,2026/02/19 12:55,Suisse,cheque,COMPLETED 
101550,5222.0,Beauté ,22.42,EUR,2026/06/01 10:35,de,carte_bancaire,COMPLETED 
102495,5760.0,Sport,51.0,eur,01-Jun-2025,SUISSE,cheque,failed
100363,5423.0,Livres,35.22,EUR,12-28-2025,ch,carte_bancaire,COMPLETED 
100982,5319.0,Mode,10.28,EUR,06/06/2025,Francia,carte_bancaire,COMPLETED 
100182,5591.0,Modes,9.36,,2026-09-13,France,carte_bancaire,failed
100985,5473.0,Modes,$8.65,EUR,2026-05-04,FR,paypal,completed
102089,5728.0,Maison,90.67,EUR,11-Aug-2025,Etats-Unis,null,completed
101194,5687.0,Beauté ,5.85,EUR,09-17-2025,France,carte_bancaire,refunded
102797,5015.0,Électronique,-999,EUR,11-Jan-2026,US,virement,Completed
101784,5084.0,Electronique,26.42,USD,29-Aug-2025,be,cheque,failed
101121,5491.0,SPORT,71.4,EUR,2026/09/08 11:13,ch,cheque,refunded
100187,5126.0,Beauté ,22.98,EUR,2025-08-06,US,paypal,COMPLETED 
100619,5022.0,MODE,30.01,EUR,19/08/2025,be,carte_bancaire,completed
102329,5528.0,Livre,52.68,EUR,2025-11-14,DE,paypal,completed
101175,5441.0,Sports,unknown,EUR,05-06-2026,CH,carte_bancaire,pending
101182,5358.0,livres,56.06,USD,2025/05/02 07:27,CH,virement,COMPLETED 
102456,5417.0,Maisons,14.56,EUR,2026/09/16 19:21,be,cheque,Completed
102268,5738.0,Modes,"15,58€",EUR,08-Sep-2026,BELGIQUE,carte_bancaire,COMPLETED 
100614,5052.0,Sports,221.67,EUR,2026/01/08 13:21,BE,virement,completed
101513,5063.0,Modes,,EUR,2026/08/25 09:11,Belgique,paypal,Completed
101678,5408.0,ELECTRONIQUE,110.27,EUR,2026-07-23,Suisse,virement,refunded
100401,5595.0,electronique ,,,N/A,USA,carte_bancaire,completed
100994,5155.0,SPORT,9.96,EUR,08-26-2026,Belgique,carte_bancaire,completed
100934,5459.0,Mode,36.45,EUR,null,CH,paypal,COMPLETED 
100371,5229.0,MODE,38.41,EUR,21-Apr-2026,USA,virement,pending
102046,5715.0,beauté,24.54,EUR,2025/12/11 08:12,Belgique,carte_bancaire,pending
102233,5495.0,Livre,54.78,eur,2026/02/14 07:26,Francia,virement,pending
100593,5550.0,Modes,33.13,EUR,2026/06/03 16:56,FRANCE,cheque,Completed
102034,5664.0,Mode,63.7,EUR,30/06/2026,US,carte_bancaire,COMPLETED 
100726,5045.0, mode,24.94,EUR,2026/03/26 23:01,États-Unis,carte_bancaire,completed
100826,5688.0,MODE,$101.66,EUR,04-13-2025,USA,paypal,refunded
101783,5682.0,Sports,48.62,USD,2026-06-07,de,N/A,failed
100687,5432.0,MODE,-17.51,EUR,2025-08-30,be,cheque,completed
102283,5712.0,Electronique,10.14,EUR,25-Oct-2025,US,carte_bancaire,refunded
100136,5482.0,beauté,12.12,EUR,2025-04-30,Allemagne,cheque,pending
102754,5489.0, mode,22.95,,2026/08/26 13:39,Suisse,cheque,refunded
100628,5346.0,Livres,-25.79,EUR,12-13-2025,États-Unis,cheque,pending
100334,5578.0,MODE,59.0,EUR,14-Jul-2026,BE,carte_bancaire,failed
100390,5725.0,Electronique,10.93,EUR,31/07/2026,BELGIQUE,paypal,COMPLETED 
102381,5264.0,Maisons,10.37,EUR,07-14-2025,Etats-Unis,virement,COMPLETED 
101109,5038.0,ELECTRONIQUE,68680.0,eur,10-02-2025,Suisse,virement,completed
101849,5634.0,LIVRES,$36.03,EUR,2025/06/20 19:41,be,virement,completed
102781,5703.0,sport,13.67,EUR,2025-07-31,be,carte_bancaire,Completed
100710,5794.0,LIVRES,"29,66€",EUR,04/04/2026,ch,cheque,completed
101039,5105.0,Livre,62.95,EUR,,BE,paypal,completed
102737,5439.0,Électronique,$33.38,,26/01/2026,Etats-Unis,virement,pending
102751,5102.0,Beaute,101.06,EUR,2025-09-29,France,virement,refunded
102674,5047.0,Beaute,$9.9,,15-Apr-2026,France,virement,completed
101561,5325.0,Sport,12.52,,2026/02/21 22:09,Etats-Unis,paypal,completed
102840,5061.0,Mode,16005.0,EUR,02-Jun-2025,Allemagne,cheque,COMPLETED 
101594,5246.0,maison,2.93,EUR,19/01/2026,FR,paypal,COMPLETED 
100083,5124.0,Maisons,57.96,USD,02-08-2026,FR,virement,pending
102837,5272.0,SPORT,105.99,EUR,28/04/2025,FRANCE,carte_bancaire,Completed
101112,5006.0,MAISON ,"53,68€",EUR,03-18-2026,de,cheque,refunded
100465,5186.0,Sports,20.11,eur,2025/06/07 14:42,DE,carte_bancaire,Completed
101560,5309.0,Maison,24.07,EUR,2026/01/19 21:42,GERMANY,null,refunded
101608,5294.0,livres,35.6,EUR,2025-06-28,FR,-,refunded
102067,5473.0,LIVRES,21.74,EUR,-,US,virement,pending
101359,5599.0, mode,28.93,EUR,2026-01-21,Suisse,virement,Completed
102420,5343.0,beauté,62.97,EUR,16-Dec-2025,USA,cheque,failed
101508,5329.0,Modes,"26,56€",EUR,10-10-2025,GERMANY,virement,failed
101885,5069.0, mode,31.57,eur,27-May-2025,GERMANY,carte_bancaire,failed
101104,5350.0,MAISON ,66.51,EUR,08/05/2026,GERMANY,cheque,refunded
100660,5089.0,Electronique,14.64,USD,2026/01/26 00:48,GERMANY,carte_bancaire,Completed
100338,5745.0,Electronique,35.57,USD,30-Nov-2025,BE,N/A,pending
100215,5170.0,Sports,48.57,USD,19/09/2026,SUISSE,carte_bancaire,Completed
101615,5574.0,Beauté ,"434,33€",EUR,08-Mar-2026,de,paypal,refunded
102040,5674.0,sport,13.13,EUR,16-Feb-2026,Allemagne,carte_bancaire,refunded
102592,5445.0,SPORT,23.61,EUR,06-14-2025,fr,paypal,refunded
100039,,Sport,34.63,EUR,2026/09/22 04:32,SUISSE,carte_bancaire,refunded
101592,5295.0,livres,36.34,EUR,08-08-2025,FR,cheque,COMPLETED 
102118,5232.0,Maison,2.44,EUR,13-Dec-2025,CH,paypal,failed
101793,5225.0,Électronique,44.89,EUR,16-Aug-2026,SUISSE,cheque,refunded
102770,5522.0,Electronique,"4,53€",EUR,2025-10-20,Allemagne,paypal,failed
100816,5733.0,MODE,31.2,EUR,22/05/2026,US,paypal,COMPLETED 
101067,5401.0,MAISON ,"69,74€",eur,2026/01/18 02:28,France,virement,completed
102121,5715.0,Livres,,eur,2026-01-19,de,paypal,pending
100274,5240.0,ELECTRONIQUE,10.14,EUR,06-05-2025,be,cheque,Completed
102315,5165.0,SPORT,35.85,EUR,2026-07-27,USA,cheque,refunded
100865,5699.0,MAISON ,17.31,USD,02-Jun-2026,be,cheque,pending
100101,5588.0, mode,16.8,EUR,22/04/2026,Francia,virement,failed
101501,5409.0,LIVRES,14.94,,2026/08/27 13:18,DE,carte_bancaire,COMPLETED 
102833,5428.0,sport,19.17,EUR,05/02/2026,fr,paypal,failed
100171,5004.0,livres,-11.77,EUR,30/01/2026,Francia,carte_bancaire,Completed
100107,5629.0,SPORT,28.71,EUR,16/11/2025,France,cheque,COMPLETED 
102697,5680.0,Livres,7.53,eur,28/01/2026,FRANCE,cheque,completed
101521,5447.0,livres,41.43,EUR,24/05/2025,be,cheque,completed
102724,5152.0,Maison,"143,5€",EUR,07-30-2026,CH,virement,refunded
102270,5050.0,electronique ,33.55,EUR,2025/09/15 10:16,United States,paypal,pending
102111,5220.0,BEAUTE,21.19,EUR,2026/04/15 01:30,US,cheque,COMPLETED 
101878,5646.0,BEAUTE,-5.39,EUR,27-May-2025,United States,virement,Completed
102106,5479.0,Ã‰lectronique,10.91,USD,24-Mar-2026,de,carte_bancaire,completed
102077,5693.0,SPORT,72.49,EUR,2025/06/11 17:54,BE,carte_bancaire,completed
102322,5799.0,Ã‰lectronique,37.04,EUR,13-Mar-2026,GERMANY,cheque,failed
102412,5110.0,Livre,8.93,EUR,06-07-2025,US,virement,failed
102654,5095.0,SPORT,13.57,EUR,13-Jul-2025,BELGIQUE,cheque,Completed
101873,5115.0,Sport,49.49,USD,2026-04-23,GERMANY,virement,Completed
100295,5743.0,BEAUTE,13.15,USD,n/a,CH,paypal,failed
100712,5646.0,electronique ,15.02,eur,2026/08/22 00:24,United States,paypal,Completed
101366,5249.0, mode,-999,EUR,n/a,BE,paypal,refunded
101524,5673.0,Electronique,17.55,EUR,21/10/2025,Etats-Unis,virement,COMPLETED 
102341,5449.0,maison,35.83,eur,2025/09/28 17:38,be,carte_bancaire,pending
100131,5533.0,sport,77.1,EUR,16-Apr-2026,Allemagne,carte_bancaire,COMPLETED 
100121,5154.0,Beaute,23.06,EUR,22-Jul-2025,Etats-Unis,-999,refunded
100481,5737.0,BEAUTE,10.38,USD,27-Mar-2025,Allemagne,carte_bancaire,COMPLETED 
102306,5686.0,livres,42.35,EUR,2026-09-17,États-Unis,cheque,failed
101530,5471.0,Maisons,27.85,,27-Aug-2025,CH,carte_bancaire,refunded
101691,5087.0,Livres,29.3,EUR,2025/10/09 22:19,SUISSE,cheque,failed
101514,5041.0,MODE,22.77,,2025/10/13 13:04,ch,virement,pending
102567,5059.0,Maisons,44.08,EUR,31-Mar-2026,Belgique,carte_bancaire,refunded
101762,5706.0,Livres,26.26,eur,2026-02-20,Belgique,carte_bancaire,COMPLETED 
101490,5348.0,Beauté ,-14.93,EUR,13/07/2026,ch,paypal,pending
101171,5450.0,Maisons,31.6,EUR,2025-06-06,fr,virement,pending
102526,5726.0,MODE,35.8,USD,2025/11/14 02:24,France,carte_bancaire,pending
102438,5534.0,Maison,-,EUR,2026/05/14 13:39,FRANCE,virement,completed
102619,5533.0,BEAUTE,-90.94,EUR,28/07/2026,fr,virement,completed
101005,5120.0,Mode,34.96,USD,10-27-2025,BE,carte_bancaire,pending
102284,5605.0,LIVRES,16.15,EUR,25/05/2025,SUISSE,paypal,pending
100296,5119.0,BEAUTE,55.13,EUR,13-Nov-2025,de,cheque,Completed
100214,5550.0, mode,42.97,EUR,24-Jun-2025,États-Unis,carte_bancaire,refunded
100082,5773.0,Beaute,28.97,EUR,05/11/2025,Etats-Unis,paypal,completed
102071,5307.0,electronique ,74.63,eur,26/06/2026,CH,paypal,completed
102252,5135.0,Sport,6.65,EUR,04/05/2025,SUISSE,carte_bancaire,pending
101999,5232.0,Ã‰lectronique,12.55,EUR,2025-09-05,US,cheque,COMPLETED 
100097,5105.0,Livres,31.03,EUR,07-Jan-2026,be,cheque,refunded
101333,5175.0,Electronique,$93.85,USD,2025/11/03 19:33,BELGIQUE,carte_bancaire,pending
102461,5502.0,Beaute,47.87,EUR,22-Sep-2026,FRANCE,carte_bancaire,pending
100743,5505.0,Maison,25.12,EUR,07/04/2026,GERMANY,virement,pending
100806,5563.0,SPORT,29.96,EUR,2026-01-12,États-Unis,virement,pending
102748,5103.0,Livres,34.73,USD,27/03/2025,Francia,paypal,COMPLETED 
102020,5323.0,MAISON ,25.89,EUR,2025-12-08,GERMANY,paypal,refunded
102576,5518.0,Sports,91.63,EUR,27-Apr-2026,États-Unis,carte_bancaire,Completed
101535,5064.0,MAISON ,,,2025-11-26,CH,carte_bancaire,refunded
102114,5503.0,LIVRES,47.79,EUR,10-14-2025,USA,cheque,failed
102172,5339.0,electronique ,18.4,EUR,NULL,CH,paypal,failed
102415,5279.0,ELECTRONIQUE,$31.32,eur,06-Mar-2026,US,paypal,Completed
100148,5406.0,MODE,39.24,EUR,2025/07/11 23:41,United States,virement,pending
102154,5720.0,Sport,7.89,eur,2025-06-25,États-Unis,carte_bancaire,pending
102117,5261.0,maison,10.03,EUR,2026-02-24,SUISSE,paypal,Completed
102831,5227.0,livres,"10,68€",EUR,2026-03-03,GERMANY,carte_bancaire,pending
101315,5514.0,Sports,7.53,EUR,07-Jun-2025,USA,virement,COMPLETED 
100692,5263.0,Livre,9.27,EUR,2026/04/04 05:30,Etats-Unis,virement,pending
100818,5496.0,livres,26.42,EUR,2026-05-05,USA,cheque,completed
101728,5229.0,SPORT,-34.14,EUR,n/a,France,paypal,pending
101386,5133.0,Sports,?,EUR,21/06/2026,de,carte_bancaire,COMPLETED 
102353,5081.0,Electronique,7.18,EUR,12-09-2025,BE,NULL,COMPLETED 
102120,5409.0, mode,215.15,EUR,27/03/2025,BELGIQUE,paypal,Completed
100732,5760.0,MAISON ,null,EUR,24-Jun-2025,ch,virement,failed
102663,5421.0,Electroniqe,10.45,EUR,2026-04-27,GERMANY,virement,completed
102531,5107.0,Électronique,10.66,EUR,03-Feb-2026,fr,cheque,failed
100701,5382.0,MODE,unknown,EUR,03-Aug-2026,BELGIQUE,carte_bancaire,Completed
100044,5245.0,Sport,38.76,EUR,13/06/2026,Suisse,virement,refunded
102738,5501.0,maison,99.36,,2025-09-06,fr,NULL,refunded
100921,5188.0,Mode,,EUR,25-Jun-2026,USA,virement,completed
101424,5145.0,ELECTRONIQUE,N/A,EUR,23-Oct-2025,US,paypal,completed
101708,5008.0,Beauté ,21.77,EUR,2025/09/24 00:42,BELGIQUE,virement,completed
100905,5633.0,sport,25.58,EUR,27/01/2026,US,paypal,COMPLETED 
100454,5065.0,livres,15.22,USD,06/08/2025,ch,paypal,Completed
102147,5676.0,Sport,11.64,EUR,2026/07/06 18:30,Allemagne,virement,refunded
101107,5240.0,Maison,37.04,EUR,27-Jul-2026,FR,cheque,pending
102376,5284.0,Livres,17.75,EUR,23-Feb-2026,US,virement,Completed
101886,5416.0,Modes,5920.0,EUR,2026-08-07,États-Unis,paypal,failed
100167,5770.0,Maisons,"135,25€",EUR,2026/03/25 03:36,fr,paypal,Completed
100730,5183.0,Sports,,USD,2025/12/06 11:20,FRANCE,carte_bancaire,failed
102226,5714.0,MODE,88.03,EUR,04/07/2025,Allemagne,carte_bancaire,COMPLETED 
101310,5161.0,MODE,"23,99€",eur,06-30-2025,SUISSE,paypal,Completed
102370,5521.0,SPORT,21.32,EUR,28/07/2025,DE,cheque,Completed
102205,5703.0,livres,8.71,EUR,05-13-2025,fr,virement,completed
102054,5553.0,Beauté ,n/a,EUR,22-Sep-2026,BE,carte_bancaire,failed
101652,5547.0,MAISON ,29.22,EUR,2026/05/15 16:47,Allemagne,cheque,failed
101622,5299.0,Beauté ,unknown,,02/04/2026,Etats-Unis,cheque,Completed
100587,5775.0,Sports,NULL,EUR,2026/02/21 00:55,CH,cheque,pending
101401,5139.0,sport,39.77,EUR,04-18-2025,CH,cheque,refunded
102423,5307.0,Maison,43.67,EUR,21-Nov-2025,DE,paypal,refunded
101176,5584.0,SPORT,5.35,eur,06-28-2025,BE,carte_bancaire,refunded
101700,5149.0,beauté,33.63,EUR,18/02/2026,de,virement,Completed
101040,5214.0,ELECTRONIQUE,111.67,EUR,2026/05/03 23:31,Allemagne,carte_bancaire,Completed
100033,5417.0,Maisons,9.47,USD,2026-09-07,BELGIQUE,cheque,Completed
101927,5608.0,Mode,18.97,EUR,2026/04/23 21:13,Etats-Unis,cheque,Completed
102440,5301.0,ELECTRONIQUE,118.47,EUR,2025-08-21,be,virement,completed
101379,5220.0,Électronique,,EUR,2025-04-08,GERMANY,cheque,refunded
100041,5088.0,Maisons,28.62,EUR,04-17-2025,États-Unis,cheque,failed
101876,5585.0,MAISON ,14.79,EUR,2026/04/07 04:15,GERMANY,carte_bancaire,pending
102176,5472.0,MAISON ,5.77,EUR,02-08-2026,Belgique,cheque,completed
102257,5563.0,Sport,16.8,EUR,08/07/2025,fr,cheque,completed
102686,5271.0,Maison,37.43,EUR,2026/05/20 05:59,US,virement,COMPLETED 
102229,5736.0,Électronique,60.75,EUR,2025-11-02,be,cheque,failed
102099,5291.0,Beauté ,51.22,EUR,07-Aug-2026,ch,paypal,COMPLETED 
101909,5128.0,MAISON ,27.9,EUR,2026-01-17,FR,cheque,refunded
100609,5438.0,MODE,"94,3€",,null,United States,paypal,COMPLETED 
100804,5005.0,Beauté ,104.83,eur,25/09/2025,FR,cheque,completed
100028,5452.0,livres,14.29,EUR,2026/06/30 21:34,Belgique,virement,COMPLETED 
100441,5238.0,Sports,23.82,,2026/09/15 18:36,de,cheque,COMPLETED 
100665,5266.0,beauté,27.0,EUR,2026/02/18 20:10,Belgique,,COMPLETED 
102228,5481.0,Beaute,,EUR,01-21-2026,fr,virement,Completed
100493,5104.0,Beaute,11.3,EUR,04-08-2025,Belgique,paypal,refunded
102036,5198.0,livres,13.01,EUR,15/09/2025,Francia,cheque,COMPLETED 
101301,5041.0,BEAUTE,59.91,EUR,25/03/2026,de,virement,COMPLETED 
100106,5088.0,Beaute,56.77,eur,09-Feb-2026,FR,virement,refunded
102437,5174.0,Mode,51.6,eur,09/04/2025,Suisse,cheque,pending
101382,5095.0,electronique ,170.99,USD,2026-03-14,États-Unis,carte_bancaire,failed
101304,5601.0,BEAUTE,39.76,eur,03/04/2026,be,carte_bancaire,refunded
100236,5649.0,Beaute,3.96,EUR,2026-07-24,Belgique,cheque,failed
100551,5304.0,sport,21.33,eur,02/03/2026,BELGIQUE,cheque,COMPLETED 
102615,5405.0,ELECTRONIQUE,5.46,USD,2026/09/22 08:30,USA,paypal,Completed
102285,5004.0,BEAUTE,37.18,USD,01-26-2026,États-Unis,virement,Completed
101232,5236.0,Modes,22.66,EUR,2026/02/28 19:23,Belgique,paypal,pending
101138,5282.0,Modes,42.0,EUR,05/03/2026,de,virement,refunded
101905,5668.0,Beauté ,36.71,EUR,04-13-2026,BELGIQUE,cheque,pending
101545,5712.0,Modes,32.36,EUR,05-12-2025,DE,carte_bancaire,Completed
100735,5595.0,LIVRES,37.54,EUR,06-Mar-2026,États-Unis,carte_bancaire,refunded
102779,5313.0,maison,37.77,USD,2025-11-17,de,paypal,completed
101750,5241.0,Sports,2.15,EUR,17/09/2025,Francia,cheque,failed
100058,5193.0,livres,33.05,EUR,21-Jun-2025,BELGIQUE,carte_bancaire,failed
100631,5044.0,beauté,$97.18,,01-05-2026,de,paypal,refunded
101181,5113.0,Mode,-85.87,EUR,06-08-2026,CH,cheque,failed
102271,5687.0,Beauté ,"15,82€",EUR,2026-08-24,États-Unis,paypal,completed
102346,5586.0,SPORT,37.75,EUR,17-Jul-2025,Francia,paypal,COMPLETED 
101303,5628.0,Ã‰lectronique,12.43,EUR,05-02-2026,FRANCE,carte_bancaire,failed
101387,5391.0,electronique ,"100,02€",EUR,2026/04/08 23:40,Allemagne,virement,Completed
102696,5126.0,livres,64.95,EUR,2025-12-22,United States,carte_bancaire,pending
102712,5392.0,Ã‰lectronique,38.47,EUR,06-Jul-2026,FRANCE,virement,failed
101964,5410.0,Modes,,EUR,2026/03/27 15:02,ch,virement,refunded
100494,5166.0,Livres,"86,61€",EUR,06-02-2026,Suisse,paypal,Completed
100939,5221.0,MODE,-14.77,EUR,11/08/2025,US,cheque,Completed
100023,5556.0,Livre,14.5,eur,2026-05-25,ch,paypal,refunded
101249,5471.0,MODE,6.05,EUR,2026-02-23,CH,paypal,refunded
100904,5067.0,MAISON ,29.14,,08-21-2025,United States,virement,pending
102622,5083.0,Sports,26.45,EUR,2025-05-24,SUISSE,cheque,Completed
101279,5445.0,Sports,18.57,EUR,13-Mar-2026,États-Unis,cheque,completed
102474,5603.0,livres,32.25,EUR,2025/06/22 17:31,GERMANY,virement,refunded
100115,5712.0,Beaute,19.43,eur,09-19-2026,ch,paypal,refunded
102419,5704.0,beauté,7.43,EUR,2026/01/21 16:37,Francia,virement,failed
102459,5414.0,maison,37.52,EUR,2026-05-09,GERMANY,paypal,COMPLETED 
102539,5640.0,MAISON ,25.78,EUR,11-30-2025,BE,paypal,Completed
101142,5637.0,ELECTRONIQUE,21.43,EUR,08/11/2025,ch,virement,refunded
102453,5705.0,maison,12.88,EUR,2025/04/15 15:06,USA,cheque,Completed
100706,5205.0,Sports,7.75,EUR,07-May-2026,Francia,cheque,pending
102723,5481.0,Beauté ,93.08,,12-23-2025,US,,completed
101022,5543.0,Maison,24.0,EUR,13/07/2026,SUISSE,NULL,pending
100745,5771.0,electronique ,12.77,EUR,,Belgique,paypal,Completed
101546,5743.0,Beaute,9.99,USD,03/07/2026,US,?,completed
102429,5250.0,Ã‰lectronique,18.16,EUR,,US,cheque,COMPLETED 
102110,5167.0,Modes,15.03,EUR,2025-07-28,Allemagne,cheque,failed
102013,5361.0,Mode,10.53,EUR,2026/03/26 10:41,ch,virement,pending
100513,5029.0,sport,10.84,EUR,17/10/2025,fr,carte_bancaire,Completed
100081,5159.0,Mode,33.83,EUR,14-Aug-2025,SUISSE,cheque,failed
102743,5571.0,sport,40.54,EUR,2026/05/20 21:31,SUISSE,carte_bancaire,COMPLETED 
101308,5458.0,SPORT,65.19,eur,07/10/2025,BELGIQUE,cheque,refunded
102556,5781.0,maison,6.66,EUR,09-15-2026,BELGIQUE,carte_bancaire,Completed
102808,5238.0,Mode,22.52,EUR,19-Feb-2026,US,paypal,refunded
100719,5205.0,Modes,N/A,EUR,unknown,Belgique,virement,COMPLETED 
101647,5284.0,Mode,59.57,EUR,10/07/2026,GERMANY,carte_bancaire,pending
102843,5751.0,sport,8.58,EUR,09-21-2025,CH,carte_bancaire,COMPLETED 
101108,5198.0,Maison,13.99,EUR,15-Feb-2026,Allemagne,carte_bancaire,Completed
100150,5388.0,beauté,30.74,,19-Sep-2026,ch,cheque,COMPLETED 
102809,5371.0,Sports,"14,96€",eur,19-Sep-2025,United States,cheque,failed
100774,5005.0,BEAUTE,42.93,EUR,01-20-2026,ch,carte_bancaire,completed
100329,5614.0,SPORT,43.19,EUR,09-Jul-2026,de,virement,COMPLETED 
100006,5438.0,Beauté ,101.63,,25/07/2026,BELGIQUE,carte_bancaire,completed
100943,5491.0,Ã‰lectronique,22.44,EUR,2026-05-06,Belgique,cheque,completed
100822,5102.0,beauté,194.22,EUR,22-Mar-2026,Suisse,cheque,completed
100734,5481.0,Maison,$61.94,EUR,2026-02-07,fr,paypal,completed
100909,5053.0,livres,171.9,EUR,18-Feb-2026,SUISSE,cheque,pending
100468,5461.0,MODE,15.22,EUR,14-Apr-2026,Etats-Unis,carte_bancaire,pending
100181,5335.0,Beaute,11.34,USD,27-Mar-2026,FRANCE,virement,Completed
100164,5385.0,Maisons,58.38,EUR,2026-07-07,DE,paypal,Completed
101523,5288.0,Mode,n/a,EUR,12-22-2025,United States,carte_bancaire,Completed
100451,5592.0,Electroniqe,57.95,EUR,2026-05-05,Francia,cheque,pending
102332,,Ã‰lectronique,6.26,USD,2025-12-28,GERMANY,cheque,completed
100490,5767.0,Ã‰lectronique,24.36,EUR,22-Jul-2025,BE,paypal,completed
100813,5743.0,ELECTRONIQUE,29.28,EUR,09-Apr-2026,fr,cheque,Completed
101143,5002.0,Electronique,27.47,EUR,26-Sep-2025,Francia,,COMPLETED 
101311,5737.0,Modes,$51.21,EUR,2025-07-19,de,paypal,failed
102313,5145.0, mode,38.4,EUR,30/05/2026,United States,cheque,completed
101111,5788.0,Electronique,29.84,EUR,2025/07/18 07:58,BELGIQUE,cheque,completed
100105,5378.0,MODE,29.02,,06-12-2026,GERMANY,cheque,failed
101826,5748.0,ELECTRONIQUE,9.19,EUR,19-Jul-2026,USA,paypal,completed
101441,5295.0,Maisons,70.54,EUR,24-May-2026,Belgique,virement,completed
101714,5332.0,Électronique,12.28,,21/08/2026,FR,paypal,Completed
101006,5214.0,Sport,54.91,EUR,07-05-2025,USA,virement,completed
101195,5147.0,electronique ,77.7,EUR,14/12/2025,ch,virement,completed
101632,5591.0,maison,13.75,EUR,2026-04-29,Belgique,virement,completed
101074,5417.0,electronique ,60.14,EUR,12-Apr-2026,Suisse,carte_bancaire,pending
100503,5543.0,maison,6.48,EUR,-,GERMANY,cheque,completed
100608,5098.0,Électronique,19.87,EUR,2025/05/03 13:19,BE,carte_bancaire,Completed
102417,5312.0,Beauté ,33.33,EUR,2026/03/12 03:55,de,carte_bancaire,failed
102335,5267.0,sport,41.17,eur,01/02/2026,fr,carte_bancaire,COMPLETED 
102374,5652.0,SPORT,67.06,EUR,11-15-2025,be,cheque,Completed
100327,5751.0,ELECTRONIQUE,null,EUR,15-Aug-2026,Allemagne,carte_bancaire,Completed
101790,5144.0,Sports,4.54,EUR,2025/12/11 04:04,Francia,NULL,COMPLETED 
100442,5256.0,Sports,3.82,EUR,12-Feb-2026,Belgique,carte_bancaire,completed
101858,5230.0,Maisons,31.81,EUR,07-05-2026,GERMANY,cheque,completed
102238,5101.0,Sports,17.01,,09/05/2025,be,paypal,Completed
100312,5374.0,SPORT,$51.57,,?,France,paypal,failed
100832,5298.0,Livres,$9.94,EUR,05/01/2026,fr,virement,failed
102446,5578.0,Sport,,EUR,01-18-2026,DE,carte_bancaire,pending
102170,5484.0,SPORT,59.66,EUR,07-29-2026,CH,cheque,COMPLETED 
101414,5186.0,electronique ,13.75,,2025-08-02,ch,paypal,pending
101201,5074.0,Maison,16.67,EUR,2025/08/04 01:48,GERMANY,paypal,completed
102514,5327.0,Sports,21.91,EUR,2026/08/26 03:59,United States,carte_bancaire,refunded
102258,5272.0,Beauté ,41.82,EUR,2026-06-05,FR,cheque,failed
102010,5321.0,MAISON ,5.77,USD,20-Dec-2025,FR,carte_bancaire,completed
100086,5522.0,Livres,55.92,EUR,21/09/2026,be,virement,COMPLETED 
101403,5032.0,Électronique,46.86,EUR,2026-06-01,Belgique,virement,completed
100644,5103.0,beauté,,eur,12-Jul-2026,United States,carte_bancaire,refunded
102481,5497.0,Livre,115.29,EUR,01-12-2026,United States,cheque,failed
102002,5481.0,Modes,12.02,EUR,07-22-2025,de,virement,COMPLETED 
101861,5665.0,Beauté ,,EUR,2025-09-15,be,cheque,failed
100777,5173.0,BEAUTE,19.63,eur,05/08/2026,United States,carte_bancaire,Completed
100799,5432.0,Sport,-25.2,EUR,2026/06/16 03:28,Suisse,cheque,refunded
101666,5389.0,beauté,"9,98€",EUR,2026/03/17 02:11,États-Unis,virement,COMPLETED 
101894,5716.0,ELECTRONIQUE,22.66,EUR,06-Nov-2025,ch,cheque,completed
102222,5473.0,Sport,-62.05,EUR,03-13-2026,SUISSE,cheque,refunded
102483,5639.0,MODE,12.31,EUR,13/04/2026,Belgique,paypal,refunded
101287,5531.0,maison,38.75,USD,15/07/2026,US,virement,Completed
101920,5091.0,MAISON ,4.13,EUR,2026-06-09,Etats-Unis,virement,COMPLETED 
101667,5349.0, mode,,EUR,06/12/2025,fr,carte_bancaire,pending
102665,5162.0,MAISON ,7.17,EUR,04-24-2025,fr,virement,COMPLETED 
102222,5694.0, mode,47.93,EUR,2025/09/08 15:21,CH,virement,completed
101701,5752.0,livres,,EUR,31-Dec-2025,Etats-Unis,carte_bancaire,COMPLETED 
101245,5260.0,Maison,8.15,EUR,22/06/2026,United States,paypal,Completed
100113,5460.0,SPORT,"225,18€",EUR,2025-06-29,DE,paypal,completed
100041,5181.0,SPORT,3.61,EUR,2025/05/17 16:11,BE,carte_bancaire,completed
100987,5037.0,Mode,54.03,EUR,08-Nov-2025,ch,carte_bancaire,failed
100501,5005.0,SPORT,136.79,USD,2025/04/07 14:39,DE,virement,COMPLETED 
102469,5392.0,Sport,20.32,EUR,?,USA,virement,failed
101009,5513.0, mode,$15.15,EUR,2025/11/27 19:55,de,cheque,Completed
101198,5306.0,Ã‰lectronique,null,EUR,09-Aug-2026,Suisse,cheque,completed
101394,5121.0,Sport,,EUR,24-Jun-2026,FRANCE,paypal,refunded
100589,5151.0,Sports,11.35,EUR,08/04/2025,Belgique,carte_bancaire,failed
100768,5639.0,sport,-999,EUR,05-29-2025,be,carte_bancaire,pending
100335,5429.0,LIVRES,32.55,EUR,02-09-2026,be,paypal,refunded
101042,5771.0,sport,,eur,06/05/2026,Francia,carte_bancaire,refunded
101763,5735.0,Sports,41.58,EUR,05-22-2026,CH,cheque,Completed
102724,5152.0,Maison,"143,5€",EUR,07-30-2026,CH,virement,refunded
100285,5186.0,BEAUTE,$4.23,EUR,01/08/2026,SUISSE,carte_bancaire,failed
102720,,Sports,71205.0,EUR,08-19-2025,BELGIQUE,carte_bancaire,failed
100428,5503.0,livres,,EUR,2026/05/09 01:02,SUISSE,carte_bancaire,pending
101328,5408.0,Beauté ,8.26,EUR,22/06/2026,de,carte_bancaire,failed
102064,5735.0,electronique ,31.15,USD,06-Oct-2025,Belgique,carte_bancaire,Completed
100669,,MODE,,EUR,25-Nov-2025,Belgique,carte_bancaire,pending
100031,5773.0,Sports,129.94,EUR,27-Apr-2026,GERMANY,paypal,failed
101341,5554.0,MAISON ,24.6,EUR,2025/09/09 07:08,BELGIQUE,virement,refunded
100722,5299.0,Modes,7.29,EUR,24/06/2026,France,carte_bancaire,Completed
100951,5310.0,Mode,33.68,EUR,11/09/2026,Belgique,N/A,refunded
100155,5720.0,Livres,4.85,EUR,01-02-2026,United States,carte_bancaire,COMPLETED 
100925,5666.0,BEAUTE,97.55,EUR,2025-08-04,Suisse,virement,refunded
100214,5686.0,LIVRES,18.47,EUR,08-30-2026,CH,paypal,pending
100989,5380.0,Modes,"25,13€",EUR,06-16-2025,FR,paypal,completed
101164,5514.0,beauté,61.58,EUR,24/03/2026,États-Unis,paypal,failed
100027,5171.0,Livre,13.45,EUR,2026/08/05 14:10,USA,paypal,Completed
102095,5601.0,SPORT,22.92,EUR,02/06/2026,FRANCE,paypal,Completed
100326,5213.0,Livre,69.57,EUR,21-Sep-2025,FRANCE,carte_bancaire,COMPLETED 
101383,5726.0,Maisons,14.22,EUR,31-May-2026,Etats-Unis,paypal,completed
101724,5249.0,Livre,10.57,EUR,2026-05-26,Suisse,NULL,pending
101086,5613.0,Maisons,$62.01,,12/11/2025,USA,cheque,failed
100341,,Beaute,-30.55,EUR,07-26-2025,GERMANY,-999,pending
100147,5222.0,sport,7.48,EUR,2026-04-27,ch,carte_bancaire,refunded
102411,5291.0,ELECTRONIQUE,97.92,EUR,07-Nov-2025,USA,virement,pending
101107,5400.0,MAISON ,,USD,-,États-Unis,virement,Completed
100848,5107.0, mode,13.82,,2026/04/21 09:15,ch,cheque,Completed
100966,5402.0,Maisons,13.35,EUR,2025/04/06 13:08,ch,virement,failed
102492,5557.0, mode,8.0,EUR,2026-05-27,DE,virement,COMPLETED 
100661,5216.0,Modes,15.0,EUR,06-Sep-2025,FR,cheque,pending
101002,5596.0,Electronique,25.89,USD,2026-01-15,BE,cheque,failed
102413,5234.0,livres,10.74,EUR,10-19-2025,CH,paypal,failed
101363,5463.0, mode,"52,65€",EUR,04-03-2026,United States,cheque,pending
102736,5567.0, mode,-18.14,USD,11/07/2025,FR,virement,failed
101879,5009.0,SPORT,5940.0,,07-Sep-2025,SUISSE,paypal,COMPLETED 
100052,5603.0,maison,-14.69,eur,26-Jun-2026,Suisse,carte_bancaire,refunded
101203,5472.0,MAISON ,40.0,EUR,2026-01-04,FRANCE,cheque,COMPLETED 
101990,5417.0,Beauté ,null,EUR,23/04/2025,fr,paypal,pending
100024,5024.0,livres,15.03,USD,29-Aug-2026,Suisse,virement,Completed
100045,5551.0,electronique ,"840,18€",USD,2026-08-08,Allemagne,virement,COMPLETED 
102092,5349.0,MAISON ,42.95,EUR,10/03/2026,ch,paypal,Completed
100139,5773.0,Beauté ,"214,97€",EUR,05-22-2025,Belgique,cheque,failed
102371,5742.0,Modes,14.98,EUR,31-Oct-2025,SUISSE,carte_bancaire,failed
100875,5721.0,Modes,61680.0,EUR,2026/02/26 04:09,US,virement,Completed
100021,5636.0,sport,37.06,USD,2026-06-02,Francia,virement,pending
100938,5210.0,MODE,30.55,EUR,21/06/2026,be,virement,COMPLETED 
102584,5719.0,livres,65.81,EUR,18/09/2026,Etats-Unis,carte_bancaire,pending
101966,5296.0,Maisons,unknown,EUR,02-05-2026,BE,paypal,completed
100385,5185.0,Beaute,28.09,USD,01-Sep-2025,FR,paypal,failed
102585,5440.0,Livre,13.97,eur,2025-06-10,de,paypal,completed
102563,5098.0,Maisons,30.87,EUR,2025-03-24,Belgique,virement,pending
102408,5519.0,SPORT,50.92,,02/07/2025,France,paypal,pending
100330,5595.0,maison,9.79,eur,2026/01/08 12:26,Belgique,virement,pending
102659,5291.0,ELECTRONIQUE,40.36,EUR,06-23-2026,Francia,paypal,refunded
100052,5179.0,Sports,13.34,,08-17-2025,BELGIQUE,cheque,failed
101332,5595.0,Beaute,20.24,EUR,2025/11/18 11:56,Suisse,virement,completed
101934,5354.0,SPORT,265.05,EUR,null,BE,cheque,failed
100935,5140.0,BEAUTE,15.61,,06-Sep-2026,Etats-Unis,virement,COMPLETED 
100566,5590.0,sport,3.92,EUR,20-May-2025,Etats-Unis,virement,refunded
101854,5036.0,Sports,60.37,eur,2026/05/30 20:06,Suisse,cheque,COMPLETED 
102500,5355.0,Beaute,41.0,,14-May-2026,BE,carte_bancaire,refunded
101645,5509.0,Beaute,36.07,EUR,23/02/2026,BELGIQUE,carte_bancaire,completed
102185,5096.0, mode,97.52,EUR,07-27-2026,CH,virement,COMPLETED 
101792,5799.0,Beauté ,21.24,EUR,12/01/2026,BE,carte_bancaire,COMPLETED 
101430,5654.0,Ã‰lectronique,32.35,EUR,29/05/2026,USA,paypal,completed
102825,5647.0,ELECTRONIQUE,113.71,EUR,30/03/2025,Suisse,virement,Completed
101013,5565.0,Maison,13.19,EUR,unknown,États-Unis,virement,COMPLETED 
101928,5540.0,LIVRES,66.08,EUR,2025/10/26 15:36,Allemagne,virement,COMPLETED 
102319,5011.0, mode,9.11,USD,18/05/2026,CH,virement,pending
100126,5692.0,LIVRES,10.06,EUR,04-03-2025,BE,virement,refunded
102157,5757.0,Maison,18.43,EUR,2026/05/27 08:06,BELGIQUE,virement,failed
101347,5584.0,sport,56.88,EUR,2026/09/13 21:14,DE,carte_bancaire,failed
100355,5602.0,Livre,9.95,eur,06-29-2025,Etats-Unis,carte_bancaire,Completed
100827,5275.0,MODE,15.32,EUR,12-23-2025,ch,paypal,COMPLETED 
101639,5675.0, mode,4695.0,EUR,NULL,DE,paypal,refunded
100984,5175.0,Maison,24.45,EUR,25/03/2026,FRANCE,paypal,failed
100362,5630.0,electronique ,-22.24,EUR,18/02/2026,SUISSE,cheque,COMPLETED 
100345,5325.0,Mode,30.23,USD,07-10-2026,United States,virement,COMPLETED 
102124,5707.0,Mode,25.03,EUR,21-Aug-2025,DE,cheque,refunded
102620,5547.0,SPORT,$46.25,EUR,2026/08/28 14:02,fr,cheque,COMPLETED 
100711,5237.0,livres,"22,49€",EUR,2026/04/10 23:47,BELGIQUE,cheque,completed
102127,5371.0,Ã‰lectronique,66.88,EUR,2026/06/12 02:20,FR,unknown,failed
100010,5621.0,sport,16.17,USD,07-21-2025,be,cheque,COMPLETED 
102616,5498.0,LIVRES,12.67,EUR,null,Belgique,carte_bancaire,completed
101834,5188.0,Electronique,14.14,eur,2026/08/12 21:46,Belgique,carte_bancaire,pending
100793,5012.0,MODE,"7,78€",EUR,2026-07-09,GERMANY,unknown,failed
102848,5687.0,beauté,14.2,EUR,2026/06/16 18:24,DE,paypal,COMPLETED 
100094,5302.0,Electroniqe,17.24,EUR,27/04/2025,Allemagne,virement,Completed
101692,5338.0,Livre,"15,59€",EUR,22-Jun-2026,Belgique,paypal,failed
102309,5304.0,BEAUTE,54.54,EUR,26-Dec-2025,GERMANY,paypal,failed
100141,5736.0,MODE,42.18,EUR,21-Oct-2025,United States,paypal,Completed
101900,5512.0,Livres,45.94,EUR,2025-08-06,Etats-Unis,carte_bancaire,COMPLETED 
102467,5480.0,livres,25.38,EUR,2026-05-22,Etats-Unis,cheque,COMPLETED 
101932,5388.0,Beauté ,16.14,EUR,2025-04-17,Francia,virement,completed
102499,5087.0,Beauté ,33.32,EUR,06-20-2026,fr,paypal,completed
101865,5308.0,Electroniqe,5.49,EUR,08/06/2025,SUISSE,carte_bancaire,COMPLETED 
101658,5440.0,Électronique,$9.92,,2026/08/23 10:00,SUISSE,virement,completed
100516,5286.0,sport,38.51,USD,08-Aug-2025,ch,virement,COMPLETED 
101857,5198.0,Beaute,null,EUR,27/06/2025,Francia,cheque,pending
101277,5652.0,maison,34.95,EUR,02-14-2026,Belgique,paypal,completed
100950,5767.0,Sport,9870.0,EUR,2026-04-24,USA,paypal,Completed
101120,5501.0, mode,66.35,EUR,29-Jun-2026,US,carte_bancaire,failed
100419,5170.0,beauté,26.07,EUR,02/05/2025,CH,paypal,COMPLETED 
100922,5498.0,Beauté ,27.65,,2026-03-02,BELGIQUE,carte_bancaire,completed
100030,5785.0,Sports,3.27,EUR,30-Jun-2025,fr,cheque,refunded
100477,5091.0,electronique ,$32.46,EUR,08-Apr-2026,US,paypal,failed
102035,5192.0,Modes,294.03,EUR,2025/05/13 11:23,DE,cheque,failed
102245,5335.0,Beauté ,26.95,EUR,06-07-2025,SUISSE,cheque,COMPLETED 
100579,5733.0,maison,-53.74,EUR,07-10-2025,SUISSE,paypal,completed
102316,5547.0,Beauté ,$52.2,EUR,2026/01/11 19:59,Belgique,cheque,pending
101471,5306.0, mode,14.17,EUR,2025-12-20,US,virement,pending
101202,5135.0,SPORT,27.39,EUR,2026-02-09,DE,N/A,Completed
101669,5321.0,Sports,40.13,EUR,30/06/2026,SUISSE,virement,refunded
100009,5168.0,Mode,29.22,EUR,05/08/2025,FRANCE,virement,completed
100873,5768.0,Electroniqe,41.85,EUR,21/08/2025,US,carte_bancaire,completed
100820,5057.0,sport,15.4,eur,11/06/2026,BE,paypal,failed
101997,5106.0,Électronique,,eur,2026-03-27,de,cheque,completed
100104,5649.0,Beaute,10.44,EUR,2026-05-28,fr,cheque,pending
101248,5245.0,LIVRES,30.28,EUR,2026/07/05 04:03,Francia,cheque,refunded
102742,5783.0,Livres,$25.51,eur,2025-12-18,SUISSE,virement,pending
102694,5723.0,SPORT,33.13,EUR,2025-11-28,be,virement,refunded
101046,5266.0,beauté,44.13,EUR,22-May-2025,FR,cheque,Completed
101888,5603.0,MODE,16.02,EUR,2026/02/23 09:20,FRANCE,carte_bancaire,failed
100615,5728.0,sport,27.56,,11-11-2025,FR,-,refunded
101318,5624.0,BEAUTE,14.17,EUR,2025-05-18,Allemagne,paypal,refunded
100120,5688.0, mode,4.39,EUR,09-04-2026,United States,carte_bancaire,Completed
102136,5252.0,LIVRES,26.89,EUR,13/06/2026,de,virement,refunded
102534,5179.0,SPORT,16.85,EUR,2025/09/28 01:30,Etats-Unis,paypal,pending
101772,5317.0,MAISON ,$14.01,EUR,2025-09-13,de,paypal,COMPLETED 
101298,5221.0,maison,,EUR,2025-10-16,de,cheque,Completed
100131,5296.0,Electronique,26.09,EUR,2025/04/24 13:30,Allemagne,virement,COMPLETED 
100077,5485.0,Electronique,18.74,EUR,30/11/2025,FRANCE,carte_bancaire,pending
102052,5346.0,Mode,13.57,EUR,2026/09/01 15:21,GERMANY,cheque,pending
100724,5080.0, mode,28.61,EUR,2026-08-26,DE,virement,refunded
101314,5596.0,Electroniqe,24.76,EUR,25/07/2025,Allemagne,cheque,pending
101851,5670.0,LIVRES,121.24,,2025/08/11 17:06,Suisse,cheque,failed
102708,5274.0,Sport,,EUR,2025/12/07 03:56,be,cheque,failed
102562,5237.0,Sports,10.67,,04-13-2026,be,paypal,Completed
101372,5277.0,Livres,-7.14,EUR,01-Oct-2025,Belgique,cheque,failed
101855,5373.0,beauté,13.42,USD,01-28-2026,GERMANY,cheque,refunded
101319,5755.0,livres,20.73,EUR,19/05/2026,France,virement,COMPLETED 
102650,5535.0,BEAUTE,5840.0,EUR,06-01-2025,Belgique,carte_bancaire,COMPLETED 
102573,5282.0,Beaute,23.45,EUR,04-Jun-2025,United States,carte_bancaire,pending
100375,5660.0,Livres,n/a,USD,2025/05/01 03:50,Allemagne,paypal,failed
101908,5009.0,Beaute,8.38,EUR,04-26-2025,SUISSE,paypal,refunded
100333,5057.0,MAISON ,13.34,EUR,2025/05/22 00:48,United States,carte_bancaire,refunded
102323,5131.0,Mode,110.72,EUR,2025-04-17,DE,cheque,refunded
102373,5000.0,Maisons,38.54,EUR,2026-03-09,BELGIQUE,carte_bancaire,refunded
101604,5779.0,Sport,15.89,EUR,18/02/2026,Allemagne,paypal,Completed
101118,5423.0,Mode,"29,4€",EUR,2026/02/01 04:46,DE,virement,completed
100063,5795.0,Modes,48.53,EUR,26-Jan-2026,SUISSE,virement,COMPLETED 
101943,5390.0,Modes,n/a,EUR,09-10-2026,United States,virement,pending
102333,5048.0,LIVRES,17.79,EUR,01-Jan-2026,Belgique,cheque,pending
102599,5283.0,Livre,n/a,EUR,09/02/2026,US,paypal,refunded
101342,5746.0,maison,"36,35€",,09/06/2026,Allemagne,carte_bancaire,failed
100320,5707.0,sport,26.77,USD,2026/07/10 06:26,FR,paypal,COMPLETED 
100390,5280.0,Beauté ,68.97,eur,2026/08/29 16:02,Allemagne,paypal,pending
102628,5711.0,sport,16.47,USD,2026/08/17 05:23,BELGIQUE,virement,COMPLETED 
102060,5592.0,Sports,52.76,EUR,2026/01/20 03:23,Suisse,carte_bancaire,Completed
101673,5716.0,Livres,10.7,EUR,05-16-2026,SUISSE,cheque,refunded
101942,5441.0,Ã‰lectronique,31.26,EUR,2026/05/17 04:21,FR,paypal,failed
100260,5699.0,maison,10.65,,2026-07-19,CH,carte_bancaire,failed
102426,5505.0,beauté,41.05,USD,29/03/2025,Allemagne,carte_bancaire,refunded
102039,5072.0,BEAUTE,4.99,EUR,2026-03-27,États-Unis,virement,refunded
100689,5294.0,Livres,-999,EUR,14/04/2026,GERMANY,virement,COMPLETED 
100901,5463.0,Maisons,null,EUR,01/09/2025,CH,cheque,failed
102026,5555.0,Beaute,124.02,EUR,2026/01/25 18:50,FRANCE,cheque,failed
100138,5467.0,Beaute,51.02,EUR,17/05/2026,Suisse,cheque,completed
101917,,maison,14.03,EUR,2026/02/06 03:40,DE,virement,refunded
101828,5679.0,livres,22.45,EUR,2026/08/09 09:36,BE,carte_bancaire,completed
101573,5687.0,BEAUTE,7.24,EUR,31-Mar-2026,États-Unis,virement,completed
100319,5492.0,LIVRES,-21.82,EUR,NULL,FR,carte_bancaire,failed
100653,5218.0,electronique ,9.06,EUR,10/12/2025,US,virement,completed
102137,5728.0,maison,98.9,EUR,2025-08-17,Allemagne,virement,pending
102394,5676.0,sport,"22,76€",EUR,2026-02-13,Belgique,virement,Completed
100558,5171.0,Électronique,34.99,EUR,26-May-2026,ch,paypal,Completed
102187,5727.0,livres,19.3,EUR,05-11-2026,Suisse,carte_bancaire,COMPLETED 
100112,5478.0,beauté,25.9,USD,22-Dec-2025,France,virement,COMPLETED 
100531,5343.0,BEAUTE,5.5,eur,25-Mar-2026,Belgique,cheque,completed
100224,5670.0,Sports,,,24-Apr-2025,SUISSE,paypal,COMPLETED 
100723,5730.0,MAISON ,47.89,EUR,2026/02/01 19:13,CH,virement,Completed
102590,5161.0,Livres,74.72,EUR,04-23-2026,États-Unis,carte_bancaire,completed
102649,5266.0,Maisons,55.26,EUR,2026/01/11 15:30,DE,cheque,COMPLETED 
101433,5074.0,MAISON ,14.52,EUR,03-02-2026,BELGIQUE,carte_bancaire,refunded
102401,5109.0,Maisons,28.76,EUR,14/04/2026,BELGIQUE,cheque,pending
101458,5064.0,maison,78.32,EUR,10/05/2026,Suisse,virement,refunded
102784,5120.0,livres,15.82,,2026/06/05 08:09,SUISSE,N/A,completed
100846,5115.0,Sports,31.82,USD,2025-10-17,GERMANY,paypal,COMPLETED 
100193,5275.0,Livres,8.0,EUR,08-11-2026,fr,cheque,completed
101464,5546.0,MODE,14.55,EUR,31-May-2025,USA,virement,Completed
100946,5382.0,LIVRES,6.22,EUR,02-Sep-2026,DE,virement,pending
102021,5760.0,Electronique,31.49,USD,01-Jul-2026,BELGIQUE,carte_bancaire,pending
101629,5100.0,BEAUTE,52.85,EUR,2026-02-19,FR,virement,COMPLETED 
100117,5735.0,MAISON ,8.57,,2026-03-08,be,carte_bancaire,failed
100645,5669.0, mode,19.19,EUR,12-17-2025,de,cheque,pending
101870,5330.0,livres,9.07,EUR,2026-05-10,FRANCE,virement,Completed
100003,5721.0,Electronique,96.61,EUR,07-24-2025,Suisse,paypal,failed
100074,5525.0,Beaute,2.32,,2026-03-17,Belgique,virement,completed
101139,5554.0,Modes,84.46,EUR,08-05-2026,BELGIQUE,paypal,completed
100467,5506.0,sport,48.51,EUR,07-Apr-2026,BE,virement,refunded
100005,5410.0,Maison,9935.0,EUR,29-Mar-2026,de,paypal,failed
101246,5171.0,sport,"25,3€",EUR,2025-05-04,BELGIQUE,paypal,completed
100919,5559.0,livres,14605.0,EUR,04-22-2026,Belgique,virement,failed
100228,5475.0,Beauté ,12.89,EUR,18-Jun-2025,France,paypal,Completed
101063,5104.0,Electronique,5.13,eur,2026/02/19 22:11,États-Unis,cheque,completed
100474,5426.0,Sports,"38,65€",eur,2026-01-04,SUISSE,paypal,COMPLETED 
102351,5147.0,Sport,42.75,EUR,15/07/2025,BE,virement,refunded
100176,5602.0,maison,2.59,EUR,2025-11-14,Suisse,cheque,failed
102591,5066.0,MODE,,EUR,02/03/2026,GERMANY,paypal,refunded
101526,5590.0,Maisons,133.77,EUR,14/08/2025,United States,cheque,failed
101605,5760.0,Mode,10.4,EUR,28-Jun-2026,FR,paypal,Completed
100019,,livres,-74.15,EUR,04/03/2026,USA,virement,refunded
102399,5207.0,Electronique,26.11,EUR,24/02/2026,FRANCE,cheque,Completed
102623,5764.0,electronique ,87.31,EUR,22/12/2025,ch,virement,Completed
101989,5501.0,SPORT,$36.19,EUR,2026-07-09,USA,carte_bancaire,pending
102424,5637.0,Maison,6.18,EUR,22/04/2025,États-Unis,virement,completed
102128,5025.0,Maisons,17.29,,2025-11-08,ch,virement,COMPLETED 
101761,5472.0,MAISON ,47.84,eur,2026/04/07 11:24,BELGIQUE,carte_bancaire,pending
101305,5186.0,Mode,10.93,EUR,06-Jan-2026,CH,paypal,refunded
101541,5040.0, mode,120.91,EUR,14/09/2025,BELGIQUE,cheque,Completed
100622,5276.0,Ã‰lectronique,133.46,EUR,2025/07/07 07:06,Belgique,carte_bancaire,COMPLETED 
102836,5011.0,Électronique,136.15,EUR,04-Apr-2025,États-Unis,carte_bancaire,refunded
101493,5645.0,Maison,28.97,eur,2025-08-21,FR,carte_bancaire,Completed
100110,5502.0,Mode,"4,36€",EUR,2026-07-16,FRANCE,paypal,failed
100127,5177.0,BEAUTE,11.45,EUR,2026-09-12,Allemagne,cheque,COMPLETED 
101169,5608.0,Beaute,52.88,EUR,2025-09-04,FRANCE,cheque,refunded
102535,5316.0,maison,18.81,EUR,2026/04/01 13:59,be,cheque,pending
100232,5332.0,MAISON ,25.56,EUR,2026-02-12,CH,paypal,refunded
100066,5302.0,Maisons,$22.99,EUR,27-Jul-2025,be,virement,pending
100092,5207.0,Livres,-43.66,EUR,,FRANCE,cheque,refunded
102072,5791.0,sport,26.57,EUR,2026-08-06,Francia,virement,COMPLETED 
102192,5257.0,sport,151.7,EUR,2026-09-08,Suisse,-999,failed
100536,5601.0,MODE,11.31,EUR,23/06/2025,CH,carte_bancaire,pending
100125,5753.0,Livres,176.16,EUR,2025/09/17 08:09,DE,virement,failed
102133,5612.0,Électronique,41.79,,2025/06/13 09:00,France,,pending
101131,5139.0,MODE,74.06,EUR,07-27-2026,Allemagne,virement,completed
102560,5488.0,livres,9.85,EUR,07-30-2025,be,carte_bancaire,Completed
101976,5624.0,electronique ,67.47,EUR,17/05/2026,Allemagne,NULL,failed
102536,5618.0,Beaute,59.04,EUR,2025-04-19,de,carte_bancaire,completed
102398,5763.0,beauté,29.56,USD,2026/06/29 19:36,BE,carte_bancaire,COMPLETED 
102075,5702.0,Beauté ,18.46,eur,25/01/2026,United States,cheque,failed
100484,5138.0,electronique ,"12,42€",EUR,04/07/2026,FR,carte_bancaire,COMPLETED 
101654,5286.0,electronique ,33.27,USD,30-Dec-2025,USA,carte_bancaire,completed
102758,5429.0,SPORT,,EUR,26-Apr-2026,Belgique,carte_bancaire,COMPLETED 
102337,5471.0,maison,25.66,eur,-,be,cheque,failed
102477,5319.0,Modes,90.73,EUR,2025-07-15,fr,carte_bancaire,refunded
101774,5197.0,Beaute,12.58,EUR,17/08/2026,Etats-Unis,virement,COMPLETED 
100918,5012.0,Livres,16.42,EUR,29-Mar-2026,Suisse,virement,pending
101646,5245.0,Livre,20.73,EUR,06-Aug-2025,fr,virement,pending
101026,5172.0,Mode,25.39,,25/03/2025,FRANCE,paypal,refunded
101030,5667.0,Mode,19.46,EUR,08/08/2025,FRANCE,carte_bancaire,failed
100882,5102.0,sport,15.79,eur,28-Mar-2025,de,cheque,Completed
101335,5425.0,Mode,$18.11,EUR,2025-07-31,US,carte_bancaire,refunded
102290,5255.0,BEAUTE,,EUR,08-27-2026,FRANCE,paypal,refunded
100364,5031.0,Maisons,45.66,EUR,10-20-2025,BELGIQUE,paypal,pending
102125,5663.0,Beauté ,40.14,,2026/09/10 01:45,CH,virement,refunded
100027,5196.0,Sports,34.4,EUR,05-15-2025,be,cheque,completed
100473,5737.0,Mode,83.95,EUR,2025/07/15 02:22,be,paypal,COMPLETED 
100525,5640.0,Sport,,,2026-05-10,FRANCE,virement,COMPLETED 
100725,5665.0,Sport,,,2026-09-22,fr,virement,pending
100055,5645.0,beauté,56.72,EUR,20-Feb-2026,Suisse,cheque,completed
100638,5481.0,livres,7.68,eur,2026-01-10,SUISSE,cheque,failed
102761,5215.0,Sport,48.07,EUR,06-23-2026,de,paypal,refunded
102688,5196.0,sport,48.48,EUR,?,CH,virement,failed
101276,5664.0,Beauté ,197.83,EUR,25-Sep-2025,be,paypal,completed
102717,5308.0,Beaute,54.42,EUR,16-Sep-2025,FRANCE,virement,refunded
100624,5597.0,Ã‰lectronique,102.91,EUR,01-11-2026,US,paypal,refunded
102055,5492.0,Beauté ,"11,74€",,11-Dec-2025,de,paypal,Completed
101354,5033.0,Électronique,27.67,EUR,28-Apr-2025,CH,cheque,Completed
101049,5091.0,beauté,84.95,EUR,16-Apr-2025,FRANCE,carte_bancaire,pending
100336,5404.0,livres,11.67,EUR,07-23-2025,DE,paypal,failed
100047,5155.0,MODE,null,,23/08/2025,Francia,cheque,Completed
100106,5616.0,MODE,133.96,EUR,23-May-2025,fr,virement,Completed
101079,,maison,52.73,EUR,19/07/2025,be,virement,Completed
102286,5498.0,Livre,49.65,EUR,2026-02-11,be,virement,refunded
102261,5621.0, mode,35.3,EUR,?,CH,paypal,refunded
101144,5165.0,Sport,20.99,EUR,2025/10/12 11:18,Allemagne,virement,refunded
102458,5541.0,MODE,38.46,EUR,2026/06/21 08:36,DE,paypal,failed
102296,5291.0,Electronique,17875.0,EUR,15/06/2026,de,cheque,Completed
100339,5648.0,Beaute,8.76,EUR,03-28-2025,BE,virement,completed
101753,5468.0,Sport,4.72,EUR,11/09/2025,Belgique,virement,Completed
101101,5798.0,Electroniqe,?,EUR,2025/05/29 18:34,États-Unis,cheque,refunded
101968,5384.0,Beaute,20.59,,06/08/2025,GERMANY,cheque,COMPLETED 
100523,5342.0,Electroniqe,41.0,,25/05/2026,BELGIQUE,carte_bancaire,refunded
102280,5126.0,electronique ,5.19,eur,2025-08-03,États-Unis,paypal,pending
101428,5779.0,Maisons,20.1,EUR,08-09-2025,BELGIQUE,cheque,completed
102687,5745.0,MAISON ,,EUR,2025/04/08 22:03,FR,cheque,pending
100603,5312.0,Livres,83.1,EUR,12/05/2026,US,carte_bancaire,completed
101489,5089.0,livres,76.43,EUR,2025/04/16 00:53,Suisse,carte_bancaire,Completed
102423,5562.0,Sports,23.59,EUR,11-25-2025,DE,virement,Completed
100060,5082.0,Maisons,15.94,EUR,09-16-2026,États-Unis,carte_bancaire,refunded
101271,5251.0,Beauté ,100.14,EUR,11/03/2026,États-Unis,virement,failed
100671,5493.0,Mode,3.8,USD,07-Jul-2026,de,cheque,failed
100092,5341.0,Electroniqe,13.04,EUR,2026-05-31,ch,cheque,COMPLETED 
100666,5025.0,livres,19.5,EUR,05-30-2026,CH,paypal,refunded
101887,5126.0,Modes,$35.93,EUR,01/09/2025,FRANCE,paypal,refunded
100280,5465.0,Electronique,27.17,EUR,2026/04/20 18:44,Suisse,virement,pending
101719,5480.0,LIVRES,16.58,EUR,04-25-2026,SUISSE,carte_bancaire,pending
100359,5495.0,LIVRES,11.65,EUR,2025/11/16 19:04,ch,virement,Completed
100899,5554.0,Modes,"11,76€",EUR,01-Feb-2026,CH,cheque,failed
101935,5164.0,Sport,6.34,EUR,09-19-2026,GERMANY,N/A,refunded
101994,5519.0,Ã‰lectronique,33.66,EUR,28/04/2026,Etats-Unis,cheque,pending
102384,5328.0,Mode,25.27,USD,2025/04/27 02:27,fr,cheque,Completed
100760,5227.0,SPORT,14.61,EUR,12-May-2026,DE,?,COMPLETED 
102158,5669.0,Électronique,77.75,EUR,2026/01/27 16:27,de,carte_bancaire,COMPLETED 
102703,5383.0,Electroniqe,30820.0,EUR,26/07/2025,Allemagne,cheque,COMPLETED 
100042,5718.0,Maison,22.11,EUR,2025/07/26 15:11,Belgique,paypal,failed
102173,5045.0,beauté,28.12,EUR,14-Aug-2026,US,virement,Completed
100204,5076.0,Electronique,-7.1,EUR,2025-12-14,USA,carte_bancaire,pending
101473,5484.0,MAISON ,"24,86€",eur,2026/08/11 23:03,GERMANY,carte_bancaire,failed
102100,5172.0,Beaute,34.42,USD,14/01/2026,FRANCE,carte_bancaire,failed
100068,5390.0,LIVRES,"33,97€",EUR,09-12-2025,BELGIQUE,carte_bancaire,Completed
101875,5386.0,beauté,86.15,eur,2026-03-16,Suisse,carte_bancaire,COMPLETED 
102451,5617.0,Electroniqe,11.6,EUR,10-Oct-2025,United States,cheque,refunded
102231,5376.0,Ã‰lectronique,49.98,EUR,2025-10-03,Suisse,cheque,COMPLETED 
100137,5549.0, mode,18.36,eur,2026/05/14 07:41,GERMANY,carte_bancaire,COMPLETED 
100796,5785.0,Electroniqe,23.67,EUR,2025-11-06,ch,-,pending
102180,5164.0, mode,10340.0,EUR,2025-05-04,de,virement,failed
102128,5304.0,Sports,46.7,USD,03-27-2026,SUISSE,paypal,Completed
100758,5386.0,Livre,"11,33€",EUR,-999,Suisse,carte_bancaire,COMPLETED 
100541,5283.0,Mode,"8,88€",EUR,09-03-2026,Suisse,paypal,COMPLETED 
101019,5329.0,LIVRES,-35.94,EUR,-,France,cheque,Completed
102360,5087.0,Mode,9.71,USD,07-01-2026,ch,paypal,COMPLETED 
100165,5709.0,Électronique,35.57,EUR,01-May-2025,be,paypal,refunded
100248,5582.0,Livre,-120.17,EUR,26/03/2026,US,carte_bancaire,COMPLETED 
101331,5584.0,Maisons,73.47,EUR,22/06/2025,DE,virement,failed
102017,5348.0,Livres,$4.04,EUR,2025-06-13,FR,paypal,Completed
100446,5518.0,Électronique,34.12,EUR,04-21-2026,GERMANY,virement,pending
101358,5344.0,Beaute,6.48,EUR,15-Jul-2026,Francia,paypal,failed
100755,5301.0,Maisons,-999,,2026-07-01,fr,carte_bancaire,COMPLETED 
101329,5228.0,BEAUTE,42.1,EUR,NULL,FRANCE,virement,Completed
100146,5664.0,Modes,30.94,,17/10/2025,FRANCE,virement,Completed
102150,5357.0,sport,20.94,EUR,17/10/2025,Suisse,cheque,completed
100434,5781.0,Electronique,,USD,2026/01/01 10:59,United States,carte_bancaire,completed
102122,,livres,24.11,EUR,30-Mar-2025,SUISSE,carte_bancaire,COMPLETED 
100577,5245.0,Maisons,49.1,EUR,13-Dec-2025,fr,virement,completed
102463,5523.0, mode,"8,05€",EUR,2025/09/30 17:05,Belgique,cheque,pending
100291,5675.0,Ã‰lectronique,7870.0,EUR,2026/05/20 01:53,Belgique,paypal,pending
101848,5512.0,Maisons,58.7,EUR,24-May-2025,be,virement,COMPLETED 
100762,5085.0,Modes,245.69,,05-13-2026,États-Unis,paypal,failed
100388,5598.0,Sports,57.71,EUR,08-20-2026,BE,virement,refunded
100235,5187.0,LIVRES,43.4,EUR,28-May-2025,be,paypal,pending
102685,5344.0,Sport,32.61,EUR,07-22-2026,fr,paypal,completed
101984,5700.0,Livres,,eur,04-19-2025,Suisse,carte_bancaire,Completed
100267,5529.0,Maisons,6.77,EUR,15/09/2026,CH,virement,completed
100770,5606.0,BEAUTE,46.39,EUR,20/02/2026,GERMANY,paypal,refunded
102165,5203.0,electronique ,9.84,EUR,07-22-2026,de,virement,completed
100437,5516.0,Livre,7.08,EUR,01/07/2026,DE,cheque,completed
100673,5580.0,MAISON ,17.56,EUR,09-07-2025,FRANCE,paypal,Completed
100249,5670.0,Maison,35.32,EUR,2025/09/04 02:40,DE,virement,COMPLETED 
102201,5005.0,BEAUTE,20.66,EUR,2025/04/09 01:36,GERMANY,virement,COMPLETED 
101574,5557.0,Beaute,37.33,EUR,09-28-2025,BELGIQUE,carte_bancaire,completed
102142,5190.0,Mode,28.67,EUR,2026/09/17 01:22,FR,cheque,pending
102081,5155.0,Mode,42.14,EUR,07-Nov-2025,Belgique,null,COMPLETED 
102698,5709.0,LIVRES,42.94,EUR,11/10/2025,France,virement,COMPLETED 
102647,5532.0,Mode,6.92,EUR,2026/04/12 03:04,Francia,virement,completed
102822,5314.0,Électronique,$23.48,EUR,12-01-2025,be,carte_bancaire,pending
100448,5704.0,ELECTRONIQUE,"15,45€",EUR,2026/06/21 15:09,Belgique,unknown,Completed
101469,5056.0,Sports,36.6,,,US,paypal,COMPLETED 
100716,5161.0,Maison,27.19,EUR,2025-04-14,be,cheque,Completed
102470,5297.0,Modes,$64.44,USD,2026-02-08,BELGIQUE,virement,pending
100135,5381.0, mode,10.34,EUR,16-Aug-2025,DE,virement,Completed
102048,5476.0,Ã‰lectronique,18.26,EUR,2025-09-22,de,carte_bancaire,refunded
101901,5028.0,beauté,18.17,eur,11/05/2026,DE,carte_bancaire,Completed
101168,5197.0,LIVRES,41.9,EUR,28-Mar-2025,GERMANY,cheque,failed
100082,5694.0,Beauté ,92.77,EUR,NULL,Suisse,paypal,Completed
102497,5192.0, mode,19.07,EUR,07-Aug-2025,Suisse,paypal,Completed
101460,5260.0,LIVRES,21.66,EUR,10-05-2025,Allemagne,paypal,completed
101893,5095.0,BEAUTE,22.23,EUR,2026/02/18 12:33,USA,paypal,failed
101668,5225.0,Maison,52.28,EUR,11/01/2026,USA,virement,pending
102000,5608.0,Modes,"13,36€",EUR,10/06/2025,SUISSE,carte_bancaire,refunded
100475,5331.0,Mode,?,EUR,2026/08/01 07:09,US,carte_bancaire,completed
102833,5136.0,Livres,10.18,EUR,07-May-2025,France,paypal,COMPLETED 
100404,5152.0,Livre,16.36,EUR,02/06/2026,Belgique,carte_bancaire,pending
100384,5135.0,BEAUTE,12.39,EUR,30/10/2025,Suisse,carte_bancaire,Completed
102507,5666.0,LIVRES,75.2,EUR,2026/03/05 19:03,Allemagne,paypal,pending
102152,5683.0,livres,25.0,EUR,04-23-2025,BE,paypal,pending
101633,5679.0,sport,61.99,EUR,08/07/2026,États-Unis,virement,pending
100094,5625.0,Livre,32.84,EUR,06-06-2025,France,paypal,failed
100688,5244.0,Electroniqe,"46,52€",EUR,07-28-2025,BELGIQUE,cheque,refunded
101240,5130.0,Livres,17.44,EUR,04-23-2025,Belgique,paypal,failed
100062,5391.0,beauté,9.06,EUR,22-Jan-2026,DE,paypal,pending
102225,5129.0,electronique ,13.82,EUR,04-30-2025,France,virement,pending
102834,5194.0,Electroniqe,19.71,EUR,2025-08-12,Francia,paypal,failed
102552,5371.0,MAISON ,,EUR,17/03/2026,de,cheque,failed
101262,5203.0,electronique ,39.84,EUR,19/05/2025,ch,paypal,failed
100223,5012.0,Livre,"5,75€",EUR,2026-05-07,BE,carte_bancaire,Completed
102193,5720.0,Beaute,7.19,EUR,22/04/2025,Allemagne,virement,failed
100373,5493.0,Sport,58.17,EUR,2026/03/26 01:18,GERMANY,cheque,pending
100361,5100.0,livres,28.55,EUR,05-Aug-2026,fr,cheque,pending
102614,5371.0,electronique ,42.05,eur,01/01/2026,de,virement,pending
101836,5406.0,beauté,$118.23,EUR,2025-07-24,GERMANY,cheque,Completed
102676,5670.0,Maison,,EUR,21/06/2025,ch,-999,Completed
102766,5607.0,SPORT,23.8,EUR,2025/05/13 18:47,DE,virement,completed
100009,5114.0,MAISON ,39.98,EUR,2025/04/09 03:51,Belgique,carte_bancaire,completed
101944,5152.0,Maisons,-42.92,EUR,03-12-2026,FR,cheque,completed
101838,5273.0,Livre,23.81,EUR,21/05/2025,BELGIQUE,paypal,pending
100708,5009.0,MODE,3.77,EUR,28-Aug-2025,DE,virement,Completed
102593,5688.0,Beaute,15.87,EUR,2026/09/20 06:25,United States,paypal,completed
101617,5103.0,sport,12.47,EUR,2026-03-02,États-Unis,paypal,Completed
100389,5701.0,SPORT,7300.0,EUR,2026-03-29,ch,,completed
101581,5043.0,LIVRES,68.98,EUR,04-Aug-2026,fr,paypal,Completed
100924,5131.0,Maisons,?,EUR,12/03/2026,SUISSE,paypal,pending
102036,5385.0,Electroniqe,34.92,EUR,2026-04-24,Etats-Unis,cheque,COMPLETED 
102475,5054.0,Mode,46.97,eur,2025/06/08 02:01,de,,completed
101224,5065.0,Electroniqe,20.76,EUR,2026/05/21 00:37,Allemagne,paypal,pending
101860,5094.0,Beaute,34.45,EUR,2026/09/18 11:50,DE,virement,failed
100739,5151.0,Beauté ,61.13,EUR,09-22-2025,BE,N/A,failed
100040,5443.0,Maisons,47.69,EUR,13-Apr-2026,USA,virement,Completed
100868,5717.0,LIVRES,44.38,EUR,11/06/2025,DE,cheque,completed
100539,5383.0,Maison,"14,6€",EUR,2025/05/25 13:24,fr,cheque,refunded
102587,5589.0,Livre,"20,44€",EUR,28-Mar-2025,USA,NULL,refunded
101371,5464.0,Modes,"114,5€",EUR,2025/11/25 20:45,CH,carte_bancaire,failed
101145,5200.0,Beaute,24.88,EUR,04-22-2026,FR,carte_bancaire,refunded
101031,5387.0,LIVRES,5.46,,27/06/2025,BE,paypal,refunded
100372,5289.0,maison,90.56,EUR,05-04-2026,Etats-Unis,virement,completed
100667,5266.0,Livres,94.97,,2025-07-25,Belgique,carte_bancaire,Completed
100357,5609.0,beauté,18.92,EUR,08-16-2025,de,carte_bancaire,pending
100967,5698.0,beauté,124.07,eur,2026-07-21,FRANCE,virement,Completed
101353,5700.0,LIVRES,$48.58,EUR,06-14-2026,Francia,cheque,pending
101035,5413.0,Electronique,101.15,EUR,2026/05/30 09:48,FR,virement,refunded
100470,5594.0,MODE,$19.15,EUR,2025/11/02 00:43,US,cheque,pending
101396,5491.0,Maisons,7.3,EUR,26-Apr-2026,France,virement,refunded
102705,5040.0,Sport,62.84,EUR,16-Apr-2025,SUISSE,virement,pending
101549,5520.0,LIVRES,74.01,EUR,2026/03/08 00:34,US,cheque,pending
102644,5702.0,Livres,110.53,EUR,2026-06-10,de,paypal,completed
102094,5420.0,Sport,,EUR,23/06/2025,France,carte_bancaire,failed
101555,5393.0,Livres,34.15,EUR,2026/05/30 14:55,be,virement,failed
100336,5194.0,Électronique,40.33,EUR,2025-11-27,USA,carte_bancaire,Completed
101250,5541.0,Sports,,EUR,2025/12/26 11:52,ch,cheque,failed
101699,5393.0,Modes,28.84,,29/11/2025,US,paypal,completed
101252,5065.0,sport,4.08,EUR,2026-01-21,Belgique,paypal,pending
100015,5234.0,MAISON ,18.6,EUR,06-06-2025,Suisse,paypal,refunded
100079,5285.0,beauté,4.1,,08-05-2025,Allemagne,NULL,COMPLETED 
102815,5799.0,SPORT,26.94,EUR,2025-08-10,Etats-Unis,virement,failed
100814,5375.0,SPORT,$62.09,EUR,2026-01-30,BELGIQUE,paypal,pending
101852,5500.0,livres,8.38,EUR,07-03-2025,Francia,virement,Completed
102220,5056.0,Maison,17.77,EUR,05-21-2025,Francia,paypal,completed
102710,5148.0,Ã‰lectronique,11.74,EUR,14/06/2025,be,carte_bancaire,refunded
102105,5333.0,SPORT,107.6,EUR,23/08/2026,Etats-Unis,carte_bancaire,Completed
100133,5437.0,BEAUTE,N/A,EUR,2026-08-24,BE,cheque,refunded
101140,5441.0,Sport,18.77,EUR,05-06-2026,BE,virement,completed
100933,5346.0,Électronique,3.39,EUR,04-Jun-2025,FRANCE,cheque,Completed
100928,5149.0,MAISON ,100.38,USD,2026/04/28 20:32,CH,paypal,Completed
100823,5000.0,Maisons,17.7,USD,06-16-2026,USA,virement,Completed
101531,5504.0,MAISON ,4.99,EUR,2026/08/07 16:07,CH,carte_bancaire,COMPLETED 
101214,5412.0, mode,NULL,EUR,04-26-2026,be,cheque,refunded
100504,5466.0,Sport,13.66,USD,2025-04-07,de,carte_bancaire,failed
100152,5653.0,Livre,13.3,EUR,11-18-2025,France,-999,COMPLETED 
102395,5740.0,Maisons,6.65,EUR,21-Feb-2026,Belgique,carte_bancaire,failed
101996,5109.0,livres,23.95,EUR,14-Feb-2026,DE,carte_bancaire,pending
102434,5461.0,sport,30.05,EUR,26-Jun-2026,FR,carte_bancaire,completed
101958,5747.0,SPORT,63.46,EUR,2026-01-07,BE,carte_bancaire,COMPLETED 
101384,5148.0,MODE,47.84,EUR,-,BE,virement,COMPLETED 
100894,5205.0,Livres,85.11,EUR,10/07/2025,be,carte_bancaire,COMPLETED 
100828,5005.0,Sport,16.81,EUR,10/02/2026,CH,cheque,completed
101411,5167.0,MAISON ,40.47,EUR,06-10-2025,Belgique,cheque,pending
101683,5325.0,SPORT,32.85,EUR,16/09/2026,United States,,completed
102653,5437.0,Mode,62.02,EUR,-999,GERMANY,cheque,failed
101304,5065.0,LIVRES,57.24,EUR,01/04/2025,USA,carte_bancaire,failed
102589,5237.0,Beaute,23.17,EUR,11-19-2025,SUISSE,virement,refunded
100652,5465.0,Electroniqe,$19.26,EUR,2026/08/21 03:12,USA,paypal,completed
100172,5654.0,Maisons,22.89,EUR,2025/12/07 15:51,Allemagne,virement,failed
100038,5110.0,Beaute,7.42,EUR,2026-07-08,GERMANY,cheque,refunded
102787,5079.0,LIVRES,26.49,USD,2026/08/25 07:28,DE,virement,completed
100713,5444.0,beauté,,EUR,12-22-2025,FR,carte_bancaire,completed
100090,5351.0,Livres,26.77,,2025/05/22 21:13,Belgique,paypal,failed
100393,5456.0,Électronique,$127.53,EUR,01-17-2026,France,cheque,COMPLETED 
101205,5724.0,MAISON ,25.45,EUR,09-Sep-2025,Belgique,virement,pending
102549,5680.0,Modes,-160.71,EUR,18-Jun-2025,USA,-999,pending
102664,5143.0,Beauté ,$37.22,EUR,30/06/2026,Allemagne,?,Completed
101827,5673.0,Livre,87.34,eur,28-Jun-2025,de,cheque,Completed
101155,5645.0,LIVRES,-999,EUR,2025/12/14 18:34,FR,virement,Completed
101324,5231.0,livres,-999,EUR,2026/05/17 10:39,DE,virement,failed
100216,5107.0,ELECTRONIQUE,$12.24,eur,01-22-2026,USA,carte_bancaire,completed
100095,5348.0,sport,31.29,EUR,2025-07-17,de,cheque,completed
101680,5079.0,ELECTRONIQUE,35.28,EUR,2025-12-24,FRANCE,virement,Completed
100499,5736.0,livres,7.07,USD,06-01-2025,de,paypal,Completed
102555,5226.0,Mode,39.69,EUR,2026/07/31 17:31,FR,virement,refunded
101856,5608.0,Sport,85.9,EUR,05-12-2026,USA,paypal,refunded
101388,5775.0,LIVRES,25.25,EUR,2025/06/07 20:12,GERMANY,virement,failed
101519,5552.0,Maison,130.15,EUR,2026-03-14,BE,paypal,Completed
102386,5282.0,Electronique,19.94,eur,14/07/2026,USA,virement,failed
102804,5306.0,maison,22.51,USD,2026-04-03,CH,cheque,COMPLETED 
102076,5712.0,livres,42.7,EUR,2025/07/23 00:08,Belgique,carte_bancaire,pending
101540,5167.0,Electroniqe,23.93,,2026/06/29 19:38,USA,paypal,refunded
101217,5081.0,Maisons,$31.53,EUR,07-31-2025,DE,carte_bancaire,Completed
101416,5457.0,Beaute,NULL,,2026-03-22,France,paypal,failed
102217,5664.0,electronique ,23.11,EUR,2026/03/05 22:39,GERMANY,cheque,completed
102596,5195.0,Maisons,14.21,EUR,05-10-2025,SUISSE,paypal,refunded
101676,5004.0,Electronique,73.36,EUR,2026/01/30 02:36,Belgique,carte_bancaire,COMPLETED 
101197,,Maison,40.34,EUR,22-Jun-2026,FRANCE,cheque,COMPLETED 
101542,,LIVRES,109.41,EUR,2025/09/30 01:56,FR,paypal,completed
102012,5032.0,SPORT,89.96,EUR,07-Jun-2026,SUISSE,cheque,completed
100750,5740.0,livres,,USD,16-Sep-2025,FRANCE,paypal,completed
100234,5702.0,Beauté ,168.94,EUR,30/07/2025,ch,paypal,Completed
100732,5518.0,SPORT,,,08-07-2026,Belgique,virement,completed
100794,5461.0,BEAUTE,9.27,USD,2025/08/22 02:34,ch,carte_bancaire,failed
101156,5114.0,Électronique,13.21,EUR,2025/11/20 21:22,de,carte_bancaire,completed
102652,5320.0,ELECTRONIQUE,38.85,EUR,09-Sep-2025,Francia,,pending
102445,5063.0,Electronique,31.1,EUR,17-May-2026,ch,cheque,COMPLETED 
101209,5790.0,Maison,118.47,EUR,12-28-2025,fr,carte_bancaire,Completed
101065,5512.0,Sport,,EUR,2025/08/21 10:23,BE,carte_bancaire,completed
102156,5104.0,Maison,17.5,EUR,11-16-2025,DE,virement,pending
101062,5654.0,ELECTRONIQUE,68.99,EUR,05-07-2025,BE,virement,Completed
101167,5523.0,Électronique,40.75,EUR,02-15-2026,FR,virement,pending
101492,5351.0,Livres,"14,76€",EUR,21-Sep-2026,CH,carte_bancaire,refunded
102550,5787.0,electronique ,5.89,EUR,16-Aug-2026,US,carte_bancaire,pending
100884,5588.0,Livre,45.32,EUR,07-30-2026,be,virement,refunded
100143,5296.0,MODE,28.97,EUR,2026/07/14 13:18,CH,virement,COMPLETED 
101241,5609.0,Modes,20.43,EUR,26/12/2025,SUISSE,carte_bancaire,refunded
101969,5495.0,maison,14.0,EUR,2026/07/14 12:38,GERMANY,cheque,failed
101726,5267.0,MODE,28.09,EUR,11-15-2025,FR,paypal,COMPLETED 
100077,5396.0,Ã‰lectronique,29.76,EUR,03/06/2025,Etats-Unis,cheque,failed
100614,5177.0,Mode,18.21,USD,12-16-2025,SUISSE,cheque,COMPLETED 
100264,5677.0,Maisons,19.54,EUR,2026/06/23 08:53,de,carte_bancaire,pending
100075,5082.0,maison,NULL,EUR,10-26-2025,de,cheque,Completed
102831,5317.0,Livres,15.74,EUR,2026-08-08,FRANCE,paypal,failed
100395,5374.0,BEAUTE,?,EUR,27/08/2025,CH,paypal,failed
102624,5235.0,LIVRES,35.47,EUR,12-Feb-2026,France,virement,failed
102224,5268.0,Livre,13.67,EUR,2025/08/18 13:23,Suisse,virement,pending
100034,5404.0,Maisons,2.07,eur,2026-05-24,BELGIQUE,cheque,completed
100396,5647.0,sport,"5,25€",EUR,2025/11/14 05:37,Belgique,paypal,completed
101365,5118.0,Électronique,21.27,,20/08/2025,États-Unis,carte_bancaire,Completed
102577,5339.0,Sports,60.17,EUR,18/05/2025,FR,cheque,failed
101903,5127.0,Électronique,34.22,EUR,2025-05-07,GERMANY,carte_bancaire,refunded
100595,5372.0,beauté,15.5,EUR,07-18-2026,FR,virement,Completed
102109,5057.0,Sport,42.22,EUR,28/06/2026,CH,paypal,completed
101296,5418.0,Sports,N/A,EUR,19-Aug-2026,United States,virement,completed
101821,5428.0,MAISON ,26.29,USD,01-10-2026,SUISSE,cheque,Completed
100872,5327.0,BEAUTE,n/a,USD,24-Jun-2025,CH,paypal,Completed
100147,,electronique ,8.02,EUR,01-16-2026,Allemagne,carte_bancaire,COMPLETED 
102326,5244.0,Livre,9.18,EUR,28/10/2025,fr,virement,Completed
101548,5800.0,maison,48.89,EUR,13-Aug-2026,USA,virement,completed
100036,5431.0,Maison,29.61,eur,2026-06-20,Allemagne,virement,completed
100074,5322.0,Beaute,26.64,,03-24-2025,de,null,completed
102143,5654.0,Electronique,30.56,EUR,25/07/2025,Suisse,virement,refunded
102635,5705.0,MODE,64.35,EUR,28/08/2026,US,cheque,completed
101112,5210.0,Livre,2.77,EUR,23-Aug-2026,de,-999,Completed
101571,5424.0,Beaute,7.93,EUR,10/03/2026,BE,paypal,refunded
101122,5685.0,Livre,43.59,,14/06/2026,DE,carte_bancaire,Completed
102239,5492.0,maison,45.5,,30-Jul-2026,US,virement,pending
102504,5711.0,sport,9.24,eur,2025-08-17,CH,paypal,failed
102282,5434.0,Beauté ,16.56,EUR,07/05/2026,FR,carte_bancaire,Completed
100675,5734.0,maison,12.18,EUR,20/02/2026,CH,carte_bancaire,Completed
100728,5547.0,Sports,15.09,EUR,14/04/2025,de,paypal,failed
102569,5072.0,SPORT,6.17,EUR,2026/03/27 05:47,SUISSE,virement,Completed
101516,5365.0,Électronique,95.78,EUR,01/02/2026,be,carte_bancaire,failed
101649,5573.0,ELECTRONIQUE,252.3,EUR,2025-09-19,Allemagne,paypal,COMPLETED 
100825,5453.0,maison,-90.74,EUR,12-20-2025,FR,paypal,pending
100616,5311.0,Electronique,27.07,,2026/05/06 06:56,DE,virement,pending
100114,5531.0,Maison,20.63,EUR,2026/08/05 13:31,de,paypal,Completed
100417,5755.0,Livres,27.22,EUR,12-09-2025,France,paypal,Completed
101625,5505.0,beauté,,EUR,2025/04/25 15:37,Suisse,carte_bancaire,pending
100045,5551.0,electronique ,"840,18€",USD,2026-08-08,Allemagne,virement,COMPLETED 
100089,5608.0,Beauté ,38.94,EUR,18/04/2025,Allemagne,cheque,Completed
102082,5762.0,ELECTRONIQUE,6.69,EUR,2025/06/15 07:11,Etats-Unis,paypal,Completed
100753,5500.0,Beauté ,63.32,EUR,2025-12-30,fr,virement,failed
102546,5441.0,sport,7.1,EUR,2026/04/04 21:22,Suisse,virement,Completed
101630,5122.0,Modes,37.95,EUR,2025-09-11,ch,paypal,COMPLETED 
102268,5235.0,beauté,,EUR,2025-12-25,FR,carte_bancaire,pending
102444,5091.0,MODE,15.6,EUR,2026/05/04 10:02,États-Unis,carte_bancaire,pending
100284,5415.0,Beaute,167.29,EUR,16-Dec-2025,Suisse,paypal,failed
101066,5386.0,Maisons,7.65,EUR,2026-03-05,US,virement,Completed
101191,5259.0,sport,,,11-07-2025,Francia,cheque,refunded
101440,5076.0,SPORT,44.55,EUR,27-Jun-2025,United States,carte_bancaire,completed
100036,5473.0,Mode,15.28,EUR,2026/09/17 18:25,CH,carte_bancaire,COMPLETED 
100035,5055.0,BEAUTE,15.65,EUR,2025-04-24,USA,carte_bancaire,failed
102793,5448.0,Beaute,10.65,EUR,2025/06/16 22:35,USA,virement,completed
101568,5327.0,Livre,6.01,EUR,17/06/2026,Suisse,cheque,COMPLETED 
102427,5006.0,livres,23.2,EUR,06/06/2025,fr,paypal,refunded
102656,5399.0,Électronique,9.18,eur,11-Jan-2026,de,paypal,pending
101687,5607.0,beauté,29.4,EUR,25-Oct-2025,United States,paypal,COMPLETED 
100851,5345.0,maison,14.88,EUR,04-12-2025,États-Unis,cheque,COMPLETED 
102207,5494.0,Beaute,33.79,EUR,11-15-2025,de,carte_bancaire,Completed
100895,5616.0,BEAUTE,43.98,EUR,20-Oct-2025,be,carte_bancaire,completed
100496,5370.0,Électronique,$9.65,EUR,31-Oct-2025,Francia,carte_bancaire,pending
102305,5497.0,sport,403.0,EUR,2025/05/03 08:17,CH,paypal,completed
101782,5562.0,beauté,,EUR,28-Aug-2026,de,virement,Completed
100335,5151.0,MODE,,EUR,2026/07/06 23:25,Francia,cheque,failed
100515,5612.0,Maisons,48.42,EUR,2026/06/22 08:57,be,carte_bancaire,Completed
101348,5070.0,livres,7.17,EUR,01-Dec-2025,DE,cheque,Completed
101015,5159.0,Electronique,29.32,EUR,08-04-2025,fr,paypal,failed
100043,5283.0,Electroniqe,$29.78,EUR,08-16-2025,DE,virement,failed
100727,5268.0,beauté,33.54,EUR,2025-08-18,SUISSE,cheque,COMPLETED 
101781,5646.0,electronique ,22.76,,2026/06/14 22:56,GERMANY,virement,pending
102569,5706.0,Sports,19.86,EUR,08-Apr-2026,Allemagne,paypal,completed
101785,5745.0,Beauté ,6.61,EUR,2025/08/28 08:09,FRANCE,cheque,pending
102070,5727.0,MAISON ,$58.49,EUR,2025/12/05 22:03,Belgique,paypal,failed
101429,5037.0,Mode,24.13,EUR,2026-09-01,de,virement,completed
100087,5776.0,Livre,19.95,USD,2026/07/08 02:42,Belgique,paypal,pending
101312,5099.0, mode,85.73,eur,24/08/2026,Belgique,carte_bancaire,Completed
101635,5059.0,ELECTRONIQUE,"17,06€",EUR,03-Jun-2025,SUISSE,cheque,COMPLETED 
100550,5252.0,BEAUTE,26.52,EUR,2026-04-05,United States,cheque,COMPLETED 
102388,5544.0,MAISON ,54.66,,18/09/2025,ch,paypal,pending
102479,5393.0,electronique ,-45.77,EUR,2025/10/01 22:30,Belgique,virement,completed
102521,5764.0,Mode,360.23,EUR,03-22-2026,GERMANY,carte_bancaire,refunded
100283,5058.0,LIVRES,71.75,,23/09/2025,Allemagne,cheque,Completed
101227,5583.0,MAISON ,21.49,eur,13-May-2026,CH,?,failed
102762,5085.0,Mode,54.92,EUR,2025-12-18,de,carte_bancaire,Completed
100957,5436.0,Ã‰lectronique,$37.01,EUR,11-Jan-2026,FR,cheque,completed
102461,5315.0,Sports,29.23,USD,30-Sep-2025,France,cheque,pending
102141,5297.0,Sports,,EUR,27-Jan-2026,Suisse,paypal,pending
101008,5618.0,SPORT,63.09,,07-01-2026,BELGIQUE,carte_bancaire,COMPLETED 
101092,5511.0,livres,47.22,,2026/06/22 06:57,France,paypal,failed
102756,5550.0,Electroniqe,29.24,EUR,03-18-2026,États-Unis,virement,failed
100996,5539.0,MODE,123.71,EUR,10-12-2025,BE,carte_bancaire,pending
101517,5429.0,Maison,"16,64€",EUR,2025/05/03 02:35,BE,virement,completed
100153,5183.0,Electronique,30.24,eur,01-Jan-2026,BE,virement,pending
100017,5333.0,Beaute,11.05,EUR,2026-07-21,Belgique,paypal,completed
100580,5089.0,Maisons,$33.27,,17/08/2025,Etats-Unis,cheque,refunded
101470,5435.0,livres,72.02,EUR,2026-09-08,FR,paypal,completed
100703,5691.0,livres,6.91,EUR,2025-05-01,Suisse,cheque,refunded
101212,5581.0,Beauté ,12.85,EUR,08-01-2026,DE,cheque,Completed
100896,5039.0,Mode,21.11,EUR,2025/12/13 10:19,FRANCE,carte_bancaire,failed
100487,5605.0,Livre,9.27,EUR,2026/05/07 03:42,Francia,carte_bancaire,pending
100559,5411.0,LIVRES,,EUR,2025/09/29 23:02,BELGIQUE,paypal,pending
101141,5007.0,MODE,,EUR,19-Jul-2025,France,carte_bancaire,failed
101119,5136.0,Mode,"63,15€",EUR,2026-06-08,DE,carte_bancaire,Completed
100512,5053.0, mode,19.79,EUR,14-May-2026,DE,cheque,Completed
100633,5330.0, mode,16.71,EUR,17-May-2025,ch,cheque,COMPLETED 
102663,5421.0,Electroniqe,10.45,EUR,2026-04-27,GERMANY,virement,completed
101664,5141.0,SPORT,78.83,EUR,2025-12-19,SUISSE,paypal,completed
101012,5002.0,Sport,158.81,EUR,02-13-2026,SUISSE,carte_bancaire,COMPLETED 
101931,5532.0,BEAUTE,"38,36€",EUR,03-Feb-2026,ch,virement,refunded
101150,5268.0,beauté,10.05,USD,18/06/2025,Allemagne,virement,pending
100040,5529.0,Maisons,27.86,EUR,09-08-2026,DE,virement,failed
102568,5558.0,MAISON ,23.78,EUR,03/09/2025,US,cheque,completed
100740,5024.0,livres,4.68,EUR,2026/03/25 18:47,BELGIQUE,cheque,failed
102846,5324.0,SPORT,14.44,EUR,2025/06/23 19:54,ch,virement,pending
101974,5764.0,Livre,24.12,EUR,2026-06-10,GERMANY,carte_bancaire,completed
101081,5563.0,Sports,17.92,USD,2025-07-26,FR,carte_bancaire,failed
101810,5780.0,Beaute,15.88,EUR,11-01-2025,France,paypal,completed
100830,5047.0,Livre,7.32,EUR,15-Jul-2026,USA,virement,Completed
100119,5246.0,MODE,,EUR,2025-06-15,SUISSE,cheque,completed
100656,5751.0,LIVRES,,EUR,03-May-2025,USA,cheque,completed
102815,5764.0,Modes,51.05,EUR,2025/08/13 07:14,FR,virement,failed
102774,5056.0,MODE,15.77,EUR,05-15-2025,France,virement,pending
102738,5501.0,maison,99.36,,2025-09-06,fr,NULL,refunded
100635,5002.0,Mode,5.53,eur,07-26-2025,USA,carte_bancaire,pending
100369,5318.0,BEAUTE,12.23,,2026-08-12,FR,carte_bancaire,COMPLETED 
100268,5644.0,Modes,16.51,USD,2026-03-16,BELGIQUE,carte_bancaire,refunded
100046,5012.0,BEAUTE,16.21,EUR,18-May-2025,US,paypal,pending
100991,5728.0,BEAUTE,-999,EUR,2025/05/17 01:34,be,carte_bancaire,pending
100876,5006.0,Beaute,15.4,EUR,02-Aug-2025,Suisse,carte_bancaire,Completed
100773,5182.0,ELECTRONIQUE,58.87,USD,19-Jan-2026,SUISSE,paypal,refunded
101219,5455.0,Livre,n/a,EUR,09/07/2025,Belgique,cheque,pending
101126,5020.0,BEAUTE,32.21,eur,2026/08/14 13:47,SUISSE,carte_bancaire,failed
100004,5718.0,Livres,19.87,EUR,2026/05/01 02:34,BE,paypal,pending
101595,5448.0,sport,9.89,EUR,2025/05/31 09:11,US,carte_bancaire,failed
102311,5760.0,Maison,123.43,,04-06-2026,Francia,cheque,COMPLETED 
100108,5758.0,Maisons,68.17,EUR,2025/09/07 20:22,Belgique,cheque,failed
102491,5462.0,Ã‰lectronique,13.19,EUR,05-28-2026,BELGIQUE,cheque,COMPLETED 
101077,5338.0,Beaute,16.69,eur,2026-05-18,de,paypal,refunded
100837,5228.0,BEAUTE,9.99,EUR,16/06/2025,be,paypal,refunded
100681,5388.0,maison,8.88,EUR,2025/06/17 20:14,GERMANY,carte_bancaire,refunded
101715,5040.0,Ã‰lectronique,22.61,EUR,27/03/2026,France,paypal,Completed
102352,5104.0,Sports,45.39,EUR,13-Dec-2025,Suisse,virement,pending
102617,5403.0,Electronique,26.41,USD,01/09/2025,United States,cheque,pending
102361,5798.0,Beauté ,7.26,EUR,2026-03-13,FRANCE,virement,Completed
102197,5348.0,Sports,24.96,EUR,18/05/2026,Francia,virement,failed
101148,5450.0,Maisons,103.03,EUR,2025/05/09 08:44,USA,carte_bancaire,completed
100574,5137.0,Modes,-51.75,EUR,18/08/2025,FRANCE,paypal,completed
100050,5272.0,Mode,NULL,EUR,10-12-2025,de,cheque,COMPLETED 
100853,5186.0,sport,$71.53,EUR,2026/03/04 10:38,Belgique,paypal,pending
101982,5651.0,sport,13.96,USD,14-Feb-2026,ch,virement,completed
101823,5390.0,Maisons,13.67,EUR,2026-08-18,DE,carte_bancaire,COMPLETED 
100833,5720.0,MAISON ,12.29,USD,29-Nov-2025,FR,carte_bancaire,failed
101115,5709.0,SPORT,,eur,06-29-2026,France,carte_bancaire,pending
101166,5614.0,livres,85.27,USD,26-Oct-2025,BELGIQUE,carte_bancaire,failed
102518,5161.0,Electroniqe,19.95,USD,29/04/2026,United States,cheque,failed
101906,5473.0,Beauté ,$5.97,eur,05-05-2025,US,cheque,failed
100971,5385.0,Beauté ,,,2025/04/27 11:02,be,cheque,Completed
102701,5656.0,electronique ,65.49,EUR,2026-02-01,USA,carte_bancaire,pending
100399,5065.0,Electronique,74.74,EUR,12-03-2025,DE,carte_bancaire,failed
102559,5696.0,maison,"56,36€",EUR,10-Apr-2026,United States,carte_bancaire,refunded
102368,5639.0,Modes,8.98,EUR,24/01/2026,CH,cheque,completed
100019,5008.0,LIVRES,6.88,EUR,2025/03/27 09:40,FR,virement,completed
100684,5319.0,Livre,8.17,EUR,25-Mar-2025,Allemagne,paypal,pending
100035,5403.0,Beaute,unknown,EUR,01-20-2026,BELGIQUE,paypal,failed
100064,5335.0,sport,45.47,EUR,07-04-2025,Belgique,paypal,failed
100524,5606.0,LIVRES,12.34,,2026-03-15,Belgique,cheque,pending
102455,5581.0,Maisons,93.55,EUR,01-17-2026,Belgique,virement,COMPLETED 
100920,5463.0, mode,64.47,eur,19-Mar-2026,United States,carte_bancaire,pending
101841,5621.0,Maisons,4.51,EUR,16-Sep-2026,de,virement,completed
101890,5033.0,SPORT,40.11,EUR,04/06/2025,de,virement,pending
100537,5679.0,Beaute,$17.36,EUR,19/02/2026,États-Unis,virement,failed
101705,5184.0,Beaute,19.74,EUR,17-Sep-2026,Belgique,virement,COMPLETED 
100608,5055.0, mode,,EUR,2025-11-06,CH,cheque,failed
100245,5262.0,livres,18.16,EUR,2026-04-20,ch,cheque,refunded
100784,5107.0,LIVRES,40.6,EUR,2025-08-20,FR,cheque,pending
101409,5082.0,livres,19.57,eur,12-31-2025,be,N/A,Completed
102537,5352.0,ELECTRONIQUE,56.07,EUR,05-17-2025,SUISSE,cheque,COMPLETED 
100154,5082.0,Livres,unknown,EUR,29/05/2025,États-Unis,cheque,completed
101686,5212.0,maison,16.15,EUR,08/09/2026,Allemagne,virement,failed
100625,5237.0,Livre,15.49,EUR,15/05/2026,Etats-Unis,cheque,refunded
100112,5478.0,MODE,15.24,EUR,25/08/2026,Francia,cheque,failed
101346,5235.0,maison,2.46,EUR,08-24-2026,be,cheque,COMPLETED 
100569,5501.0,Maison,17.88,EUR,20/06/2026,France,cheque,refunded
102546,5441.0,sport,7.1,EUR,2026/04/04 21:22,Suisse,virement,Completed
101758,5410.0,Livres,104.69,,2026/05/20 13:20,US,cheque,COMPLETED 
100428,5711.0,Livre,3.54,eur,15/09/2025,États-Unis,-999,COMPLETED 
102065,5639.0,ELECTRONIQUE,14.52,EUR,2025-08-14,Allemagne,carte_bancaire,completed
100127,5573.0,LIVRES,14.74,EUR,08-14-2026,GERMANY,cheque,refunded
101491,5055.0,livres,245.27,EUR,2025-10-02,FRANCE,carte_bancaire,Completed
102006,5453.0,Livres,24.56,EUR,18/07/2026,United States,cheque,COMPLETED 
100980,5261.0,maison,49.76,EUR,2025/05/16 01:31,SUISSE,paypal,Completed
100051,5040.0,SPORT,17.35,EUR,2025/07/16 13:30,France,paypal,Completed
100190,5061.0,SPORT,16.41,eur,2025/11/09 20:24,GERMANY,cheque,completed
101139,5144.0,Sport,46.11,EUR,04-09-2025,CH,cheque,failed
100992,5776.0,Sports,19.64,EUR,16-Dec-2025,Francia,carte_bancaire,refunded
100699,5426.0,beauté,20.77,EUR,16-Jan-2026,fr,cheque,failed
100606,5432.0,Sports,$12.23,EUR,12-17-2025,fr,paypal,completed
100180,5501.0,MODE,43.08,EUR,27-Apr-2026,United States,carte_bancaire,completed
100301,5131.0,Electroniqe,14.82,EUR,16/01/2026,États-Unis,carte_bancaire,failed
102544,5142.0,Beaute,217.9,USD,08-30-2026,USA,virement,Completed
100010,5301.0,LIVRES,7605.0,EUR,01-Sep-2025,be,virement,Completed
101060,5699.0,MODE,-49.13,EUR,08-03-2026,France,cheque,failed
100842,5234.0,Livres,8.93,eur,03-14-2026,United States,carte_bancaire,pending
100114,5501.0,SPORT,73.76,eur,24/10/2025,USA,cheque,completed
102565,5707.0,Mode,16.99,EUR,NULL,Etats-Unis,cheque,COMPLETED 
101069,5428.0,Electronique,33.51,EUR,2026-09-19,fr,paypal,failed
102524,5263.0,Sports,56.24,EUR,2026/01/10 11:23,be,cheque,failed
102205,5210.0,MODE,37.53,EUR,04-Oct-2025,US,cheque,failed
101243,5759.0,BEAUTE,unknown,EUR,2025-11-26,USA,paypal,refunded
100016,5543.0,Mode,9.86,EUR,22/07/2025,FR,carte_bancaire,COMPLETED 
101694,5621.0,Beauté ,27.49,EUR,2025-12-22,BE,virement,completed
100546,5644.0,Beauté ,41.24,EUR,30-Aug-2026,BELGIQUE,carte_bancaire,refunded
100658,5372.0,ELECTRONIQUE,29.32,EUR,22-Apr-2025,Allemagne,cheque,failed
102787,5642.0,BEAUTE,null,EUR,2025-09-14,FR,cheque,refunded
102818,,beauté,34.97,EUR,10-31-2025,fr,cheque,COMPLETED 
101504,5464.0,Beauté ,$21.05,EUR,2026/05/25 15:50,SUISSE,paypal,COMPLETED 
102151,5710.0,Maison,36.71,EUR,2026-03-27,fr,cheque,failed
102331,5023.0,LIVRES,23.0,EUR,08-12-2025,United States,carte_bancaire,pending
100797,5086.0,Beaute,"45,3€",EUR,17-Aug-2026,BELGIQUE,cheque,pending
100225,5381.0,ELECTRONIQUE,65.37,EUR,2026-02-06,ch,virement,COMPLETED 
102074,5332.0,Maisons,,eur,05/11/2025,Allemagne,carte_bancaire,pending
101799,5037.0,Maisons,,EUR,03-25-2026,Allemagne,carte_bancaire,refunded
102485,5108.0,Maison,53.18,EUR,17-Aug-2025,ch,cheque,completed
101090,5223.0,Sport,23.0,EUR,11/08/2026,de,virement,completed
102277,5063.0,Livre,8.72,EUR,2026-04-08,États-Unis,carte_bancaire,failed
102085,5415.0,Maisons,8.18,USD,2026/06/23 03:51,DE,paypal,pending
101693,5096.0,Beauté ,7.31,EUR,2025/12/27 14:52,GERMANY,carte_bancaire,COMPLETED 
101045,5716.0,MODE,54.34,,2025/12/29 20:57,de,cheque,Completed
100469,5097.0,Beaute,null,EUR,28-Apr-2025,US,-999,Completed
100954,5027.0,Sport,22.78,EUR,10/10/2025,FRANCE,virement,completed
101270,5234.0,BEAUTE,65.51,,19-Nov-2025,de,N/A,refunded
102735,5651.0,sport,15.21,USD,2025-03-28,Allemagne,carte_bancaire,refunded
100639,5011.0,Sports,7.65,EUR,08-21-2025,États-Unis,virement,Completed
100013,5253.0,Électronique,45.3,EUR,04-26-2025,Belgique,paypal,failed
101218,,Livres,11.57,EUR,12-Jun-2025,France,carte_bancaire,Completed
101158,5682.0,electronique ,59.36,EUR,2026-05-11,États-Unis,carte_bancaire,failed
102503,5761.0,Beauté ,,eur,2025/11/06 22:34,BELGIQUE,paypal,COMPLETED 
100084,5060.0,Electroniqe,"53,97€",EUR,2026-08-08,Allemagne,paypal,completed
101527,5013.0,Modes,-999,EUR,unknown,Suisse,paypal,Completed
102113,5730.0,Livre,9.95,EUR,2025/12/25 18:20,DE,,Completed
101300,5615.0,MODE,-,eur,12-Jun-2026,DE,cheque,COMPLETED 
100102,5465.0,Sports,-37.34,EUR,04-07-2026,CH,carte_bancaire,COMPLETED 
101603,5174.0,Livres,11.95,EUR,2026-04-22,FRANCE,carte_bancaire,completed
100160,5524.0,Sport,,EUR,05-01-2025,Suisse,virement,completed
101704,5744.0,ELECTRONIQUE,35.48,EUR,06-20-2025,Allemagne,paypal,refunded
100956,5185.0,SPORT,33.4,USD,2025/03/31 11:11,États-Unis,carte_bancaire,completed
101190,5593.0,sport,26.97,,16-Apr-2026,Allemagne,virement,pending
100877,5183.0,Mode,30.01,EUR,2026/08/05 16:10,Etats-Unis,virement,failed
101919,5731.0,sport,null,EUR,2025-12-28,Suisse,virement,failed
101884,5264.0,Livre,23.96,EUR,2025/09/10 02:58,SUISSE,carte_bancaire,failed
102200,5357.0,maison,124.45,EUR,21/05/2026,US,virement,COMPLETED 
100098,5424.0,Électronique,24.65,EUR,09-06-2026,BELGIQUE,carte_bancaire,completed
100062,5450.0,Beauté ,,EUR,2026/01/26 10:52,fr,paypal,Completed
102557,5096.0,MAISON ,24.61,EUR,10-26-2025,BE,carte_bancaire,completed
100253,5733.0,LIVRES,62.13,EUR,11-29-2025,France,-,COMPLETED 
100103,5136.0,ELECTRONIQUE,11.92,eur,2026-01-11,BELGIQUE,cheque,refunded
101445,5576.0,Ã‰lectronique,13.65,eur,2026/06/11 04:31,ch,carte_bancaire,pending
101443,5461.0,Sport,7.64,eur,04-08-2026,FRANCE,paypal,completed
101648,5397.0,Maisons,71.42,EUR,2025-06-19,BELGIQUE,virement,completed
100586,5230.0,Livres,16.23,EUR,03/12/2025,BELGIQUE,cheque,COMPLETED 
100627,5021.0,Electronique,21.91,EUR,20/07/2025,FR,paypal,pending
101696,5370.0,LIVRES,9.97,EUR,06-Jun-2025,BELGIQUE,carte_bancaire,pending
102101,5239.0,Maison,10.89,EUR,2026/03/10 06:34,BE,paypal,COMPLETED 
102199,5783.0,Maisons,38.06,EUR,27-Oct-2025,ch,cheque,failed
100403,5356.0,Sport,25.59,eur,2026/07/30 07:05,Belgique,carte_bancaire,Completed
101154,5676.0,Mode,53765.0,EUR,21/03/2026,Francia,cheque,Completed
102255,5407.0,electronique ,17015.0,EUR,n/a,Etats-Unis,cheque,pending
101682,5195.0,Beaute,10.88,,2025/08/24 00:12,BELGIQUE,virement,pending
102056,5231.0,Maisons,15.98,EUR,03/08/2025,FRANCE,paypal,refunded
100079,5319.0,BEAUTE,59.56,eur,2026-08-08,FRANCE,-,COMPLETED 
100452,5204.0,Sports,10.1,EUR,2025/12/08 18:11,GERMANY,paypal,COMPLETED 
102301,5402.0,Sport,9.99,EUR,03/08/2025,Belgique,paypal,pending
101327,5546.0,livres,21.55,EUR,2025-06-20,ch,cheque,COMPLETED 
102049,5254.0,electronique ,28.21,EUR,29/08/2026,BELGIQUE,carte_bancaire,COMPLETED 
100880,5581.0,BEAUTE,238.47,EUR,08-09-2025,BE,cheque,refunded
102505,5553.0,Ã‰lectronique,11.67,EUR,2025-11-05,de,cheque,COMPLETED 
100623,5136.0,SPORT,82.34,EUR,28/05/2025,France,virement,pending
102393,5092.0,electronique ,13.67,EUR,03-08-2026,Etats-Unis,carte_bancaire,Completed
100006,5469.0,SPORT,12.86,EUR,07-20-2026,de,cheque,failed
101787,5351.0,Maison,"12,47€",EUR,2025/09/29 11:59,CH,cheque,COMPLETED 
100262,5230.0,LIVRES,1.33,EUR,2025-10-12,DE,paypal,refunded
101634,5002.0,MODE,18.15,EUR,08-Sep-2026,FRANCE,virement,pending
101438,5755.0,Maisons,38.16,EUR,01-16-2026,États-Unis,cheque,pending
102198,5605.0,maison,13.77,EUR,2026-08-28,BELGIQUE,virement,failed
101969,5250.0,Livre,68.06,eur,29/09/2025,ch,cheque,refunded
102520,5034.0,MAISON ,28.72,EUR,-,USA,paypal,pending
101802,5800.0,sport,12.97,eur,2025/04/21 14:05,fr,paypal,pending
100640,5128.0,livres,18.13,EUR,2026/09/08 07:55,FR,cheque,COMPLETED 
102385,5005.0,Sport,12.4,,18/05/2025,de,carte_bancaire,Completed
102598,5202.0,MAISON ,72.25,EUR,09-May-2026,Suisse,carte_bancaire,failed
100065,5124.0,Mode,129.51,EUR,2026/09/15 20:06,GERMANY,carte_bancaire,failed
101959,5775.0,ELECTRONIQUE,29.99,EUR,26/04/2026,DE,cheque,pending
100488,5661.0,Maisons,111.99,EUR,01-16-2026,FR,virement,failed
101843,5169.0,maison,26.67,EUR,19/12/2025,US,paypal,COMPLETED 
101374,5033.0,LIVRES,50.4,eur,31-Mar-2026,DE,paypal,COMPLETED 
100146,5379.0,Electroniqe,8.06,EUR,2026/01/13 03:24,Belgique,virement,Completed
101534,5430.0,MODE,16.13,USD,03/07/2026,FRANCE,carte_bancaire,COMPLETED 
101986,5699.0,MODE,-47.11,EUR,2025/10/30 02:37,US,paypal,failed
101369,5592.0,MODE,11.06,EUR,24-Aug-2026,Francia,cheque,completed
102450,5784.0,SPORT,10.76,EUR,17/06/2026,CH,cheque,Completed
100912,5521.0,Electronique,30.71,EUR,27/08/2025,FR,carte_bancaire,completed
102811,5474.0,Maison,13.85,EUR,08-06-2025,Allemagne,paypal,completed
100659,5116.0,Modes,21.54,EUR,13-Jun-2025,BE,cheque,COMPLETED 
101794,5042.0,Beauté ,29.72,EUR,04-09-2026,SUISSE,virement,COMPLETED 
102511,5512.0,maison,40.15,EUR,2025-08-23,DE,paypal,COMPLETED 
100186,5543.0,Beaute,37.56,EUR,08/07/2026,BELGIQUE,virement,COMPLETED 
101147,5436.0,Livre,6.71,,01-28-2026,Etats-Unis,paypal,completed
100608,5363.0,Electronique,4.95,EUR,2025-05-13,Belgique,paypal,failed
102191,5117.0,Maison,,EUR,12-23-2025,France,paypal,pending
102799,5071.0,Livres,32.17,EUR,15-Jul-2025,SUISSE,carte_bancaire,refunded
101930,5469.0,MODE,8.11,EUR,2026-05-06,FRANCE,paypal,COMPLETED 
100197,5248.0,SPORT,28.17,EUR,2025-04-20,USA,paypal,failed
102327,5031.0,sport,17.32,EUR,09-May-2026,United States,carte_bancaire,completed
100293,5293.0,Livres,52.7,eur,14/08/2025,BELGIQUE,-999,pending
100766,5577.0,livres,$23.77,EUR,18-Nov-2025,DE,virement,pending
100400,5589.0,beauté,5.84,EUR,11-20-2025,Belgique,paypal,completed
100122,5627.0,maison,86.71,USD,2026/05/24 04:33,de,virement,Completed
101342,5151.0,Ã‰lectronique,65.02,EUR,01/07/2026,SUISSE,carte_bancaire,pending
100835,5089.0,Beauté ,30.29,EUR,03-Nov-2025,Belgique,cheque,failed
102294,5348.0,Beaute,11.62,EUR,2025-08-30,US,carte_bancaire,Completed
102158,5265.0, mode,47.53,EUR,2026-06-12,USA,cheque,refunded
101733,5014.0,Beaute,18.67,EUR,2025/06/12 18:15,Belgique,cheque,refunded
101695,5141.0,Livre,140.48,EUR,17/04/2025,CH,cheque,COMPLETED 
102776,5750.0,Maisons,19.48,EUR,06-15-2026,USA,paypal,COMPLETED 
101707,5714.0,Maisons,135.63,EUR,2025-09-03,CH,carte_bancaire,completed
100149,5403.0,Mode,21.33,EUR,11-Dec-2025,United States,carte_bancaire,refunded
101153,5447.0, mode,7.46,EUR,2025-08-19,de,carte_bancaire,failed
101661,5082.0,Livre,22.06,EUR,19/07/2025,United States,cheque,pending
101976,5144.0,beauté,24.02,EUR,-999,Suisse,carte_bancaire,COMPLETED 
101759,5058.0,maison,80.11,EUR,2026/04/22 14:16,Belgique,cheque,pending
100854,5371.0,beauté,88.1,EUR,10/08/2026,DE,virement,COMPLETED 
101589,5398.0,Mode,26.51,EUR,21-Aug-2026,de,virement,COMPLETED 
102267,5207.0,Maisons,,EUR,07/07/2026,United States,NULL,failed
100641,5414.0,sport,-,EUR,01-20-2026,USA,virement,completed
100001,5718.0,Beauté ,10830.0,EUR,06-Apr-2025,de,carte_bancaire,refunded
102160,5292.0,sport,9.02,,15-May-2025,Etats-Unis,cheque,COMPLETED 
100698,5694.0,Livre,56.35,eur,2025/11/11 15:13,fr,virement,refunded
101636,5188.0,Sport,10.39,EUR,12-Oct-2025,United States,paypal,pending
101291,, mode,,,10-01-2025,BE,virement,refunded
100091,5726.0,SPORT,16.12,EUR,26-Oct-2025,BE,NULL,completed
102489,5442.0,MAISON ,$4.36,EUR,14/05/2025,Allemagne,carte_bancaire,pending
101520,5380.0,Beauté ,73.62,,07/08/2025,Suisse,cheque,completed
101853,5784.0,Sport,"56,11€",EUR,01-May-2026,FR,cheque,completed
101136,5143.0,Maison,71.56,EUR,,CH,paypal,failed
100134,5522.0,ELECTRONIQUE,2765.0,eur,11-23-2025,États-Unis,cheque,pending
101631,5502.0,SPORT,11.45,,2026-04-21,Belgique,paypal,completed
101998,5726.0,Beauté ,-999,EUR,2025-09-15,be,cheque,COMPLETED 
100663,5759.0,BEAUTE,15.04,EUR,27/05/2025,GERMANY,paypal,failed
100683,5076.0,Sport,19055.0,EUR,05-03-2025,BELGIQUE,cheque,completed
101257,5160.0,MODE,35.77,EUR,15-Mar-2026,CH,cheque,Completed
100317,5481.0, mode,18.56,EUR,26/02/2026,SUISSE,carte_bancaire,COMPLETED 
100648,5262.0,sport,19.93,EUR,05-Dec-2025,GERMANY,carte_bancaire,pending
101434,5461.0,MODE,21.11,EUR,20-May-2026,United States,cheque,completed
101479,5359.0,SPORT,16.55,EUR,2026/06/17 03:01,USA,cheque,failed
100709,5470.0,livres,112.93,EUR,30-May-2025,SUISSE,carte_bancaire,COMPLETED 
101282,5164.0,Sports,46.4,EUR,2026/03/30 07:09,US,paypal,pending
101768,5533.0,LIVRES,27.41,EUR,09-02-2025,Allemagne,cheque,pending
100972,5501.0,Beaute,52.28,EUR,06-17-2026,US,carte_bancaire,completed
102675,5535.0,Livres,4.19,USD,11-Apr-2026,France,virement,COMPLETED 
102680,5727.0,Beaute,45.21,EUR,2026-04-22,GERMANY,cheque,pending
101306,5196.0,Mode,25.16,EUR,2026-03-12,BE,virement,failed
101400,5668.0,Modes,9.56,EUR,04/09/2025,Suisse,paypal,failed
101408,5409.0, mode,18.35,EUR,2025/04/01 20:15,Francia,cheque,failed
100009,5681.0,livres,10.4,EUR,2025/10/22 04:31,États-Unis,paypal,completed
101496,5483.0,Sports,"156,86€",,2025/05/03 22:25,Allemagne,paypal,refunded
102038,5264.0,maison,23.97,EUR,2025-08-17,États-Unis,carte_bancaire,completed
101529,5011.0,Mode,8.96,EUR,09-20-2026,Belgique,paypal,refunded
101663,5696.0,Sport,14.2,EUR,20/04/2025,United States,paypal,refunded
101354,5304.0,Beauté ,14.6,EUR,06-05-2026,USA,virement,failed
102254,5470.0,ELECTRONIQUE,7.95,,2025/08/05 20:49,BE,carte_bancaire,completed
101665,5250.0,SPORT,24.03,EUR,19/07/2026,BE,paypal,completed
101229,5104.0,BEAUTE,36.86,EUR,29/08/2025,CH,virement,pending
101051,5551.0,LIVRES,,eur,2026-07-11,FR,virement,COMPLETED 
100795,5629.0,Livre,63.3,USD,30-May-2026,US,carte_bancaire,failed
102693,5457.0,Livre,21.74,EUR,2025-05-05,États-Unis,virement,Completed
102251,5392.0,Modes,156.3,EUR,09-Jan-2026,USA,carte_bancaire,pending
102604,5718.0,SPORT,13.99,EUR,22-Aug-2025,Belgique,paypal,pending
102729,5760.0,Mode,15.85,EUR,30-Apr-2025,FRANCE,carte_bancaire,Completed
102625,5388.0,MAISON ,11.3,EUR,07-Jan-2026,GERMANY,cheque,COMPLETED 
101819,5161.0,Mode,,USD,11/05/2025,US,virement,COMPLETED 
101722,5439.0,livres,47.7,EUR,2025/12/08 17:04,USA,cheque,pending
102768,5439.0,MAISON ,5.97,EUR,2026-07-08,SUISSE,virement,refunded
102572,5721.0,Electronique,,EUR,11-10-2025,GERMANY,virement,pending
101059,5257.0,Électronique,17.57,USD,12-17-2025,US,cheque,pending
100540,5376.0,SPORT,52.05,EUR,2026-06-15,FR,cheque,COMPLETED 
101678,5510.0,Livres,60.25,EUR,2026/01/20 18:25,Etats-Unis,virement,pending
102796,5045.0,Electronique,NULL,EUR,2025/11/01 10:26,DE,cheque,Completed
100124,5425.0,sport,55.71,EUR,06-08-2025,US,cheque,Completed
102532,5572.0,beauté,40.45,EUR,01-27-2026,Belgique,paypal,failed
101757,5592.0,Electronique,57.83,EUR,2025/10/03 20:07,BE,paypal,completed
101923,5708.0,SPORT,30.43,,2025/11/28 23:16,FRANCE,cheque,refunded
100095,5169.0,Livre,,EUR,18-Oct-2025,CH,cheque,COMPLETED 
101020,5474.0,electronique ,39.27,USD,2025/07/15 06:37,Allemagne,paypal,Completed
100563,5454.0,LIVRES,"18,29€",EUR,2025-09-26,Suisse,cheque,pending
102790,5446.0,sport,41.91,EUR,2025/07/12 20:12,US,cheque,failed
100863,5097.0,electronique ,123.51,EUR,07-31-2026,GERMANY,cheque,completed
101484,5778.0,Maison,30.03,EUR,2025/09/07 16:04,BELGIQUE,paypal,refunded
100089,5573.0,Electronique,$17.23,EUR,10-14-2025,Allemagne,cheque,pending
101881,5449.0,livres,105.01,EUR,12-24-2025,Allemagne,virement,pending
101038,5545.0,Maisons,15010.0,EUR,27/06/2025,Allemagne,carte_bancaire,refunded
100206,5302.0,Sports,39.0,EUR,29-Oct-2025,Etats-Unis,carte_bancaire,refunded
100392,5182.0,Livre,"7,48€",EUR,04-Sep-2025,GERMANY,paypal,completed
102842,5246.0,Sport,"92,69€",EUR,06-20-2026,GERMANY,carte_bancaire,completed
100870,5158.0,LIVRES,,EUR,27/01/2026,BE,paypal,failed
100397,5016.0,ELECTRONIQUE,,eur,2026/02/04 10:06,Etats-Unis,paypal,COMPLETED 
102814,5108.0,Maison,127.65,EUR,2026/03/29 15:26,Etats-Unis,cheque,refunded
100118,5648.0,MODE,4.77,USD,16/02/2026,DE,carte_bancaire,refunded
101028,5592.0,MAISON ,42.61,eur,2025-06-11,FRANCE,virement,failed
102690,5090.0,MODE,9.83,EUR,04-27-2025,ch,carte_bancaire,Completed
101485,5759.0,MAISON ,56.79,EUR,16-Feb-2026,CH,paypal,COMPLETED 
102660,5192.0,beauté,8.52,EUR,31/03/2026,FRANCE,virement,pending
100960,5249.0,Mode,,EUR,2026/03/26 23:48,Francia,paypal,failed
101570,5604.0,Mode,50.14,EUR,09-07-2026,Allemagne,cheque,refunded
102773,5217.0,Livre,6.09,EUR,2025-05-09,ch,cheque,failed
101895,5778.0,Mode,17.58,EUR,2026/01/18 14:00,fr,carte_bancaire,refunded
102731,5670.0,Livre,111.78,EUR,2025/08/25 10:11,GERMANY,carte_bancaire,failed
102146,5741.0,Maison,5.81,EUR,2026/03/16 19:18,Suisse,carte_bancaire,COMPLETED 
100804,5768.0,Maisons,16.59,,16-Dec-2025,FR,paypal,Completed
101751,5794.0,sport,45.15,EUR,21/03/2026,ch,cheque,completed
102454,5272.0,MAISON ,45.32,EUR,21/04/2026,fr,paypal,pending
100502,5197.0,Maisons,unknown,EUR,25-Oct-2025,Etats-Unis,carte_bancaire,refunded
100779,5605.0,Livres,42.89,EUR,27/05/2025,FR,virement,COMPLETED 
101863,5185.0,MAISON ,5.09,,2026/03/25 07:15,France,carte_bancaire,COMPLETED 
100200,5267.0,Maisons,33.85,,05/09/2026,ch,cheque,completed
102182,5780.0,Maisons,,EUR,02/08/2025,United States,paypal,Completed
102088,5246.0,Beaute,,EUR,04-02-2026,BELGIQUE,virement,Completed
102278,5244.0,Livres,22345.0,EUR,12-17-2025,FR,cheque,completed
101796,5363.0,ELECTRONIQUE,18.41,EUR,23-Feb-2026,CH,virement,pending
100378,,sport,-176.06,EUR,11/09/2025,US,cheque,COMPLETED 
102336,5270.0,Maisons,38.5,eur,2025/11/22 22:27,Francia,carte_bancaire,pending
100418,5713.0,Beauté ,70.91,USD,02/07/2026,DE,virement,pending
101698,5612.0,sport,19480.0,EUR,2025/12/08 05:57,CH,virement,completed
100391,5283.0,SPORT,38.2,eur,2026-02-23,fr,carte_bancaire,pending
102640,5480.0,Livres,125.01,EUR,2025/04/14 15:39,Suisse,cheque,refunded
101522,5442.0,Sport,20.01,EUR,2026-04-30,GERMANY,carte_bancaire,completed
101162,5046.0,Beauté ,7.02,EUR,03-30-2026,SUISSE,cheque,COMPLETED 
101495,5188.0,Livre,149.23,EUR,2026/08/24 21:06,France,cheque,failed
102695,5745.0,Sports,88.96,eur,07-Oct-2025,Allemagne,virement,COMPLETED 
102027,5126.0,MODE,"74,82€",EUR,2026-09-04,CH,virement,pending
101152,5424.0,SPORT,"13,8€",EUR,2026-03-27,Etats-Unis,paypal,pending
101367,5713.0,SPORT,10.59,EUR,2025-06-12,be,virement,pending
102568,5546.0,LIVRES,,EUR,28/03/2025,BE,virement,completed
100064,5716.0,Maison,50.97,EUR,2026-06-28,US,carte_bancaire,COMPLETED 
102062,5233.0, mode,34.86,,10-18-2025,Allemagne,paypal,Completed
101180,5081.0,MODE,28.84,EUR,23-Jun-2026,fr,cheque,COMPLETED 
100492,5787.0,Electroniqe,26.3,EUR,17-Nov-2025,Belgique,carte_bancaire,failed
100379,5447.0,Mode,"11,85€",,2026/07/01 04:25,United States,cheque,failed
102523,5698.0,Mode,47.36,EUR,2025-10-20,Etats-Unis,virement,completed
100763,5274.0,livres,22.5,EUR,13/07/2025,États-Unis,cheque,COMPLETED 
102264,5541.0,Électronique,45.25,EUR,20-Sep-2025,US,carte_bancaire,completed
100791,5079.0,livres,"29,57€",EUR,12-27-2025,Belgique,paypal,completed
101076,5640.0,Sports,6.04,EUR,15/03/2026,SUISSE,carte_bancaire,pending
100878,5351.0,Mode,24.17,EUR,06-10-2025,BELGIQUE,virement,refunded
100337,5195.0,MAISON ,18.37,USD,13-Jun-2026,fr,paypal,Completed
102767,5247.0,sport,36.94,EUR,08-10-2026,SUISSE,paypal,failed
102343,5507.0,Maison,15.28,EUR,05-20-2025,Allemagne,cheque,pending
101016,5684.0,BEAUTE,13.65,EUR,2025/05/31 19:06,Suisse,virement,refunded
101275,5495.0,Mode,27.87,EUR,2025-11-02,BE,cheque,COMPLETED 
100455,5573.0,Sports,12.02,EUR,03-08-2026,FR,paypal,completed
100815,5705.0,SPORT,6.44,EUR,2025/07/29 17:37,ch,carte_bancaire,refunded
102317,5019.0,Modes,14.08,EUR,2026-03-08,Suisse,carte_bancaire,refunded
100995,5688.0,Sport,?,EUR,2025/04/10 18:13,ch,cheque,pending
101981,5591.0,MODE,7.09,EUR,2025-04-11,DE,cheque,refunded
100201,5416.0,Electroniqe,40.64,EUR,2026-08-13,BELGIQUE,virement,completed
100161,5248.0,beauté,49.82,EUR,04/03/2026,BE,virement,failed
101579,5622.0,Sport,11.83,EUR,2026/09/03 22:23,Suisse,cheque,failed
102777,5349.0,Mode,19.74,EUR,03/05/2025,BELGIQUE,cheque,COMPLETED 
102449,5220.0,LIVRES,13.18,EUR,2026/05/22 06:22,FR,,refunded
100702,5608.0,ELECTRONIQUE,13.01,,2026/06/19 11:24,Suisse,carte_bancaire,COMPLETED 
101500,5706.0,Maison,49.43,EUR,2026/03/30 20:42,BELGIQUE,virement,completed
101129,5702.0,Sports,32.98,EUR,2025/06/30 15:12,be,virement,COMPLETED 
102613,5210.0,BEAUTE,24.39,eur,?,États-Unis,carte_bancaire,refunded
101021,5549.0,SPORT,,EUR,07-20-2025,France,virement,refunded
101585,5300.0,electronique ,45.78,,22-Jun-2025,United States,virement,completed
101955,5529.0,Électronique,,EUR,N/A,BELGIQUE,,failed
102253,5490.0,LIVRES,"24,27€",EUR,2025-08-08,FRANCE,n/a,refunded
100034,5399.0,sport,51.43,EUR,17-Oct-2025,SUISSE,-,COMPLETED 
100775,5058.0,Beaute,5.97,EUR,2025/05/13 21:10,États-Unis,cheque,failed
100312,5069.0,Livres,2.29,EUR,2025-06-22,be,carte_bancaire,COMPLETED 
101478,5096.0,maison,11.04,EUR,16-Feb-2026,de,virement,completed
100251,5387.0,sport,?,,05-09-2026,GERMANY,carte_bancaire,failed
101390,5580.0,Mode,37.11,eur,2025/11/24 11:32,France,cheque,COMPLETED 
102139,5059.0, mode,,USD,14/10/2025,GERMANY,virement,Completed
101363,5450.0,electronique ,10.22,EUR,2025/08/26 22:25,GERMANY,paypal,refunded
100095,5291.0,SPORT,8.73,EUR,18-Jun-2025,United States,virement,pending
102612,5182.0,Maisons,20.46,USD,2026/03/19 08:40,United States,paypal,failed
101480,5125.0,Mode,23.4,EUR,06-08-2025,Suisse,carte_bancaire,completed
102041,5008.0,MAISON ,16.97,EUR,2026-07-15,BELGIQUE,carte_bancaire,refunded
100241,5022.0,beauté,"22,13€",EUR,2026-02-06,FRANCE,virement,Completed
102061,5292.0,Sports,21.68,EUR,05-22-2026,US,cheque,pending
102363,5357.0,Beauté ,66.78,EUR,2025-06-21,de,carte_bancaire,Completed
100600,5126.0,MODE,48.49,EUR,2025/05/09 17:21,Etats-Unis,virement,pending
102435,5220.0,Modes,17.59,EUR,2025-12-16,France,carte_bancaire,Completed
101297,5322.0,Mode,$18.89,EUR,09/09/2025,CH,carte_bancaire,refunded
102214,5490.0,Mode,16.07,EUR,07/05/2025,Belgique,cheque,Completed
100038,5059.0,Maison,17.35,EUR,17/05/2026,FRANCE,cheque,failed
102068,5576.0,Livres,88.28,USD,16/05/2025,ch,virement,Completed
100646,5396.0, mode,2.17,EUR,2026-07-14,Allemagne,paypal,failed
100968,5042.0,Sports,15.8,EUR,2025-11-23,fr,carte_bancaire,Completed
100029,5117.0,Beauté ,20.73,EUR,22/10/2025,SUISSE,paypal,COMPLETED 
101267,5332.0,SPORT,"10,88€",EUR,N/A,BE,paypal,refunded
101899,5547.0,Livres,18.8,EUR,21/07/2025,fr,virement,Completed
100562,5755.0,sport,53.73,EUR,25/12/2025,FR,virement,refunded
102418,5217.0,LIVRES,34.87,EUR,2026/09/22 08:23,United States,carte_bancaire,failed
102734,5517.0,Électronique,146.69,EUR,2026-01-20,DE,virement,COMPLETED 
101117,5537.0,Beauté ,23.29,EUR,15/05/2026,GERMANY,paypal,COMPLETED 
100189,,MAISON ,"6,28€",USD,24-Nov-2025,GERMANY,virement,refunded
101806,5688.0, mode,31.2,EUR,19-May-2026,USA,virement,Completed
100656,5093.0,BEAUTE,4.48,EUR,02/11/2025,France,paypal,refunded
102747,5313.0,MAISON ,8.71,USD,08-05-2025,United States,null,pending
102047,5357.0,Sport,24.33,EUR,12/07/2026,fr,cheque,failed
102558,5576.0,beauté,32.95,EUR,2025/09/07 03:06,DE,n/a,Completed
101082,5768.0,ELECTRONIQUE,18.37,EUR,2025/09/25 10:19,SUISSE,paypal,pending
100474,5584.0,Modes,107.82,EUR,11-08-2025,BELGIQUE,carte_bancaire,completed
100054,5186.0,electronique ,6.26,EUR,28-Jun-2025,France,carte_bancaire,pending
100747,5088.0,MODE,12.43,EUR,2026-01-19,fr,carte_bancaire,refunded
102300,5222.0,ELECTRONIQUE,63.23,USD,03-05-2026,DE,paypal,Completed
100021,5437.0,Beaute,"20,02€",EUR,10-Apr-2026,Belgique,virement,refunded
100459,5699.0,MODE,8.35,EUR,2025-08-21,be,cheque,pending
101184,5788.0,Beauté ,10.07,EUR,16/04/2025,Allemagne,cheque,failed
102324,5326.0,Maisons,24.41,EUR,2026/09/13 10:18,FRANCE,paypal,Completed
100955,5247.0,Beauté ,,,2026-05-30,SUISSE,paypal,completed
101215,5558.0,Sport,75.41,EUR,06-15-2026,USA,paypal,pending
102433,5116.0, mode,$20.97,USD,06/11/2025,Etats-Unis,carte_bancaire,Completed
100003,5305.0,livres,29.92,EUR,07-19-2025,fr,paypal,refunded
101515,5793.0,MODE,21.99,EUR,2026-05-15,FRANCE,cheque,Completed
102391,5709.0,Electroniqe,10.63,eur,2026/07/09 04:33,Allemagne,cheque,failed
100769,5412.0,maison,n/a,EUR,2026-09-07,FR,virement,Completed
101685,5394.0,SPORT,71.44,EUR,27-May-2025,DE,paypal,completed
100130,5091.0,livres,6.08,EUR,2025-09-08,FR,cheque,refunded
100069,5209.0,Livre,,,2025/12/17 09:19,États-Unis,carte_bancaire,pending
102135,,Beaute,14.64,EUR,01-06-2026,Etats-Unis,cheque,COMPLETED 
101482,5606.0,beauté,58040.0,EUR,06-May-2025,United States,cheque,completed
100330,5563.0,LIVRES,24.26,EUR,n/a,United States,,pending
101238,5258.0,ELECTRONIQUE,40.94,EUR,2025-09-05,CH,paypal,Completed
102531,5439.0,BEAUTE,$42.64,USD,28-Jul-2025,CH,-999,failed
102169,5043.0,Livre,$37.33,USD,2026/08/12 15:47,CH,cheque,failed
101638,5005.0,Ã‰lectronique,157.0,EUR,14-Sep-2025,United States,carte_bancaire,completed
101095,5716.0,Électronique,22.81,eur,2026-05-02,USA,cheque,refunded
101130,5787.0,electronique ,,EUR,2026/04/12 14:45,CH,cheque,Completed
101294,5375.0,electronique ,$26.41,EUR,24-Oct-2025,de,cheque,refunded
100860,5230.0,Beaute,,EUR,14-Jul-2026,de,paypal,COMPLETED 
